0
0.000244140625
0.0009765625
0.001953125
0.00390625
0.005859375
0.0078125
0.01171875
0.015625
0.01953125
0.0234375
0.02734375
0.03125
0.0390625
0.046875
0.0546875
0.0625
0.0703125
0.078125
0.0859375
0.09375
0.1015625
0.109375
0.1171875
0.125
0.140625
0.15625
0.171875
0.1875
0.203125
0.21875
0.234375
0.25
0.265625
0.28125
0.296875
0.3125
0.328125
0.34375
0.359375
0.375
0.390625
0.40625
0.421875
0.4375
0.453125
0.46875
0.484375
0.5
0.53125
0.5625
0.59375
0.625
0.65625
0.6875
0.71875
0.75
0.78125
0.8125
0.84375
0.875
0.90625
0.9375
0.96875
1
1.0625
1.125
1.1875
1.25
1.3125
1.375
1.4375
1.5
1.5625
1.625
1.6875
1.75
1.8125
1.875
1.9375
2
2.125
2.25
2.375
2.5
2.625
2.75
2.875
3
3.125
3.25
3.375
3.5
3.625
3.75
3.875
4
4.5
5
5.5
6
6.5
7
7.5
8
9
10
11
12
13
14
15
16
20
24
28
32
40
48
56
64
96
128
192
256
512
1024
4096
-4096
-1024
-512
-256
-192
-128
-96
-64
-56
-48
-40
-32
-28
-24
-20
-16
-15
-14
-13
-12
-11
-10
-9
-8
-7.5
-7
-6.5
-6
-5.5
-5
-4.5
-4
-3.875
-3.75
-3.625
-3.5
-3.375
-3.25
-3.125
-3
-2.875
-2.75
-2.625
-2.5
-2.375
-2.25
-2.125
-2
-1.9375
-1.875
-1.8125
-1.75
-1.6875
-1.625
-1.5625
-1.5
-1.4375
-1.375
-1.3125
-1.25
-1.1875
-1.125
-1.0625
-1
-0.96875
-0.9375
-0.90625
-0.875
-0.84375
-0.8125
-0.78125
-0.75
-0.71875
-0.6875
-0.65625
-0.625
-0.59375
-0.5625
-0.53125
-0.5
-0.484375
-0.46875
-0.453125
-0.4375
-0.421875
-0.40625
-0.390625
-0.375
-0.359375
-0.34375
-0.328125
-0.3125
-0.296875
-0.28125
-0.265625
-0.25
-0.234375
-0.21875
-0.203125
-0.1875
-0.171875
-0.15625
-0.140625
-0.125
-0.1171875
-0.109375
-0.1015625
-0.09375
-0.0859375
-0.078125
-0.0703125
-0.0625
-0.0546875
-0.046875
-0.0390625
-0.03125
-0.02734375
-0.0234375
-0.01953125
-0.015625
-0.01171875
-0.0078125
-0.005859375
-0.00390625
-0.001953125
-0.0009765625
-0.000244140625
-6.103515625e-05
0.000244140625
0.00048828125
0.001220703125
0.002197265625
0.004150390625
0.006103515625
0.008056640625
0.011962890625
0.015869140625
0.019775390625
0.023681640625
0.027587890625
0.031494140625
0.039306640625
0.047119140625
0.054931640625
0.062744140625
0.070556640625
0.078369140625
0.086181640625
0.093994140625
0.101806640625
0.109619140625
0.117431640625
0.125244140625
0.140869140625
0.156494140625
0.172119140625
0.187744140625
0.203369140625
0.218994140625
0.234619140625
0.250244140625
0.265869140625
0.281494140625
0.297119140625
0.312744140625
0.328369140625
0.343994140625
0.359619140625
0.375244140625
0.390869140625
0.406494140625
0.422119140625
0.437744140625
0.453369140625
0.468994140625
0.484619140625
0.500244140625
0.531494140625
0.562744140625
0.593994140625
0.625244140625
0.656494140625
0.687744140625
0.718994140625
0.750244140625
0.781494140625
0.812744140625
0.843994140625
0.875244140625
0.906494140625
0.937744140625
0.968994140625
1.000244140625
1.062744140625
1.125244140625
1.187744140625
1.250244140625
1.312744140625
1.375244140625
1.437744140625
1.500244140625
1.562744140625
1.625244140625
1.687744140625
1.750244140625
1.812744140625
1.875244140625
1.937744140625
2.000244140625
2.125244140625
2.250244140625
2.375244140625
2.500244140625
2.625244140625
2.750244140625
2.875244140625
3.000244140625
3.125244140625
3.250244140625
3.375244140625
3.500244140625
3.625244140625
3.750244140625
3.875244140625
4.000244140625
4.500244140625
5.000244140625
5.500244140625
6.000244140625
6.500244140625
7.000244140625
7.500244140625
8.000244140625
9.000244140625
10.000244140625
11.000244140625
12.000244140625
13.000244140625
14.000244140625
15.000244140625
16.000244140625
20.000244140625
24.000244140625
28.000244140625
32.000244140625
40.000244140625
48.000244140625
56.000244140625
64.000244140625
96.000244140625
128.000244140625
192.000244140625
256.000244140625
512.000244140625
1024.00024414062
4096.00024414062
-4095.99975585938
-1023.99975585938
-511.999755859375
-255.999755859375
-191.999755859375
-127.999755859375
-95.999755859375
-63.999755859375
-55.999755859375
-47.999755859375
-39.999755859375
-31.999755859375
-27.999755859375
-23.999755859375
-19.999755859375
-15.999755859375
-14.999755859375
-13.999755859375
-12.999755859375
-11.999755859375
-10.999755859375
-9.999755859375
-8.999755859375
-7.999755859375
-7.499755859375
-6.999755859375
-6.499755859375
-5.999755859375
-5.499755859375
-4.999755859375
-4.499755859375
-3.999755859375
-3.874755859375
-3.749755859375
-3.624755859375
-3.499755859375
-3.374755859375
-3.249755859375
-3.124755859375
-2.999755859375
-2.874755859375
-2.749755859375
-2.624755859375
-2.499755859375
-2.374755859375
-2.249755859375
-2.124755859375
-1.999755859375
-1.937255859375
-1.874755859375
-1.812255859375
-1.749755859375
-1.687255859375
-1.624755859375
-1.562255859375
-1.499755859375
-1.437255859375
-1.374755859375
-1.312255859375
-1.249755859375
-1.187255859375
-1.124755859375
-1.062255859375
-0.999755859375
-0.968505859375
-0.937255859375
-0.906005859375
-0.874755859375
-0.843505859375
-0.812255859375
-0.781005859375
-0.749755859375
-0.718505859375
-0.687255859375
-0.656005859375
-0.624755859375
-0.593505859375
-0.562255859375
-0.531005859375
-0.499755859375
-0.484130859375
-0.468505859375
-0.452880859375
-0.437255859375
-0.421630859375
-0.406005859375
-0.390380859375
-0.374755859375
-0.359130859375
-0.343505859375
-0.327880859375
-0.312255859375
-0.296630859375
-0.281005859375
-0.265380859375
-0.249755859375
-0.234130859375
-0.218505859375
-0.202880859375
-0.187255859375
-0.171630859375
-0.156005859375
-0.140380859375
-0.124755859375
-0.116943359375
-0.109130859375
-0.101318359375
-0.093505859375
-0.085693359375
-0.077880859375
-0.070068359375
-0.062255859375
-0.054443359375
-0.046630859375
-0.038818359375
-0.031005859375
-0.027099609375
-0.023193359375
-0.019287109375
-0.015380859375
-0.011474609375
-0.007568359375
-0.005615234375
-0.003662109375
-0.001708984375
-0.000732421875
0
0.00018310546875
0.0009765625
0.001220703125
0.001953125
0.0029296875
0.0048828125
0.0068359375
0.0087890625
0.0126953125
0.0166015625
0.0205078125
0.0244140625
0.0283203125
0.0322265625
0.0400390625
0.0478515625
0.0556640625
0.0634765625
0.0712890625
0.0791015625
0.0869140625
0.0947265625
0.1025390625
0.1103515625
0.1181640625
0.1259765625
0.1416015625
0.1572265625
0.1728515625
0.1884765625
0.2041015625
0.2197265625
0.2353515625
0.2509765625
0.2666015625
0.2822265625
0.2978515625
0.3134765625
0.3291015625
0.3447265625
0.3603515625
0.3759765625
0.3916015625
0.4072265625
0.4228515625
0.4384765625
0.4541015625
0.4697265625
0.4853515625
0.5009765625
0.5322265625
0.5634765625
0.5947265625
0.6259765625
0.6572265625
0.6884765625
0.7197265625
0.7509765625
0.7822265625
0.8134765625
0.8447265625
0.8759765625
0.9072265625
0.9384765625
0.9697265625
1.0009765625
1.0634765625
1.1259765625
1.1884765625
1.2509765625
1.3134765625
1.3759765625
1.4384765625
1.5009765625
1.5634765625
1.6259765625
1.6884765625
1.7509765625
1.8134765625
1.8759765625
1.9384765625
2.0009765625
2.1259765625
2.2509765625
2.3759765625
2.5009765625
2.6259765625
2.7509765625
2.8759765625
3.0009765625
3.1259765625
3.2509765625
3.3759765625
3.5009765625
3.6259765625
3.7509765625
3.8759765625
4.0009765625
4.5009765625
5.0009765625
5.5009765625
6.0009765625
6.5009765625
7.0009765625
7.5009765625
8.0009765625
9.0009765625
10.0009765625
11.0009765625
12.0009765625
13.0009765625
14.0009765625
15.0009765625
16.0009765625
20.0009765625
24.0009765625
28.0009765625
32.0009765625
40.0009765625
48.0009765625
56.0009765625
64.0009765625
96.0009765625
128.0009765625
192.0009765625
256.0009765625
512.0009765625
1024.0009765625
4096.0009765625
-4095.9990234375
-1023.9990234375
-511.9990234375
-255.9990234375
-191.9990234375
-127.9990234375
-95.9990234375
-63.9990234375
-55.9990234375
-47.9990234375
-39.9990234375
-31.9990234375
-27.9990234375
-23.9990234375
-19.9990234375
-15.9990234375
-14.9990234375
-13.9990234375
-12.9990234375
-11.9990234375
-10.9990234375
-9.9990234375
-8.9990234375
-7.9990234375
-7.4990234375
-6.9990234375
-6.4990234375
-5.9990234375
-5.4990234375
-4.9990234375
-4.4990234375
-3.9990234375
-3.8740234375
-3.7490234375
-3.6240234375
-3.4990234375
-3.3740234375
-3.2490234375
-3.1240234375
-2.9990234375
-2.8740234375
-2.7490234375
-2.6240234375
-2.4990234375
-2.3740234375
-2.2490234375
-2.1240234375
-1.9990234375
-1.9365234375
-1.8740234375
-1.8115234375
-1.7490234375
-1.6865234375
-1.6240234375
-1.5615234375
-1.4990234375
-1.4365234375
-1.3740234375
-1.3115234375
-1.2490234375
-1.1865234375
-1.1240234375
-1.0615234375
-0.9990234375
-0.9677734375
-0.9365234375
-0.9052734375
-0.8740234375
-0.8427734375
-0.8115234375
-0.7802734375
-0.7490234375
-0.7177734375
-0.6865234375
-0.6552734375
-0.6240234375
-0.5927734375
-0.5615234375
-0.5302734375
-0.4990234375
-0.4833984375
-0.4677734375
-0.4521484375
-0.4365234375
-0.4208984375
-0.4052734375
-0.3896484375
-0.3740234375
-0.3583984375
-0.3427734375
-0.3271484375
-0.3115234375
-0.2958984375
-0.2802734375
-0.2646484375
-0.2490234375
-0.2333984375
-0.2177734375
-0.2021484375
-0.1865234375
-0.1708984375
-0.1552734375
-0.1396484375
-0.1240234375
-0.1162109375
-0.1083984375
-0.1005859375
-0.0927734375
-0.0849609375
-0.0771484375
-0.0693359375
-0.0615234375
-0.0537109375
-0.0458984375
-0.0380859375
-0.0302734375
-0.0263671875
-0.0224609375
-0.0185546875
-0.0146484375
-0.0107421875
-0.0068359375
-0.0048828125
-0.0029296875
-0.0009765625
0
0.000732421875
0.00091552734375
0.001953125
0.002197265625
0.0029296875
0.00390625
0.005859375
0.0078125
0.009765625
0.013671875
0.017578125
0.021484375
0.025390625
0.029296875
0.033203125
0.041015625
0.048828125
0.056640625
0.064453125
0.072265625
0.080078125
0.087890625
0.095703125
0.103515625
0.111328125
0.119140625
0.126953125
0.142578125
0.158203125
0.173828125
0.189453125
0.205078125
0.220703125
0.236328125
0.251953125
0.267578125
0.283203125
0.298828125
0.314453125
0.330078125
0.345703125
0.361328125
0.376953125
0.392578125
0.408203125
0.423828125
0.439453125
0.455078125
0.470703125
0.486328125
0.501953125
0.533203125
0.564453125
0.595703125
0.626953125
0.658203125
0.689453125
0.720703125
0.751953125
0.783203125
0.814453125
0.845703125
0.876953125
0.908203125
0.939453125
0.970703125
1.001953125
1.064453125
1.126953125
1.189453125
1.251953125
1.314453125
1.376953125
1.439453125
1.501953125
1.564453125
1.626953125
1.689453125
1.751953125
1.814453125
1.876953125
1.939453125
2.001953125
2.126953125
2.251953125
2.376953125
2.501953125
2.626953125
2.751953125
2.876953125
3.001953125
3.126953125
3.251953125
3.376953125
3.501953125
3.626953125
3.751953125
3.876953125
4.001953125
4.501953125
5.001953125
5.501953125
6.001953125
6.501953125
7.001953125
7.501953125
8.001953125
9.001953125
10.001953125
11.001953125
12.001953125
13.001953125
14.001953125
15.001953125
16.001953125
20.001953125
24.001953125
28.001953125
32.001953125
40.001953125
48.001953125
56.001953125
64.001953125
96.001953125
128.001953125
192.001953125
256.001953125
512.001953125
1024.001953125
4096.001953125
-4095.998046875
-1023.998046875
-511.998046875
-255.998046875
-191.998046875
-127.998046875
-95.998046875
-63.998046875
-55.998046875
-47.998046875
-39.998046875
-31.998046875
-27.998046875
-23.998046875
-19.998046875
-15.998046875
-14.998046875
-13.998046875
-12.998046875
-11.998046875
-10.998046875
-9.998046875
-8.998046875
-7.998046875
-7.498046875
-6.998046875
-6.498046875
-5.998046875
-5.498046875
-4.998046875
-4.498046875
-3.998046875
-3.873046875
-3.748046875
-3.623046875
-3.498046875
-3.373046875
-3.248046875
-3.123046875
-2.998046875
-2.873046875
-2.748046875
-2.623046875
-2.498046875
-2.373046875
-2.248046875
-2.123046875
-1.998046875
-1.935546875
-1.873046875
-1.810546875
-1.748046875
-1.685546875
-1.623046875
-1.560546875
-1.498046875
-1.435546875
-1.373046875
-1.310546875
-1.248046875
-1.185546875
-1.123046875
-1.060546875
-0.998046875
-0.966796875
-0.935546875
-0.904296875
-0.873046875
-0.841796875
-0.810546875
-0.779296875
-0.748046875
-0.716796875
-0.685546875
-0.654296875
-0.623046875
-0.591796875
-0.560546875
-0.529296875
-0.498046875
-0.482421875
-0.466796875
-0.451171875
-0.435546875
-0.419921875
-0.404296875
-0.388671875
-0.373046875
-0.357421875
-0.341796875
-0.326171875
-0.310546875
-0.294921875
-0.279296875
-0.263671875
-0.248046875
-0.232421875
-0.216796875
-0.201171875
-0.185546875
-0.169921875
-0.154296875
-0.138671875
-0.123046875
-0.115234375
-0.107421875
-0.099609375
-0.091796875
-0.083984375
-0.076171875
-0.068359375
-0.060546875
-0.052734375
-0.044921875
-0.037109375
-0.029296875
-0.025390625
-0.021484375
-0.017578125
-0.013671875
-0.009765625
-0.005859375
-0.00390625
-0.001953125
0
0.0009765625
0.001708984375
0.00189208984375
0.00390625
0.004150390625
0.0048828125
0.005859375
0.0078125
0.009765625
0.01171875
0.015625
0.01953125
0.0234375
0.02734375
0.03125
0.03515625
0.04296875
0.05078125
0.05859375
0.06640625
0.07421875
0.08203125
0.08984375
0.09765625
0.10546875
0.11328125
0.12109375
0.12890625
0.14453125
0.16015625
0.17578125
0.19140625
0.20703125
0.22265625
0.23828125
0.25390625
0.26953125
0.28515625
0.30078125
0.31640625
0.33203125
0.34765625
0.36328125
0.37890625
0.39453125
0.41015625
0.42578125
0.44140625
0.45703125
0.47265625
0.48828125
0.50390625
0.53515625
0.56640625
0.59765625
0.62890625
0.66015625
0.69140625
0.72265625
0.75390625
0.78515625
0.81640625
0.84765625
0.87890625
0.91015625
0.94140625
0.97265625
1.00390625
1.06640625
1.12890625
1.19140625
1.25390625
1.31640625
1.37890625
1.44140625
1.50390625
1.56640625
1.62890625
1.69140625
1.75390625
1.81640625
1.87890625
1.94140625
2.00390625
2.12890625
2.25390625
2.37890625
2.50390625
2.62890625
2.75390625
2.87890625
3.00390625
3.12890625
3.25390625
3.37890625
3.50390625
3.62890625
3.75390625
3.87890625
4.00390625
4.50390625
5.00390625
5.50390625
6.00390625
6.50390625
7.00390625
7.50390625
8.00390625
9.00390625
10.00390625
11.00390625
12.00390625
13.00390625
14.00390625
15.00390625
16.00390625
20.00390625
24.00390625
28.00390625
32.00390625
40.00390625
48.00390625
56.00390625
64.00390625
96.00390625
128.00390625
192.00390625
256.00390625
512.00390625
1024.00390625
4096.00390625
-4095.99609375
-1023.99609375
-511.99609375
-255.99609375
-191.99609375
-127.99609375
-95.99609375
-63.99609375
-55.99609375
-47.99609375
-39.99609375
-31.99609375
-27.99609375
-23.99609375
-19.99609375
-15.99609375
-14.99609375
-13.99609375
-12.99609375
-11.99609375
-10.99609375
-9.99609375
-8.99609375
-7.99609375
-7.49609375
-6.99609375
-6.49609375
-5.99609375
-5.49609375
-4.99609375
-4.49609375
-3.99609375
-3.87109375
-3.74609375
-3.62109375
-3.49609375
-3.37109375
-3.24609375
-3.12109375
-2.99609375
-2.87109375
-2.74609375
-2.62109375
-2.49609375
-2.37109375
-2.24609375
-2.12109375
-1.99609375
-1.93359375
-1.87109375
-1.80859375
-1.74609375
-1.68359375
-1.62109375
-1.55859375
-1.49609375
-1.43359375
-1.37109375
-1.30859375
-1.24609375
-1.18359375
-1.12109375
-1.05859375
-0.99609375
-0.96484375
-0.93359375
-0.90234375
-0.87109375
-0.83984375
-0.80859375
-0.77734375
-0.74609375
-0.71484375
-0.68359375
-0.65234375
-0.62109375
-0.58984375
-0.55859375
-0.52734375
-0.49609375
-0.48046875
-0.46484375
-0.44921875
-0.43359375
-0.41796875
-0.40234375
-0.38671875
-0.37109375
-0.35546875
-0.33984375
-0.32421875
-0.30859375
-0.29296875
-0.27734375
-0.26171875
-0.24609375
-0.23046875
-0.21484375
-0.19921875
-0.18359375
-0.16796875
-0.15234375
-0.13671875
-0.12109375
-0.11328125
-0.10546875
-0.09765625
-0.08984375
-0.08203125
-0.07421875
-0.06640625
-0.05859375
-0.05078125
-0.04296875
-0.03515625
-0.02734375
-0.0234375
-0.01953125
-0.015625
-0.01171875
-0.0078125
-0.00390625
-0.001953125
0
0.001953125
0.0029296875
0.003662109375
0.00384521484375
0.005859375
0.006103515625
0.0068359375
0.0078125
0.009765625
0.01171875
0.013671875
0.017578125
0.021484375
0.025390625
0.029296875
0.033203125
0.037109375
0.044921875
0.052734375
0.060546875
0.068359375
0.076171875
0.083984375
0.091796875
0.099609375
0.107421875
0.115234375
0.123046875
0.130859375
0.146484375
0.162109375
0.177734375
0.193359375
0.208984375
0.224609375
0.240234375
0.255859375
0.271484375
0.287109375
0.302734375
0.318359375
0.333984375
0.349609375
0.365234375
0.380859375
0.396484375
0.412109375
0.427734375
0.443359375
0.458984375
0.474609375
0.490234375
0.505859375
0.537109375
0.568359375
0.599609375
0.630859375
0.662109375
0.693359375
0.724609375
0.755859375
0.787109375
0.818359375
0.849609375
0.880859375
0.912109375
0.943359375
0.974609375
1.005859375
1.068359375
1.130859375
1.193359375
1.255859375
1.318359375
1.380859375
1.443359375
1.505859375
1.568359375
1.630859375
1.693359375
1.755859375
1.818359375
1.880859375
1.943359375
2.005859375
2.130859375
2.255859375
2.380859375
2.505859375
2.630859375
2.755859375
2.880859375
3.005859375
3.130859375
3.255859375
3.380859375
3.505859375
3.630859375
3.755859375
3.880859375
4.005859375
4.505859375
5.005859375
5.505859375
6.005859375
6.505859375
7.005859375
7.505859375
8.005859375
9.005859375
10.005859375
11.005859375
12.005859375
13.005859375
14.005859375
15.005859375
16.005859375
20.005859375
24.005859375
28.005859375
32.005859375
40.005859375
48.005859375
56.005859375
64.005859375
96.005859375
128.005859375
192.005859375
256.005859375
512.005859375
1024.005859375
4096.005859375
-4095.994140625
-1023.994140625
-511.994140625
-255.994140625
-191.994140625
-127.994140625
-95.994140625
-63.994140625
-55.994140625
-47.994140625
-39.994140625
-31.994140625
-27.994140625
-23.994140625
-19.994140625
-15.994140625
-14.994140625
-13.994140625
-12.994140625
-11.994140625
-10.994140625
-9.994140625
-8.994140625
-7.994140625
-7.494140625
-6.994140625
-6.494140625
-5.994140625
-5.494140625
-4.994140625
-4.494140625
-3.994140625
-3.869140625
-3.744140625
-3.619140625
-3.494140625
-3.369140625
-3.244140625
-3.119140625
-2.994140625
-2.869140625
-2.744140625
-2.619140625
-2.494140625
-2.369140625
-2.244140625
-2.119140625
-1.994140625
-1.931640625
-1.869140625
-1.806640625
-1.744140625
-1.681640625
-1.619140625
-1.556640625
-1.494140625
-1.431640625
-1.369140625
-1.306640625
-1.244140625
-1.181640625
-1.119140625
-1.056640625
-0.994140625
-0.962890625
-0.931640625
-0.900390625
-0.869140625
-0.837890625
-0.806640625
-0.775390625
-0.744140625
-0.712890625
-0.681640625
-0.650390625
-0.619140625
-0.587890625
-0.556640625
-0.525390625
-0.494140625
-0.478515625
-0.462890625
-0.447265625
-0.431640625
-0.416015625
-0.400390625
-0.384765625
-0.369140625
-0.353515625
-0.337890625
-0.322265625
-0.306640625
-0.291015625
-0.275390625
-0.259765625
-0.244140625
-0.228515625
-0.212890625
-0.197265625
-0.181640625
-0.166015625
-0.150390625
-0.134765625
-0.119140625
-0.111328125
-0.103515625
-0.095703125
-0.087890625
-0.080078125
-0.072265625
-0.064453125
-0.056640625
-0.048828125
-0.041015625
-0.033203125
-0.025390625
-0.021484375
-0.017578125
-0.013671875
-0.009765625
-0.005859375
-0.001953125
0
0.001953125
0.00390625
0.0048828125
0.005615234375
0.00579833984375
0.0078125
0.008056640625
0.0087890625
0.009765625
0.01171875
0.013671875
0.015625
0.01953125
0.0234375
0.02734375
0.03125
0.03515625
0.0390625
0.046875
0.0546875
0.0625
0.0703125
0.078125
0.0859375
0.09375
0.1015625
0.109375
0.1171875
0.125
0.1328125
0.1484375
0.1640625
0.1796875
0.1953125
0.2109375
0.2265625
0.2421875
0.2578125
0.2734375
0.2890625
0.3046875
0.3203125
0.3359375
0.3515625
0.3671875
0.3828125
0.3984375
0.4140625
0.4296875
0.4453125
0.4609375
0.4765625
0.4921875
0.5078125
0.5390625
0.5703125
0.6015625
0.6328125
0.6640625
0.6953125
0.7265625
0.7578125
0.7890625
0.8203125
0.8515625
0.8828125
0.9140625
0.9453125
0.9765625
1.0078125
1.0703125
1.1328125
1.1953125
1.2578125
1.3203125
1.3828125
1.4453125
1.5078125
1.5703125
1.6328125
1.6953125
1.7578125
1.8203125
1.8828125
1.9453125
2.0078125
2.1328125
2.2578125
2.3828125
2.5078125
2.6328125
2.7578125
2.8828125
3.0078125
3.1328125
3.2578125
3.3828125
3.5078125
3.6328125
3.7578125
3.8828125
4.0078125
4.5078125
5.0078125
5.5078125
6.0078125
6.5078125
7.0078125
7.5078125
8.0078125
9.0078125
10.0078125
11.0078125
12.0078125
13.0078125
14.0078125
15.0078125
16.0078125
20.0078125
24.0078125
28.0078125
32.0078125
40.0078125
48.0078125
56.0078125
64.0078125
96.0078125
128.0078125
192.0078125
256.0078125
512.0078125
1024.0078125
4096.0078125
-4095.9921875
-1023.9921875
-511.9921875
-255.9921875
-191.9921875
-127.9921875
-95.9921875
-63.9921875
-55.9921875
-47.9921875
-39.9921875
-31.9921875
-27.9921875
-23.9921875
-19.9921875
-15.9921875
-14.9921875
-13.9921875
-12.9921875
-11.9921875
-10.9921875
-9.9921875
-8.9921875
-7.9921875
-7.4921875
-6.9921875
-6.4921875
-5.9921875
-5.4921875
-4.9921875
-4.4921875
-3.9921875
-3.8671875
-3.7421875
-3.6171875
-3.4921875
-3.3671875
-3.2421875
-3.1171875
-2.9921875
-2.8671875
-2.7421875
-2.6171875
-2.4921875
-2.3671875
-2.2421875
-2.1171875
-1.9921875
-1.9296875
-1.8671875
-1.8046875
-1.7421875
-1.6796875
-1.6171875
-1.5546875
-1.4921875
-1.4296875
-1.3671875
-1.3046875
-1.2421875
-1.1796875
-1.1171875
-1.0546875
-0.9921875
-0.9609375
-0.9296875
-0.8984375
-0.8671875
-0.8359375
-0.8046875
-0.7734375
-0.7421875
-0.7109375
-0.6796875
-0.6484375
-0.6171875
-0.5859375
-0.5546875
-0.5234375
-0.4921875
-0.4765625
-0.4609375
-0.4453125
-0.4296875
-0.4140625
-0.3984375
-0.3828125
-0.3671875
-0.3515625
-0.3359375
-0.3203125
-0.3046875
-0.2890625
-0.2734375
-0.2578125
-0.2421875
-0.2265625
-0.2109375
-0.1953125
-0.1796875
-0.1640625
-0.1484375
-0.1328125
-0.1171875
-0.109375
-0.1015625
-0.09375
-0.0859375
-0.078125
-0.0703125
-0.0625
-0.0546875
-0.046875
-0.0390625
-0.03125
-0.0234375
-0.01953125
-0.015625
-0.01171875
-0.0078125
-0.00390625
0
0.001953125
0.00390625
0.005859375
0.0068359375
0.007568359375
0.00775146484375
0.01171875
0.011962890625
0.0126953125
0.013671875
0.015625
0.017578125
0.01953125
0.0234375
0.02734375
0.03125
0.03515625
0.0390625
0.04296875
0.05078125
0.05859375
0.06640625
0.07421875
0.08203125
0.08984375
0.09765625
0.10546875
0.11328125
0.12109375
0.12890625
0.13671875
0.15234375
0.16796875
0.18359375
0.19921875
0.21484375
0.23046875
0.24609375
0.26171875
0.27734375
0.29296875
0.30859375
0.32421875
0.33984375
0.35546875
0.37109375
0.38671875
0.40234375
0.41796875
0.43359375
0.44921875
0.46484375
0.48046875
0.49609375
0.51171875
0.54296875
0.57421875
0.60546875
0.63671875
0.66796875
0.69921875
0.73046875
0.76171875
0.79296875
0.82421875
0.85546875
0.88671875
0.91796875
0.94921875
0.98046875
1.01171875
1.07421875
1.13671875
1.19921875
1.26171875
1.32421875
1.38671875
1.44921875
1.51171875
1.57421875
1.63671875
1.69921875
1.76171875
1.82421875
1.88671875
1.94921875
2.01171875
2.13671875
2.26171875
2.38671875
2.51171875
2.63671875
2.76171875
2.88671875
3.01171875
3.13671875
3.26171875
3.38671875
3.51171875
3.63671875
3.76171875
3.88671875
4.01171875
4.51171875
5.01171875
5.51171875
6.01171875
6.51171875
7.01171875
7.51171875
8.01171875
9.01171875
10.01171875
11.01171875
12.01171875
13.01171875
14.01171875
15.01171875
16.01171875
20.01171875
24.01171875
28.01171875
32.01171875
40.01171875
48.01171875
56.01171875
64.01171875
96.01171875
128.01171875
192.01171875
256.01171875
512.01171875
1024.01171875
4096.01171875
-4095.98828125
-1023.98828125
-511.98828125
-255.98828125
-191.98828125
-127.98828125
-95.98828125
-63.98828125
-55.98828125
-47.98828125
-39.98828125
-31.98828125
-27.98828125
-23.98828125
-19.98828125
-15.98828125
-14.98828125
-13.98828125
-12.98828125
-11.98828125
-10.98828125
-9.98828125
-8.98828125
-7.98828125
-7.48828125
-6.98828125
-6.48828125
-5.98828125
-5.48828125
-4.98828125
-4.48828125
-3.98828125
-3.86328125
-3.73828125
-3.61328125
-3.48828125
-3.36328125
-3.23828125
-3.11328125
-2.98828125
-2.86328125
-2.73828125
-2.61328125
-2.48828125
-2.36328125
-2.23828125
-2.11328125
-1.98828125
-1.92578125
-1.86328125
-1.80078125
-1.73828125
-1.67578125
-1.61328125
-1.55078125
-1.48828125
-1.42578125
-1.36328125
-1.30078125
-1.23828125
-1.17578125
-1.11328125
-1.05078125
-0.98828125
-0.95703125
-0.92578125
-0.89453125
-0.86328125
-0.83203125
-0.80078125
-0.76953125
-0.73828125
-0.70703125
-0.67578125
-0.64453125
-0.61328125
-0.58203125
-0.55078125
-0.51953125
-0.48828125
-0.47265625
-0.45703125
-0.44140625
-0.42578125
-0.41015625
-0.39453125
-0.37890625
-0.36328125
-0.34765625
-0.33203125
-0.31640625
-0.30078125
-0.28515625
-0.26953125
-0.25390625
-0.23828125
-0.22265625
-0.20703125
-0.19140625
-0.17578125
-0.16015625
-0.14453125
-0.12890625
-0.11328125
-0.10546875
-0.09765625
-0.08984375
-0.08203125
-0.07421875
-0.06640625
-0.05859375
-0.05078125
-0.04296875
-0.03515625
-0.02734375
-0.01953125
-0.015625
-0.01171875
-0.0078125
-0.00390625
0
0.00390625
0.005859375
0.0078125
0.009765625
0.0107421875
0.011474609375
0.01165771484375
0.015625
0.015869140625
0.0166015625
0.017578125
0.01953125
0.021484375
0.0234375
0.02734375
0.03125
0.03515625
0.0390625
0.04296875
0.046875
0.0546875
0.0625
0.0703125
0.078125
0.0859375
0.09375
0.1015625
0.109375
0.1171875
0.125
0.1328125
0.140625
0.15625
0.171875
0.1875
0.203125
0.21875
0.234375
0.25
0.265625
0.28125
0.296875
0.3125
0.328125
0.34375
0.359375
0.375
0.390625
0.40625
0.421875
0.4375
0.453125
0.46875
0.484375
0.5
0.515625
0.546875
0.578125
0.609375
0.640625
0.671875
0.703125
0.734375
0.765625
0.796875
0.828125
0.859375
0.890625
0.921875
0.953125
0.984375
1.015625
1.078125
1.140625
1.203125
1.265625
1.328125
1.390625
1.453125
1.515625
1.578125
1.640625
1.703125
1.765625
1.828125
1.890625
1.953125
2.015625
2.140625
2.265625
2.390625
2.515625
2.640625
2.765625
2.890625
3.015625
3.140625
3.265625
3.390625
3.515625
3.640625
3.765625
3.890625
4.015625
4.515625
5.015625
5.515625
6.015625
6.515625
7.015625
7.515625
8.015625
9.015625
10.015625
11.015625
12.015625
13.015625
14.015625
15.015625
16.015625
20.015625
24.015625
28.015625
32.015625
40.015625
48.015625
56.015625
64.015625
96.015625
128.015625
192.015625
256.015625
512.015625
1024.015625
4096.015625
-4095.984375
-1023.984375
-511.984375
-255.984375
-191.984375
-127.984375
-95.984375
-63.984375
-55.984375
-47.984375
-39.984375
-31.984375
-27.984375
-23.984375
-19.984375
-15.984375
-14.984375
-13.984375
-12.984375
-11.984375
-10.984375
-9.984375
-8.984375
-7.984375
-7.484375
-6.984375
-6.484375
-5.984375
-5.484375
-4.984375
-4.484375
-3.984375
-3.859375
-3.734375
-3.609375
-3.484375
-3.359375
-3.234375
-3.109375
-2.984375
-2.859375
-2.734375
-2.609375
-2.484375
-2.359375
-2.234375
-2.109375
-1.984375
-1.921875
-1.859375
-1.796875
-1.734375
-1.671875
-1.609375
-1.546875
-1.484375
-1.421875
-1.359375
-1.296875
-1.234375
-1.171875
-1.109375
-1.046875
-0.984375
-0.953125
-0.921875
-0.890625
-0.859375
-0.828125
-0.796875
-0.765625
-0.734375
-0.703125
-0.671875
-0.640625
-0.609375
-0.578125
-0.546875
-0.515625
-0.484375
-0.46875
-0.453125
-0.4375
-0.421875
-0.40625
-0.390625
-0.375
-0.359375
-0.34375
-0.328125
-0.3125
-0.296875
-0.28125
-0.265625
-0.25
-0.234375
-0.21875
-0.203125
-0.1875
-0.171875
-0.15625
-0.140625
-0.125
-0.109375
-0.1015625
-0.09375
-0.0859375
-0.078125
-0.0703125
-0.0625
-0.0546875
-0.046875
-0.0390625
-0.03125
-0.0234375
-0.015625
-0.01171875
-0.0078125
-0.00390625
0
0.00390625
0.0078125
0.009765625
0.01171875
0.013671875
0.0146484375
0.015380859375
0.01556396484375
0.01953125
0.019775390625
0.0205078125
0.021484375
0.0234375
0.025390625
0.02734375
0.03125
0.03515625
0.0390625
0.04296875
0.046875
0.05078125
0.05859375
0.06640625
0.07421875
0.08203125
0.08984375
0.09765625
0.10546875
0.11328125
0.12109375
0.12890625
0.13671875
0.14453125
0.16015625
0.17578125
0.19140625
0.20703125
0.22265625
0.23828125
0.25390625
0.26953125
0.28515625
0.30078125
0.31640625
0.33203125
0.34765625
0.36328125
0.37890625
0.39453125
0.41015625
0.42578125
0.44140625
0.45703125
0.47265625
0.48828125
0.50390625
0.51953125
0.55078125
0.58203125
0.61328125
0.64453125
0.67578125
0.70703125
0.73828125
0.76953125
0.80078125
0.83203125
0.86328125
0.89453125
0.92578125
0.95703125
0.98828125
1.01953125
1.08203125
1.14453125
1.20703125
1.26953125
1.33203125
1.39453125
1.45703125
1.51953125
1.58203125
1.64453125
1.70703125
1.76953125
1.83203125
1.89453125
1.95703125
2.01953125
2.14453125
2.26953125
2.39453125
2.51953125
2.64453125
2.76953125
2.89453125
3.01953125
3.14453125
3.26953125
3.39453125
3.51953125
3.64453125
3.76953125
3.89453125
4.01953125
4.51953125
5.01953125
5.51953125
6.01953125
6.51953125
7.01953125
7.51953125
8.01953125
9.01953125
10.01953125
11.01953125
12.01953125
13.01953125
14.01953125
15.01953125
16.01953125
20.01953125
24.01953125
28.01953125
32.01953125
40.01953125
48.01953125
56.01953125
64.01953125
96.01953125
128.01953125
192.01953125
256.01953125
512.01953125
1024.01953125
4096.01953125
-4095.98046875
-1023.98046875
-511.98046875
-255.98046875
-191.98046875
-127.98046875
-95.98046875
-63.98046875
-55.98046875
-47.98046875
-39.98046875
-31.98046875
-27.98046875
-23.98046875
-19.98046875
-15.98046875
-14.98046875
-13.98046875
-12.98046875
-11.98046875
-10.98046875
-9.98046875
-8.98046875
-7.98046875
-7.48046875
-6.98046875
-6.48046875
-5.98046875
-5.48046875
-4.98046875
-4.48046875
-3.98046875
-3.85546875
-3.73046875
-3.60546875
-3.48046875
-3.35546875
-3.23046875
-3.10546875
-2.98046875
-2.85546875
-2.73046875
-2.60546875
-2.48046875
-2.35546875
-2.23046875
-2.10546875
-1.98046875
-1.91796875
-1.85546875
-1.79296875
-1.73046875
-1.66796875
-1.60546875
-1.54296875
-1.48046875
-1.41796875
-1.35546875
-1.29296875
-1.23046875
-1.16796875
-1.10546875
-1.04296875
-0.98046875
-0.94921875
-0.91796875
-0.88671875
-0.85546875
-0.82421875
-0.79296875
-0.76171875
-0.73046875
-0.69921875
-0.66796875
-0.63671875
-0.60546875
-0.57421875
-0.54296875
-0.51171875
-0.48046875
-0.46484375
-0.44921875
-0.43359375
-0.41796875
-0.40234375
-0.38671875
-0.37109375
-0.35546875
-0.33984375
-0.32421875
-0.30859375
-0.29296875
-0.27734375
-0.26171875
-0.24609375
-0.23046875
-0.21484375
-0.19921875
-0.18359375
-0.16796875
-0.15234375
-0.13671875
-0.12109375
-0.10546875
-0.09765625
-0.08984375
-0.08203125
-0.07421875
-0.06640625
-0.05859375
-0.05078125
-0.04296875
-0.03515625
-0.02734375
-0.01953125
-0.01171875
-0.0078125
-0.00390625
0
0.00390625
0.0078125
0.01171875
0.013671875
0.015625
0.017578125
0.0185546875
0.019287109375
0.01947021484375
0.0234375
0.023681640625
0.0244140625
0.025390625
0.02734375
0.029296875
0.03125
0.03515625
0.0390625
0.04296875
0.046875
0.05078125
0.0546875
0.0625
0.0703125
0.078125
0.0859375
0.09375
0.1015625
0.109375
0.1171875
0.125
0.1328125
0.140625
0.1484375
0.1640625
0.1796875
0.1953125
0.2109375
0.2265625
0.2421875
0.2578125
0.2734375
0.2890625
0.3046875
0.3203125
0.3359375
0.3515625
0.3671875
0.3828125
0.3984375
0.4140625
0.4296875
0.4453125
0.4609375
0.4765625
0.4921875
0.5078125
0.5234375
0.5546875
0.5859375
0.6171875
0.6484375
0.6796875
0.7109375
0.7421875
0.7734375
0.8046875
0.8359375
0.8671875
0.8984375
0.9296875
0.9609375
0.9921875
1.0234375
1.0859375
1.1484375
1.2109375
1.2734375
1.3359375
1.3984375
1.4609375
1.5234375
1.5859375
1.6484375
1.7109375
1.7734375
1.8359375
1.8984375
1.9609375
2.0234375
2.1484375
2.2734375
2.3984375
2.5234375
2.6484375
2.7734375
2.8984375
3.0234375
3.1484375
3.2734375
3.3984375
3.5234375
3.6484375
3.7734375
3.8984375
4.0234375
4.5234375
5.0234375
5.5234375
6.0234375
6.5234375
7.0234375
7.5234375
8.0234375
9.0234375
10.0234375
11.0234375
12.0234375
13.0234375
14.0234375
15.0234375
16.0234375
20.0234375
24.0234375
28.0234375
32.0234375
40.0234375
48.0234375
56.0234375
64.0234375
96.0234375
128.0234375
192.0234375
256.0234375
512.0234375
1024.0234375
4096.0234375
-4095.9765625
-1023.9765625
-511.9765625
-255.9765625
-191.9765625
-127.9765625
-95.9765625
-63.9765625
-55.9765625
-47.9765625
-39.9765625
-31.9765625
-27.9765625
-23.9765625
-19.9765625
-15.9765625
-14.9765625
-13.9765625
-12.9765625
-11.9765625
-10.9765625
-9.9765625
-8.9765625
-7.9765625
-7.4765625
-6.9765625
-6.4765625
-5.9765625
-5.4765625
-4.9765625
-4.4765625
-3.9765625
-3.8515625
-3.7265625
-3.6015625
-3.4765625
-3.3515625
-3.2265625
-3.1015625
-2.9765625
-2.8515625
-2.7265625
-2.6015625
-2.4765625
-2.3515625
-2.2265625
-2.1015625
-1.9765625
-1.9140625
-1.8515625
-1.7890625
-1.7265625
-1.6640625
-1.6015625
-1.5390625
-1.4765625
-1.4140625
-1.3515625
-1.2890625
-1.2265625
-1.1640625
-1.1015625
-1.0390625
-0.9765625
-0.9453125
-0.9140625
-0.8828125
-0.8515625
-0.8203125
-0.7890625
-0.7578125
-0.7265625
-0.6953125
-0.6640625
-0.6328125
-0.6015625
-0.5703125
-0.5390625
-0.5078125
-0.4765625
-0.4609375
-0.4453125
-0.4296875
-0.4140625
-0.3984375
-0.3828125
-0.3671875
-0.3515625
-0.3359375
-0.3203125
-0.3046875
-0.2890625
-0.2734375
-0.2578125
-0.2421875
-0.2265625
-0.2109375
-0.1953125
-0.1796875
-0.1640625
-0.1484375
-0.1328125
-0.1171875
-0.1015625
-0.09375
-0.0859375
-0.078125
-0.0703125
-0.0625
-0.0546875
-0.046875
-0.0390625
-0.03125
-0.0234375
-0.015625
-0.0078125
-0.00390625
0
0.00390625
0.0078125
0.01171875
0.015625
0.017578125
0.01953125
0.021484375
0.0224609375
0.023193359375
0.02337646484375
0.02734375
0.027587890625
0.0283203125
0.029296875
0.03125
0.033203125
0.03515625
0.0390625
0.04296875
0.046875
0.05078125
0.0546875
0.05859375
0.06640625
0.07421875
0.08203125
0.08984375
0.09765625
0.10546875
0.11328125
0.12109375
0.12890625
0.13671875
0.14453125
0.15234375
0.16796875
0.18359375
0.19921875
0.21484375
0.23046875
0.24609375
0.26171875
0.27734375
0.29296875
0.30859375
0.32421875
0.33984375
0.35546875
0.37109375
0.38671875
0.40234375
0.41796875
0.43359375
0.44921875
0.46484375
0.48046875
0.49609375
0.51171875
0.52734375
0.55859375
0.58984375
0.62109375
0.65234375
0.68359375
0.71484375
0.74609375
0.77734375
0.80859375
0.83984375
0.87109375
0.90234375
0.93359375
0.96484375
0.99609375
1.02734375
1.08984375
1.15234375
1.21484375
1.27734375
1.33984375
1.40234375
1.46484375
1.52734375
1.58984375
1.65234375
1.71484375
1.77734375
1.83984375
1.90234375
1.96484375
2.02734375
2.15234375
2.27734375
2.40234375
2.52734375
2.65234375
2.77734375
2.90234375
3.02734375
3.15234375
3.27734375
3.40234375
3.52734375
3.65234375
3.77734375
3.90234375
4.02734375
4.52734375
5.02734375
5.52734375
6.02734375
6.52734375
7.02734375
7.52734375
8.02734375
9.02734375
10.02734375
11.02734375
12.02734375
13.02734375
14.02734375
15.02734375
16.02734375
20.02734375
24.02734375
28.02734375
32.02734375
40.02734375
48.02734375
56.02734375
64.02734375
96.02734375
128.02734375
192.02734375
256.02734375
512.02734375
1024.02734375
4096.02734375
-4095.97265625
-1023.97265625
-511.97265625
-255.97265625
-191.97265625
-127.97265625
-95.97265625
-63.97265625
-55.97265625
-47.97265625
-39.97265625
-31.97265625
-27.97265625
-23.97265625
-19.97265625
-15.97265625
-14.97265625
-13.97265625
-12.97265625
-11.97265625
-10.97265625
-9.97265625
-8.97265625
-7.97265625
-7.47265625
-6.97265625
-6.47265625
-5.97265625
-5.47265625
-4.97265625
-4.47265625
-3.97265625
-3.84765625
-3.72265625
-3.59765625
-3.47265625
-3.34765625
-3.22265625
-3.09765625
-2.97265625
-2.84765625
-2.72265625
-2.59765625
-2.47265625
-2.34765625
-2.22265625
-2.09765625
-1.97265625
-1.91015625
-1.84765625
-1.78515625
-1.72265625
-1.66015625
-1.59765625
-1.53515625
-1.47265625
-1.41015625
-1.34765625
-1.28515625
-1.22265625
-1.16015625
-1.09765625
-1.03515625
-0.97265625
-0.94140625
-0.91015625
-0.87890625
-0.84765625
-0.81640625
-0.78515625
-0.75390625
-0.72265625
-0.69140625
-0.66015625
-0.62890625
-0.59765625
-0.56640625
-0.53515625
-0.50390625
-0.47265625
-0.45703125
-0.44140625
-0.42578125
-0.41015625
-0.39453125
-0.37890625
-0.36328125
-0.34765625
-0.33203125
-0.31640625
-0.30078125
-0.28515625
-0.26953125
-0.25390625
-0.23828125
-0.22265625
-0.20703125
-0.19140625
-0.17578125
-0.16015625
-0.14453125
-0.12890625
-0.11328125
-0.09765625
-0.08984375
-0.08203125
-0.07421875
-0.06640625
-0.05859375
-0.05078125
-0.04296875
-0.03515625
-0.02734375
-0.01953125
-0.01171875
-0.00390625
0
0.00390625
0.0078125
0.01171875
0.015625
0.01953125
0.021484375
0.0234375
0.025390625
0.0263671875
0.027099609375
0.02728271484375
0.03125
0.031494140625
0.0322265625
0.033203125
0.03515625
0.037109375
0.0390625
0.04296875
0.046875
0.05078125
0.0546875
0.05859375
0.0625
0.0703125
0.078125
0.0859375
0.09375
0.1015625
0.109375
0.1171875
0.125
0.1328125
0.140625
0.1484375
0.15625
0.171875
0.1875
0.203125
0.21875
0.234375
0.25
0.265625
0.28125
0.296875
0.3125
0.328125
0.34375
0.359375
0.375
0.390625
0.40625
0.421875
0.4375
0.453125
0.46875
0.484375
0.5
0.515625
0.53125
0.5625
0.59375
0.625
0.65625
0.6875
0.71875
0.75
0.78125
0.8125
0.84375
0.875
0.90625
0.9375
0.96875
1
1.03125
1.09375
1.15625
1.21875
1.28125
1.34375
1.40625
1.46875
1.53125
1.59375
1.65625
1.71875
1.78125
1.84375
1.90625
1.96875
2.03125
2.15625
2.28125
2.40625
2.53125
2.65625
2.78125
2.90625
3.03125
3.15625
3.28125
3.40625
3.53125
3.65625
3.78125
3.90625
4.03125
4.53125
5.03125
5.53125
6.03125
6.53125
7.03125
7.53125
8.03125
9.03125
10.03125
11.03125
12.03125
13.03125
14.03125
15.03125
16.03125
20.03125
24.03125
28.03125
32.03125
40.03125
48.03125
56.03125
64.03125
96.03125
128.03125
192.03125
256.03125
512.03125
1024.03125
4096.03125
-4095.96875
-1023.96875
-511.96875
-255.96875
-191.96875
-127.96875
-95.96875
-63.96875
-55.96875
-47.96875
-39.96875
-31.96875
-27.96875
-23.96875
-19.96875
-15.96875
-14.96875
-13.96875
-12.96875
-11.96875
-10.96875
-9.96875
-8.96875
-7.96875
-7.46875
-6.96875
-6.46875
-5.96875
-5.46875
-4.96875
-4.46875
-3.96875
-3.84375
-3.71875
-3.59375
-3.46875
-3.34375
-3.21875
-3.09375
-2.96875
-2.84375
-2.71875
-2.59375
-2.46875
-2.34375
-2.21875
-2.09375
-1.96875
-1.90625
-1.84375
-1.78125
-1.71875
-1.65625
-1.59375
-1.53125
-1.46875
-1.40625
-1.34375
-1.28125
-1.21875
-1.15625
-1.09375
-1.03125
-0.96875
-0.9375
-0.90625
-0.875
-0.84375
-0.8125
-0.78125
-0.75
-0.71875
-0.6875
-0.65625
-0.625
-0.59375
-0.5625
-0.53125
-0.5
-0.46875
-0.453125
-0.4375
-0.421875
-0.40625
-0.390625
-0.375
-0.359375
-0.34375
-0.328125
-0.3125
-0.296875
-0.28125
-0.265625
-0.25
-0.234375
-0.21875
-0.203125
-0.1875
-0.171875
-0.15625
-0.140625
-0.125
-0.109375
-0.09375
-0.0859375
-0.078125
-0.0703125
-0.0625
-0.0546875
-0.046875
-0.0390625
-0.03125
-0.0234375
-0.015625
-0.0078125
0
0.00390625
0.0078125
0.01171875
0.015625
0.01953125
0.0234375
0.025390625
0.02734375
0.029296875
0.0302734375
0.031005859375
0.03118896484375
0.0390625
0.039306640625
0.0400390625
0.041015625
0.04296875
0.044921875
0.046875
0.05078125
0.0546875
0.05859375
0.0625
0.06640625
0.0703125
0.078125
0.0859375
0.09375
0.1015625
0.109375
0.1171875
0.125
0.1328125
0.140625
0.1484375
0.15625
0.1640625
0.1796875
0.1953125
0.2109375
0.2265625
0.2421875
0.2578125
0.2734375
0.2890625
0.3046875
0.3203125
0.3359375
0.3515625
0.3671875
0.3828125
0.3984375
0.4140625
0.4296875
0.4453125
0.4609375
0.4765625
0.4921875
0.5078125
0.5234375
0.5390625
0.5703125
0.6015625
0.6328125
0.6640625
0.6953125
0.7265625
0.7578125
0.7890625
0.8203125
0.8515625
0.8828125
0.9140625
0.9453125
0.9765625
1.0078125
1.0390625
1.1015625
1.1640625
1.2265625
1.2890625
1.3515625
1.4140625
1.4765625
1.5390625
1.6015625
1.6640625
1.7265625
1.7890625
1.8515625
1.9140625
1.9765625
2.0390625
2.1640625
2.2890625
2.4140625
2.5390625
2.6640625
2.7890625
2.9140625
3.0390625
3.1640625
3.2890625
3.4140625
3.5390625
3.6640625
3.7890625
3.9140625
4.0390625
4.5390625
5.0390625
5.5390625
6.0390625
6.5390625
7.0390625
7.5390625
8.0390625
9.0390625
10.0390625
11.0390625
12.0390625
13.0390625
14.0390625
15.0390625
16.0390625
20.0390625
24.0390625
28.0390625
32.0390625
40.0390625
48.0390625
56.0390625
64.0390625
96.0390625
128.0390625
192.0390625
256.0390625
512.0390625
1024.0390625
4096.0390625
-4095.9609375
-1023.9609375
-511.9609375
-255.9609375
-191.9609375
-127.9609375
-95.9609375
-63.9609375
-55.9609375
-47.9609375
-39.9609375
-31.9609375
-27.9609375
-23.9609375
-19.9609375
-15.9609375
-14.9609375
-13.9609375
-12.9609375
-11.9609375
-10.9609375
-9.9609375
-8.9609375
-7.9609375
-7.4609375
-6.9609375
-6.4609375
-5.9609375
-5.4609375
-4.9609375
-4.4609375
-3.9609375
-3.8359375
-3.7109375
-3.5859375
-3.4609375
-3.3359375
-3.2109375
-3.0859375
-2.9609375
-2.8359375
-2.7109375
-2.5859375
-2.4609375
-2.3359375
-2.2109375
-2.0859375
-1.9609375
-1.8984375
-1.8359375
-1.7734375
-1.7109375
-1.6484375
-1.5859375
-1.5234375
-1.4609375
-1.3984375
-1.3359375
-1.2734375
-1.2109375
-1.1484375
-1.0859375
-1.0234375
-0.9609375
-0.9296875
-0.8984375
-0.8671875
-0.8359375
-0.8046875
-0.7734375
-0.7421875
-0.7109375
-0.6796875
-0.6484375
-0.6171875
-0.5859375
-0.5546875
-0.5234375
-0.4921875
-0.4609375
-0.4453125
-0.4296875
-0.4140625
-0.3984375
-0.3828125
-0.3671875
-0.3515625
-0.3359375
-0.3203125
-0.3046875
-0.2890625
-0.2734375
-0.2578125
-0.2421875
-0.2265625
-0.2109375
-0.1953125
-0.1796875
-0.1640625
-0.1484375
-0.1328125
-0.1171875
-0.1015625
-0.0859375
-0.078125
-0.0703125
-0.0625
-0.0546875
-0.046875
-0.0390625
-0.03125
-0.0234375
-0.015625
-0.0078125
0
0.0078125
0.01171875
0.015625
0.01953125
0.0234375
0.02734375
0.03125
0.033203125
0.03515625
0.037109375
0.0380859375
0.038818359375
0.03900146484375
0.046875
0.047119140625
0.0478515625
0.048828125
0.05078125
0.052734375
0.0546875
0.05859375
0.0625
0.06640625
0.0703125
0.07421875
0.078125
0.0859375
0.09375
0.1015625
0.109375
0.1171875
0.125
0.1328125
0.140625
0.1484375
0.15625
0.1640625
0.171875
0.1875
0.203125
0.21875
0.234375
0.25
0.265625
0.28125
0.296875
0.3125
0.328125
0.34375
0.359375
0.375
0.390625
0.40625
0.421875
0.4375
0.453125
0.46875
0.484375
0.5
0.515625
0.53125
0.546875
0.578125
0.609375
0.640625
0.671875
0.703125
0.734375
0.765625
0.796875
0.828125
0.859375
0.890625
0.921875
0.953125
0.984375
1.015625
1.046875
1.109375
1.171875
1.234375
1.296875
1.359375
1.421875
1.484375
1.546875
1.609375
1.671875
1.734375
1.796875
1.859375
1.921875
1.984375
2.046875
2.171875
2.296875
2.421875
2.546875
2.671875
2.796875
2.921875
3.046875
3.171875
3.296875
3.421875
3.546875
3.671875
3.796875
3.921875
4.046875
4.546875
5.046875
5.546875
6.046875
6.546875
7.046875
7.546875
8.046875
9.046875
10.046875
11.046875
12.046875
13.046875
14.046875
15.046875
16.046875
20.046875
24.046875
28.046875
32.046875
40.046875
48.046875
56.046875
64.046875
96.046875
128.046875
192.046875
256.046875
512.046875
1024.046875
4096.046875
-4095.953125
-1023.953125
-511.953125
-255.953125
-191.953125
-127.953125
-95.953125
-63.953125
-55.953125
-47.953125
-39.953125
-31.953125
-27.953125
-23.953125
-19.953125
-15.953125
-14.953125
-13.953125
-12.953125
-11.953125
-10.953125
-9.953125
-8.953125
-7.953125
-7.453125
-6.953125
-6.453125
-5.953125
-5.453125
-4.953125
-4.453125
-3.953125
-3.828125
-3.703125
-3.578125
-3.453125
-3.328125
-3.203125
-3.078125
-2.953125
-2.828125
-2.703125
-2.578125
-2.453125
-2.328125
-2.203125
-2.078125
-1.953125
-1.890625
-1.828125
-1.765625
-1.703125
-1.640625
-1.578125
-1.515625
-1.453125
-1.390625
-1.328125
-1.265625
-1.203125
-1.140625
-1.078125
-1.015625
-0.953125
-0.921875
-0.890625
-0.859375
-0.828125
-0.796875
-0.765625
-0.734375
-0.703125
-0.671875
-0.640625
-0.609375
-0.578125
-0.546875
-0.515625
-0.484375
-0.453125
-0.4375
-0.421875
-0.40625
-0.390625
-0.375
-0.359375
-0.34375
-0.328125
-0.3125
-0.296875
-0.28125
-0.265625
-0.25
-0.234375
-0.21875
-0.203125
-0.1875
-0.171875
-0.15625
-0.140625
-0.125
-0.109375
-0.09375
-0.078125
-0.0703125
-0.0625
-0.0546875
-0.046875
-0.0390625
-0.03125
-0.0234375
-0.015625
-0.0078125
0
0.0078125
0.015625
0.01953125
0.0234375
0.02734375
0.03125
0.03515625
0.0390625
0.041015625
0.04296875
0.044921875
0.0458984375
0.046630859375
0.04681396484375
0.0546875
0.054931640625
0.0556640625
0.056640625
0.05859375
0.060546875
0.0625
0.06640625
0.0703125
0.07421875
0.078125
0.08203125
0.0859375
0.09375
0.1015625
0.109375
0.1171875
0.125
0.1328125
0.140625
0.1484375
0.15625
0.1640625
0.171875
0.1796875
0.1953125
0.2109375
0.2265625
0.2421875
0.2578125
0.2734375
0.2890625
0.3046875
0.3203125
0.3359375
0.3515625
0.3671875
0.3828125
0.3984375
0.4140625
0.4296875
0.4453125
0.4609375
0.4765625
0.4921875
0.5078125
0.5234375
0.5390625
0.5546875
0.5859375
0.6171875
0.6484375
0.6796875
0.7109375
0.7421875
0.7734375
0.8046875
0.8359375
0.8671875
0.8984375
0.9296875
0.9609375
0.9921875
1.0234375
1.0546875
1.1171875
1.1796875
1.2421875
1.3046875
1.3671875
1.4296875
1.4921875
1.5546875
1.6171875
1.6796875
1.7421875
1.8046875
1.8671875
1.9296875
1.9921875
2.0546875
2.1796875
2.3046875
2.4296875
2.5546875
2.6796875
2.8046875
2.9296875
3.0546875
3.1796875
3.3046875
3.4296875
3.5546875
3.6796875
3.8046875
3.9296875
4.0546875
4.5546875
5.0546875
5.5546875
6.0546875
6.5546875
7.0546875
7.5546875
8.0546875
9.0546875
10.0546875
11.0546875
12.0546875
13.0546875
14.0546875
15.0546875
16.0546875
20.0546875
24.0546875
28.0546875
32.0546875
40.0546875
48.0546875
56.0546875
64.0546875
96.0546875
128.0546875
192.0546875
256.0546875
512.0546875
1024.0546875
4096.0546875
-4095.9453125
-1023.9453125
-511.9453125
-255.9453125
-191.9453125
-127.9453125
-95.9453125
-63.9453125
-55.9453125
-47.9453125
-39.9453125
-31.9453125
-27.9453125
-23.9453125
-19.9453125
-15.9453125
-14.9453125
-13.9453125
-12.9453125
-11.9453125
-10.9453125
-9.9453125
-8.9453125
-7.9453125
-7.4453125
-6.9453125
-6.4453125
-5.9453125
-5.4453125
-4.9453125
-4.4453125
-3.9453125
-3.8203125
-3.6953125
-3.5703125
-3.4453125
-3.3203125
-3.1953125
-3.0703125
-2.9453125
-2.8203125
-2.6953125
-2.5703125
-2.4453125
-2.3203125
-2.1953125
-2.0703125
-1.9453125
-1.8828125
-1.8203125
-1.7578125
-1.6953125
-1.6328125
-1.5703125
-1.5078125
-1.4453125
-1.3828125
-1.3203125
-1.2578125
-1.1953125
-1.1328125
-1.0703125
-1.0078125
-0.9453125
-0.9140625
-0.8828125
-0.8515625
-0.8203125
-0.7890625
-0.7578125
-0.7265625
-0.6953125
-0.6640625
-0.6328125
-0.6015625
-0.5703125
-0.5390625
-0.5078125
-0.4765625
-0.4453125
-0.4296875
-0.4140625
-0.3984375
-0.3828125
-0.3671875
-0.3515625
-0.3359375
-0.3203125
-0.3046875
-0.2890625
-0.2734375
-0.2578125
-0.2421875
-0.2265625
-0.2109375
-0.1953125
-0.1796875
-0.1640625
-0.1484375
-0.1328125
-0.1171875
-0.1015625
-0.0859375
-0.0703125
-0.0625
-0.0546875
-0.046875
-0.0390625
-0.03125
-0.0234375
-0.015625
-0.0078125
0
0.0078125
0.015625
0.0234375
0.02734375
0.03125
0.03515625
0.0390625
0.04296875
0.046875
0.048828125
0.05078125
0.052734375
0.0537109375
0.054443359375
0.05462646484375
0.0625
0.062744140625
0.0634765625
0.064453125
0.06640625
0.068359375
0.0703125
0.07421875
0.078125
0.08203125
0.0859375
0.08984375
0.09375
0.1015625
0.109375
0.1171875
0.125
0.1328125
0.140625
0.1484375
0.15625
0.1640625
0.171875
0.1796875
0.1875
0.203125
0.21875
0.234375
0.25
0.265625
0.28125
0.296875
0.3125
0.328125
0.34375
0.359375
0.375
0.390625
0.40625
0.421875
0.4375
0.453125
0.46875
0.484375
0.5
0.515625
0.53125
0.546875
0.5625
0.59375
0.625
0.65625
0.6875
0.71875
0.75
0.78125
0.8125
0.84375
0.875
0.90625
0.9375
0.96875
1
1.03125
1.0625
1.125
1.1875
1.25
1.3125
1.375
1.4375
1.5
1.5625
1.625
1.6875
1.75
1.8125
1.875
1.9375
2
2.0625
2.1875
2.3125
2.4375
2.5625
2.6875
2.8125
2.9375
3.0625
3.1875
3.3125
3.4375
3.5625
3.6875
3.8125
3.9375
4.0625
4.5625
5.0625
5.5625
6.0625
6.5625
7.0625
7.5625
8.0625
9.0625
10.0625
11.0625
12.0625
13.0625
14.0625
15.0625
16.0625
20.0625
24.0625
28.0625
32.0625
40.0625
48.0625
56.0625
64.0625
96.0625
128.0625
192.0625
256.0625
512.0625
1024.0625
4096.0625
-4095.9375
-1023.9375
-511.9375
-255.9375
-191.9375
-127.9375
-95.9375
-63.9375
-55.9375
-47.9375
-39.9375
-31.9375
-27.9375
-23.9375
-19.9375
-15.9375
-14.9375
-13.9375
-12.9375
-11.9375
-10.9375
-9.9375
-8.9375
-7.9375
-7.4375
-6.9375
-6.4375
-5.9375
-5.4375
-4.9375
-4.4375
-3.9375
-3.8125
-3.6875
-3.5625
-3.4375
-3.3125
-3.1875
-3.0625
-2.9375
-2.8125
-2.6875
-2.5625
-2.4375
-2.3125
-2.1875
-2.0625
-1.9375
-1.875
-1.8125
-1.75
-1.6875
-1.625
-1.5625
-1.5
-1.4375
-1.375
-1.3125
-1.25
-1.1875
-1.125
-1.0625
-1
-0.9375
-0.90625
-0.875
-0.84375
-0.8125
-0.78125
-0.75
-0.71875
-0.6875
-0.65625
-0.625
-0.59375
-0.5625
-0.53125
-0.5
-0.46875
-0.4375
-0.421875
-0.40625
-0.390625
-0.375
-0.359375
-0.34375
-0.328125
-0.3125
-0.296875
-0.28125
-0.265625
-0.25
-0.234375
-0.21875
-0.203125
-0.1875
-0.171875
-0.15625
-0.140625
-0.125
-0.109375
-0.09375
-0.078125
-0.0625
-0.0546875
-0.046875
-0.0390625
-0.03125
-0.0234375
-0.015625
-0.0078125
0
0.0078125
0.015625
0.0234375
0.03125
0.03515625
0.0390625
0.04296875
0.046875
0.05078125
0.0546875
0.056640625
0.05859375
0.060546875
0.0615234375
0.062255859375
0.06243896484375
0.0703125
0.070556640625
0.0712890625
0.072265625
0.07421875
0.076171875
0.078125
0.08203125
0.0859375
0.08984375
0.09375
0.09765625
0.1015625
0.109375
0.1171875
0.125
0.1328125
0.140625
0.1484375
0.15625
0.1640625
0.171875
0.1796875
0.1875
0.1953125
0.2109375
0.2265625
0.2421875
0.2578125
0.2734375
0.2890625
0.3046875
0.3203125
0.3359375
0.3515625
0.3671875
0.3828125
0.3984375
0.4140625
0.4296875
0.4453125
0.4609375
0.4765625
0.4921875
0.5078125
0.5234375
0.5390625
0.5546875
0.5703125
0.6015625
0.6328125
0.6640625
0.6953125
0.7265625
0.7578125
0.7890625
0.8203125
0.8515625
0.8828125
0.9140625
0.9453125
0.9765625
1.0078125
1.0390625
1.0703125
1.1328125
1.1953125
1.2578125
1.3203125
1.3828125
1.4453125
1.5078125
1.5703125
1.6328125
1.6953125
1.7578125
1.8203125
1.8828125
1.9453125
2.0078125
2.0703125
2.1953125
2.3203125
2.4453125
2.5703125
2.6953125
2.8203125
2.9453125
3.0703125
3.1953125
3.3203125
3.4453125
3.5703125
3.6953125
3.8203125
3.9453125
4.0703125
4.5703125
5.0703125
5.5703125
6.0703125
6.5703125
7.0703125
7.5703125
8.0703125
9.0703125
10.0703125
11.0703125
12.0703125
13.0703125
14.0703125
15.0703125
16.0703125
20.0703125
24.0703125
28.0703125
32.0703125
40.0703125
48.0703125
56.0703125
64.0703125
96.0703125
128.0703125
192.0703125
256.0703125
512.0703125
1024.0703125
4096.0703125
-4095.9296875
-1023.9296875
-511.9296875
-255.9296875
-191.9296875
-127.9296875
-95.9296875
-63.9296875
-55.9296875
-47.9296875
-39.9296875
-31.9296875
-27.9296875
-23.9296875
-19.9296875
-15.9296875
-14.9296875
-13.9296875
-12.9296875
-11.9296875
-10.9296875
-9.9296875
-8.9296875
-7.9296875
-7.4296875
-6.9296875
-6.4296875
-5.9296875
-5.4296875
-4.9296875
-4.4296875
-3.9296875
-3.8046875
-3.6796875
-3.5546875
-3.4296875
-3.3046875
-3.1796875
-3.0546875
-2.9296875
-2.8046875
-2.6796875
-2.5546875
-2.4296875
-2.3046875
-2.1796875
-2.0546875
-1.9296875
-1.8671875
-1.8046875
-1.7421875
-1.6796875
-1.6171875
-1.5546875
-1.4921875
-1.4296875
-1.3671875
-1.3046875
-1.2421875
-1.1796875
-1.1171875
-1.0546875
-0.9921875
-0.9296875
-0.8984375
-0.8671875
-0.8359375
-0.8046875
-0.7734375
-0.7421875
-0.7109375
-0.6796875
-0.6484375
-0.6171875
-0.5859375
-0.5546875
-0.5234375
-0.4921875
-0.4609375
-0.4296875
-0.4140625
-0.3984375
-0.3828125
-0.3671875
-0.3515625
-0.3359375
-0.3203125
-0.3046875
-0.2890625
-0.2734375
-0.2578125
-0.2421875
-0.2265625
-0.2109375
-0.1953125
-0.1796875
-0.1640625
-0.1484375
-0.1328125
-0.1171875
-0.1015625
-0.0859375
-0.0703125
-0.0546875
-0.046875
-0.0390625
-0.03125
-0.0234375
-0.015625
-0.0078125
0
0.0078125
0.015625
0.0234375
0.03125
0.0390625
0.04296875
0.046875
0.05078125
0.0546875
0.05859375
0.0625
0.064453125
0.06640625
0.068359375
0.0693359375
0.070068359375
0.07025146484375
0.078125
0.078369140625
0.0791015625
0.080078125
0.08203125
0.083984375
0.0859375
0.08984375
0.09375
0.09765625
0.1015625
0.10546875
0.109375
0.1171875
0.125
0.1328125
0.140625
0.1484375
0.15625
0.1640625
0.171875
0.1796875
0.1875
0.1953125
0.203125
0.21875
0.234375
0.25
0.265625
0.28125
0.296875
0.3125
0.328125
0.34375
0.359375
0.375
0.390625
0.40625
0.421875
0.4375
0.453125
0.46875
0.484375
0.5
0.515625
0.53125
0.546875
0.5625
0.578125
0.609375
0.640625
0.671875
0.703125
0.734375
0.765625
0.796875
0.828125
0.859375
0.890625
0.921875
0.953125
0.984375
1.015625
1.046875
1.078125
1.140625
1.203125
1.265625
1.328125
1.390625
1.453125
1.515625
1.578125
1.640625
1.703125
1.765625
1.828125
1.890625
1.953125
2.015625
2.078125
2.203125
2.328125
2.453125
2.578125
2.703125
2.828125
2.953125
3.078125
3.203125
3.328125
3.453125
3.578125
3.703125
3.828125
3.953125
4.078125
4.578125
5.078125
5.578125
6.078125
6.578125
7.078125
7.578125
8.078125
9.078125
10.078125
11.078125
12.078125
13.078125
14.078125
15.078125
16.078125
20.078125
24.078125
28.078125
32.078125
40.078125
48.078125
56.078125
64.078125
96.078125
128.078125
192.078125
256.078125
512.078125
1024.078125
4096.078125
-4095.921875
-1023.921875
-511.921875
-255.921875
-191.921875
-127.921875
-95.921875
-63.921875
-55.921875
-47.921875
-39.921875
-31.921875
-27.921875
-23.921875
-19.921875
-15.921875
-14.921875
-13.921875
-12.921875
-11.921875
-10.921875
-9.921875
-8.921875
-7.921875
-7.421875
-6.921875
-6.421875
-5.921875
-5.421875
-4.921875
-4.421875
-3.921875
-3.796875
-3.671875
-3.546875
-3.421875
-3.296875
-3.171875
-3.046875
-2.921875
-2.796875
-2.671875
-2.546875
-2.421875
-2.296875
-2.171875
-2.046875
-1.921875
-1.859375
-1.796875
-1.734375
-1.671875
-1.609375
-1.546875
-1.484375
-1.421875
-1.359375
-1.296875
-1.234375
-1.171875
-1.109375
-1.046875
-0.984375
-0.921875
-0.890625
-0.859375
-0.828125
-0.796875
-0.765625
-0.734375
-0.703125
-0.671875
-0.640625
-0.609375
-0.578125
-0.546875
-0.515625
-0.484375
-0.453125
-0.421875
-0.40625
-0.390625
-0.375
-0.359375
-0.34375
-0.328125
-0.3125
-0.296875
-0.28125
-0.265625
-0.25
-0.234375
-0.21875
-0.203125
-0.1875
-0.171875
-0.15625
-0.140625
-0.125
-0.109375
-0.09375
-0.078125
-0.0625
-0.046875
-0.0390625
-0.03125
-0.0234375
-0.015625
-0.0078125
0
0.0078125
0.015625
0.0234375
0.03125
0.0390625
0.046875
0.05078125
0.0546875
0.05859375
0.0625
0.06640625
0.0703125
0.072265625
0.07421875
0.076171875
0.0771484375
0.077880859375
0.07806396484375
0.0859375
0.086181640625
0.0869140625
0.087890625
0.08984375
0.091796875
0.09375
0.09765625
0.1015625
0.10546875
0.109375
0.11328125
0.1171875
0.125
0.1328125
0.140625
0.1484375
0.15625
0.1640625
0.171875
0.1796875
0.1875
0.1953125
0.203125
0.2109375
0.2265625
0.2421875
0.2578125
0.2734375
0.2890625
0.3046875
0.3203125
0.3359375
0.3515625
0.3671875
0.3828125
0.3984375
0.4140625
0.4296875
0.4453125
0.4609375
0.4765625
0.4921875
0.5078125
0.5234375
0.5390625
0.5546875
0.5703125
0.5859375
0.6171875
0.6484375
0.6796875
0.7109375
0.7421875
0.7734375
0.8046875
0.8359375
0.8671875
0.8984375
0.9296875
0.9609375
0.9921875
1.0234375
1.0546875
1.0859375
1.1484375
1.2109375
1.2734375
1.3359375
1.3984375
1.4609375
1.5234375
1.5859375
1.6484375
1.7109375
1.7734375
1.8359375
1.8984375
1.9609375
2.0234375
2.0859375
2.2109375
2.3359375
2.4609375
2.5859375
2.7109375
2.8359375
2.9609375
3.0859375
3.2109375
3.3359375
3.4609375
3.5859375
3.7109375
3.8359375
3.9609375
4.0859375
4.5859375
5.0859375
5.5859375
6.0859375
6.5859375
7.0859375
7.5859375
8.0859375
9.0859375
10.0859375
11.0859375
12.0859375
13.0859375
14.0859375
15.0859375
16.0859375
20.0859375
24.0859375
28.0859375
32.0859375
40.0859375
48.0859375
56.0859375
64.0859375
96.0859375
128.0859375
192.0859375
256.0859375
512.0859375
1024.0859375
4096.0859375
-4095.9140625
-1023.9140625
-511.9140625
-255.9140625
-191.9140625
-127.9140625
-95.9140625
-63.9140625
-55.9140625
-47.9140625
-39.9140625
-31.9140625
-27.9140625
-23.9140625
-19.9140625
-15.9140625
-14.9140625
-13.9140625
-12.9140625
-11.9140625
-10.9140625
-9.9140625
-8.9140625
-7.9140625
-7.4140625
-6.9140625
-6.4140625
-5.9140625
-5.4140625
-4.9140625
-4.4140625
-3.9140625
-3.7890625
-3.6640625
-3.5390625
-3.4140625
-3.2890625
-3.1640625
-3.0390625
-2.9140625
-2.7890625
-2.6640625
-2.5390625
-2.4140625
-2.2890625
-2.1640625
-2.0390625
-1.9140625
-1.8515625
-1.7890625
-1.7265625
-1.6640625
-1.6015625
-1.5390625
-1.4765625
-1.4140625
-1.3515625
-1.2890625
-1.2265625
-1.1640625
-1.1015625
-1.0390625
-0.9765625
-0.9140625
-0.8828125
-0.8515625
-0.8203125
-0.7890625
-0.7578125
-0.7265625
-0.6953125
-0.6640625
-0.6328125
-0.6015625
-0.5703125
-0.5390625
-0.5078125
-0.4765625
-0.4453125
-0.4140625
-0.3984375
-0.3828125
-0.3671875
-0.3515625
-0.3359375
-0.3203125
-0.3046875
-0.2890625
-0.2734375
-0.2578125
-0.2421875
-0.2265625
-0.2109375
-0.1953125
-0.1796875
-0.1640625
-0.1484375
-0.1328125
-0.1171875
-0.1015625
-0.0859375
-0.0703125
-0.0546875
-0.0390625
-0.03125
-0.0234375
-0.015625
-0.0078125
0
0.0078125
0.015625
0.0234375
0.03125
0.0390625
0.046875
0.0546875
0.05859375
0.0625
0.06640625
0.0703125
0.07421875
0.078125
0.080078125
0.08203125
0.083984375
0.0849609375
0.085693359375
0.08587646484375
0.09375
0.093994140625
0.0947265625
0.095703125
0.09765625
0.099609375
0.1015625
0.10546875
0.109375
0.11328125
0.1171875
0.12109375
0.125
0.1328125
0.140625
0.1484375
0.15625
0.1640625
0.171875
0.1796875
0.1875
0.1953125
0.203125
0.2109375
0.21875
0.234375
0.25
0.265625
0.28125
0.296875
0.3125
0.328125
0.34375
0.359375
0.375
0.390625
0.40625
0.421875
0.4375
0.453125
0.46875
0.484375
0.5
0.515625
0.53125
0.546875
0.5625
0.578125
0.59375
0.625
0.65625
0.6875
0.71875
0.75
0.78125
0.8125
0.84375
0.875
0.90625
0.9375
0.96875
1
1.03125
1.0625
1.09375
1.15625
1.21875
1.28125
1.34375
1.40625
1.46875
1.53125
1.59375
1.65625
1.71875
1.78125
1.84375
1.90625
1.96875
2.03125
2.09375
2.21875
2.34375
2.46875
2.59375
2.71875
2.84375
2.96875
3.09375
3.21875
3.34375
3.46875
3.59375
3.71875
3.84375
3.96875
4.09375
4.59375
5.09375
5.59375
6.09375
6.59375
7.09375
7.59375
8.09375
9.09375
10.09375
11.09375
12.09375
13.09375
14.09375
15.09375
16.09375
20.09375
24.09375
28.09375
32.09375
40.09375
48.09375
56.09375
64.09375
96.09375
128.09375
192.09375
256.09375
512.09375
1024.09375
4096.09375
-4095.90625
-1023.90625
-511.90625
-255.90625
-191.90625
-127.90625
-95.90625
-63.90625
-55.90625
-47.90625
-39.90625
-31.90625
-27.90625
-23.90625
-19.90625
-15.90625
-14.90625
-13.90625
-12.90625
-11.90625
-10.90625
-9.90625
-8.90625
-7.90625
-7.40625
-6.90625
-6.40625
-5.90625
-5.40625
-4.90625
-4.40625
-3.90625
-3.78125
-3.65625
-3.53125
-3.40625
-3.28125
-3.15625
-3.03125
-2.90625
-2.78125
-2.65625
-2.53125
-2.40625
-2.28125
-2.15625
-2.03125
-1.90625
-1.84375
-1.78125
-1.71875
-1.65625
-1.59375
-1.53125
-1.46875
-1.40625
-1.34375
-1.28125
-1.21875
-1.15625
-1.09375
-1.03125
-0.96875
-0.90625
-0.875
-0.84375
-0.8125
-0.78125
-0.75
-0.71875
-0.6875
-0.65625
-0.625
-0.59375
-0.5625
-0.53125
-0.5
-0.46875
-0.4375
-0.40625
-0.390625
-0.375
-0.359375
-0.34375
-0.328125
-0.3125
-0.296875
-0.28125
-0.265625
-0.25
-0.234375
-0.21875
-0.203125
-0.1875
-0.171875
-0.15625
-0.140625
-0.125
-0.109375
-0.09375
-0.078125
-0.0625
-0.046875
-0.03125
-0.0234375
-0.015625
-0.0078125
0
0.0078125
0.015625
0.0234375
0.03125
0.0390625
0.046875
0.0546875
0.0625
0.06640625
0.0703125
0.07421875
0.078125
0.08203125
0.0859375
0.087890625
0.08984375
0.091796875
0.0927734375
0.093505859375
0.09368896484375
0.1015625
0.101806640625
0.1025390625
0.103515625
0.10546875
0.107421875
0.109375
0.11328125
0.1171875
0.12109375
0.125
0.12890625
0.1328125
0.140625
0.1484375
0.15625
0.1640625
0.171875
0.1796875
0.1875
0.1953125
0.203125
0.2109375
0.21875
0.2265625
0.2421875
0.2578125
0.2734375
0.2890625
0.3046875
0.3203125
0.3359375
0.3515625
0.3671875
0.3828125
0.3984375
0.4140625
0.4296875
0.4453125
0.4609375
0.4765625
0.4921875
0.5078125
0.5234375
0.5390625
0.5546875
0.5703125
0.5859375
0.6015625
0.6328125
0.6640625
0.6953125
0.7265625
0.7578125
0.7890625
0.8203125
0.8515625
0.8828125
0.9140625
0.9453125
0.9765625
1.0078125
1.0390625
1.0703125
1.1015625
1.1640625
1.2265625
1.2890625
1.3515625
1.4140625
1.4765625
1.5390625
1.6015625
1.6640625
1.7265625
1.7890625
1.8515625
1.9140625
1.9765625
2.0390625
2.1015625
2.2265625
2.3515625
2.4765625
2.6015625
2.7265625
2.8515625
2.9765625
3.1015625
3.2265625
3.3515625
3.4765625
3.6015625
3.7265625
3.8515625
3.9765625
4.1015625
4.6015625
5.1015625
5.6015625
6.1015625
6.6015625
7.1015625
7.6015625
8.1015625
9.1015625
10.1015625
11.1015625
12.1015625
13.1015625
14.1015625
15.1015625
16.1015625
20.1015625
24.1015625
28.1015625
32.1015625
40.1015625
48.1015625
56.1015625
64.1015625
96.1015625
128.1015625
192.1015625
256.1015625
512.1015625
1024.1015625
4096.1015625
-4095.8984375
-1023.8984375
-511.8984375
-255.8984375
-191.8984375
-127.8984375
-95.8984375
-63.8984375
-55.8984375
-47.8984375
-39.8984375
-31.8984375
-27.8984375
-23.8984375
-19.8984375
-15.8984375
-14.8984375
-13.8984375
-12.8984375
-11.8984375
-10.8984375
-9.8984375
-8.8984375
-7.8984375
-7.3984375
-6.8984375
-6.3984375
-5.8984375
-5.3984375
-4.8984375
-4.3984375
-3.8984375
-3.7734375
-3.6484375
-3.5234375
-3.3984375
-3.2734375
-3.1484375
-3.0234375
-2.8984375
-2.7734375
-2.6484375
-2.5234375
-2.3984375
-2.2734375
-2.1484375
-2.0234375
-1.8984375
-1.8359375
-1.7734375
-1.7109375
-1.6484375
-1.5859375
-1.5234375
-1.4609375
-1.3984375
-1.3359375
-1.2734375
-1.2109375
-1.1484375
-1.0859375
-1.0234375
-0.9609375
-0.8984375
-0.8671875
-0.8359375
-0.8046875
-0.7734375
-0.7421875
-0.7109375
-0.6796875
-0.6484375
-0.6171875
-0.5859375
-0.5546875
-0.5234375
-0.4921875
-0.4609375
-0.4296875
-0.3984375
-0.3828125
-0.3671875
-0.3515625
-0.3359375
-0.3203125
-0.3046875
-0.2890625
-0.2734375
-0.2578125
-0.2421875
-0.2265625
-0.2109375
-0.1953125
-0.1796875
-0.1640625
-0.1484375
-0.1328125
-0.1171875
-0.1015625
-0.0859375
-0.0703125
-0.0546875
-0.0390625
-0.0234375
-0.015625
-0.0078125
0
0.0078125
0.015625
0.0234375
0.03125
0.0390625
0.046875
0.0546875
0.0625
0.0703125
0.07421875
0.078125
0.08203125
0.0859375
0.08984375
0.09375
0.095703125
0.09765625
0.099609375
0.1005859375
0.101318359375
0.10150146484375
0.109375
0.109619140625
0.1103515625
0.111328125
0.11328125
0.115234375
0.1171875
0.12109375
0.125
0.12890625
0.1328125
0.13671875
0.140625
0.1484375
0.15625
0.1640625
0.171875
0.1796875
0.1875
0.1953125
0.203125
0.2109375
0.21875
0.2265625
0.234375
0.25
0.265625
0.28125
0.296875
0.3125
0.328125
0.34375
0.359375
0.375
0.390625
0.40625
0.421875
0.4375
0.453125
0.46875
0.484375
0.5
0.515625
0.53125
0.546875
0.5625
0.578125
0.59375
0.609375
0.640625
0.671875
0.703125
0.734375
0.765625
0.796875
0.828125
0.859375
0.890625
0.921875
0.953125
0.984375
1.015625
1.046875
1.078125
1.109375
1.171875
1.234375
1.296875
1.359375
1.421875
1.484375
1.546875
1.609375
1.671875
1.734375
1.796875
1.859375
1.921875
1.984375
2.046875
2.109375
2.234375
2.359375
2.484375
2.609375
2.734375
2.859375
2.984375
3.109375
3.234375
3.359375
3.484375
3.609375
3.734375
3.859375
3.984375
4.109375
4.609375
5.109375
5.609375
6.109375
6.609375
7.109375
7.609375
8.109375
9.109375
10.109375
11.109375
12.109375
13.109375
14.109375
15.109375
16.109375
20.109375
24.109375
28.109375
32.109375
40.109375
48.109375
56.109375
64.109375
96.109375
128.109375
192.109375
256.109375
512.109375
1024.109375
4096.109375
-4095.890625
-1023.890625
-511.890625
-255.890625
-191.890625
-127.890625
-95.890625
-63.890625
-55.890625
-47.890625
-39.890625
-31.890625
-27.890625
-23.890625
-19.890625
-15.890625
-14.890625
-13.890625
-12.890625
-11.890625
-10.890625
-9.890625
-8.890625
-7.890625
-7.390625
-6.890625
-6.390625
-5.890625
-5.390625
-4.890625
-4.390625
-3.890625
-3.765625
-3.640625
-3.515625
-3.390625
-3.265625
-3.140625
-3.015625
-2.890625
-2.765625
-2.640625
-2.515625
-2.390625
-2.265625
-2.140625
-2.015625
-1.890625
-1.828125
-1.765625
-1.703125
-1.640625
-1.578125
-1.515625
-1.453125
-1.390625
-1.328125
-1.265625
-1.203125
-1.140625
-1.078125
-1.015625
-0.953125
-0.890625
-0.859375
-0.828125
-0.796875
-0.765625
-0.734375
-0.703125
-0.671875
-0.640625
-0.609375
-0.578125
-0.546875
-0.515625
-0.484375
-0.453125
-0.421875
-0.390625
-0.375
-0.359375
-0.34375
-0.328125
-0.3125
-0.296875
-0.28125
-0.265625
-0.25
-0.234375
-0.21875
-0.203125
-0.1875
-0.171875
-0.15625
-0.140625
-0.125
-0.109375
-0.09375
-0.078125
-0.0625
-0.046875
-0.03125
-0.015625
-0.0078125
0
0.0078125
0.015625
0.0234375
0.03125
0.0390625
0.046875
0.0546875
0.0625
0.0703125
0.078125
0.08203125
0.0859375
0.08984375
0.09375
0.09765625
0.1015625
0.103515625
0.10546875
0.107421875
0.1083984375
0.109130859375
0.10931396484375
0.1171875
0.117431640625
0.1181640625
0.119140625
0.12109375
0.123046875
0.125
0.12890625
0.1328125
0.13671875
0.140625
0.14453125
0.1484375
0.15625
0.1640625
0.171875
0.1796875
0.1875
0.1953125
0.203125
0.2109375
0.21875
0.2265625
0.234375
0.2421875
0.2578125
0.2734375
0.2890625
0.3046875
0.3203125
0.3359375
0.3515625
0.3671875
0.3828125
0.3984375
0.4140625
0.4296875
0.4453125
0.4609375
0.4765625
0.4921875
0.5078125
0.5234375
0.5390625
0.5546875
0.5703125
0.5859375
0.6015625
0.6171875
0.6484375
0.6796875
0.7109375
0.7421875
0.7734375
0.8046875
0.8359375
0.8671875
0.8984375
0.9296875
0.9609375
0.9921875
1.0234375
1.0546875
1.0859375
1.1171875
1.1796875
1.2421875
1.3046875
1.3671875
1.4296875
1.4921875
1.5546875
1.6171875
1.6796875
1.7421875
1.8046875
1.8671875
1.9296875
1.9921875
2.0546875
2.1171875
2.2421875
2.3671875
2.4921875
2.6171875
2.7421875
2.8671875
2.9921875
3.1171875
3.2421875
3.3671875
3.4921875
3.6171875
3.7421875
3.8671875
3.9921875
4.1171875
4.6171875
5.1171875
5.6171875
6.1171875
6.6171875
7.1171875
7.6171875
8.1171875
9.1171875
10.1171875
11.1171875
12.1171875
13.1171875
14.1171875
15.1171875
16.1171875
20.1171875
24.1171875
28.1171875
32.1171875
40.1171875
48.1171875
56.1171875
64.1171875
96.1171875
128.1171875
192.1171875
256.1171875
512.1171875
1024.1171875
4096.1171875
-4095.8828125
-1023.8828125
-511.8828125
-255.8828125
-191.8828125
-127.8828125
-95.8828125
-63.8828125
-55.8828125
-47.8828125
-39.8828125
-31.8828125
-27.8828125
-23.8828125
-19.8828125
-15.8828125
-14.8828125
-13.8828125
-12.8828125
-11.8828125
-10.8828125
-9.8828125
-8.8828125
-7.8828125
-7.3828125
-6.8828125
-6.3828125
-5.8828125
-5.3828125
-4.8828125
-4.3828125
-3.8828125
-3.7578125
-3.6328125
-3.5078125
-3.3828125
-3.2578125
-3.1328125
-3.0078125
-2.8828125
-2.7578125
-2.6328125
-2.5078125
-2.3828125
-2.2578125
-2.1328125
-2.0078125
-1.8828125
-1.8203125
-1.7578125
-1.6953125
-1.6328125
-1.5703125
-1.5078125
-1.4453125
-1.3828125
-1.3203125
-1.2578125
-1.1953125
-1.1328125
-1.0703125
-1.0078125
-0.9453125
-0.8828125
-0.8515625
-0.8203125
-0.7890625
-0.7578125
-0.7265625
-0.6953125
-0.6640625
-0.6328125
-0.6015625
-0.5703125
-0.5390625
-0.5078125
-0.4765625
-0.4453125
-0.4140625
-0.3828125
-0.3671875
-0.3515625
-0.3359375
-0.3203125
-0.3046875
-0.2890625
-0.2734375
-0.2578125
-0.2421875
-0.2265625
-0.2109375
-0.1953125
-0.1796875
-0.1640625
-0.1484375
-0.1328125
-0.1171875
-0.1015625
-0.0859375
-0.0703125
-0.0546875
-0.0390625
-0.0234375
-0.0078125
0
0.0078125
0.015625
0.0234375
0.03125
0.0390625
0.046875
0.0546875
0.0625
0.0703125
0.078125
0.0859375
0.08984375
0.09375
0.09765625
0.1015625
0.10546875
0.109375
0.111328125
0.11328125
0.115234375
0.1162109375
0.116943359375
0.11712646484375
0.125
0.125244140625
0.1259765625
0.126953125
0.12890625
0.130859375
0.1328125
0.13671875
0.140625
0.14453125
0.1484375
0.15234375
0.15625
0.1640625
0.171875
0.1796875
0.1875
0.1953125
0.203125
0.2109375
0.21875
0.2265625
0.234375
0.2421875
0.25
0.265625
0.28125
0.296875
0.3125
0.328125
0.34375
0.359375
0.375
0.390625
0.40625
0.421875
0.4375
0.453125
0.46875
0.484375
0.5
0.515625
0.53125
0.546875
0.5625
0.578125
0.59375
0.609375
0.625
0.65625
0.6875
0.71875
0.75
0.78125
0.8125
0.84375
0.875
0.90625
0.9375
0.96875
1
1.03125
1.0625
1.09375
1.125
1.1875
1.25
1.3125
1.375
1.4375
1.5
1.5625
1.625
1.6875
1.75
1.8125
1.875
1.9375
2
2.0625
2.125
2.25
2.375
2.5
2.625
2.75
2.875
3
3.125
3.25
3.375
3.5
3.625
3.75
3.875
4
4.125
4.625
5.125
5.625
6.125
6.625
7.125
7.625
8.125
9.125
10.125
11.125
12.125
13.125
14.125
15.125
16.125
20.125
24.125
28.125
32.125
40.125
48.125
56.125
64.125
96.125
128.125
192.125
256.125
512.125
1024.125
4096.125
-4095.875
-1023.875
-511.875
-255.875
-191.875
-127.875
-95.875
-63.875
-55.875
-47.875
-39.875
-31.875
-27.875
-23.875
-19.875
-15.875
-14.875
-13.875
-12.875
-11.875
-10.875
-9.875
-8.875
-7.875
-7.375
-6.875
-6.375
-5.875
-5.375
-4.875
-4.375
-3.875
-3.75
-3.625
-3.5
-3.375
-3.25
-3.125
-3
-2.875
-2.75
-2.625
-2.5
-2.375
-2.25
-2.125
-2
-1.875
-1.8125
-1.75
-1.6875
-1.625
-1.5625
-1.5
-1.4375
-1.375
-1.3125
-1.25
-1.1875
-1.125
-1.0625
-1
-0.9375
-0.875
-0.84375
-0.8125
-0.78125
-0.75
-0.71875
-0.6875
-0.65625
-0.625
-0.59375
-0.5625
-0.53125
-0.5
-0.46875
-0.4375
-0.40625
-0.375
-0.359375
-0.34375
-0.328125
-0.3125
-0.296875
-0.28125
-0.265625
-0.25
-0.234375
-0.21875
-0.203125
-0.1875
-0.171875
-0.15625
-0.140625
-0.125
-0.109375
-0.09375
-0.078125
-0.0625
-0.046875
-0.03125
-0.015625
0
0.0078125
0.015625
0.0234375
0.03125
0.0390625
0.046875
0.0546875
0.0625
0.0703125
0.078125
0.0859375
0.09375
0.09765625
0.1015625
0.10546875
0.109375
0.11328125
0.1171875
0.119140625
0.12109375
0.123046875
0.1240234375
0.124755859375
0.12493896484375
0.140625
0.140869140625
0.1416015625
0.142578125
0.14453125
0.146484375
0.1484375
0.15234375
0.15625
0.16015625
0.1640625
0.16796875
0.171875
0.1796875
0.1875
0.1953125
0.203125
0.2109375
0.21875
0.2265625
0.234375
0.2421875
0.25
0.2578125
0.265625
0.28125
0.296875
0.3125
0.328125
0.34375
0.359375
0.375
0.390625
0.40625
0.421875
0.4375
0.453125
0.46875
0.484375
0.5
0.515625
0.53125
0.546875
0.5625
0.578125
0.59375
0.609375
0.625
0.640625
0.671875
0.703125
0.734375
0.765625
0.796875
0.828125
0.859375
0.890625
0.921875
0.953125
0.984375
1.015625
1.046875
1.078125
1.109375
1.140625
1.203125
1.265625
1.328125
1.390625
1.453125
1.515625
1.578125
1.640625
1.703125
1.765625
1.828125
1.890625
1.953125
2.015625
2.078125
2.140625
2.265625
2.390625
2.515625
2.640625
2.765625
2.890625
3.015625
3.140625
3.265625
3.390625
3.515625
3.640625
3.765625
3.890625
4.015625
4.140625
4.640625
5.140625
5.640625
6.140625
6.640625
7.140625
7.640625
8.140625
9.140625
10.140625
11.140625
12.140625
13.140625
14.140625
15.140625
16.140625
20.140625
24.140625
28.140625
32.140625
40.140625
48.140625
56.140625
64.140625
96.140625
128.140625
192.140625
256.140625
512.140625
1024.140625
4096.140625
-4095.859375
-1023.859375
-511.859375
-255.859375
-191.859375
-127.859375
-95.859375
-63.859375
-55.859375
-47.859375
-39.859375
-31.859375
-27.859375
-23.859375
-19.859375
-15.859375
-14.859375
-13.859375
-12.859375
-11.859375
-10.859375
-9.859375
-8.859375
-7.859375
-7.359375
-6.859375
-6.359375
-5.859375
-5.359375
-4.859375
-4.359375
-3.859375
-3.734375
-3.609375
-3.484375
-3.359375
-3.234375
-3.109375
-2.984375
-2.859375
-2.734375
-2.609375
-2.484375
-2.359375
-2.234375
-2.109375
-1.984375
-1.859375
-1.796875
-1.734375
-1.671875
-1.609375
-1.546875
-1.484375
-1.421875
-1.359375
-1.296875
-1.234375
-1.171875
-1.109375
-1.046875
-0.984375
-0.921875
-0.859375
-0.828125
-0.796875
-0.765625
-0.734375
-0.703125
-0.671875
-0.640625
-0.609375
-0.578125
-0.546875
-0.515625
-0.484375
-0.453125
-0.421875
-0.390625
-0.359375
-0.34375
-0.328125
-0.3125
-0.296875
-0.28125
-0.265625
-0.25
-0.234375
-0.21875
-0.203125
-0.1875
-0.171875
-0.15625
-0.140625
-0.125
-0.109375
-0.09375
-0.078125
-0.0625
-0.046875
-0.03125
-0.015625
0
0.015625
0.0234375
0.03125
0.0390625
0.046875
0.0546875
0.0625
0.0703125
0.078125
0.0859375
0.09375
0.1015625
0.109375
0.11328125
0.1171875
0.12109375
0.125
0.12890625
0.1328125
0.134765625
0.13671875
0.138671875
0.1396484375
0.140380859375
0.14056396484375
0.15625
0.156494140625
0.1572265625
0.158203125
0.16015625
0.162109375
0.1640625
0.16796875
0.171875
0.17578125
0.1796875
0.18359375
0.1875
0.1953125
0.203125
0.2109375
0.21875
0.2265625
0.234375
0.2421875
0.25
0.2578125
0.265625
0.2734375
0.28125
0.296875
0.3125
0.328125
0.34375
0.359375
0.375
0.390625
0.40625
0.421875
0.4375
0.453125
0.46875
0.484375
0.5
0.515625
0.53125
0.546875
0.5625
0.578125
0.59375
0.609375
0.625
0.640625
0.65625
0.6875
0.71875
0.75
0.78125
0.8125
0.84375
0.875
0.90625
0.9375
0.96875
1
1.03125
1.0625
1.09375
1.125
1.15625
1.21875
1.28125
1.34375
1.40625
1.46875
1.53125
1.59375
1.65625
1.71875
1.78125
1.84375
1.90625
1.96875
2.03125
2.09375
2.15625
2.28125
2.40625
2.53125
2.65625
2.78125
2.90625
3.03125
3.15625
3.28125
3.40625
3.53125
3.65625
3.78125
3.90625
4.03125
4.15625
4.65625
5.15625
5.65625
6.15625
6.65625
7.15625
7.65625
8.15625
9.15625
10.15625
11.15625
12.15625
13.15625
14.15625
15.15625
16.15625
20.15625
24.15625
28.15625
32.15625
40.15625
48.15625
56.15625
64.15625
96.15625
128.15625
192.15625
256.15625
512.15625
1024.15625
4096.15625
-4095.84375
-1023.84375
-511.84375
-255.84375
-191.84375
-127.84375
-95.84375
-63.84375
-55.84375
-47.84375
-39.84375
-31.84375
-27.84375
-23.84375
-19.84375
-15.84375
-14.84375
-13.84375
-12.84375
-11.84375
-10.84375
-9.84375
-8.84375
-7.84375
-7.34375
-6.84375
-6.34375
-5.84375
-5.34375
-4.84375
-4.34375
-3.84375
-3.71875
-3.59375
-3.46875
-3.34375
-3.21875
-3.09375
-2.96875
-2.84375
-2.71875
-2.59375
-2.46875
-2.34375
-2.21875
-2.09375
-1.96875
-1.84375
-1.78125
-1.71875
-1.65625
-1.59375
-1.53125
-1.46875
-1.40625
-1.34375
-1.28125
-1.21875
-1.15625
-1.09375
-1.03125
-0.96875
-0.90625
-0.84375
-0.8125
-0.78125
-0.75
-0.71875
-0.6875
-0.65625
-0.625
-0.59375
-0.5625
-0.53125
-0.5
-0.46875
-0.4375
-0.40625
-0.375
-0.34375
-0.328125
-0.3125
-0.296875
-0.28125
-0.265625
-0.25
-0.234375
-0.21875
-0.203125
-0.1875
-0.171875
-0.15625
-0.140625
-0.125
-0.109375
-0.09375
-0.078125
-0.0625
-0.046875
-0.03125
-0.015625
0
0.015625
0.03125
0.0390625
0.046875
0.0546875
0.0625
0.0703125
0.078125
0.0859375
0.09375
0.1015625
0.109375
0.1171875
0.125
0.12890625
0.1328125
0.13671875
0.140625
0.14453125
0.1484375
0.150390625
0.15234375
0.154296875
0.1552734375
0.156005859375
0.15618896484375
0.171875
0.172119140625
0.1728515625
0.173828125
0.17578125
0.177734375
0.1796875
0.18359375
0.1875
0.19140625
0.1953125
0.19921875
0.203125
0.2109375
0.21875
0.2265625
0.234375
0.2421875
0.25
0.2578125
0.265625
0.2734375
0.28125
0.2890625
0.296875
0.3125
0.328125
0.34375
0.359375
0.375
0.390625
0.40625
0.421875
0.4375
0.453125
0.46875
0.484375
0.5
0.515625
0.53125
0.546875
0.5625
0.578125
0.59375
0.609375
0.625
0.640625
0.65625
0.671875
0.703125
0.734375
0.765625
0.796875
0.828125
0.859375
0.890625
0.921875
0.953125
0.984375
1.015625
1.046875
1.078125
1.109375
1.140625
1.171875
1.234375
1.296875
1.359375
1.421875
1.484375
1.546875
1.609375
1.671875
1.734375
1.796875
1.859375
1.921875
1.984375
2.046875
2.109375
2.171875
2.296875
2.421875
2.546875
2.671875
2.796875
2.921875
3.046875
3.171875
3.296875
3.421875
3.546875
3.671875
3.796875
3.921875
4.046875
4.171875
4.671875
5.171875
5.671875
6.171875
6.671875
7.171875
7.671875
8.171875
9.171875
10.171875
11.171875
12.171875
13.171875
14.171875
15.171875
16.171875
20.171875
24.171875
28.171875
32.171875
40.171875
48.171875
56.171875
64.171875
96.171875
128.171875
192.171875
256.171875
512.171875
1024.171875
4096.171875
-4095.828125
-1023.828125
-511.828125
-255.828125
-191.828125
-127.828125
-95.828125
-63.828125
-55.828125
-47.828125
-39.828125
-31.828125
-27.828125
-23.828125
-19.828125
-15.828125
-14.828125
-13.828125
-12.828125
-11.828125
-10.828125
-9.828125
-8.828125
-7.828125
-7.328125
-6.828125
-6.328125
-5.828125
-5.328125
-4.828125
-4.328125
-3.828125
-3.703125
-3.578125
-3.453125
-3.328125
-3.203125
-3.078125
-2.953125
-2.828125
-2.703125
-2.578125
-2.453125
-2.328125
-2.203125
-2.078125
-1.953125
-1.828125
-1.765625
-1.703125
-1.640625
-1.578125
-1.515625
-1.453125
-1.390625
-1.328125
-1.265625
-1.203125
-1.140625
-1.078125
-1.015625
-0.953125
-0.890625
-0.828125
-0.796875
-0.765625
-0.734375
-0.703125
-0.671875
-0.640625
-0.609375
-0.578125
-0.546875
-0.515625
-0.484375
-0.453125
-0.421875
-0.390625
-0.359375
-0.328125
-0.3125
-0.296875
-0.28125
-0.265625
-0.25
-0.234375
-0.21875
-0.203125
-0.1875
-0.171875
-0.15625
-0.140625
-0.125
-0.109375
-0.09375
-0.078125
-0.0625
-0.046875
-0.03125
-0.015625
0
0.015625
0.03125
0.046875
0.0546875
0.0625
0.0703125
0.078125
0.0859375
0.09375
0.1015625
0.109375
0.1171875
0.125
0.1328125
0.140625
0.14453125
0.1484375
0.15234375
0.15625
0.16015625
0.1640625
0.166015625
0.16796875
0.169921875
0.1708984375
0.171630859375
0.17181396484375
0.1875
0.187744140625
0.1884765625
0.189453125
0.19140625
0.193359375
0.1953125
0.19921875
0.203125
0.20703125
0.2109375
0.21484375
0.21875
0.2265625
0.234375
0.2421875
0.25
0.2578125
0.265625
0.2734375
0.28125
0.2890625
0.296875
0.3046875
0.3125
0.328125
0.34375
0.359375
0.375
0.390625
0.40625
0.421875
0.4375
0.453125
0.46875
0.484375
0.5
0.515625
0.53125
0.546875
0.5625
0.578125
0.59375
0.609375
0.625
0.640625
0.65625
0.671875
0.6875
0.71875
0.75
0.78125
0.8125
0.84375
0.875
0.90625
0.9375
0.96875
1
1.03125
1.0625
1.09375
1.125
1.15625
1.1875
1.25
1.3125
1.375
1.4375
1.5
1.5625
1.625
1.6875
1.75
1.8125
1.875
1.9375
2
2.0625
2.125
2.1875
2.3125
2.4375
2.5625
2.6875
2.8125
2.9375
3.0625
3.1875
3.3125
3.4375
3.5625
3.6875
3.8125
3.9375
4.0625
4.1875
4.6875
5.1875
5.6875
6.1875
6.6875
7.1875
7.6875
8.1875
9.1875
10.1875
11.1875
12.1875
13.1875
14.1875
15.1875
16.1875
20.1875
24.1875
28.1875
32.1875
40.1875
48.1875
56.1875
64.1875
96.1875
128.1875
192.1875
256.1875
512.1875
1024.1875
4096.1875
-4095.8125
-1023.8125
-511.8125
-255.8125
-191.8125
-127.8125
-95.8125
-63.8125
-55.8125
-47.8125
-39.8125
-31.8125
-27.8125
-23.8125
-19.8125
-15.8125
-14.8125
-13.8125
-12.8125
-11.8125
-10.8125
-9.8125
-8.8125
-7.8125
-7.3125
-6.8125
-6.3125
-5.8125
-5.3125
-4.8125
-4.3125
-3.8125
-3.6875
-3.5625
-3.4375
-3.3125
-3.1875
-3.0625
-2.9375
-2.8125
-2.6875
-2.5625
-2.4375
-2.3125
-2.1875
-2.0625
-1.9375
-1.8125
-1.75
-1.6875
-1.625
-1.5625
-1.5
-1.4375
-1.375
-1.3125
-1.25
-1.1875
-1.125
-1.0625
-1
-0.9375
-0.875
-0.8125
-0.78125
-0.75
-0.71875
-0.6875
-0.65625
-0.625
-0.59375
-0.5625
-0.53125
-0.5
-0.46875
-0.4375
-0.40625
-0.375
-0.34375
-0.3125
-0.296875
-0.28125
-0.265625
-0.25
-0.234375
-0.21875
-0.203125
-0.1875
-0.171875
-0.15625
-0.140625
-0.125
-0.109375
-0.09375
-0.078125
-0.0625
-0.046875
-0.03125
-0.015625
0
0.015625
0.03125
0.046875
0.0625
0.0703125
0.078125
0.0859375
0.09375
0.1015625
0.109375
0.1171875
0.125
0.1328125
0.140625
0.1484375
0.15625
0.16015625
0.1640625
0.16796875
0.171875
0.17578125
0.1796875
0.181640625
0.18359375
0.185546875
0.1865234375
0.187255859375
0.18743896484375
0.203125
0.203369140625
0.2041015625
0.205078125
0.20703125
0.208984375
0.2109375
0.21484375
0.21875
0.22265625
0.2265625
0.23046875
0.234375
0.2421875
0.25
0.2578125
0.265625
0.2734375
0.28125
0.2890625
0.296875
0.3046875
0.3125
0.3203125
0.328125
0.34375
0.359375
0.375
0.390625
0.40625
0.421875
0.4375
0.453125
0.46875
0.484375
0.5
0.515625
0.53125
0.546875
0.5625
0.578125
0.59375
0.609375
0.625
0.640625
0.65625
0.671875
0.6875
0.703125
0.734375
0.765625
0.796875
0.828125
0.859375
0.890625
0.921875
0.953125
0.984375
1.015625
1.046875
1.078125
1.109375
1.140625
1.171875
1.203125
1.265625
1.328125
1.390625
1.453125
1.515625
1.578125
1.640625
1.703125
1.765625
1.828125
1.890625
1.953125
2.015625
2.078125
2.140625
2.203125
2.328125
2.453125
2.578125
2.703125
2.828125
2.953125
3.078125
3.203125
3.328125
3.453125
3.578125
3.703125
3.828125
3.953125
4.078125
4.203125
4.703125
5.203125
5.703125
6.203125
6.703125
7.203125
7.703125
8.203125
9.203125
10.203125
11.203125
12.203125
13.203125
14.203125
15.203125
16.203125
20.203125
24.203125
28.203125
32.203125
40.203125
48.203125
56.203125
64.203125
96.203125
128.203125
192.203125
256.203125
512.203125
1024.203125
4096.203125
-4095.796875
-1023.796875
-511.796875
-255.796875
-191.796875
-127.796875
-95.796875
-63.796875
-55.796875
-47.796875
-39.796875
-31.796875
-27.796875
-23.796875
-19.796875
-15.796875
-14.796875
-13.796875
-12.796875
-11.796875
-10.796875
-9.796875
-8.796875
-7.796875
-7.296875
-6.796875
-6.296875
-5.796875
-5.296875
-4.796875
-4.296875
-3.796875
-3.671875
-3.546875
-3.421875
-3.296875
-3.171875
-3.046875
-2.921875
-2.796875
-2.671875
-2.546875
-2.421875
-2.296875
-2.171875
-2.046875
-1.921875
-1.796875
-1.734375
-1.671875
-1.609375
-1.546875
-1.484375
-1.421875
-1.359375
-1.296875
-1.234375
-1.171875
-1.109375
-1.046875
-0.984375
-0.921875
-0.859375
-0.796875
-0.765625
-0.734375
-0.703125
-0.671875
-0.640625
-0.609375
-0.578125
-0.546875
-0.515625
-0.484375
-0.453125
-0.421875
-0.390625
-0.359375
-0.328125
-0.296875
-0.28125
-0.265625
-0.25
-0.234375
-0.21875
-0.203125
-0.1875
-0.171875
-0.15625
-0.140625
-0.125
-0.109375
-0.09375
-0.078125
-0.0625
-0.046875
-0.03125
-0.015625
0
0.015625
0.03125
0.046875
0.0625
0.078125
0.0859375
0.09375
0.1015625
0.109375
0.1171875
0.125
0.1328125
0.140625
0.1484375
0.15625
0.1640625
0.171875
0.17578125
0.1796875
0.18359375
0.1875
0.19140625
0.1953125
0.197265625
0.19921875
0.201171875
0.2021484375
0.202880859375
0.20306396484375
0.21875
0.218994140625
0.2197265625
0.220703125
0.22265625
0.224609375
0.2265625
0.23046875
0.234375
0.23828125
0.2421875
0.24609375
0.25
0.2578125
0.265625
0.2734375
0.28125
0.2890625
0.296875
0.3046875
0.3125
0.3203125
0.328125
0.3359375
0.34375
0.359375
0.375
0.390625
0.40625
0.421875
0.4375
0.453125
0.46875
0.484375
0.5
0.515625
0.53125
0.546875
0.5625
0.578125
0.59375
0.609375
0.625
0.640625
0.65625
0.671875
0.6875
0.703125
0.71875
0.75
0.78125
0.8125
0.84375
0.875
0.90625
0.9375
0.96875
1
1.03125
1.0625
1.09375
1.125
1.15625
1.1875
1.21875
1.28125
1.34375
1.40625
1.46875
1.53125
1.59375
1.65625
1.71875
1.78125
1.84375
1.90625
1.96875
2.03125
2.09375
2.15625
2.21875
2.34375
2.46875
2.59375
2.71875
2.84375
2.96875
3.09375
3.21875
3.34375
3.46875
3.59375
3.71875
3.84375
3.96875
4.09375
4.21875
4.71875
5.21875
5.71875
6.21875
6.71875
7.21875
7.71875
8.21875
9.21875
10.21875
11.21875
12.21875
13.21875
14.21875
15.21875
16.21875
20.21875
24.21875
28.21875
32.21875
40.21875
48.21875
56.21875
64.21875
96.21875
128.21875
192.21875
256.21875
512.21875
1024.21875
4096.21875
-4095.78125
-1023.78125
-511.78125
-255.78125
-191.78125
-127.78125
-95.78125
-63.78125
-55.78125
-47.78125
-39.78125
-31.78125
-27.78125
-23.78125
-19.78125
-15.78125
-14.78125
-13.78125
-12.78125
-11.78125
-10.78125
-9.78125
-8.78125
-7.78125
-7.28125
-6.78125
-6.28125
-5.78125
-5.28125
-4.78125
-4.28125
-3.78125
-3.65625
-3.53125
-3.40625
-3.28125
-3.15625
-3.03125
-2.90625
-2.78125
-2.65625
-2.53125
-2.40625
-2.28125
-2.15625
-2.03125
-1.90625
-1.78125
-1.71875
-1.65625
-1.59375
-1.53125
-1.46875
-1.40625
-1.34375
-1.28125
-1.21875
-1.15625
-1.09375
-1.03125
-0.96875
-0.90625
-0.84375
-0.78125
-0.75
-0.71875
-0.6875
-0.65625
-0.625
-0.59375
-0.5625
-0.53125
-0.5
-0.46875
-0.4375
-0.40625
-0.375
-0.34375
-0.3125
-0.28125
-0.265625
-0.25
-0.234375
-0.21875
-0.203125
-0.1875
-0.171875
-0.15625
-0.140625
-0.125
-0.109375
-0.09375
-0.078125
-0.0625
-0.046875
-0.03125
-0.015625
0
0.015625
0.03125
0.046875
0.0625
0.078125
0.09375
0.1015625
0.109375
0.1171875
0.125
0.1328125
0.140625
0.1484375
0.15625
0.1640625
0.171875
0.1796875
0.1875
0.19140625
0.1953125
0.19921875
0.203125
0.20703125
0.2109375
0.212890625
0.21484375
0.216796875
0.2177734375
0.218505859375
0.21868896484375
0.234375
0.234619140625
0.2353515625
0.236328125
0.23828125
0.240234375
0.2421875
0.24609375
0.25
0.25390625
0.2578125
0.26171875
0.265625
0.2734375
0.28125
0.2890625
0.296875
0.3046875
0.3125
0.3203125
0.328125
0.3359375
0.34375
0.3515625
0.359375
0.375
0.390625
0.40625
0.421875
0.4375
0.453125
0.46875
0.484375
0.5
0.515625
0.53125
0.546875
0.5625
0.578125
0.59375
0.609375
0.625
0.640625
0.65625
0.671875
0.6875
0.703125
0.71875
0.734375
0.765625
0.796875
0.828125
0.859375
0.890625
0.921875
0.953125
0.984375
1.015625
1.046875
1.078125
1.109375
1.140625
1.171875
1.203125
1.234375
1.296875
1.359375
1.421875
1.484375
1.546875
1.609375
1.671875
1.734375
1.796875
1.859375
1.921875
1.984375
2.046875
2.109375
2.171875
2.234375
2.359375
2.484375
2.609375
2.734375
2.859375
2.984375
3.109375
3.234375
3.359375
3.484375
3.609375
3.734375
3.859375
3.984375
4.109375
4.234375
4.734375
5.234375
5.734375
6.234375
6.734375
7.234375
7.734375
8.234375
9.234375
10.234375
11.234375
12.234375
13.234375
14.234375
15.234375
16.234375
20.234375
24.234375
28.234375
32.234375
40.234375
48.234375
56.234375
64.234375
96.234375
128.234375
192.234375
256.234375
512.234375
1024.234375
4096.234375
-4095.765625
-1023.765625
-511.765625
-255.765625
-191.765625
-127.765625
-95.765625
-63.765625
-55.765625
-47.765625
-39.765625
-31.765625
-27.765625
-23.765625
-19.765625
-15.765625
-14.765625
-13.765625
-12.765625
-11.765625
-10.765625
-9.765625
-8.765625
-7.765625
-7.265625
-6.765625
-6.265625
-5.765625
-5.265625
-4.765625
-4.265625
-3.765625
-3.640625
-3.515625
-3.390625
-3.265625
-3.140625
-3.015625
-2.890625
-2.765625
-2.640625
-2.515625
-2.390625
-2.265625
-2.140625
-2.015625
-1.890625
-1.765625
-1.703125
-1.640625
-1.578125
-1.515625
-1.453125
-1.390625
-1.328125
-1.265625
-1.203125
-1.140625
-1.078125
-1.015625
-0.953125
-0.890625
-0.828125
-0.765625
-0.734375
-0.703125
-0.671875
-0.640625
-0.609375
-0.578125
-0.546875
-0.515625
-0.484375
-0.453125
-0.421875
-0.390625
-0.359375
-0.328125
-0.296875
-0.265625
-0.25
-0.234375
-0.21875
-0.203125
-0.1875
-0.171875
-0.15625
-0.140625
-0.125
-0.109375
-0.09375
-0.078125
-0.0625
-0.046875
-0.03125
-0.015625
0
0.015625
0.03125
0.046875
0.0625
0.078125
0.09375
0.109375
0.1171875
0.125
0.1328125
0.140625
0.1484375
0.15625
0.1640625
0.171875
0.1796875
0.1875
0.1953125
0.203125
0.20703125
0.2109375
0.21484375
0.21875
0.22265625
0.2265625
0.228515625
0.23046875
0.232421875
0.2333984375
0.234130859375
0.23431396484375
0.25
0.250244140625
0.2509765625
0.251953125
0.25390625
0.255859375
0.2578125
0.26171875
0.265625
0.26953125
0.2734375
0.27734375
0.28125
0.2890625
0.296875
0.3046875
0.3125
0.3203125
0.328125
0.3359375
0.34375
0.3515625
0.359375
0.3671875
0.375
0.390625
0.40625
0.421875
0.4375
0.453125
0.46875
0.484375
0.5
0.515625
0.53125
0.546875
0.5625
0.578125
0.59375
0.609375
0.625
0.640625
0.65625
0.671875
0.6875
0.703125
0.71875
0.734375
0.75
0.78125
0.8125
0.84375
0.875
0.90625
0.9375
0.96875
1
1.03125
1.0625
1.09375
1.125
1.15625
1.1875
1.21875
1.25
1.3125
1.375
1.4375
1.5
1.5625
1.625
1.6875
1.75
1.8125
1.875
1.9375
2
2.0625
2.125
2.1875
2.25
2.375
2.5
2.625
2.75
2.875
3
3.125
3.25
3.375
3.5
3.625
3.75
3.875
4
4.125
4.25
4.75
5.25
5.75
6.25
6.75
7.25
7.75
8.25
9.25
10.25
11.25
12.25
13.25
14.25
15.25
16.25
20.25
24.25
28.25
32.25
40.25
48.25
56.25
64.25
96.25
128.25
192.25
256.25
512.25
1024.25
4096.25
-4095.75
-1023.75
-511.75
-255.75
-191.75
-127.75
-95.75
-63.75
-55.75
-47.75
-39.75
-31.75
-27.75
-23.75
-19.75
-15.75
-14.75
-13.75
-12.75
-11.75
-10.75
-9.75
-8.75
-7.75
-7.25
-6.75
-6.25
-5.75
-5.25
-4.75
-4.25
-3.75
-3.625
-3.5
-3.375
-3.25
-3.125
-3
-2.875
-2.75
-2.625
-2.5
-2.375
-2.25
-2.125
-2
-1.875
-1.75
-1.6875
-1.625
-1.5625
-1.5
-1.4375
-1.375
-1.3125
-1.25
-1.1875
-1.125
-1.0625
-1
-0.9375
-0.875
-0.8125
-0.75
-0.71875
-0.6875
-0.65625
-0.625
-0.59375
-0.5625
-0.53125
-0.5
-0.46875
-0.4375
-0.40625
-0.375
-0.34375
-0.3125
-0.28125
-0.25
-0.234375
-0.21875
-0.203125
-0.1875
-0.171875
-0.15625
-0.140625
-0.125
-0.109375
-0.09375
-0.078125
-0.0625
-0.046875
-0.03125
-0.015625
0
0.015625
0.03125
0.046875
0.0625
0.078125
0.09375
0.109375
0.125
0.1328125
0.140625
0.1484375
0.15625
0.1640625
0.171875
0.1796875
0.1875
0.1953125
0.203125
0.2109375
0.21875
0.22265625
0.2265625
0.23046875
0.234375
0.23828125
0.2421875
0.244140625
0.24609375
0.248046875
0.2490234375
0.249755859375
0.24993896484375
0.265625
0.265869140625
0.2666015625
0.267578125
0.26953125
0.271484375
0.2734375
0.27734375
0.28125
0.28515625
0.2890625
0.29296875
0.296875
0.3046875
0.3125
0.3203125
0.328125
0.3359375
0.34375
0.3515625
0.359375
0.3671875
0.375
0.3828125
0.390625
0.40625
0.421875
0.4375
0.453125
0.46875
0.484375
0.5
0.515625
0.53125
0.546875
0.5625
0.578125
0.59375
0.609375
0.625
0.640625
0.65625
0.671875
0.6875
0.703125
0.71875
0.734375
0.75
0.765625
0.796875
0.828125
0.859375
0.890625
0.921875
0.953125
0.984375
1.015625
1.046875
1.078125
1.109375
1.140625
1.171875
1.203125
1.234375
1.265625
1.328125
1.390625
1.453125
1.515625
1.578125
1.640625
1.703125
1.765625
1.828125
1.890625
1.953125
2.015625
2.078125
2.140625
2.203125
2.265625
2.390625
2.515625
2.640625
2.765625
2.890625
3.015625
3.140625
3.265625
3.390625
3.515625
3.640625
3.765625
3.890625
4.015625
4.140625
4.265625
4.765625
5.265625
5.765625
6.265625
6.765625
7.265625
7.765625
8.265625
9.265625
10.265625
11.265625
12.265625
13.265625
14.265625
15.265625
16.265625
20.265625
24.265625
28.265625
32.265625
40.265625
48.265625
56.265625
64.265625
96.265625
128.265625
192.265625
256.265625
512.265625
1024.265625
4096.265625
-4095.734375
-1023.734375
-511.734375
-255.734375
-191.734375
-127.734375
-95.734375
-63.734375
-55.734375
-47.734375
-39.734375
-31.734375
-27.734375
-23.734375
-19.734375
-15.734375
-14.734375
-13.734375
-12.734375
-11.734375
-10.734375
-9.734375
-8.734375
-7.734375
-7.234375
-6.734375
-6.234375
-5.734375
-5.234375
-4.734375
-4.234375
-3.734375
-3.609375
-3.484375
-3.359375
-3.234375
-3.109375
-2.984375
-2.859375
-2.734375
-2.609375
-2.484375
-2.359375
-2.234375
-2.109375
-1.984375
-1.859375
-1.734375
-1.671875
-1.609375
-1.546875
-1.484375
-1.421875
-1.359375
-1.296875
-1.234375
-1.171875
-1.109375
-1.046875
-0.984375
-0.921875
-0.859375
-0.796875
-0.734375
-0.703125
-0.671875
-0.640625
-0.609375
-0.578125
-0.546875
-0.515625
-0.484375
-0.453125
-0.421875
-0.390625
-0.359375
-0.328125
-0.296875
-0.265625
-0.234375
-0.21875
-0.203125
-0.1875
-0.171875
-0.15625
-0.140625
-0.125
-0.109375
-0.09375
-0.078125
-0.0625
-0.046875
-0.03125
-0.015625
0
0.015625
0.03125
0.046875
0.0625
0.078125
0.09375
0.109375
0.125
0.140625
0.1484375
0.15625
0.1640625
0.171875
0.1796875
0.1875
0.1953125
0.203125
0.2109375
0.21875
0.2265625
0.234375
0.23828125
0.2421875
0.24609375
0.25
0.25390625
0.2578125
0.259765625
0.26171875
0.263671875
0.2646484375
0.265380859375
0.26556396484375
0.28125
0.281494140625
0.2822265625
0.283203125
0.28515625
0.287109375
0.2890625
0.29296875
0.296875
0.30078125
0.3046875
0.30859375
0.3125
0.3203125
0.328125
0.3359375
0.34375
0.3515625
0.359375
0.3671875
0.375
0.3828125
0.390625
0.3984375
0.40625
0.421875
0.4375
0.453125
0.46875
0.484375
0.5
0.515625
0.53125
0.546875
0.5625
0.578125
0.59375
0.609375
0.625
0.640625
0.65625
0.671875
0.6875
0.703125
0.71875
0.734375
0.75
0.765625
0.78125
0.8125
0.84375
0.875
0.90625
0.9375
0.96875
1
1.03125
1.0625
1.09375
1.125
1.15625
1.1875
1.21875
1.25
1.28125
1.34375
1.40625
1.46875
1.53125
1.59375
1.65625
1.71875
1.78125
1.84375
1.90625
1.96875
2.03125
2.09375
2.15625
2.21875
2.28125
2.40625
2.53125
2.65625
2.78125
2.90625
3.03125
3.15625
3.28125
3.40625
3.53125
3.65625
3.78125
3.90625
4.03125
4.15625
4.28125
4.78125
5.28125
5.78125
6.28125
6.78125
7.28125
7.78125
8.28125
9.28125
10.28125
11.28125
12.28125
13.28125
14.28125
15.28125
16.28125
20.28125
24.28125
28.28125
32.28125
40.28125
48.28125
56.28125
64.28125
96.28125
128.28125
192.28125
256.28125
512.28125
1024.28125
4096.28125
-4095.71875
-1023.71875
-511.71875
-255.71875
-191.71875
-127.71875
-95.71875
-63.71875
-55.71875
-47.71875
-39.71875
-31.71875
-27.71875
-23.71875
-19.71875
-15.71875
-14.71875
-13.71875
-12.71875
-11.71875
-10.71875
-9.71875
-8.71875
-7.71875
-7.21875
-6.71875
-6.21875
-5.71875
-5.21875
-4.71875
-4.21875
-3.71875
-3.59375
-3.46875
-3.34375
-3.21875
-3.09375
-2.96875
-2.84375
-2.71875
-2.59375
-2.46875
-2.34375
-2.21875
-2.09375
-1.96875
-1.84375
-1.71875
-1.65625
-1.59375
-1.53125
-1.46875
-1.40625
-1.34375
-1.28125
-1.21875
-1.15625
-1.09375
-1.03125
-0.96875
-0.90625
-0.84375
-0.78125
-0.71875
-0.6875
-0.65625
-0.625
-0.59375
-0.5625
-0.53125
-0.5
-0.46875
-0.4375
-0.40625
-0.375
-0.34375
-0.3125
-0.28125
-0.25
-0.21875
-0.203125
-0.1875
-0.171875
-0.15625
-0.140625
-0.125
-0.109375
-0.09375
-0.078125
-0.0625
-0.046875
-0.03125
-0.015625
0
0.015625
0.03125
0.046875
0.0625
0.078125
0.09375
0.109375
0.125
0.140625
0.15625
0.1640625
0.171875
0.1796875
0.1875
0.1953125
0.203125
0.2109375
0.21875
0.2265625
0.234375
0.2421875
0.25
0.25390625
0.2578125
0.26171875
0.265625
0.26953125
0.2734375
0.275390625
0.27734375
0.279296875
0.2802734375
0.281005859375
0.28118896484375
0.296875
0.297119140625
0.2978515625
0.298828125
0.30078125
0.302734375
0.3046875
0.30859375
0.3125
0.31640625
0.3203125
0.32421875
0.328125
0.3359375
0.34375
0.3515625
0.359375
0.3671875
0.375
0.3828125
0.390625
0.3984375
0.40625
0.4140625
0.421875
0.4375
0.453125
0.46875
0.484375
0.5
0.515625
0.53125
0.546875
0.5625
0.578125
0.59375
0.609375
0.625
0.640625
0.65625
0.671875
0.6875
0.703125
0.71875
0.734375
0.75
0.765625
0.78125
0.796875
0.828125
0.859375
0.890625
0.921875
0.953125
0.984375
1.015625
1.046875
1.078125
1.109375
1.140625
1.171875
1.203125
1.234375
1.265625
1.296875
1.359375
1.421875
1.484375
1.546875
1.609375
1.671875
1.734375
1.796875
1.859375
1.921875
1.984375
2.046875
2.109375
2.171875
2.234375
2.296875
2.421875
2.546875
2.671875
2.796875
2.921875
3.046875
3.171875
3.296875
3.421875
3.546875
3.671875
3.796875
3.921875
4.046875
4.171875
4.296875
4.796875
5.296875
5.796875
6.296875
6.796875
7.296875
7.796875
8.296875
9.296875
10.296875
11.296875
12.296875
13.296875
14.296875
15.296875
16.296875
20.296875
24.296875
28.296875
32.296875
40.296875
48.296875
56.296875
64.296875
96.296875
128.296875
192.296875
256.296875
512.296875
1024.296875
4096.296875
-4095.703125
-1023.703125
-511.703125
-255.703125
-191.703125
-127.703125
-95.703125
-63.703125
-55.703125
-47.703125
-39.703125
-31.703125
-27.703125
-23.703125
-19.703125
-15.703125
-14.703125
-13.703125
-12.703125
-11.703125
-10.703125
-9.703125
-8.703125
-7.703125
-7.203125
-6.703125
-6.203125
-5.703125
-5.203125
-4.703125
-4.203125
-3.703125
-3.578125
-3.453125
-3.328125
-3.203125
-3.078125
-2.953125
-2.828125
-2.703125
-2.578125
-2.453125
-2.328125
-2.203125
-2.078125
-1.953125
-1.828125
-1.703125
-1.640625
-1.578125
-1.515625
-1.453125
-1.390625
-1.328125
-1.265625
-1.203125
-1.140625
-1.078125
-1.015625
-0.953125
-0.890625
-0.828125
-0.765625
-0.703125
-0.671875
-0.640625
-0.609375
-0.578125
-0.546875
-0.515625
-0.484375
-0.453125
-0.421875
-0.390625
-0.359375
-0.328125
-0.296875
-0.265625
-0.234375
-0.203125
-0.1875
-0.171875
-0.15625
-0.140625
-0.125
-0.109375
-0.09375
-0.078125
-0.0625
-0.046875
-0.03125
-0.015625
0
0.015625
0.03125
0.046875
0.0625
0.078125
0.09375
0.109375
0.125
0.140625
0.15625
0.171875
0.1796875
0.1875
0.1953125
0.203125
0.2109375
0.21875
0.2265625
0.234375
0.2421875
0.25
0.2578125
0.265625
0.26953125
0.2734375
0.27734375
0.28125
0.28515625
0.2890625
0.291015625
0.29296875
0.294921875
0.2958984375
0.296630859375
0.29681396484375
0.3125
0.312744140625
0.3134765625
0.314453125
0.31640625
0.318359375
0.3203125
0.32421875
0.328125
0.33203125
0.3359375
0.33984375
0.34375
0.3515625
0.359375
0.3671875
0.375
0.3828125
0.390625
0.3984375
0.40625
0.4140625
0.421875
0.4296875
0.4375
0.453125
0.46875
0.484375
0.5
0.515625
0.53125
0.546875
0.5625
0.578125
0.59375
0.609375
0.625
0.640625
0.65625
0.671875
0.6875
0.703125
0.71875
0.734375
0.75
0.765625
0.78125
0.796875
0.8125
0.84375
0.875
0.90625
0.9375
0.96875
1
1.03125
1.0625
1.09375
1.125
1.15625
1.1875
1.21875
1.25
1.28125
1.3125
1.375
1.4375
1.5
1.5625
1.625
1.6875
1.75
1.8125
1.875
1.9375
2
2.0625
2.125
2.1875
2.25
2.3125
2.4375
2.5625
2.6875
2.8125
2.9375
3.0625
3.1875
3.3125
3.4375
3.5625
3.6875
3.8125
3.9375
4.0625
4.1875
4.3125
4.8125
5.3125
5.8125
6.3125
6.8125
7.3125
7.8125
8.3125
9.3125
10.3125
11.3125
12.3125
13.3125
14.3125
15.3125
16.3125
20.3125
24.3125
28.3125
32.3125
40.3125
48.3125
56.3125
64.3125
96.3125
128.3125
192.3125
256.3125
512.3125
1024.3125
4096.3125
-4095.6875
-1023.6875
-511.6875
-255.6875
-191.6875
-127.6875
-95.6875
-63.6875
-55.6875
-47.6875
-39.6875
-31.6875
-27.6875
-23.6875
-19.6875
-15.6875
-14.6875
-13.6875
-12.6875
-11.6875
-10.6875
-9.6875
-8.6875
-7.6875
-7.1875
-6.6875
-6.1875
-5.6875
-5.1875
-4.6875
-4.1875
-3.6875
-3.5625
-3.4375
-3.3125
-3.1875
-3.0625
-2.9375
-2.8125
-2.6875
-2.5625
-2.4375
-2.3125
-2.1875
-2.0625
-1.9375
-1.8125
-1.6875
-1.625
-1.5625
-1.5
-1.4375
-1.375
-1.3125
-1.25
-1.1875
-1.125
-1.0625
-1
-0.9375
-0.875
-0.8125
-0.75
-0.6875
-0.65625
-0.625
-0.59375
-0.5625
-0.53125
-0.5
-0.46875
-0.4375
-0.40625
-0.375
-0.34375
-0.3125
-0.28125
-0.25
-0.21875
-0.1875
-0.171875
-0.15625
-0.140625
-0.125
-0.109375
-0.09375
-0.078125
-0.0625
-0.046875
-0.03125
-0.015625
0
0.015625
0.03125
0.046875
0.0625
0.078125
0.09375
0.109375
0.125
0.140625
0.15625
0.171875
0.1875
0.1953125
0.203125
0.2109375
0.21875
0.2265625
0.234375
0.2421875
0.25
0.2578125
0.265625
0.2734375
0.28125
0.28515625
0.2890625
0.29296875
0.296875
0.30078125
0.3046875
0.306640625
0.30859375
0.310546875
0.3115234375
0.312255859375
0.31243896484375
0.328125
0.328369140625
0.3291015625
0.330078125
0.33203125
0.333984375
0.3359375
0.33984375
0.34375
0.34765625
0.3515625
0.35546875
0.359375
0.3671875
0.375
0.3828125
0.390625
0.3984375
0.40625
0.4140625
0.421875
0.4296875
0.4375
0.4453125
0.453125
0.46875
0.484375
0.5
0.515625
0.53125
0.546875
0.5625
0.578125
0.59375
0.609375
0.625
0.640625
0.65625
0.671875
0.6875
0.703125
0.71875
0.734375
0.75
0.765625
0.78125
0.796875
0.8125
0.828125
0.859375
0.890625
0.921875
0.953125
0.984375
1.015625
1.046875
1.078125
1.109375
1.140625
1.171875
1.203125
1.234375
1.265625
1.296875
1.328125
1.390625
1.453125
1.515625
1.578125
1.640625
1.703125
1.765625
1.828125
1.890625
1.953125
2.015625
2.078125
2.140625
2.203125
2.265625
2.328125
2.453125
2.578125
2.703125
2.828125
2.953125
3.078125
3.203125
3.328125
3.453125
3.578125
3.703125
3.828125
3.953125
4.078125
4.203125
4.328125
4.828125
5.328125
5.828125
6.328125
6.828125
7.328125
7.828125
8.328125
9.328125
10.328125
11.328125
12.328125
13.328125
14.328125
15.328125
16.328125
20.328125
24.328125
28.328125
32.328125
40.328125
48.328125
56.328125
64.328125
96.328125
128.328125
192.328125
256.328125
512.328125
1024.328125
4096.328125
-4095.671875
-1023.671875
-511.671875
-255.671875
-191.671875
-127.671875
-95.671875
-63.671875
-55.671875
-47.671875
-39.671875
-31.671875
-27.671875
-23.671875
-19.671875
-15.671875
-14.671875
-13.671875
-12.671875
-11.671875
-10.671875
-9.671875
-8.671875
-7.671875
-7.171875
-6.671875
-6.171875
-5.671875
-5.171875
-4.671875
-4.171875
-3.671875
-3.546875
-3.421875
-3.296875
-3.171875
-3.046875
-2.921875
-2.796875
-2.671875
-2.546875
-2.421875
-2.296875
-2.171875
-2.046875
-1.921875
-1.796875
-1.671875
-1.609375
-1.546875
-1.484375
-1.421875
-1.359375
-1.296875
-1.234375
-1.171875
-1.109375
-1.046875
-0.984375
-0.921875
-0.859375
-0.796875
-0.734375
-0.671875
-0.640625
-0.609375
-0.578125
-0.546875
-0.515625
-0.484375
-0.453125
-0.421875
-0.390625
-0.359375
-0.328125
-0.296875
-0.265625
-0.234375
-0.203125
-0.171875
-0.15625
-0.140625
-0.125
-0.109375
-0.09375
-0.078125
-0.0625
-0.046875
-0.03125
-0.015625
0
0.015625
0.03125
0.046875
0.0625
0.078125
0.09375
0.109375
0.125
0.140625
0.15625
0.171875
0.1875
0.203125
0.2109375
0.21875
0.2265625
0.234375
0.2421875
0.25
0.2578125
0.265625
0.2734375
0.28125
0.2890625
0.296875
0.30078125
0.3046875
0.30859375
0.3125
0.31640625
0.3203125
0.322265625
0.32421875
0.326171875
0.3271484375
0.327880859375
0.32806396484375
0.34375
0.343994140625
0.3447265625
0.345703125
0.34765625
0.349609375
0.3515625
0.35546875
0.359375
0.36328125
0.3671875
0.37109375
0.375
0.3828125
0.390625
0.3984375
0.40625
0.4140625
0.421875
0.4296875
0.4375
0.4453125
0.453125
0.4609375
0.46875
0.484375
0.5
0.515625
0.53125
0.546875
0.5625
0.578125
0.59375
0.609375
0.625
0.640625
0.65625
0.671875
0.6875
0.703125
0.71875
0.734375
0.75
0.765625
0.78125
0.796875
0.8125
0.828125
0.84375
0.875
0.90625
0.9375
0.96875
1
1.03125
1.0625
1.09375
1.125
1.15625
1.1875
1.21875
1.25
1.28125
1.3125
1.34375
1.40625
1.46875
1.53125
1.59375
1.65625
1.71875
1.78125
1.84375
1.90625
1.96875
2.03125
2.09375
2.15625
2.21875
2.28125
2.34375
2.46875
2.59375
2.71875
2.84375
2.96875
3.09375
3.21875
3.34375
3.46875
3.59375
3.71875
3.84375
3.96875
4.09375
4.21875
4.34375
4.84375
5.34375
5.84375
6.34375
6.84375
7.34375
7.84375
8.34375
9.34375
10.34375
11.34375
12.34375
13.34375
14.34375
15.34375
16.34375
20.34375
24.34375
28.34375
32.34375
40.34375
48.34375
56.34375
64.34375
96.34375
128.34375
192.34375
256.34375
512.34375
1024.34375
4096.34375
-4095.65625
-1023.65625
-511.65625
-255.65625
-191.65625
-127.65625
-95.65625
-63.65625
-55.65625
-47.65625
-39.65625
-31.65625
-27.65625
-23.65625
-19.65625
-15.65625
-14.65625
-13.65625
-12.65625
-11.65625
-10.65625
-9.65625
-8.65625
-7.65625
-7.15625
-6.65625
-6.15625
-5.65625
-5.15625
-4.65625
-4.15625
-3.65625
-3.53125
-3.40625
-3.28125
-3.15625
-3.03125
-2.90625
-2.78125
-2.65625
-2.53125
-2.40625
-2.28125
-2.15625
-2.03125
-1.90625
-1.78125
-1.65625
-1.59375
-1.53125
-1.46875
-1.40625
-1.34375
-1.28125
-1.21875
-1.15625
-1.09375
-1.03125
-0.96875
-0.90625
-0.84375
-0.78125
-0.71875
-0.65625
-0.625
-0.59375
-0.5625
-0.53125
-0.5
-0.46875
-0.4375
-0.40625
-0.375
-0.34375
-0.3125
-0.28125
-0.25
-0.21875
-0.1875
-0.15625
-0.140625
-0.125
-0.109375
-0.09375
-0.078125
-0.0625
-0.046875
-0.03125
-0.015625
0
0.015625
0.03125
0.046875
0.0625
0.078125
0.09375
0.109375
0.125
0.140625
0.15625
0.171875
0.1875
0.203125
0.21875
0.2265625
0.234375
0.2421875
0.25
0.2578125
0.265625
0.2734375
0.28125
0.2890625
0.296875
0.3046875
0.3125
0.31640625
0.3203125
0.32421875
0.328125
0.33203125
0.3359375
0.337890625
0.33984375
0.341796875
0.3427734375
0.343505859375
0.34368896484375
0.359375
0.359619140625
0.3603515625
0.361328125
0.36328125
0.365234375
0.3671875
0.37109375
0.375
0.37890625
0.3828125
0.38671875
0.390625
0.3984375
0.40625
0.4140625
0.421875
0.4296875
0.4375
0.4453125
0.453125
0.4609375
0.46875
0.4765625
0.484375
0.5
0.515625
0.53125
0.546875
0.5625
0.578125
0.59375
0.609375
0.625
0.640625
0.65625
0.671875
0.6875
0.703125
0.71875
0.734375
0.75
0.765625
0.78125
0.796875
0.8125
0.828125
0.84375
0.859375
0.890625
0.921875
0.953125
0.984375
1.015625
1.046875
1.078125
1.109375
1.140625
1.171875
1.203125
1.234375
1.265625
1.296875
1.328125
1.359375
1.421875
1.484375
1.546875
1.609375
1.671875
1.734375
1.796875
1.859375
1.921875
1.984375
2.046875
2.109375
2.171875
2.234375
2.296875
2.359375
2.484375
2.609375
2.734375
2.859375
2.984375
3.109375
3.234375
3.359375
3.484375
3.609375
3.734375
3.859375
3.984375
4.109375
4.234375
4.359375
4.859375
5.359375
5.859375
6.359375
6.859375
7.359375
7.859375
8.359375
9.359375
10.359375
11.359375
12.359375
13.359375
14.359375
15.359375
16.359375
20.359375
24.359375
28.359375
32.359375
40.359375
48.359375
56.359375
64.359375
96.359375
128.359375
192.359375
256.359375
512.359375
1024.359375
4096.359375
-4095.640625
-1023.640625
-511.640625
-255.640625
-191.640625
-127.640625
-95.640625
-63.640625
-55.640625
-47.640625
-39.640625
-31.640625
-27.640625
-23.640625
-19.640625
-15.640625
-14.640625
-13.640625
-12.640625
-11.640625
-10.640625
-9.640625
-8.640625
-7.640625
-7.140625
-6.640625
-6.140625
-5.640625
-5.140625
-4.640625
-4.140625
-3.640625
-3.515625
-3.390625
-3.265625
-3.140625
-3.015625
-2.890625
-2.765625
-2.640625
-2.515625
-2.390625
-2.265625
-2.140625
-2.015625
-1.890625
-1.765625
-1.640625
-1.578125
-1.515625
-1.453125
-1.390625
-1.328125
-1.265625
-1.203125
-1.140625
-1.078125
-1.015625
-0.953125
-0.890625
-0.828125
-0.765625
-0.703125
-0.640625
-0.609375
-0.578125
-0.546875
-0.515625
-0.484375
-0.453125
-0.421875
-0.390625
-0.359375
-0.328125
-0.296875
-0.265625
-0.234375
-0.203125
-0.171875
-0.140625
-0.125
-0.109375
-0.09375
-0.078125
-0.0625
-0.046875
-0.03125
-0.015625
0
0.015625
0.03125
0.046875
0.0625
0.078125
0.09375
0.109375
0.125
0.140625
0.15625
0.171875
0.1875
0.203125
0.21875
0.234375
0.2421875
0.25
0.2578125
0.265625
0.2734375
0.28125
0.2890625
0.296875
0.3046875
0.3125
0.3203125
0.328125
0.33203125
0.3359375
0.33984375
0.34375
0.34765625
0.3515625
0.353515625
0.35546875
0.357421875
0.3583984375
0.359130859375
0.35931396484375
0.375
0.375244140625
0.3759765625
0.376953125
0.37890625
0.380859375
0.3828125
0.38671875
0.390625
0.39453125
0.3984375
0.40234375
0.40625
0.4140625
0.421875
0.4296875
0.4375
0.4453125
0.453125
0.4609375
0.46875
0.4765625
0.484375
0.4921875
0.5
0.515625
0.53125
0.546875
0.5625
0.578125
0.59375
0.609375
0.625
0.640625
0.65625
0.671875
0.6875
0.703125
0.71875
0.734375
0.75
0.765625
0.78125
0.796875
0.8125
0.828125
0.84375
0.859375
0.875
0.90625
0.9375
0.96875
1
1.03125
1.0625
1.09375
1.125
1.15625
1.1875
1.21875
1.25
1.28125
1.3125
1.34375
1.375
1.4375
1.5
1.5625
1.625
1.6875
1.75
1.8125
1.875
1.9375
2
2.0625
2.125
2.1875
2.25
2.3125
2.375
2.5
2.625
2.75
2.875
3
3.125
3.25
3.375
3.5
3.625
3.75
3.875
4
4.125
4.25
4.375
4.875
5.375
5.875
6.375
6.875
7.375
7.875
8.375
9.375
10.375
11.375
12.375
13.375
14.375
15.375
16.375
20.375
24.375
28.375
32.375
40.375
48.375
56.375
64.375
96.375
128.375
192.375
256.375
512.375
1024.375
4096.375
-4095.625
-1023.625
-511.625
-255.625
-191.625
-127.625
-95.625
-63.625
-55.625
-47.625
-39.625
-31.625
-27.625
-23.625
-19.625
-15.625
-14.625
-13.625
-12.625
-11.625
-10.625
-9.625
-8.625
-7.625
-7.125
-6.625
-6.125
-5.625
-5.125
-4.625
-4.125
-3.625
-3.5
-3.375
-3.25
-3.125
-3
-2.875
-2.75
-2.625
-2.5
-2.375
-2.25
-2.125
-2
-1.875
-1.75
-1.625
-1.5625
-1.5
-1.4375
-1.375
-1.3125
-1.25
-1.1875
-1.125
-1.0625
-1
-0.9375
-0.875
-0.8125
-0.75
-0.6875
-0.625
-0.59375
-0.5625
-0.53125
-0.5
-0.46875
-0.4375
-0.40625
-0.375
-0.34375
-0.3125
-0.28125
-0.25
-0.21875
-0.1875
-0.15625
-0.125
-0.109375
-0.09375
-0.078125
-0.0625
-0.046875
-0.03125
-0.015625
0
0.015625
0.03125
0.046875
0.0625
0.078125
0.09375
0.109375
0.125
0.140625
0.15625
0.171875
0.1875
0.203125
0.21875
0.234375
0.25
0.2578125
0.265625
0.2734375
0.28125
0.2890625
0.296875
0.3046875
0.3125
0.3203125
0.328125
0.3359375
0.34375
0.34765625
0.3515625
0.35546875
0.359375
0.36328125
0.3671875
0.369140625
0.37109375
0.373046875
0.3740234375
0.374755859375
0.37493896484375
0.390625
0.390869140625
0.3916015625
0.392578125
0.39453125
0.396484375
0.3984375
0.40234375
0.40625
0.41015625
0.4140625
0.41796875
0.421875
0.4296875
0.4375
0.4453125
0.453125
0.4609375
0.46875
0.4765625
0.484375
0.4921875
0.5
0.5078125
0.515625
0.53125
0.546875
0.5625
0.578125
0.59375
0.609375
0.625
0.640625
0.65625
0.671875
0.6875
0.703125
0.71875
0.734375
0.75
0.765625
0.78125
0.796875
0.8125
0.828125
0.84375
0.859375
0.875
0.890625
0.921875
0.953125
0.984375
1.015625
1.046875
1.078125
1.109375
1.140625
1.171875
1.203125
1.234375
1.265625
1.296875
1.328125
1.359375
1.390625
1.453125
1.515625
1.578125
1.640625
1.703125
1.765625
1.828125
1.890625
1.953125
2.015625
2.078125
2.140625
2.203125
2.265625
2.328125
2.390625
2.515625
2.640625
2.765625
2.890625
3.015625
3.140625
3.265625
3.390625
3.515625
3.640625
3.765625
3.890625
4.015625
4.140625
4.265625
4.390625
4.890625
5.390625
5.890625
6.390625
6.890625
7.390625
7.890625
8.390625
9.390625
10.390625
11.390625
12.390625
13.390625
14.390625
15.390625
16.390625
20.390625
24.390625
28.390625
32.390625
40.390625
48.390625
56.390625
64.390625
96.390625
128.390625
192.390625
256.390625
512.390625
1024.390625
4096.390625
-4095.609375
-1023.609375
-511.609375
-255.609375
-191.609375
-127.609375
-95.609375
-63.609375
-55.609375
-47.609375
-39.609375
-31.609375
-27.609375
-23.609375
-19.609375
-15.609375
-14.609375
-13.609375
-12.609375
-11.609375
-10.609375
-9.609375
-8.609375
-7.609375
-7.109375
-6.609375
-6.109375
-5.609375
-5.109375
-4.609375
-4.109375
-3.609375
-3.484375
-3.359375
-3.234375
-3.109375
-2.984375
-2.859375
-2.734375
-2.609375
-2.484375
-2.359375
-2.234375
-2.109375
-1.984375
-1.859375
-1.734375
-1.609375
-1.546875
-1.484375
-1.421875
-1.359375
-1.296875
-1.234375
-1.171875
-1.109375
-1.046875
-0.984375
-0.921875
-0.859375
-0.796875
-0.734375
-0.671875
-0.609375
-0.578125
-0.546875
-0.515625
-0.484375
-0.453125
-0.421875
-0.390625
-0.359375
-0.328125
-0.296875
-0.265625
-0.234375
-0.203125
-0.171875
-0.140625
-0.109375
-0.09375
-0.078125
-0.0625
-0.046875
-0.03125
-0.015625
0
0.015625
0.03125
0.046875
0.0625
0.078125
0.09375
0.109375
0.125
0.140625
0.15625
0.171875
0.1875
0.203125
0.21875
0.234375
0.25
0.265625
0.2734375
0.28125
0.2890625
0.296875
0.3046875
0.3125
0.3203125
0.328125
0.3359375
0.34375
0.3515625
0.359375
0.36328125
0.3671875
0.37109375
0.375
0.37890625
0.3828125
0.384765625
0.38671875
0.388671875
0.3896484375
0.390380859375
0.39056396484375
0.40625
0.406494140625
0.4072265625
0.408203125
0.41015625
0.412109375
0.4140625
0.41796875
0.421875
0.42578125
0.4296875
0.43359375
0.4375
0.4453125
0.453125
0.4609375
0.46875
0.4765625
0.484375
0.4921875
0.5
0.5078125
0.515625
0.5234375
0.53125
0.546875
0.5625
0.578125
0.59375
0.609375
0.625
0.640625
0.65625
0.671875
0.6875
0.703125
0.71875
0.734375
0.75
0.765625
0.78125
0.796875
0.8125
0.828125
0.84375
0.859375
0.875
0.890625
0.90625
0.9375
0.96875
1
1.03125
1.0625
1.09375
1.125
1.15625
1.1875
1.21875
1.25
1.28125
1.3125
1.34375
1.375
1.40625
1.46875
1.53125
1.59375
1.65625
1.71875
1.78125
1.84375
1.90625
1.96875
2.03125
2.09375
2.15625
2.21875
2.28125
2.34375
2.40625
2.53125
2.65625
2.78125
2.90625
3.03125
3.15625
3.28125
3.40625
3.53125
3.65625
3.78125
3.90625
4.03125
4.15625
4.28125
4.40625
4.90625
5.40625
5.90625
6.40625
6.90625
7.40625
7.90625
8.40625
9.40625
10.40625
11.40625
12.40625
13.40625
14.40625
15.40625
16.40625
20.40625
24.40625
28.40625
32.40625
40.40625
48.40625
56.40625
64.40625
96.40625
128.40625
192.40625
256.40625
512.40625
1024.40625
4096.40625
-4095.59375
-1023.59375
-511.59375
-255.59375
-191.59375
-127.59375
-95.59375
-63.59375
-55.59375
-47.59375
-39.59375
-31.59375
-27.59375
-23.59375
-19.59375
-15.59375
-14.59375
-13.59375
-12.59375
-11.59375
-10.59375
-9.59375
-8.59375
-7.59375
-7.09375
-6.59375
-6.09375
-5.59375
-5.09375
-4.59375
-4.09375
-3.59375
-3.46875
-3.34375
-3.21875
-3.09375
-2.96875
-2.84375
-2.71875
-2.59375
-2.46875
-2.34375
-2.21875
-2.09375
-1.96875
-1.84375
-1.71875
-1.59375
-1.53125
-1.46875
-1.40625
-1.34375
-1.28125
-1.21875
-1.15625
-1.09375
-1.03125
-0.96875
-0.90625
-0.84375
-0.78125
-0.71875
-0.65625
-0.59375
-0.5625
-0.53125
-0.5
-0.46875
-0.4375
-0.40625
-0.375
-0.34375
-0.3125
-0.28125
-0.25
-0.21875
-0.1875
-0.15625
-0.125
-0.09375
-0.078125
-0.0625
-0.046875
-0.03125
-0.015625
0
0.015625
0.03125
0.046875
0.0625
0.078125
0.09375
0.109375
0.125
0.140625
0.15625
0.171875
0.1875
0.203125
0.21875
0.234375
0.25
0.265625
0.28125
0.2890625
0.296875
0.3046875
0.3125
0.3203125
0.328125
0.3359375
0.34375
0.3515625
0.359375
0.3671875
0.375
0.37890625
0.3828125
0.38671875
0.390625
0.39453125
0.3984375
0.400390625
0.40234375
0.404296875
0.4052734375
0.406005859375
0.40618896484375
0.421875
0.422119140625
0.4228515625
0.423828125
0.42578125
0.427734375
0.4296875
0.43359375
0.4375
0.44140625
0.4453125
0.44921875
0.453125
0.4609375
0.46875
0.4765625
0.484375
0.4921875
0.5
0.5078125
0.515625
0.5234375
0.53125
0.5390625
0.546875
0.5625
0.578125
0.59375
0.609375
0.625
0.640625
0.65625
0.671875
0.6875
0.703125
0.71875
0.734375
0.75
0.765625
0.78125
0.796875
0.8125
0.828125
0.84375
0.859375
0.875
0.890625
0.90625
0.921875
0.953125
0.984375
1.015625
1.046875
1.078125
1.109375
1.140625
1.171875
1.203125
1.234375
1.265625
1.296875
1.328125
1.359375
1.390625
1.421875
1.484375
1.546875
1.609375
1.671875
1.734375
1.796875
1.859375
1.921875
1.984375
2.046875
2.109375
2.171875
2.234375
2.296875
2.359375
2.421875
2.546875
2.671875
2.796875
2.921875
3.046875
3.171875
3.296875
3.421875
3.546875
3.671875
3.796875
3.921875
4.046875
4.171875
4.296875
4.421875
4.921875
5.421875
5.921875
6.421875
6.921875
7.421875
7.921875
8.421875
9.421875
10.421875
11.421875
12.421875
13.421875
14.421875
15.421875
16.421875
20.421875
24.421875
28.421875
32.421875
40.421875
48.421875
56.421875
64.421875
96.421875
128.421875
192.421875
256.421875
512.421875
1024.421875
4096.421875
-4095.578125
-1023.578125
-511.578125
-255.578125
-191.578125
-127.578125
-95.578125
-63.578125
-55.578125
-47.578125
-39.578125
-31.578125
-27.578125
-23.578125
-19.578125
-15.578125
-14.578125
-13.578125
-12.578125
-11.578125
-10.578125
-9.578125
-8.578125
-7.578125
-7.078125
-6.578125
-6.078125
-5.578125
-5.078125
-4.578125
-4.078125
-3.578125
-3.453125
-3.328125
-3.203125
-3.078125
-2.953125
-2.828125
-2.703125
-2.578125
-2.453125
-2.328125
-2.203125
-2.078125
-1.953125
-1.828125
-1.703125
-1.578125
-1.515625
-1.453125
-1.390625
-1.328125
-1.265625
-1.203125
-1.140625
-1.078125
-1.015625
-0.953125
-0.890625
-0.828125
-0.765625
-0.703125
-0.640625
-0.578125
-0.546875
-0.515625
-0.484375
-0.453125
-0.421875
-0.390625
-0.359375
-0.328125
-0.296875
-0.265625
-0.234375
-0.203125
-0.171875
-0.140625
-0.109375
-0.078125
-0.0625
-0.046875
-0.03125
-0.015625
0
0.015625
0.03125
0.046875
0.0625
0.078125
0.09375
0.109375
0.125
0.140625
0.15625
0.171875
0.1875
0.203125
0.21875
0.234375
0.25
0.265625
0.28125
0.296875
0.3046875
0.3125
0.3203125
0.328125
0.3359375
0.34375
0.3515625
0.359375
0.3671875
0.375
0.3828125
0.390625
0.39453125
0.3984375
0.40234375
0.40625
0.41015625
0.4140625
0.416015625
0.41796875
0.419921875
0.4208984375
0.421630859375
0.42181396484375
0.4375
0.437744140625
0.4384765625
0.439453125
0.44140625
0.443359375
0.4453125
0.44921875
0.453125
0.45703125
0.4609375
0.46484375
0.46875
0.4765625
0.484375
0.4921875
0.5
0.5078125
0.515625
0.5234375
0.53125
0.5390625
0.546875
0.5546875
0.5625
0.578125
0.59375
0.609375
0.625
0.640625
0.65625
0.671875
0.6875
0.703125
0.71875
0.734375
0.75
0.765625
0.78125
0.796875
0.8125
0.828125
0.84375
0.859375
0.875
0.890625
0.90625
0.921875
0.9375
0.96875
1
1.03125
1.0625
1.09375
1.125
1.15625
1.1875
1.21875
1.25
1.28125
1.3125
1.34375
1.375
1.40625
1.4375
1.5
1.5625
1.625
1.6875
1.75
1.8125
1.875
1.9375
2
2.0625
2.125
2.1875
2.25
2.3125
2.375
2.4375
2.5625
2.6875
2.8125
2.9375
3.0625
3.1875
3.3125
3.4375
3.5625
3.6875
3.8125
3.9375
4.0625
4.1875
4.3125
4.4375
4.9375
5.4375
5.9375
6.4375
6.9375
7.4375
7.9375
8.4375
9.4375
10.4375
11.4375
12.4375
13.4375
14.4375
15.4375
16.4375
20.4375
24.4375
28.4375
32.4375
40.4375
48.4375
56.4375
64.4375
96.4375
128.4375
192.4375
256.4375
512.4375
1024.4375
4096.4375
-4095.5625
-1023.5625
-511.5625
-255.5625
-191.5625
-127.5625
-95.5625
-63.5625
-55.5625
-47.5625
-39.5625
-31.5625
-27.5625
-23.5625
-19.5625
-15.5625
-14.5625
-13.5625
-12.5625
-11.5625
-10.5625
-9.5625
-8.5625
-7.5625
-7.0625
-6.5625
-6.0625
-5.5625
-5.0625
-4.5625
-4.0625
-3.5625
-3.4375
-3.3125
-3.1875
-3.0625
-2.9375
-2.8125
-2.6875
-2.5625
-2.4375
-2.3125
-2.1875
-2.0625
-1.9375
-1.8125
-1.6875
-1.5625
-1.5
-1.4375
-1.375
-1.3125
-1.25
-1.1875
-1.125
-1.0625
-1
-0.9375
-0.875
-0.8125
-0.75
-0.6875
-0.625
-0.5625
-0.53125
-0.5
-0.46875
-0.4375
-0.40625
-0.375
-0.34375
-0.3125
-0.28125
-0.25
-0.21875
-0.1875
-0.15625
-0.125
-0.09375
-0.0625
-0.046875
-0.03125
-0.015625
0
0.015625
0.03125
0.046875
0.0625
0.078125
0.09375
0.109375
0.125
0.140625
0.15625
0.171875
0.1875
0.203125
0.21875
0.234375
0.25
0.265625
0.28125
0.296875
0.3125
0.3203125
0.328125
0.3359375
0.34375
0.3515625
0.359375
0.3671875
0.375
0.3828125
0.390625
0.3984375
0.40625
0.41015625
0.4140625
0.41796875
0.421875
0.42578125
0.4296875
0.431640625
0.43359375
0.435546875
0.4365234375
0.437255859375
0.43743896484375
0.453125
0.453369140625
0.4541015625
0.455078125
0.45703125
0.458984375
0.4609375
0.46484375
0.46875
0.47265625
0.4765625
0.48046875
0.484375
0.4921875
0.5
0.5078125
0.515625
0.5234375
0.53125
0.5390625
0.546875
0.5546875
0.5625
0.5703125
0.578125
0.59375
0.609375
0.625
0.640625
0.65625
0.671875
0.6875
0.703125
0.71875
0.734375
0.75
0.765625
0.78125
0.796875
0.8125
0.828125
0.84375
0.859375
0.875
0.890625
0.90625
0.921875
0.9375
0.953125
0.984375
1.015625
1.046875
1.078125
1.109375
1.140625
1.171875
1.203125
1.234375
1.265625
1.296875
1.328125
1.359375
1.390625
1.421875
1.453125
1.515625
1.578125
1.640625
1.703125
1.765625
1.828125
1.890625
1.953125
2.015625
2.078125
2.140625
2.203125
2.265625
2.328125
2.390625
2.453125
2.578125
2.703125
2.828125
2.953125
3.078125
3.203125
3.328125
3.453125
3.578125
3.703125
3.828125
3.953125
4.078125
4.203125
4.328125
4.453125
4.953125
5.453125
5.953125
6.453125
6.953125
7.453125
7.953125
8.453125
9.453125
10.453125
11.453125
12.453125
13.453125
14.453125
15.453125
16.453125
20.453125
24.453125
28.453125
32.453125
40.453125
48.453125
56.453125
64.453125
96.453125
128.453125
192.453125
256.453125
512.453125
1024.453125
4096.453125
-4095.546875
-1023.546875
-511.546875
-255.546875
-191.546875
-127.546875
-95.546875
-63.546875
-55.546875
-47.546875
-39.546875
-31.546875
-27.546875
-23.546875
-19.546875
-15.546875
-14.546875
-13.546875
-12.546875
-11.546875
-10.546875
-9.546875
-8.546875
-7.546875
-7.046875
-6.546875
-6.046875
-5.546875
-5.046875
-4.546875
-4.046875
-3.546875
-3.421875
-3.296875
-3.171875
-3.046875
-2.921875
-2.796875
-2.671875
-2.546875
-2.421875
-2.296875
-2.171875
-2.046875
-1.921875
-1.796875
-1.671875
-1.546875
-1.484375
-1.421875
-1.359375
-1.296875
-1.234375
-1.171875
-1.109375
-1.046875
-0.984375
-0.921875
-0.859375
-0.796875
-0.734375
-0.671875
-0.609375
-0.546875
-0.515625
-0.484375
-0.453125
-0.421875
-0.390625
-0.359375
-0.328125
-0.296875
-0.265625
-0.234375
-0.203125
-0.171875
-0.140625
-0.109375
-0.078125
-0.046875
-0.03125
-0.015625
0
0.015625
0.03125
0.046875
0.0625
0.078125
0.09375
0.109375
0.125
0.140625
0.15625
0.171875
0.1875
0.203125
0.21875
0.234375
0.25
0.265625
0.28125
0.296875
0.3125
0.328125
0.3359375
0.34375
0.3515625
0.359375
0.3671875
0.375
0.3828125
0.390625
0.3984375
0.40625
0.4140625
0.421875
0.42578125
0.4296875
0.43359375
0.4375
0.44140625
0.4453125
0.447265625
0.44921875
0.451171875
0.4521484375
0.452880859375
0.45306396484375
0.46875
0.468994140625
0.4697265625
0.470703125
0.47265625
0.474609375
0.4765625
0.48046875
0.484375
0.48828125
0.4921875
0.49609375
0.5
0.5078125
0.515625
0.5234375
0.53125
0.5390625
0.546875
0.5546875
0.5625
0.5703125
0.578125
0.5859375
0.59375
0.609375
0.625
0.640625
0.65625
0.671875
0.6875
0.703125
0.71875
0.734375
0.75
0.765625
0.78125
0.796875
0.8125
0.828125
0.84375
0.859375
0.875
0.890625
0.90625
0.921875
0.9375
0.953125
0.96875
1
1.03125
1.0625
1.09375
1.125
1.15625
1.1875
1.21875
1.25
1.28125
1.3125
1.34375
1.375
1.40625
1.4375
1.46875
1.53125
1.59375
1.65625
1.71875
1.78125
1.84375
1.90625
1.96875
2.03125
2.09375
2.15625
2.21875
2.28125
2.34375
2.40625
2.46875
2.59375
2.71875
2.84375
2.96875
3.09375
3.21875
3.34375
3.46875
3.59375
3.71875
3.84375
3.96875
4.09375
4.21875
4.34375
4.46875
4.96875
5.46875
5.96875
6.46875
6.96875
7.46875
7.96875
8.46875
9.46875
10.46875
11.46875
12.46875
13.46875
14.46875
15.46875
16.46875
20.46875
24.46875
28.46875
32.46875
40.46875
48.46875
56.46875
64.46875
96.46875
128.46875
192.46875
256.46875
512.46875
1024.46875
4096.46875
-4095.53125
-1023.53125
-511.53125
-255.53125
-191.53125
-127.53125
-95.53125
-63.53125
-55.53125
-47.53125
-39.53125
-31.53125
-27.53125
-23.53125
-19.53125
-15.53125
-14.53125
-13.53125
-12.53125
-11.53125
-10.53125
-9.53125
-8.53125
-7.53125
-7.03125
-6.53125
-6.03125
-5.53125
-5.03125
-4.53125
-4.03125
-3.53125
-3.40625
-3.28125
-3.15625
-3.03125
-2.90625
-2.78125
-2.65625
-2.53125
-2.40625
-2.28125
-2.15625
-2.03125
-1.90625
-1.78125
-1.65625
-1.53125
-1.46875
-1.40625
-1.34375
-1.28125
-1.21875
-1.15625
-1.09375
-1.03125
-0.96875
-0.90625
-0.84375
-0.78125
-0.71875
-0.65625
-0.59375
-0.53125
-0.5
-0.46875
-0.4375
-0.40625
-0.375
-0.34375
-0.3125
-0.28125
-0.25
-0.21875
-0.1875
-0.15625
-0.125
-0.09375
-0.0625
-0.03125
-0.015625
0
0.015625
0.03125
0.046875
0.0625
0.078125
0.09375
0.109375
0.125
0.140625
0.15625
0.171875
0.1875
0.203125
0.21875
0.234375
0.25
0.265625
0.28125
0.296875
0.3125
0.328125
0.34375
0.3515625
0.359375
0.3671875
0.375
0.3828125
0.390625
0.3984375
0.40625
0.4140625
0.421875
0.4296875
0.4375
0.44140625
0.4453125
0.44921875
0.453125
0.45703125
0.4609375
0.462890625
0.46484375
0.466796875
0.4677734375
0.468505859375
0.46868896484375
0.484375
0.484619140625
0.4853515625
0.486328125
0.48828125
0.490234375
0.4921875
0.49609375
0.5
0.50390625
0.5078125
0.51171875
0.515625
0.5234375
0.53125
0.5390625
0.546875
0.5546875
0.5625
0.5703125
0.578125
0.5859375
0.59375
0.6015625
0.609375
0.625
0.640625
0.65625
0.671875
0.6875
0.703125
0.71875
0.734375
0.75
0.765625
0.78125
0.796875
0.8125
0.828125
0.84375
0.859375
0.875
0.890625
0.90625
0.921875
0.9375
0.953125
0.96875
0.984375
1.015625
1.046875
1.078125
1.109375
1.140625
1.171875
1.203125
1.234375
1.265625
1.296875
1.328125
1.359375
1.390625
1.421875
1.453125
1.484375
1.546875
1.609375
1.671875
1.734375
1.796875
1.859375
1.921875
1.984375
2.046875
2.109375
2.171875
2.234375
2.296875
2.359375
2.421875
2.484375
2.609375
2.734375
2.859375
2.984375
3.109375
3.234375
3.359375
3.484375
3.609375
3.734375
3.859375
3.984375
4.109375
4.234375
4.359375
4.484375
4.984375
5.484375
5.984375
6.484375
6.984375
7.484375
7.984375
8.484375
9.484375
10.484375
11.484375
12.484375
13.484375
14.484375
15.484375
16.484375
20.484375
24.484375
28.484375
32.484375
40.484375
48.484375
56.484375
64.484375
96.484375
128.484375
192.484375
256.484375
512.484375
1024.484375
4096.484375
-4095.515625
-1023.515625
-511.515625
-255.515625
-191.515625
-127.515625
-95.515625
-63.515625
-55.515625
-47.515625
-39.515625
-31.515625
-27.515625
-23.515625
-19.515625
-15.515625
-14.515625
-13.515625
-12.515625
-11.515625
-10.515625
-9.515625
-8.515625
-7.515625
-7.015625
-6.515625
-6.015625
-5.515625
-5.015625
-4.515625
-4.015625
-3.515625
-3.390625
-3.265625
-3.140625
-3.015625
-2.890625
-2.765625
-2.640625
-2.515625
-2.390625
-2.265625
-2.140625
-2.015625
-1.890625
-1.765625
-1.640625
-1.515625
-1.453125
-1.390625
-1.328125
-1.265625
-1.203125
-1.140625
-1.078125
-1.015625
-0.953125
-0.890625
-0.828125
-0.765625
-0.703125
-0.640625
-0.578125
-0.515625
-0.484375
-0.453125
-0.421875
-0.390625
-0.359375
-0.328125
-0.296875
-0.265625
-0.234375
-0.203125
-0.171875
-0.140625
-0.109375
-0.078125
-0.046875
-0.015625
0
0.015625
0.03125
0.046875
0.0625
0.078125
0.09375
0.109375
0.125
0.140625
0.15625
0.171875
0.1875
0.203125
0.21875
0.234375
0.25
0.265625
0.28125
0.296875
0.3125
0.328125
0.34375
0.359375
0.3671875
0.375
0.3828125
0.390625
0.3984375
0.40625
0.4140625
0.421875
0.4296875
0.4375
0.4453125
0.453125
0.45703125
0.4609375
0.46484375
0.46875
0.47265625
0.4765625
0.478515625
0.48046875
0.482421875
0.4833984375
0.484130859375
0.48431396484375
0.5
0.500244140625
0.5009765625
0.501953125
0.50390625
0.505859375
0.5078125
0.51171875
0.515625
0.51953125
0.5234375
0.52734375
0.53125
0.5390625
0.546875
0.5546875
0.5625
0.5703125
0.578125
0.5859375
0.59375
0.6015625
0.609375
0.6171875
0.625
0.640625
0.65625
0.671875
0.6875
0.703125
0.71875
0.734375
0.75
0.765625
0.78125
0.796875
0.8125
0.828125
0.84375
0.859375
0.875
0.890625
0.90625
0.921875
0.9375
0.953125
0.96875
0.984375
1
1.03125
1.0625
1.09375
1.125
1.15625
1.1875
1.21875
1.25
1.28125
1.3125
1.34375
1.375
1.40625
1.4375
1.46875
1.5
1.5625
1.625
1.6875
1.75
1.8125
1.875
1.9375
2
2.0625
2.125
2.1875
2.25
2.3125
2.375
2.4375
2.5
2.625
2.75
2.875
3
3.125
3.25
3.375
3.5
3.625
3.75
3.875
4
4.125
4.25
4.375
4.5
5
5.5
6
6.5
7
7.5
8
8.5
9.5
10.5
11.5
12.5
13.5
14.5
15.5
16.5
20.5
24.5
28.5
32.5
40.5
48.5
56.5
64.5
96.5
128.5
192.5
256.5
512.5
1024.5
4096.5
-4095.5
-1023.5
-511.5
-255.5
-191.5
-127.5
-95.5
-63.5
-55.5
-47.5
-39.5
-31.5
-27.5
-23.5
-19.5
-15.5
-14.5
-13.5
-12.5
-11.5
-10.5
-9.5
-8.5
-7.5
-7
-6.5
-6
-5.5
-5
-4.5
-4
-3.5
-3.375
-3.25
-3.125
-3
-2.875
-2.75
-2.625
-2.5
-2.375
-2.25
-2.125
-2
-1.875
-1.75
-1.625
-1.5
-1.4375
-1.375
-1.3125
-1.25
-1.1875
-1.125
-1.0625
-1
-0.9375
-0.875
-0.8125
-0.75
-0.6875
-0.625
-0.5625
-0.5
-0.46875
-0.4375
-0.40625
-0.375
-0.34375
-0.3125
-0.28125
-0.25
-0.21875
-0.1875
-0.15625
-0.125
-0.09375
-0.0625
-0.03125
0
0.015625
0.03125
0.046875
0.0625
0.078125
0.09375
0.109375
0.125
0.140625
0.15625
0.171875
0.1875
0.203125
0.21875
0.234375
0.25
0.265625
0.28125
0.296875
0.3125
0.328125
0.34375
0.359375
0.375
0.3828125
0.390625
0.3984375
0.40625
0.4140625
0.421875
0.4296875
0.4375
0.4453125
0.453125
0.4609375
0.46875
0.47265625
0.4765625
0.48046875
0.484375
0.48828125
0.4921875
0.494140625
0.49609375
0.498046875
0.4990234375
0.499755859375
0.49993896484375
0.53125
0.531494140625
0.5322265625
0.533203125
0.53515625
0.537109375
0.5390625
0.54296875
0.546875
0.55078125
0.5546875
0.55859375
0.5625
0.5703125
0.578125
0.5859375
0.59375
0.6015625
0.609375
0.6171875
0.625
0.6328125
0.640625
0.6484375
0.65625
0.671875
0.6875
0.703125
0.71875
0.734375
0.75
0.765625
0.78125
0.796875
0.8125
0.828125
0.84375
0.859375
0.875
0.890625
0.90625
0.921875
0.9375
0.953125
0.96875
0.984375
1
1.015625
1.03125
1.0625
1.09375
1.125
1.15625
1.1875
1.21875
1.25
1.28125
1.3125
1.34375
1.375
1.40625
1.4375
1.46875
1.5
1.53125
1.59375
1.65625
1.71875
1.78125
1.84375
1.90625
1.96875
2.03125
2.09375
2.15625
2.21875
2.28125
2.34375
2.40625
2.46875
2.53125
2.65625
2.78125
2.90625
3.03125
3.15625
3.28125
3.40625
3.53125
3.65625
3.78125
3.90625
4.03125
4.15625
4.28125
4.40625
4.53125
5.03125
5.53125
6.03125
6.53125
7.03125
7.53125
8.03125
8.53125
9.53125
10.53125
11.53125
12.53125
13.53125
14.53125
15.53125
16.53125
20.53125
24.53125
28.53125
32.53125
40.53125
48.53125
56.53125
64.53125
96.53125
128.53125
192.53125
256.53125
512.53125
1024.53125
4096.53125
-4095.46875
-1023.46875
-511.46875
-255.46875
-191.46875
-127.46875
-95.46875
-63.46875
-55.46875
-47.46875
-39.46875
-31.46875
-27.46875
-23.46875
-19.46875
-15.46875
-14.46875
-13.46875
-12.46875
-11.46875
-10.46875
-9.46875
-8.46875
-7.46875
-6.96875
-6.46875
-5.96875
-5.46875
-4.96875
-4.46875
-3.96875
-3.46875
-3.34375
-3.21875
-3.09375
-2.96875
-2.84375
-2.71875
-2.59375
-2.46875
-2.34375
-2.21875
-2.09375
-1.96875
-1.84375
-1.71875
-1.59375
-1.46875
-1.40625
-1.34375
-1.28125
-1.21875
-1.15625
-1.09375
-1.03125
-0.96875
-0.90625
-0.84375
-0.78125
-0.71875
-0.65625
-0.59375
-0.53125
-0.46875
-0.4375
-0.40625
-0.375
-0.34375
-0.3125
-0.28125
-0.25
-0.21875
-0.1875
-0.15625
-0.125
-0.09375
-0.0625
-0.03125
0
0.03125
0.046875
0.0625
0.078125
0.09375
0.109375
0.125
0.140625
0.15625
0.171875
0.1875
0.203125
0.21875
0.234375
0.25
0.265625
0.28125
0.296875
0.3125
0.328125
0.34375
0.359375
0.375
0.390625
0.40625
0.4140625
0.421875
0.4296875
0.4375
0.4453125
0.453125
0.4609375
0.46875
0.4765625
0.484375
0.4921875
0.5
0.50390625
0.5078125
0.51171875
0.515625
0.51953125
0.5234375
0.525390625
0.52734375
0.529296875
0.5302734375
0.531005859375
0.53118896484375
0.5625
0.562744140625
0.5634765625
0.564453125
0.56640625
0.568359375
0.5703125
0.57421875
0.578125
0.58203125
0.5859375
0.58984375
0.59375
0.6015625
0.609375
0.6171875
0.625
0.6328125
0.640625
0.6484375
0.65625
0.6640625
0.671875
0.6796875
0.6875
0.703125
0.71875
0.734375
0.75
0.765625
0.78125
0.796875
0.8125
0.828125
0.84375
0.859375
0.875
0.890625
0.90625
0.921875
0.9375
0.953125
0.96875
0.984375
1
1.015625
1.03125
1.046875
1.0625
1.09375
1.125
1.15625
1.1875
1.21875
1.25
1.28125
1.3125
1.34375
1.375
1.40625
1.4375
1.46875
1.5
1.53125
1.5625
1.625
1.6875
1.75
1.8125
1.875
1.9375
2
2.0625
2.125
2.1875
2.25
2.3125
2.375
2.4375
2.5
2.5625
2.6875
2.8125
2.9375
3.0625
3.1875
3.3125
3.4375
3.5625
3.6875
3.8125
3.9375
4.0625
4.1875
4.3125
4.4375
4.5625
5.0625
5.5625
6.0625
6.5625
7.0625
7.5625
8.0625
8.5625
9.5625
10.5625
11.5625
12.5625
13.5625
14.5625
15.5625
16.5625
20.5625
24.5625
28.5625
32.5625
40.5625
48.5625
56.5625
64.5625
96.5625
128.5625
192.5625
256.5625
512.5625
1024.5625
4096.5625
-4095.4375
-1023.4375
-511.4375
-255.4375
-191.4375
-127.4375
-95.4375
-63.4375
-55.4375
-47.4375
-39.4375
-31.4375
-27.4375
-23.4375
-19.4375
-15.4375
-14.4375
-13.4375
-12.4375
-11.4375
-10.4375
-9.4375
-8.4375
-7.4375
-6.9375
-6.4375
-5.9375
-5.4375
-4.9375
-4.4375
-3.9375
-3.4375
-3.3125
-3.1875
-3.0625
-2.9375
-2.8125
-2.6875
-2.5625
-2.4375
-2.3125
-2.1875
-2.0625
-1.9375
-1.8125
-1.6875
-1.5625
-1.4375
-1.375
-1.3125
-1.25
-1.1875
-1.125
-1.0625
-1
-0.9375
-0.875
-0.8125
-0.75
-0.6875
-0.625
-0.5625
-0.5
-0.4375
-0.40625
-0.375
-0.34375
-0.3125
-0.28125
-0.25
-0.21875
-0.1875
-0.15625
-0.125
-0.09375
-0.0625
-0.03125
0
0.03125
0.0625
0.078125
0.09375
0.109375
0.125
0.140625
0.15625
0.171875
0.1875
0.203125
0.21875
0.234375
0.25
0.265625
0.28125
0.296875
0.3125
0.328125
0.34375
0.359375
0.375
0.390625
0.40625
0.421875
0.4375
0.4453125
0.453125
0.4609375
0.46875
0.4765625
0.484375
0.4921875
0.5
0.5078125
0.515625
0.5234375
0.53125
0.53515625
0.5390625
0.54296875
0.546875
0.55078125
0.5546875
0.556640625
0.55859375
0.560546875
0.5615234375
0.562255859375
0.56243896484375
0.59375
0.593994140625
0.5947265625
0.595703125
0.59765625
0.599609375
0.6015625
0.60546875
0.609375
0.61328125
0.6171875
0.62109375
0.625
0.6328125
0.640625
0.6484375
0.65625
0.6640625
0.671875
0.6796875
0.6875
0.6953125
0.703125
0.7109375
0.71875
0.734375
0.75
0.765625
0.78125
0.796875
0.8125
0.828125
0.84375
0.859375
0.875
0.890625
0.90625
0.921875
0.9375
0.953125
0.96875
0.984375
1
1.015625
1.03125
1.046875
1.0625
1.078125
1.09375
1.125
1.15625
1.1875
1.21875
1.25
1.28125
1.3125
1.34375
1.375
1.40625
1.4375
1.46875
1.5
1.53125
1.5625
1.59375
1.65625
1.71875
1.78125
1.84375
1.90625
1.96875
2.03125
2.09375
2.15625
2.21875
2.28125
2.34375
2.40625
2.46875
2.53125
2.59375
2.71875
2.84375
2.96875
3.09375
3.21875
3.34375
3.46875
3.59375
3.71875
3.84375
3.96875
4.09375
4.21875
4.34375
4.46875
4.59375
5.09375
5.59375
6.09375
6.59375
7.09375
7.59375
8.09375
8.59375
9.59375
10.59375
11.59375
12.59375
13.59375
14.59375
15.59375
16.59375
20.59375
24.59375
28.59375
32.59375
40.59375
48.59375
56.59375
64.59375
96.59375
128.59375
192.59375
256.59375
512.59375
1024.59375
4096.59375
-4095.40625
-1023.40625
-511.40625
-255.40625
-191.40625
-127.40625
-95.40625
-63.40625
-55.40625
-47.40625
-39.40625
-31.40625
-27.40625
-23.40625
-19.40625
-15.40625
-14.40625
-13.40625
-12.40625
-11.40625
-10.40625
-9.40625
-8.40625
-7.40625
-6.90625
-6.40625
-5.90625
-5.40625
-4.90625
-4.40625
-3.90625
-3.40625
-3.28125
-3.15625
-3.03125
-2.90625
-2.78125
-2.65625
-2.53125
-2.40625
-2.28125
-2.15625
-2.03125
-1.90625
-1.78125
-1.65625
-1.53125
-1.40625
-1.34375
-1.28125
-1.21875
-1.15625
-1.09375
-1.03125
-0.96875
-0.90625
-0.84375
-0.78125
-0.71875
-0.65625
-0.59375
-0.53125
-0.46875
-0.40625
-0.375
-0.34375
-0.3125
-0.28125
-0.25
-0.21875
-0.1875
-0.15625
-0.125
-0.09375
-0.0625
-0.03125
0
0.03125
0.0625
0.09375
0.109375
0.125
0.140625
0.15625
0.171875
0.1875
0.203125
0.21875
0.234375
0.25
0.265625
0.28125
0.296875
0.3125
0.328125
0.34375
0.359375
0.375
0.390625
0.40625
0.421875
0.4375
0.453125
0.46875
0.4765625
0.484375
0.4921875
0.5
0.5078125
0.515625
0.5234375
0.53125
0.5390625
0.546875
0.5546875
0.5625
0.56640625
0.5703125
0.57421875
0.578125
0.58203125
0.5859375
0.587890625
0.58984375
0.591796875
0.5927734375
0.593505859375
0.59368896484375
0.625
0.625244140625
0.6259765625
0.626953125
0.62890625
0.630859375
0.6328125
0.63671875
0.640625
0.64453125
0.6484375
0.65234375
0.65625
0.6640625
0.671875
0.6796875
0.6875
0.6953125
0.703125
0.7109375
0.71875
0.7265625
0.734375
0.7421875
0.75
0.765625
0.78125
0.796875
0.8125
0.828125
0.84375
0.859375
0.875
0.890625
0.90625
0.921875
0.9375
0.953125
0.96875
0.984375
1
1.015625
1.03125
1.046875
1.0625
1.078125
1.09375
1.109375
1.125
1.15625
1.1875
1.21875
1.25
1.28125
1.3125
1.34375
1.375
1.40625
1.4375
1.46875
1.5
1.53125
1.5625
1.59375
1.625
1.6875
1.75
1.8125
1.875
1.9375
2
2.0625
2.125
2.1875
2.25
2.3125
2.375
2.4375
2.5
2.5625
2.625
2.75
2.875
3
3.125
3.25
3.375
3.5
3.625
3.75
3.875
4
4.125
4.25
4.375
4.5
4.625
5.125
5.625
6.125
6.625
7.125
7.625
8.125
8.625
9.625
10.625
11.625
12.625
13.625
14.625
15.625
16.625
20.625
24.625
28.625
32.625
40.625
48.625
56.625
64.625
96.625
128.625
192.625
256.625
512.625
1024.625
4096.625
-4095.375
-1023.375
-511.375
-255.375
-191.375
-127.375
-95.375
-63.375
-55.375
-47.375
-39.375
-31.375
-27.375
-23.375
-19.375
-15.375
-14.375
-13.375
-12.375
-11.375
-10.375
-9.375
-8.375
-7.375
-6.875
-6.375
-5.875
-5.375
-4.875
-4.375
-3.875
-3.375
-3.25
-3.125
-3
-2.875
-2.75
-2.625
-2.5
-2.375
-2.25
-2.125
-2
-1.875
-1.75
-1.625
-1.5
-1.375
-1.3125
-1.25
-1.1875
-1.125
-1.0625
-1
-0.9375
-0.875
-0.8125
-0.75
-0.6875
-0.625
-0.5625
-0.5
-0.4375
-0.375
-0.34375
-0.3125
-0.28125
-0.25
-0.21875
-0.1875
-0.15625
-0.125
-0.09375
-0.0625
-0.03125
0
0.03125
0.0625
0.09375
0.125
0.140625
0.15625
0.171875
0.1875
0.203125
0.21875
0.234375
0.25
0.265625
0.28125
0.296875
0.3125
0.328125
0.34375
0.359375
0.375
0.390625
0.40625
0.421875
0.4375
0.453125
0.46875
0.484375
0.5
0.5078125
0.515625
0.5234375
0.53125
0.5390625
0.546875
0.5546875
0.5625
0.5703125
0.578125
0.5859375
0.59375
0.59765625
0.6015625
0.60546875
0.609375
0.61328125
0.6171875
0.619140625
0.62109375
0.623046875
0.6240234375
0.624755859375
0.62493896484375
0.65625
0.656494140625
0.6572265625
0.658203125
0.66015625
0.662109375
0.6640625
0.66796875
0.671875
0.67578125
0.6796875
0.68359375
0.6875
0.6953125
0.703125
0.7109375
0.71875
0.7265625
0.734375
0.7421875
0.75
0.7578125
0.765625
0.7734375
0.78125
0.796875
0.8125
0.828125
0.84375
0.859375
0.875
0.890625
0.90625
0.921875
0.9375
0.953125
0.96875
0.984375
1
1.015625
1.03125
1.046875
1.0625
1.078125
1.09375
1.109375
1.125
1.140625
1.15625
1.1875
1.21875
1.25
1.28125
1.3125
1.34375
1.375
1.40625
1.4375
1.46875
1.5
1.53125
1.5625
1.59375
1.625
1.65625
1.71875
1.78125
1.84375
1.90625
1.96875
2.03125
2.09375
2.15625
2.21875
2.28125
2.34375
2.40625
2.46875
2.53125
2.59375
2.65625
2.78125
2.90625
3.03125
3.15625
3.28125
3.40625
3.53125
3.65625
3.78125
3.90625
4.03125
4.15625
4.28125
4.40625
4.53125
4.65625
5.15625
5.65625
6.15625
6.65625
7.15625
7.65625
8.15625
8.65625
9.65625
10.65625
11.65625
12.65625
13.65625
14.65625
15.65625
16.65625
20.65625
24.65625
28.65625
32.65625
40.65625
48.65625
56.65625
64.65625
96.65625
128.65625
192.65625
256.65625
512.65625
1024.65625
4096.65625
-4095.34375
-1023.34375
-511.34375
-255.34375
-191.34375
-127.34375
-95.34375
-63.34375
-55.34375
-47.34375
-39.34375
-31.34375
-27.34375
-23.34375
-19.34375
-15.34375
-14.34375
-13.34375
-12.34375
-11.34375
-10.34375
-9.34375
-8.34375
-7.34375
-6.84375
-6.34375
-5.84375
-5.34375
-4.84375
-4.34375
-3.84375
-3.34375
-3.21875
-3.09375
-2.96875
-2.84375
-2.71875
-2.59375
-2.46875
-2.34375
-2.21875
-2.09375
-1.96875
-1.84375
-1.71875
-1.59375
-1.46875
-1.34375
-1.28125
-1.21875
-1.15625
-1.09375
-1.03125
-0.96875
-0.90625
-0.84375
-0.78125
-0.71875
-0.65625
-0.59375
-0.53125
-0.46875
-0.40625
-0.34375
-0.3125
-0.28125
-0.25
-0.21875
-0.1875
-0.15625
-0.125
-0.09375
-0.0625
-0.03125
0
0.03125
0.0625
0.09375
0.125
0.15625
0.171875
0.1875
0.203125
0.21875
0.234375
0.25
0.265625
0.28125
0.296875
0.3125
0.328125
0.34375
0.359375
0.375
0.390625
0.40625
0.421875
0.4375
0.453125
0.46875
0.484375
0.5
0.515625
0.53125
0.5390625
0.546875
0.5546875
0.5625
0.5703125
0.578125
0.5859375
0.59375
0.6015625
0.609375
0.6171875
0.625
0.62890625
0.6328125
0.63671875
0.640625
0.64453125
0.6484375
0.650390625
0.65234375
0.654296875
0.6552734375
0.656005859375
0.65618896484375
0.6875
0.687744140625
0.6884765625
0.689453125
0.69140625
0.693359375
0.6953125
0.69921875
0.703125
0.70703125
0.7109375
0.71484375
0.71875
0.7265625
0.734375
0.7421875
0.75
0.7578125
0.765625
0.7734375
0.78125
0.7890625
0.796875
0.8046875
0.8125
0.828125
0.84375
0.859375
0.875
0.890625
0.90625
0.921875
0.9375
0.953125
0.96875
0.984375
1
1.015625
1.03125
1.046875
1.0625
1.078125
1.09375
1.109375
1.125
1.140625
1.15625
1.171875
1.1875
1.21875
1.25
1.28125
1.3125
1.34375
1.375
1.40625
1.4375
1.46875
1.5
1.53125
1.5625
1.59375
1.625
1.65625
1.6875
1.75
1.8125
1.875
1.9375
2
2.0625
2.125
2.1875
2.25
2.3125
2.375
2.4375
2.5
2.5625
2.625
2.6875
2.8125
2.9375
3.0625
3.1875
3.3125
3.4375
3.5625
3.6875
3.8125
3.9375
4.0625
4.1875
4.3125
4.4375
4.5625
4.6875
5.1875
5.6875
6.1875
6.6875
7.1875
7.6875
8.1875
8.6875
9.6875
10.6875
11.6875
12.6875
13.6875
14.6875
15.6875
16.6875
20.6875
24.6875
28.6875
32.6875
40.6875
48.6875
56.6875
64.6875
96.6875
128.6875
192.6875
256.6875
512.6875
1024.6875
4096.6875
-4095.3125
-1023.3125
-511.3125
-255.3125
-191.3125
-127.3125
-95.3125
-63.3125
-55.3125
-47.3125
-39.3125
-31.3125
-27.3125
-23.3125
-19.3125
-15.3125
-14.3125
-13.3125
-12.3125
-11.3125
-10.3125
-9.3125
-8.3125
-7.3125
-6.8125
-6.3125
-5.8125
-5.3125
-4.8125
-4.3125
-3.8125
-3.3125
-3.1875
-3.0625
-2.9375
-2.8125
-2.6875
-2.5625
-2.4375
-2.3125
-2.1875
-2.0625
-1.9375
-1.8125
-1.6875
-1.5625
-1.4375
-1.3125
-1.25
-1.1875
-1.125
-1.0625
-1
-0.9375
-0.875
-0.8125
-0.75
-0.6875
-0.625
-0.5625
-0.5
-0.4375
-0.375
-0.3125
-0.28125
-0.25
-0.21875
-0.1875
-0.15625
-0.125
-0.09375
-0.0625
-0.03125
0
0.03125
0.0625
0.09375
0.125
0.15625
0.1875
0.203125
0.21875
0.234375
0.25
0.265625
0.28125
0.296875
0.3125
0.328125
0.34375
0.359375
0.375
0.390625
0.40625
0.421875
0.4375
0.453125
0.46875
0.484375
0.5
0.515625
0.53125
0.546875
0.5625
0.5703125
0.578125
0.5859375
0.59375
0.6015625
0.609375
0.6171875
0.625
0.6328125
0.640625
0.6484375
0.65625
0.66015625
0.6640625
0.66796875
0.671875
0.67578125
0.6796875
0.681640625
0.68359375
0.685546875
0.6865234375
0.687255859375
0.68743896484375
0.71875
0.718994140625
0.7197265625
0.720703125
0.72265625
0.724609375
0.7265625
0.73046875
0.734375
0.73828125
0.7421875
0.74609375
0.75
0.7578125
0.765625
0.7734375
0.78125
0.7890625
0.796875
0.8046875
0.8125
0.8203125
0.828125
0.8359375
0.84375
0.859375
0.875
0.890625
0.90625
0.921875
0.9375
0.953125
0.96875
0.984375
1
1.015625
1.03125
1.046875
1.0625
1.078125
1.09375
1.109375
1.125
1.140625
1.15625
1.171875
1.1875
1.203125
1.21875
1.25
1.28125
1.3125
1.34375
1.375
1.40625
1.4375
1.46875
1.5
1.53125
1.5625
1.59375
1.625
1.65625
1.6875
1.71875
1.78125
1.84375
1.90625
1.96875
2.03125
2.09375
2.15625
2.21875
2.28125
2.34375
2.40625
2.46875
2.53125
2.59375
2.65625
2.71875
2.84375
2.96875
3.09375
3.21875
3.34375
3.46875
3.59375
3.71875
3.84375
3.96875
4.09375
4.21875
4.34375
4.46875
4.59375
4.71875
5.21875
5.71875
6.21875
6.71875
7.21875
7.71875
8.21875
8.71875
9.71875
10.71875
11.71875
12.71875
13.71875
14.71875
15.71875
16.71875
20.71875
24.71875
28.71875
32.71875
40.71875
48.71875
56.71875
64.71875
96.71875
128.71875
192.71875
256.71875
512.71875
1024.71875
4096.71875
-4095.28125
-1023.28125
-511.28125
-255.28125
-191.28125
-127.28125
-95.28125
-63.28125
-55.28125
-47.28125
-39.28125
-31.28125
-27.28125
-23.28125
-19.28125
-15.28125
-14.28125
-13.28125
-12.28125
-11.28125
-10.28125
-9.28125
-8.28125
-7.28125
-6.78125
-6.28125
-5.78125
-5.28125
-4.78125
-4.28125
-3.78125
-3.28125
-3.15625
-3.03125
-2.90625
-2.78125
-2.65625
-2.53125
-2.40625
-2.28125
-2.15625
-2.03125
-1.90625
-1.78125
-1.65625
-1.53125
-1.40625
-1.28125
-1.21875
-1.15625
-1.09375
-1.03125
-0.96875
-0.90625
-0.84375
-0.78125
-0.71875
-0.65625
-0.59375
-0.53125
-0.46875
-0.40625
-0.34375
-0.28125
-0.25
-0.21875
-0.1875
-0.15625
-0.125
-0.09375
-0.0625
-0.03125
0
0.03125
0.0625
0.09375
0.125
0.15625
0.1875
0.21875
0.234375
0.25
0.265625
0.28125
0.296875
0.3125
0.328125
0.34375
0.359375
0.375
0.390625
0.40625
0.421875
0.4375
0.453125
0.46875
0.484375
0.5
0.515625
0.53125
0.546875
0.5625
0.578125
0.59375
0.6015625
0.609375
0.6171875
0.625
0.6328125
0.640625
0.6484375
0.65625
0.6640625
0.671875
0.6796875
0.6875
0.69140625
0.6953125
0.69921875
0.703125
0.70703125
0.7109375
0.712890625
0.71484375
0.716796875
0.7177734375
0.718505859375
0.71868896484375
0.75
0.750244140625
0.7509765625
0.751953125
0.75390625
0.755859375
0.7578125
0.76171875
0.765625
0.76953125
0.7734375
0.77734375
0.78125
0.7890625
0.796875
0.8046875
0.8125
0.8203125
0.828125
0.8359375
0.84375
0.8515625
0.859375
0.8671875
0.875
0.890625
0.90625
0.921875
0.9375
0.953125
0.96875
0.984375
1
1.015625
1.03125
1.046875
1.0625
1.078125
1.09375
1.109375
1.125
1.140625
1.15625
1.171875
1.1875
1.203125
1.21875
1.234375
1.25
1.28125
1.3125
1.34375
1.375
1.40625
1.4375
1.46875
1.5
1.53125
1.5625
1.59375
1.625
1.65625
1.6875
1.71875
1.75
1.8125
1.875
1.9375
2
2.0625
2.125
2.1875
2.25
2.3125
2.375
2.4375
2.5
2.5625
2.625
2.6875
2.75
2.875
3
3.125
3.25
3.375
3.5
3.625
3.75
3.875
4
4.125
4.25
4.375
4.5
4.625
4.75
5.25
5.75
6.25
6.75
7.25
7.75
8.25
8.75
9.75
10.75
11.75
12.75
13.75
14.75
15.75
16.75
20.75
24.75
28.75
32.75
40.75
48.75
56.75
64.75
96.75
128.75
192.75
256.75
512.75
1024.75
4096.75
-4095.25
-1023.25
-511.25
-255.25
-191.25
-127.25
-95.25
-63.25
-55.25
-47.25
-39.25
-31.25
-27.25
-23.25
-19.25
-15.25
-14.25
-13.25
-12.25
-11.25
-10.25
-9.25
-8.25
-7.25
-6.75
-6.25
-5.75
-5.25
-4.75
-4.25
-3.75
-3.25
-3.125
-3
-2.875
-2.75
-2.625
-2.5
-2.375
-2.25
-2.125
-2
-1.875
-1.75
-1.625
-1.5
-1.375
-1.25
-1.1875
-1.125
-1.0625
-1
-0.9375
-0.875
-0.8125
-0.75
-0.6875
-0.625
-0.5625
-0.5
-0.4375
-0.375
-0.3125
-0.25
-0.21875
-0.1875
-0.15625
-0.125
-0.09375
-0.0625
-0.03125
0
0.03125
0.0625
0.09375
0.125
0.15625
0.1875
0.21875
0.25
0.265625
0.28125
0.296875
0.3125
0.328125
0.34375
0.359375
0.375
0.390625
0.40625
0.421875
0.4375
0.453125
0.46875
0.484375
0.5
0.515625
0.53125
0.546875
0.5625
0.578125
0.59375
0.609375
0.625
0.6328125
0.640625
0.6484375
0.65625
0.6640625
0.671875
0.6796875
0.6875
0.6953125
0.703125
0.7109375
0.71875
0.72265625
0.7265625
0.73046875
0.734375
0.73828125
0.7421875
0.744140625
0.74609375
0.748046875
0.7490234375
0.749755859375
0.74993896484375
0.78125
0.781494140625
0.7822265625
0.783203125
0.78515625
0.787109375
0.7890625
0.79296875
0.796875
0.80078125
0.8046875
0.80859375
0.8125
0.8203125
0.828125
0.8359375
0.84375
0.8515625
0.859375
0.8671875
0.875
0.8828125
0.890625
0.8984375
0.90625
0.921875
0.9375
0.953125
0.96875
0.984375
1
1.015625
1.03125
1.046875
1.0625
1.078125
1.09375
1.109375
1.125
1.140625
1.15625
1.171875
1.1875
1.203125
1.21875
1.234375
1.25
1.265625
1.28125
1.3125
1.34375
1.375
1.40625
1.4375
1.46875
1.5
1.53125
1.5625
1.59375
1.625
1.65625
1.6875
1.71875
1.75
1.78125
1.84375
1.90625
1.96875
2.03125
2.09375
2.15625
2.21875
2.28125
2.34375
2.40625
2.46875
2.53125
2.59375
2.65625
2.71875
2.78125
2.90625
3.03125
3.15625
3.28125
3.40625
3.53125
3.65625
3.78125
3.90625
4.03125
4.15625
4.28125
4.40625
4.53125
4.65625
4.78125
5.28125
5.78125
6.28125
6.78125
7.28125
7.78125
8.28125
8.78125
9.78125
10.78125
11.78125
12.78125
13.78125
14.78125
15.78125
16.78125
20.78125
24.78125
28.78125
32.78125
40.78125
48.78125
56.78125
64.78125
96.78125
128.78125
192.78125
256.78125
512.78125
1024.78125
4096.78125
-4095.21875
-1023.21875
-511.21875
-255.21875
-191.21875
-127.21875
-95.21875
-63.21875
-55.21875
-47.21875
-39.21875
-31.21875
-27.21875
-23.21875
-19.21875
-15.21875
-14.21875
-13.21875
-12.21875
-11.21875
-10.21875
-9.21875
-8.21875
-7.21875
-6.71875
-6.21875
-5.71875
-5.21875
-4.71875
-4.21875
-3.71875
-3.21875
-3.09375
-2.96875
-2.84375
-2.71875
-2.59375
-2.46875
-2.34375
-2.21875
-2.09375
-1.96875
-1.84375
-1.71875
-1.59375
-1.46875
-1.34375
-1.21875
-1.15625
-1.09375
-1.03125
-0.96875
-0.90625
-0.84375
-0.78125
-0.71875
-0.65625
-0.59375
-0.53125
-0.46875
-0.40625
-0.34375
-0.28125
-0.21875
-0.1875
-0.15625
-0.125
-0.09375
-0.0625
-0.03125
0
0.03125
0.0625
0.09375
0.125
0.15625
0.1875
0.21875
0.25
0.28125
0.296875
0.3125
0.328125
0.34375
0.359375
0.375
0.390625
0.40625
0.421875
0.4375
0.453125
0.46875
0.484375
0.5
0.515625
0.53125
0.546875
0.5625
0.578125
0.59375
0.609375
0.625
0.640625
0.65625
0.6640625
0.671875
0.6796875
0.6875
0.6953125
0.703125
0.7109375
0.71875
0.7265625
0.734375
0.7421875
0.75
0.75390625
0.7578125
0.76171875
0.765625
0.76953125
0.7734375
0.775390625
0.77734375
0.779296875
0.7802734375
0.781005859375
0.78118896484375
0.8125
0.812744140625
0.8134765625
0.814453125
0.81640625
0.818359375
0.8203125
0.82421875
0.828125
0.83203125
0.8359375
0.83984375
0.84375
0.8515625
0.859375
0.8671875
0.875
0.8828125
0.890625
0.8984375
0.90625
0.9140625
0.921875
0.9296875
0.9375
0.953125
0.96875
0.984375
1
1.015625
1.03125
1.046875
1.0625
1.078125
1.09375
1.109375
1.125
1.140625
1.15625
1.171875
1.1875
1.203125
1.21875
1.234375
1.25
1.265625
1.28125
1.296875
1.3125
1.34375
1.375
1.40625
1.4375
1.46875
1.5
1.53125
1.5625
1.59375
1.625
1.65625
1.6875
1.71875
1.75
1.78125
1.8125
1.875
1.9375
2
2.0625
2.125
2.1875
2.25
2.3125
2.375
2.4375
2.5
2.5625
2.625
2.6875
2.75
2.8125
2.9375
3.0625
3.1875
3.3125
3.4375
3.5625
3.6875
3.8125
3.9375
4.0625
4.1875
4.3125
4.4375
4.5625
4.6875
4.8125
5.3125
5.8125
6.3125
6.8125
7.3125
7.8125
8.3125
8.8125
9.8125
10.8125
11.8125
12.8125
13.8125
14.8125
15.8125
16.8125
20.8125
24.8125
28.8125
32.8125
40.8125
48.8125
56.8125
64.8125
96.8125
128.8125
192.8125
256.8125
512.8125
1024.8125
4096.8125
-4095.1875
-1023.1875
-511.1875
-255.1875
-191.1875
-127.1875
-95.1875
-63.1875
-55.1875
-47.1875
-39.1875
-31.1875
-27.1875
-23.1875
-19.1875
-15.1875
-14.1875
-13.1875
-12.1875
-11.1875
-10.1875
-9.1875
-8.1875
-7.1875
-6.6875
-6.1875
-5.6875
-5.1875
-4.6875
-4.1875
-3.6875
-3.1875
-3.0625
-2.9375
-2.8125
-2.6875
-2.5625
-2.4375
-2.3125
-2.1875
-2.0625
-1.9375
-1.8125
-1.6875
-1.5625
-1.4375
-1.3125
-1.1875
-1.125
-1.0625
-1
-0.9375
-0.875
-0.8125
-0.75
-0.6875
-0.625
-0.5625
-0.5
-0.4375
-0.375
-0.3125
-0.25
-0.1875
-0.15625
-0.125
-0.09375
-0.0625
-0.03125
0
0.03125
0.0625
0.09375
0.125
0.15625
0.1875
0.21875
0.25
0.28125
0.3125
0.328125
0.34375
0.359375
0.375
0.390625
0.40625
0.421875
0.4375
0.453125
0.46875
0.484375
0.5
0.515625
0.53125
0.546875
0.5625
0.578125
0.59375
0.609375
0.625
0.640625
0.65625
0.671875
0.6875
0.6953125
0.703125
0.7109375
0.71875
0.7265625
0.734375
0.7421875
0.75
0.7578125
0.765625
0.7734375
0.78125
0.78515625
0.7890625
0.79296875
0.796875
0.80078125
0.8046875
0.806640625
0.80859375
0.810546875
0.8115234375
0.812255859375
0.81243896484375
0.84375
0.843994140625
0.8447265625
0.845703125
0.84765625
0.849609375
0.8515625
0.85546875
0.859375
0.86328125
0.8671875
0.87109375
0.875
0.8828125
0.890625
0.8984375
0.90625
0.9140625
0.921875
0.9296875
0.9375
0.9453125
0.953125
0.9609375
0.96875
0.984375
1
1.015625
1.03125
1.046875
1.0625
1.078125
1.09375
1.109375
1.125
1.140625
1.15625
1.171875
1.1875
1.203125
1.21875
1.234375
1.25
1.265625
1.28125
1.296875
1.3125
1.328125
1.34375
1.375
1.40625
1.4375
1.46875
1.5
1.53125
1.5625
1.59375
1.625
1.65625
1.6875
1.71875
1.75
1.78125
1.8125
1.84375
1.90625
1.96875
2.03125
2.09375
2.15625
2.21875
2.28125
2.34375
2.40625
2.46875
2.53125
2.59375
2.65625
2.71875
2.78125
2.84375
2.96875
3.09375
3.21875
3.34375
3.46875
3.59375
3.71875
3.84375
3.96875
4.09375
4.21875
4.34375
4.46875
4.59375
4.71875
4.84375
5.34375
5.84375
6.34375
6.84375
7.34375
7.84375
8.34375
8.84375
9.84375
10.84375
11.84375
12.84375
13.84375
14.84375
15.84375
16.84375
20.84375
24.84375
28.84375
32.84375
40.84375
48.84375
56.84375
64.84375
96.84375
128.84375
192.84375
256.84375
512.84375
1024.84375
4096.84375
-4095.15625
-1023.15625
-511.15625
-255.15625
-191.15625
-127.15625
-95.15625
-63.15625
-55.15625
-47.15625
-39.15625
-31.15625
-27.15625
-23.15625
-19.15625
-15.15625
-14.15625
-13.15625
-12.15625
-11.15625
-10.15625
-9.15625
-8.15625
-7.15625
-6.65625
-6.15625
-5.65625
-5.15625
-4.65625
-4.15625
-3.65625
-3.15625
-3.03125
-2.90625
-2.78125
-2.65625
-2.53125
-2.40625
-2.28125
-2.15625
-2.03125
-1.90625
-1.78125
-1.65625
-1.53125
-1.40625
-1.28125
-1.15625
-1.09375
-1.03125
-0.96875
-0.90625
-0.84375
-0.78125
-0.71875
-0.65625
-0.59375
-0.53125
-0.46875
-0.40625
-0.34375
-0.28125
-0.21875
-0.15625
-0.125
-0.09375
-0.0625
-0.03125
0
0.03125
0.0625
0.09375
0.125
0.15625
0.1875
0.21875
0.25
0.28125
0.3125
0.34375
0.359375
0.375
0.390625
0.40625
0.421875
0.4375
0.453125
0.46875
0.484375
0.5
0.515625
0.53125
0.546875
0.5625
0.578125
0.59375
0.609375
0.625
0.640625
0.65625
0.671875
0.6875
0.703125
0.71875
0.7265625
0.734375
0.7421875
0.75
0.7578125
0.765625
0.7734375
0.78125
0.7890625
0.796875
0.8046875
0.8125
0.81640625
0.8203125
0.82421875
0.828125
0.83203125
0.8359375
0.837890625
0.83984375
0.841796875
0.8427734375
0.843505859375
0.84368896484375
0.875
0.875244140625
0.8759765625
0.876953125
0.87890625
0.880859375
0.8828125
0.88671875
0.890625
0.89453125
0.8984375
0.90234375
0.90625
0.9140625
0.921875
0.9296875
0.9375
0.9453125
0.953125
0.9609375
0.96875
0.9765625
0.984375
0.9921875
1
1.015625
1.03125
1.046875
1.0625
1.078125
1.09375
1.109375
1.125
1.140625
1.15625
1.171875
1.1875
1.203125
1.21875
1.234375
1.25
1.265625
1.28125
1.296875
1.3125
1.328125
1.34375
1.359375
1.375
1.40625
1.4375
1.46875
1.5
1.53125
1.5625
1.59375
1.625
1.65625
1.6875
1.71875
1.75
1.78125
1.8125
1.84375
1.875
1.9375
2
2.0625
2.125
2.1875
2.25
2.3125
2.375
2.4375
2.5
2.5625
2.625
2.6875
2.75
2.8125
2.875
3
3.125
3.25
3.375
3.5
3.625
3.75
3.875
4
4.125
4.25
4.375
4.5
4.625
4.75
4.875
5.375
5.875
6.375
6.875
7.375
7.875
8.375
8.875
9.875
10.875
11.875
12.875
13.875
14.875
15.875
16.875
20.875
24.875
28.875
32.875
40.875
48.875
56.875
64.875
96.875
128.875
192.875
256.875
512.875
1024.875
4096.875
-4095.125
-1023.125
-511.125
-255.125
-191.125
-127.125
-95.125
-63.125
-55.125
-47.125
-39.125
-31.125
-27.125
-23.125
-19.125
-15.125
-14.125
-13.125
-12.125
-11.125
-10.125
-9.125
-8.125
-7.125
-6.625
-6.125
-5.625
-5.125
-4.625
-4.125
-3.625
-3.125
-3
-2.875
-2.75
-2.625
-2.5
-2.375
-2.25
-2.125
-2
-1.875
-1.75
-1.625
-1.5
-1.375
-1.25
-1.125
-1.0625
-1
-0.9375
-0.875
-0.8125
-0.75
-0.6875
-0.625
-0.5625
-0.5
-0.4375
-0.375
-0.3125
-0.25
-0.1875
-0.125
-0.09375
-0.0625
-0.03125
0
0.03125
0.0625
0.09375
0.125
0.15625
0.1875
0.21875
0.25
0.28125
0.3125
0.34375
0.375
0.390625
0.40625
0.421875
0.4375
0.453125
0.46875
0.484375
0.5
0.515625
0.53125
0.546875
0.5625
0.578125
0.59375
0.609375
0.625
0.640625
0.65625
0.671875
0.6875
0.703125
0.71875
0.734375
0.75
0.7578125
0.765625
0.7734375
0.78125
0.7890625
0.796875
0.8046875
0.8125
0.8203125
0.828125
0.8359375
0.84375
0.84765625
0.8515625
0.85546875
0.859375
0.86328125
0.8671875
0.869140625
0.87109375
0.873046875
0.8740234375
0.874755859375
0.87493896484375
0.90625
0.906494140625
0.9072265625
0.908203125
0.91015625
0.912109375
0.9140625
0.91796875
0.921875
0.92578125
0.9296875
0.93359375
0.9375
0.9453125
0.953125
0.9609375
0.96875
0.9765625
0.984375
0.9921875
1
1.0078125
1.015625
1.0234375
1.03125
1.046875
1.0625
1.078125
1.09375
1.109375
1.125
1.140625
1.15625
1.171875
1.1875
1.203125
1.21875
1.234375
1.25
1.265625
1.28125
1.296875
1.3125
1.328125
1.34375
1.359375
1.375
1.390625
1.40625
1.4375
1.46875
1.5
1.53125
1.5625
1.59375
1.625
1.65625
1.6875
1.71875
1.75
1.78125
1.8125
1.84375
1.875
1.90625
1.96875
2.03125
2.09375
2.15625
2.21875
2.28125
2.34375
2.40625
2.46875
2.53125
2.59375
2.65625
2.71875
2.78125
2.84375
2.90625
3.03125
3.15625
3.28125
3.40625
3.53125
3.65625
3.78125
3.90625
4.03125
4.15625
4.28125
4.40625
4.53125
4.65625
4.78125
4.90625
5.40625
5.90625
6.40625
6.90625
7.40625
7.90625
8.40625
8.90625
9.90625
10.90625
11.90625
12.90625
13.90625
14.90625
15.90625
16.90625
20.90625
24.90625
28.90625
32.90625
40.90625
48.90625
56.90625
64.90625
96.90625
128.90625
192.90625
256.90625
512.90625
1024.90625
4096.90625
-4095.09375
-1023.09375
-511.09375
-255.09375
-191.09375
-127.09375
-95.09375
-63.09375
-55.09375
-47.09375
-39.09375
-31.09375
-27.09375
-23.09375
-19.09375
-15.09375
-14.09375
-13.09375
-12.09375
-11.09375
-10.09375
-9.09375
-8.09375
-7.09375
-6.59375
-6.09375
-5.59375
-5.09375
-4.59375
-4.09375
-3.59375
-3.09375
-2.96875
-2.84375
-2.71875
-2.59375
-2.46875
-2.34375
-2.21875
-2.09375
-1.96875
-1.84375
-1.71875
-1.59375
-1.46875
-1.34375
-1.21875
-1.09375
-1.03125
-0.96875
-0.90625
-0.84375
-0.78125
-0.71875
-0.65625
-0.59375
-0.53125
-0.46875
-0.40625
-0.34375
-0.28125
-0.21875
-0.15625
-0.09375
-0.0625
-0.03125
0
0.03125
0.0625
0.09375
0.125
0.15625
0.1875
0.21875
0.25
0.28125
0.3125
0.34375
0.375
0.40625
0.421875
0.4375
0.453125
0.46875
0.484375
0.5
0.515625
0.53125
0.546875
0.5625
0.578125
0.59375
0.609375
0.625
0.640625
0.65625
0.671875
0.6875
0.703125
0.71875
0.734375
0.75
0.765625
0.78125
0.7890625
0.796875
0.8046875
0.8125
0.8203125
0.828125
0.8359375
0.84375
0.8515625
0.859375
0.8671875
0.875
0.87890625
0.8828125
0.88671875
0.890625
0.89453125
0.8984375
0.900390625
0.90234375
0.904296875
0.9052734375
0.906005859375
0.90618896484375
0.9375
0.937744140625
0.9384765625
0.939453125
0.94140625
0.943359375
0.9453125
0.94921875
0.953125
0.95703125
0.9609375
0.96484375
0.96875
0.9765625
0.984375
0.9921875
1
1.0078125
1.015625
1.0234375
1.03125
1.0390625
1.046875
1.0546875
1.0625
1.078125
1.09375
1.109375
1.125
1.140625
1.15625
1.171875
1.1875
1.203125
1.21875
1.234375
1.25
1.265625
1.28125
1.296875
1.3125
1.328125
1.34375
1.359375
1.375
1.390625
1.40625
1.421875
1.4375
1.46875
1.5
1.53125
1.5625
1.59375
1.625
1.65625
1.6875
1.71875
1.75
1.78125
1.8125
1.84375
1.875
1.90625
1.9375
2
2.0625
2.125
2.1875
2.25
2.3125
2.375
2.4375
2.5
2.5625
2.625
2.6875
2.75
2.8125
2.875
2.9375
3.0625
3.1875
3.3125
3.4375
3.5625
3.6875
3.8125
3.9375
4.0625
4.1875
4.3125
4.4375
4.5625
4.6875
4.8125
4.9375
5.4375
5.9375
6.4375
6.9375
7.4375
7.9375
8.4375
8.9375
9.9375
10.9375
11.9375
12.9375
13.9375
14.9375
15.9375
16.9375
20.9375
24.9375
28.9375
32.9375
40.9375
48.9375
56.9375
64.9375
96.9375
128.9375
192.9375
256.9375
512.9375
1024.9375
4096.9375
-4095.0625
-1023.0625
-511.0625
-255.0625
-191.0625
-127.0625
-95.0625
-63.0625
-55.0625
-47.0625
-39.0625
-31.0625
-27.0625
-23.0625
-19.0625
-15.0625
-14.0625
-13.0625
-12.0625
-11.0625
-10.0625
-9.0625
-8.0625
-7.0625
-6.5625
-6.0625
-5.5625
-5.0625
-4.5625
-4.0625
-3.5625
-3.0625
-2.9375
-2.8125
-2.6875
-2.5625
-2.4375
-2.3125
-2.1875
-2.0625
-1.9375
-1.8125
-1.6875
-1.5625
-1.4375
-1.3125
-1.1875
-1.0625
-1
-0.9375
-0.875
-0.8125
-0.75
-0.6875
-0.625
-0.5625
-0.5
-0.4375
-0.375
-0.3125
-0.25
-0.1875
-0.125
-0.0625
-0.03125
0
0.03125
0.0625
0.09375
0.125
0.15625
0.1875
0.21875
0.25
0.28125
0.3125
0.34375
0.375
0.40625
0.4375
0.453125
0.46875
0.484375
0.5
0.515625
0.53125
0.546875
0.5625
0.578125
0.59375
0.609375
0.625
0.640625
0.65625
0.671875
0.6875
0.703125
0.71875
0.734375
0.75
0.765625
0.78125
0.796875
0.8125
0.8203125
0.828125
0.8359375
0.84375
0.8515625
0.859375
0.8671875
0.875
0.8828125
0.890625
0.8984375
0.90625
0.91015625
0.9140625
0.91796875
0.921875
0.92578125
0.9296875
0.931640625
0.93359375
0.935546875
0.9365234375
0.937255859375
0.93743896484375
0.96875
0.968994140625
0.9697265625
0.970703125
0.97265625
0.974609375
0.9765625
0.98046875
0.984375
0.98828125
0.9921875
0.99609375
1
1.0078125
1.015625
1.0234375
1.03125
1.0390625
1.046875
1.0546875
1.0625
1.0703125
1.078125
1.0859375
1.09375
1.109375
1.125
1.140625
1.15625
1.171875
1.1875
1.203125
1.21875
1.234375
1.25
1.265625
1.28125
1.296875
1.3125
1.328125
1.34375
1.359375
1.375
1.390625
1.40625
1.421875
1.4375
1.453125
1.46875
1.5
1.53125
1.5625
1.59375
1.625
1.65625
1.6875
1.71875
1.75
1.78125
1.8125
1.84375
1.875
1.90625
1.9375
1.96875
2.03125
2.09375
2.15625
2.21875
2.28125
2.34375
2.40625
2.46875
2.53125
2.59375
2.65625
2.71875
2.78125
2.84375
2.90625
2.96875
3.09375
3.21875
3.34375
3.46875
3.59375
3.71875
3.84375
3.96875
4.09375
4.21875
4.34375
4.46875
4.59375
4.71875
4.84375
4.96875
5.46875
5.96875
6.46875
6.96875
7.46875
7.96875
8.46875
8.96875
9.96875
10.96875
11.96875
12.96875
13.96875
14.96875
15.96875
16.96875
20.96875
24.96875
28.96875
32.96875
40.96875
48.96875
56.96875
64.96875
96.96875
128.96875
192.96875
256.96875
512.96875
1024.96875
4096.96875
-4095.03125
-1023.03125
-511.03125
-255.03125
-191.03125
-127.03125
-95.03125
-63.03125
-55.03125
-47.03125
-39.03125
-31.03125
-27.03125
-23.03125
-19.03125
-15.03125
-14.03125
-13.03125
-12.03125
-11.03125
-10.03125
-9.03125
-8.03125
-7.03125
-6.53125
-6.03125
-5.53125
-5.03125
-4.53125
-4.03125
-3.53125
-3.03125
-2.90625
-2.78125
-2.65625
-2.53125
-2.40625
-2.28125
-2.15625
-2.03125
-1.90625
-1.78125
-1.65625
-1.53125
-1.40625
-1.28125
-1.15625
-1.03125
-0.96875
-0.90625
-0.84375
-0.78125
-0.71875
-0.65625
-0.59375
-0.53125
-0.46875
-0.40625
-0.34375
-0.28125
-0.21875
-0.15625
-0.09375
-0.03125
0
0.03125
0.0625
0.09375
0.125
0.15625
0.1875
0.21875
0.25
0.28125
0.3125
0.34375
0.375
0.40625
0.4375
0.46875
0.484375
0.5
0.515625
0.53125
0.546875
0.5625
0.578125
0.59375
0.609375
0.625
0.640625
0.65625
0.671875
0.6875
0.703125
0.71875
0.734375
0.75
0.765625
0.78125
0.796875
0.8125
0.828125
0.84375
0.8515625
0.859375
0.8671875
0.875
0.8828125
0.890625
0.8984375
0.90625
0.9140625
0.921875
0.9296875
0.9375
0.94140625
0.9453125
0.94921875
0.953125
0.95703125
0.9609375
0.962890625
0.96484375
0.966796875
0.9677734375
0.968505859375
0.96868896484375
1
1.000244140625
1.0009765625
1.001953125
1.00390625
1.005859375
1.0078125
1.01171875
1.015625
1.01953125
1.0234375
1.02734375
1.03125
1.0390625
1.046875
1.0546875
1.0625
1.0703125
1.078125
1.0859375
1.09375
1.1015625
1.109375
1.1171875
1.125
1.140625
1.15625
1.171875
1.1875
1.203125
1.21875
1.234375
1.25
1.265625
1.28125
1.296875
1.3125
1.328125
1.34375
1.359375
1.375
1.390625
1.40625
1.421875
1.4375
1.453125
1.46875
1.484375
1.5
1.53125
1.5625
1.59375
1.625
1.65625
1.6875
1.71875
1.75
1.78125
1.8125
1.84375
1.875
1.90625
1.9375
1.96875
2
2.0625
2.125
2.1875
2.25
2.3125
2.375
2.4375
2.5
2.5625
2.625
2.6875
2.75
2.8125
2.875
2.9375
3
3.125
3.25
3.375
3.5
3.625
3.75
3.875
4
4.125
4.25
4.375
4.5
4.625
4.75
4.875
5
5.5
6
6.5
7
7.5
8
8.5
9
10
11
12
13
14
15
16
17
21
25
29
33
41
49
57
65
97
129
193
257
513
1025
4097
-4095
-1023
-511
-255
-191
-127
-95
-63
-55
-47
-39
-31
-27
-23
-19
-15
-14
-13
-12
-11
-10
-9
-8
-7
-6.5
-6
-5.5
-5
-4.5
-4
-3.5
-3
-2.875
-2.75
-2.625
-2.5
-2.375
-2.25
-2.125
-2
-1.875
-1.75
-1.625
-1.5
-1.375
-1.25
-1.125
-1
-0.9375
-0.875
-0.8125
-0.75
-0.6875
-0.625
-0.5625
-0.5
-0.4375
-0.375
-0.3125
-0.25
-0.1875
-0.125
-0.0625
0
0.03125
0.0625
0.09375
0.125
0.15625
0.1875
0.21875
0.25
0.28125
0.3125
0.34375
0.375
0.40625
0.4375
0.46875
0.5
0.515625
0.53125
0.546875
0.5625
0.578125
0.59375
0.609375
0.625
0.640625
0.65625
0.671875
0.6875
0.703125
0.71875
0.734375
0.75
0.765625
0.78125
0.796875
0.8125
0.828125
0.84375
0.859375
0.875
0.8828125
0.890625
0.8984375
0.90625
0.9140625
0.921875
0.9296875
0.9375
0.9453125
0.953125
0.9609375
0.96875
0.97265625
0.9765625
0.98046875
0.984375
0.98828125
0.9921875
0.994140625
0.99609375
0.998046875
0.9990234375
0.999755859375
0.99993896484375
1.0625
1.062744140625
1.0634765625
1.064453125
1.06640625
1.068359375
1.0703125
1.07421875
1.078125
1.08203125
1.0859375
1.08984375
1.09375
1.1015625
1.109375
1.1171875
1.125
1.1328125
1.140625
1.1484375
1.15625
1.1640625
1.171875
1.1796875
1.1875
1.203125
1.21875
1.234375
1.25
1.265625
1.28125
1.296875
1.3125
1.328125
1.34375
1.359375
1.375
1.390625
1.40625
1.421875
1.4375
1.453125
1.46875
1.484375
1.5
1.515625
1.53125
1.546875
1.5625
1.59375
1.625
1.65625
1.6875
1.71875
1.75
1.78125
1.8125
1.84375
1.875
1.90625
1.9375
1.96875
2
2.03125
2.0625
2.125
2.1875
2.25
2.3125
2.375
2.4375
2.5
2.5625
2.625
2.6875
2.75
2.8125
2.875
2.9375
3
3.0625
3.1875
3.3125
3.4375
3.5625
3.6875
3.8125
3.9375
4.0625
4.1875
4.3125
4.4375
4.5625
4.6875
4.8125
4.9375
5.0625
5.5625
6.0625
6.5625
7.0625
7.5625
8.0625
8.5625
9.0625
10.0625
11.0625
12.0625
13.0625
14.0625
15.0625
16.0625
17.0625
21.0625
25.0625
29.0625
33.0625
41.0625
49.0625
57.0625
65.0625
97.0625
129.0625
193.0625
257.0625
513.0625
1025.0625
4097.0625
-4094.9375
-1022.9375
-510.9375
-254.9375
-190.9375
-126.9375
-94.9375
-62.9375
-54.9375
-46.9375
-38.9375
-30.9375
-26.9375
-22.9375
-18.9375
-14.9375
-13.9375
-12.9375
-11.9375
-10.9375
-9.9375
-8.9375
-7.9375
-6.9375
-6.4375
-5.9375
-5.4375
-4.9375
-4.4375
-3.9375
-3.4375
-2.9375
-2.8125
-2.6875
-2.5625
-2.4375
-2.3125
-2.1875
-2.0625
-1.9375
-1.8125
-1.6875
-1.5625
-1.4375
-1.3125
-1.1875
-1.0625
-0.9375
-0.875
-0.8125
-0.75
-0.6875
-0.625
-0.5625
-0.5
-0.4375
-0.375
-0.3125
-0.25
-0.1875
-0.125
-0.0625
0
0.0625
0.09375
0.125
0.15625
0.1875
0.21875
0.25
0.28125
0.3125
0.34375
0.375
0.40625
0.4375
0.46875
0.5
0.53125
0.5625
0.578125
0.59375
0.609375
0.625
0.640625
0.65625
0.671875
0.6875
0.703125
0.71875
0.734375
0.75
0.765625
0.78125
0.796875
0.8125
0.828125
0.84375
0.859375
0.875
0.890625
0.90625
0.921875
0.9375
0.9453125
0.953125
0.9609375
0.96875
0.9765625
0.984375
0.9921875
1
1.0078125
1.015625
1.0234375
1.03125
1.03515625
1.0390625
1.04296875
1.046875
1.05078125
1.0546875
1.056640625
1.05859375
1.060546875
1.0615234375
1.062255859375
1.06243896484375
1.125
1.125244140625
1.1259765625
1.126953125
1.12890625
1.130859375
1.1328125
1.13671875
1.140625
1.14453125
1.1484375
1.15234375
1.15625
1.1640625
1.171875
1.1796875
1.1875
1.1953125
1.203125
1.2109375
1.21875
1.2265625
1.234375
1.2421875
1.25
1.265625
1.28125
1.296875
1.3125
1.328125
1.34375
1.359375
1.375
1.390625
1.40625
1.421875
1.4375
1.453125
1.46875
1.484375
1.5
1.515625
1.53125
1.546875
1.5625
1.578125
1.59375
1.609375
1.625
1.65625
1.6875
1.71875
1.75
1.78125
1.8125
1.84375
1.875
1.90625
1.9375
1.96875
2
2.03125
2.0625
2.09375
2.125
2.1875
2.25
2.3125
2.375
2.4375
2.5
2.5625
2.625
2.6875
2.75
2.8125
2.875
2.9375
3
3.0625
3.125
3.25
3.375
3.5
3.625
3.75
3.875
4
4.125
4.25
4.375
4.5
4.625
4.75
4.875
5
5.125
5.625
6.125
6.625
7.125
7.625
8.125
8.625
9.125
10.125
11.125
12.125
13.125
14.125
15.125
16.125
17.125
21.125
25.125
29.125
33.125
41.125
49.125
57.125
65.125
97.125
129.125
193.125
257.125
513.125
1025.125
4097.125
-4094.875
-1022.875
-510.875
-254.875
-190.875
-126.875
-94.875
-62.875
-54.875
-46.875
-38.875
-30.875
-26.875
-22.875
-18.875
-14.875
-13.875
-12.875
-11.875
-10.875
-9.875
-8.875
-7.875
-6.875
-6.375
-5.875
-5.375
-4.875
-4.375
-3.875
-3.375
-2.875
-2.75
-2.625
-2.5
-2.375
-2.25
-2.125
-2
-1.875
-1.75
-1.625
-1.5
-1.375
-1.25
-1.125
-1
-0.875
-0.8125
-0.75
-0.6875
-0.625
-0.5625
-0.5
-0.4375
-0.375
-0.3125
-0.25
-0.1875
-0.125
-0.0625
0
0.0625
0.125
0.15625
0.1875
0.21875
0.25
0.28125
0.3125
0.34375
0.375
0.40625
0.4375
0.46875
0.5
0.53125
0.5625
0.59375
0.625
0.640625
0.65625
0.671875
0.6875
0.703125
0.71875
0.734375
0.75
0.765625
0.78125
0.796875
0.8125
0.828125
0.84375
0.859375
0.875
0.890625
0.90625
0.921875
0.9375
0.953125
0.96875
0.984375
1
1.0078125
1.015625
1.0234375
1.03125
1.0390625
1.046875
1.0546875
1.0625
1.0703125
1.078125
1.0859375
1.09375
1.09765625
1.1015625
1.10546875
1.109375
1.11328125
1.1171875
1.119140625
1.12109375
1.123046875
1.1240234375
1.124755859375
1.12493896484375
1.1875
1.187744140625
1.1884765625
1.189453125
1.19140625
1.193359375
1.1953125
1.19921875
1.203125
1.20703125
1.2109375
1.21484375
1.21875
1.2265625
1.234375
1.2421875
1.25
1.2578125
1.265625
1.2734375
1.28125
1.2890625
1.296875
1.3046875
1.3125
1.328125
1.34375
1.359375
1.375
1.390625
1.40625
1.421875
1.4375
1.453125
1.46875
1.484375
1.5
1.515625
1.53125
1.546875
1.5625
1.578125
1.59375
1.609375
1.625
1.640625
1.65625
1.671875
1.6875
1.71875
1.75
1.78125
1.8125
1.84375
1.875
1.90625
1.9375
1.96875
2
2.03125
2.0625
2.09375
2.125
2.15625
2.1875
2.25
2.3125
2.375
2.4375
2.5
2.5625
2.625
2.6875
2.75
2.8125
2.875
2.9375
3
3.0625
3.125
3.1875
3.3125
3.4375
3.5625
3.6875
3.8125
3.9375
4.0625
4.1875
4.3125
4.4375
4.5625
4.6875
4.8125
4.9375
5.0625
5.1875
5.6875
6.1875
6.6875
7.1875
7.6875
8.1875
8.6875
9.1875
10.1875
11.1875
12.1875
13.1875
14.1875
15.1875
16.1875
17.1875
21.1875
25.1875
29.1875
33.1875
41.1875
49.1875
57.1875
65.1875
97.1875
129.1875
193.1875
257.1875
513.1875
1025.1875
4097.1875
-4094.8125
-1022.8125
-510.8125
-254.8125
-190.8125
-126.8125
-94.8125
-62.8125
-54.8125
-46.8125
-38.8125
-30.8125
-26.8125
-22.8125
-18.8125
-14.8125
-13.8125
-12.8125
-11.8125
-10.8125
-9.8125
-8.8125
-7.8125
-6.8125
-6.3125
-5.8125
-5.3125
-4.8125
-4.3125
-3.8125
-3.3125
-2.8125
-2.6875
-2.5625
-2.4375
-2.3125
-2.1875
-2.0625
-1.9375
-1.8125
-1.6875
-1.5625
-1.4375
-1.3125
-1.1875
-1.0625
-0.9375
-0.8125
-0.75
-0.6875
-0.625
-0.5625
-0.5
-0.4375
-0.375
-0.3125
-0.25
-0.1875
-0.125
-0.0625
0
0.0625
0.125
0.1875
0.21875
0.25
0.28125
0.3125
0.34375
0.375
0.40625
0.4375
0.46875
0.5
0.53125
0.5625
0.59375
0.625
0.65625
0.6875
0.703125
0.71875
0.734375
0.75
0.765625
0.78125
0.796875
0.8125
0.828125
0.84375
0.859375
0.875
0.890625
0.90625
0.921875
0.9375
0.953125
0.96875
0.984375
1
1.015625
1.03125
1.046875
1.0625
1.0703125
1.078125
1.0859375
1.09375
1.1015625
1.109375
1.1171875
1.125
1.1328125
1.140625
1.1484375
1.15625
1.16015625
1.1640625
1.16796875
1.171875
1.17578125
1.1796875
1.181640625
1.18359375
1.185546875
1.1865234375
1.187255859375
1.18743896484375
1.25
1.250244140625
1.2509765625
1.251953125
1.25390625
1.255859375
1.2578125
1.26171875
1.265625
1.26953125
1.2734375
1.27734375
1.28125
1.2890625
1.296875
1.3046875
1.3125
1.3203125
1.328125
1.3359375
1.34375
1.3515625
1.359375
1.3671875
1.375
1.390625
1.40625
1.421875
1.4375
1.453125
1.46875
1.484375
1.5
1.515625
1.53125
1.546875
1.5625
1.578125
1.59375
1.609375
1.625
1.640625
1.65625
1.671875
1.6875
1.703125
1.71875
1.734375
1.75
1.78125
1.8125
1.84375
1.875
1.90625
1.9375
1.96875
2
2.03125
2.0625
2.09375
2.125
2.15625
2.1875
2.21875
2.25
2.3125
2.375
2.4375
2.5
2.5625
2.625
2.6875
2.75
2.8125
2.875
2.9375
3
3.0625
3.125
3.1875
3.25
3.375
3.5
3.625
3.75
3.875
4
4.125
4.25
4.375
4.5
4.625
4.75
4.875
5
5.125
5.25
5.75
6.25
6.75
7.25
7.75
8.25
8.75
9.25
10.25
11.25
12.25
13.25
14.25
15.25
16.25
17.25
21.25
25.25
29.25
33.25
41.25
49.25
57.25
65.25
97.25
129.25
193.25
257.25
513.25
1025.25
4097.25
-4094.75
-1022.75
-510.75
-254.75
-190.75
-126.75
-94.75
-62.75
-54.75
-46.75
-38.75
-30.75
-26.75
-22.75
-18.75
-14.75
-13.75
-12.75
-11.75
-10.75
-9.75
-8.75
-7.75
-6.75
-6.25
-5.75
-5.25
-4.75
-4.25
-3.75
-3.25
-2.75
-2.625
-2.5
-2.375
-2.25
-2.125
-2
-1.875
-1.75
-1.625
-1.5
-1.375
-1.25
-1.125
-1
-0.875
-0.75
-0.6875
-0.625
-0.5625
-0.5
-0.4375
-0.375
-0.3125
-0.25
-0.1875
-0.125
-0.0625
0
0.0625
0.125
0.1875
0.25
0.28125
0.3125
0.34375
0.375
0.40625
0.4375
0.46875
0.5
0.53125
0.5625
0.59375
0.625
0.65625
0.6875
0.71875
0.75
0.765625
0.78125
0.796875
0.8125
0.828125
0.84375
0.859375
0.875
0.890625
0.90625
0.921875
0.9375
0.953125
0.96875
0.984375
1
1.015625
1.03125
1.046875
1.0625
1.078125
1.09375
1.109375
1.125
1.1328125
1.140625
1.1484375
1.15625
1.1640625
1.171875
1.1796875
1.1875
1.1953125
1.203125
1.2109375
1.21875
1.22265625
1.2265625
1.23046875
1.234375
1.23828125
1.2421875
1.244140625
1.24609375
1.248046875
1.2490234375
1.249755859375
1.24993896484375
1.3125
1.312744140625
1.3134765625
1.314453125
1.31640625
1.318359375
1.3203125
1.32421875
1.328125
1.33203125
1.3359375
1.33984375
1.34375
1.3515625
1.359375
1.3671875
1.375
1.3828125
1.390625
1.3984375
1.40625
1.4140625
1.421875
1.4296875
1.4375
1.453125
1.46875
1.484375
1.5
1.515625
1.53125
1.546875
1.5625
1.578125
1.59375
1.609375
1.625
1.640625
1.65625
1.671875
1.6875
1.703125
1.71875
1.734375
1.75
1.765625
1.78125
1.796875
1.8125
1.84375
1.875
1.90625
1.9375
1.96875
2
2.03125
2.0625
2.09375
2.125
2.15625
2.1875
2.21875
2.25
2.28125
2.3125
2.375
2.4375
2.5
2.5625
2.625
2.6875
2.75
2.8125
2.875
2.9375
3
3.0625
3.125
3.1875
3.25
3.3125
3.4375
3.5625
3.6875
3.8125
3.9375
4.0625
4.1875
4.3125
4.4375
4.5625
4.6875
4.8125
4.9375
5.0625
5.1875
5.3125
5.8125
6.3125
6.8125
7.3125
7.8125
8.3125
8.8125
9.3125
10.3125
11.3125
12.3125
13.3125
14.3125
15.3125
16.3125
17.3125
21.3125
25.3125
29.3125
33.3125
41.3125
49.3125
57.3125
65.3125
97.3125
129.3125
193.3125
257.3125
513.3125
1025.3125
4097.3125
-4094.6875
-1022.6875
-510.6875
-254.6875
-190.6875
-126.6875
-94.6875
-62.6875
-54.6875
-46.6875
-38.6875
-30.6875
-26.6875
-22.6875
-18.6875
-14.6875
-13.6875
-12.6875
-11.6875
-10.6875
-9.6875
-8.6875
-7.6875
-6.6875
-6.1875
-5.6875
-5.1875
-4.6875
-4.1875
-3.6875
-3.1875
-2.6875
-2.5625
-2.4375
-2.3125
-2.1875
-2.0625
-1.9375
-1.8125
-1.6875
-1.5625
-1.4375
-1.3125
-1.1875
-1.0625
-0.9375
-0.8125
-0.6875
-0.625
-0.5625
-0.5
-0.4375
-0.375
-0.3125
-0.25
-0.1875
-0.125
-0.0625
0
0.0625
0.125
0.1875
0.25
0.3125
0.34375
0.375
0.40625
0.4375
0.46875
0.5
0.53125
0.5625
0.59375
0.625
0.65625
0.6875
0.71875
0.75
0.78125
0.8125
0.828125
0.84375
0.859375
0.875
0.890625
0.90625
0.921875
0.9375
0.953125
0.96875
0.984375
1
1.015625
1.03125
1.046875
1.0625
1.078125
1.09375
1.109375
1.125
1.140625
1.15625
1.171875
1.1875
1.1953125
1.203125
1.2109375
1.21875
1.2265625
1.234375
1.2421875
1.25
1.2578125
1.265625
1.2734375
1.28125
1.28515625
1.2890625
1.29296875
1.296875
1.30078125
1.3046875
1.306640625
1.30859375
1.310546875
1.3115234375
1.312255859375
1.31243896484375
1.375
1.375244140625
1.3759765625
1.376953125
1.37890625
1.380859375
1.3828125
1.38671875
1.390625
1.39453125
1.3984375
1.40234375
1.40625
1.4140625
1.421875
1.4296875
1.4375
1.4453125
1.453125
1.4609375
1.46875
1.4765625
1.484375
1.4921875
1.5
1.515625
1.53125
1.546875
1.5625
1.578125
1.59375
1.609375
1.625
1.640625
1.65625
1.671875
1.6875
1.703125
1.71875
1.734375
1.75
1.765625
1.78125
1.796875
1.8125
1.828125
1.84375
1.859375
1.875
1.90625
1.9375
1.96875
2
2.03125
2.0625
2.09375
2.125
2.15625
2.1875
2.21875
2.25
2.28125
2.3125
2.34375
2.375
2.4375
2.5
2.5625
2.625
2.6875
2.75
2.8125
2.875
2.9375
3
3.0625
3.125
3.1875
3.25
3.3125
3.375
3.5
3.625
3.75
3.875
4
4.125
4.25
4.375
4.5
4.625
4.75
4.875
5
5.125
5.25
5.375
5.875
6.375
6.875
7.375
7.875
8.375
8.875
9.375
10.375
11.375
12.375
13.375
14.375
15.375
16.375
17.375
21.375
25.375
29.375
33.375
41.375
49.375
57.375
65.375
97.375
129.375
193.375
257.375
513.375
1025.375
4097.375
-4094.625
-1022.625
-510.625
-254.625
-190.625
-126.625
-94.625
-62.625
-54.625
-46.625
-38.625
-30.625
-26.625
-22.625
-18.625
-14.625
-13.625
-12.625
-11.625
-10.625
-9.625
-8.625
-7.625
-6.625
-6.125
-5.625
-5.125
-4.625
-4.125
-3.625
-3.125
-2.625
-2.5
-2.375
-2.25
-2.125
-2
-1.875
-1.75
-1.625
-1.5
-1.375
-1.25
-1.125
-1
-0.875
-0.75
-0.625
-0.5625
-0.5
-0.4375
-0.375
-0.3125
-0.25
-0.1875
-0.125
-0.0625
0
0.0625
0.125
0.1875
0.25
0.3125
0.375
0.40625
0.4375
0.46875
0.5
0.53125
0.5625
0.59375
0.625
0.65625
0.6875
0.71875
0.75
0.78125
0.8125
0.84375
0.875
0.890625
0.90625
0.921875
0.9375
0.953125
0.96875
0.984375
1
1.015625
1.03125
1.046875
1.0625
1.078125
1.09375
1.109375
1.125
1.140625
1.15625
1.171875
1.1875
1.203125
1.21875
1.234375
1.25
1.2578125
1.265625
1.2734375
1.28125
1.2890625
1.296875
1.3046875
1.3125
1.3203125
1.328125
1.3359375
1.34375
1.34765625
1.3515625
1.35546875
1.359375
1.36328125
1.3671875
1.369140625
1.37109375
1.373046875
1.3740234375
1.374755859375
1.37493896484375
1.4375
1.437744140625
1.4384765625
1.439453125
1.44140625
1.443359375
1.4453125
1.44921875
1.453125
1.45703125
1.4609375
1.46484375
1.46875
1.4765625
1.484375
1.4921875
1.5
1.5078125
1.515625
1.5234375
1.53125
1.5390625
1.546875
1.5546875
1.5625
1.578125
1.59375
1.609375
1.625
1.640625
1.65625
1.671875
1.6875
1.703125
1.71875
1.734375
1.75
1.765625
1.78125
1.796875
1.8125
1.828125
1.84375
1.859375
1.875
1.890625
1.90625
1.921875
1.9375
1.96875
2
2.03125
2.0625
2.09375
2.125
2.15625
2.1875
2.21875
2.25
2.28125
2.3125
2.34375
2.375
2.40625
2.4375
2.5
2.5625
2.625
2.6875
2.75
2.8125
2.875
2.9375
3
3.0625
3.125
3.1875
3.25
3.3125
3.375
3.4375
3.5625
3.6875
3.8125
3.9375
4.0625
4.1875
4.3125
4.4375
4.5625
4.6875
4.8125
4.9375
5.0625
5.1875
5.3125
5.4375
5.9375
6.4375
6.9375
7.4375
7.9375
8.4375
8.9375
9.4375
10.4375
11.4375
12.4375
13.4375
14.4375
15.4375
16.4375
17.4375
21.4375
25.4375
29.4375
33.4375
41.4375
49.4375
57.4375
65.4375
97.4375
129.4375
193.4375
257.4375
513.4375
1025.4375
4097.4375
-4094.5625
-1022.5625
-510.5625
-254.5625
-190.5625
-126.5625
-94.5625
-62.5625
-54.5625
-46.5625
-38.5625
-30.5625
-26.5625
-22.5625
-18.5625
-14.5625
-13.5625
-12.5625
-11.5625
-10.5625
-9.5625
-8.5625
-7.5625
-6.5625
-6.0625
-5.5625
-5.0625
-4.5625
-4.0625
-3.5625
-3.0625
-2.5625
-2.4375
-2.3125
-2.1875
-2.0625
-1.9375
-1.8125
-1.6875
-1.5625
-1.4375
-1.3125
-1.1875
-1.0625
-0.9375
-0.8125
-0.6875
-0.5625
-0.5
-0.4375
-0.375
-0.3125
-0.25
-0.1875
-0.125
-0.0625
0
0.0625
0.125
0.1875
0.25
0.3125
0.375
0.4375
0.46875
0.5
0.53125
0.5625
0.59375
0.625
0.65625
0.6875
0.71875
0.75
0.78125
0.8125
0.84375
0.875
0.90625
0.9375
0.953125
0.96875
0.984375
1
1.015625
1.03125
1.046875
1.0625
1.078125
1.09375
1.109375
1.125
1.140625
1.15625
1.171875
1.1875
1.203125
1.21875
1.234375
1.25
1.265625
1.28125
1.296875
1.3125
1.3203125
1.328125
1.3359375
1.34375
1.3515625
1.359375
1.3671875
1.375
1.3828125
1.390625
1.3984375
1.40625
1.41015625
1.4140625
1.41796875
1.421875
1.42578125
1.4296875
1.431640625
1.43359375
1.435546875
1.4365234375
1.437255859375
1.43743896484375
1.5
1.500244140625
1.5009765625
1.501953125
1.50390625
1.505859375
1.5078125
1.51171875
1.515625
1.51953125
1.5234375
1.52734375
1.53125
1.5390625
1.546875
1.5546875
1.5625
1.5703125
1.578125
1.5859375
1.59375
1.6015625
1.609375
1.6171875
1.625
1.640625
1.65625
1.671875
1.6875
1.703125
1.71875
1.734375
1.75
1.765625
1.78125
1.796875
1.8125
1.828125
1.84375
1.859375
1.875
1.890625
1.90625
1.921875
1.9375
1.953125
1.96875
1.984375
2
2.03125
2.0625
2.09375
2.125
2.15625
2.1875
2.21875
2.25
2.28125
2.3125
2.34375
2.375
2.40625
2.4375
2.46875
2.5
2.5625
2.625
2.6875
2.75
2.8125
2.875
2.9375
3
3.0625
3.125
3.1875
3.25
3.3125
3.375
3.4375
3.5
3.625
3.75
3.875
4
4.125
4.25
4.375
4.5
4.625
4.75
4.875
5
5.125
5.25
5.375
5.5
6
6.5
7
7.5
8
8.5
9
9.5
10.5
11.5
12.5
13.5
14.5
15.5
16.5
17.5
21.5
25.5
29.5
33.5
41.5
49.5
57.5
65.5
97.5
129.5
193.5
257.5
513.5
1025.5
4097.5
-4094.5
-1022.5
-510.5
-254.5
-190.5
-126.5
-94.5
-62.5
-54.5
-46.5
-38.5
-30.5
-26.5
-22.5
-18.5
-14.5
-13.5
-12.5
-11.5
-10.5
-9.5
-8.5
-7.5
-6.5
-6
-5.5
-5
-4.5
-4
-3.5
-3
-2.5
-2.375
-2.25
-2.125
-2
-1.875
-1.75
-1.625
-1.5
-1.375
-1.25
-1.125
-1
-0.875
-0.75
-0.625
-0.5
-0.4375
-0.375
-0.3125
-0.25
-0.1875
-0.125
-0.0625
0
0.0625
0.125
0.1875
0.25
0.3125
0.375
0.4375
0.5
0.53125
0.5625
0.59375
0.625
0.65625
0.6875
0.71875
0.75
0.78125
0.8125
0.84375
0.875
0.90625
0.9375
0.96875
1
1.015625
1.03125
1.046875
1.0625
1.078125
1.09375
1.109375
1.125
1.140625
1.15625
1.171875
1.1875
1.203125
1.21875
1.234375
1.25
1.265625
1.28125
1.296875
1.3125
1.328125
1.34375
1.359375
1.375
1.3828125
1.390625
1.3984375
1.40625
1.4140625
1.421875
1.4296875
1.4375
1.4453125
1.453125
1.4609375
1.46875
1.47265625
1.4765625
1.48046875
1.484375
1.48828125
1.4921875
1.494140625
1.49609375
1.498046875
1.4990234375
1.499755859375
1.49993896484375
1.5625
1.562744140625
1.5634765625
1.564453125
1.56640625
1.568359375
1.5703125
1.57421875
1.578125
1.58203125
1.5859375
1.58984375
1.59375
1.6015625
1.609375
1.6171875
1.625
1.6328125
1.640625
1.6484375
1.65625
1.6640625
1.671875
1.6796875
1.6875
1.703125
1.71875
1.734375
1.75
1.765625
1.78125
1.796875
1.8125
1.828125
1.84375
1.859375
1.875
1.890625
1.90625
1.921875
1.9375
1.953125
1.96875
1.984375
2
2.015625
2.03125
2.046875
2.0625
2.09375
2.125
2.15625
2.1875
2.21875
2.25
2.28125
2.3125
2.34375
2.375
2.40625
2.4375
2.46875
2.5
2.53125
2.5625
2.625
2.6875
2.75
2.8125
2.875
2.9375
3
3.0625
3.125
3.1875
3.25
3.3125
3.375
3.4375
3.5
3.5625
3.6875
3.8125
3.9375
4.0625
4.1875
4.3125
4.4375
4.5625
4.6875
4.8125
4.9375
5.0625
5.1875
5.3125
5.4375
5.5625
6.0625
6.5625
7.0625
7.5625
8.0625
8.5625
9.0625
9.5625
10.5625
11.5625
12.5625
13.5625
14.5625
15.5625
16.5625
17.5625
21.5625
25.5625
29.5625
33.5625
41.5625
49.5625
57.5625
65.5625
97.5625
129.5625
193.5625
257.5625
513.5625
1025.5625
4097.5625
-4094.4375
-1022.4375
-510.4375
-254.4375
-190.4375
-126.4375
-94.4375
-62.4375
-54.4375
-46.4375
-38.4375
-30.4375
-26.4375
-22.4375
-18.4375
-14.4375
-13.4375
-12.4375
-11.4375
-10.4375
-9.4375
-8.4375
-7.4375
-6.4375
-5.9375
-5.4375
-4.9375
-4.4375
-3.9375
-3.4375
-2.9375
-2.4375
-2.3125
-2.1875
-2.0625
-1.9375
-1.8125
-1.6875
-1.5625
-1.4375
-1.3125
-1.1875
-1.0625
-0.9375
-0.8125
-0.6875
-0.5625
-0.4375
-0.375
-0.3125
-0.25
-0.1875
-0.125
-0.0625
0
0.0625
0.125
0.1875
0.25
0.3125
0.375
0.4375
0.5
0.5625
0.59375
0.625
0.65625
0.6875
0.71875
0.75
0.78125
0.8125
0.84375
0.875
0.90625
0.9375
0.96875
1
1.03125
1.0625
1.078125
1.09375
1.109375
1.125
1.140625
1.15625
1.171875
1.1875
1.203125
1.21875
1.234375
1.25
1.265625
1.28125
1.296875
1.3125
1.328125
1.34375
1.359375
1.375
1.390625
1.40625
1.421875
1.4375
1.4453125
1.453125
1.4609375
1.46875
1.4765625
1.484375
1.4921875
1.5
1.5078125
1.515625
1.5234375
1.53125
1.53515625
1.5390625
1.54296875
1.546875
1.55078125
1.5546875
1.556640625
1.55859375
1.560546875
1.5615234375
1.562255859375
1.56243896484375
1.625
1.625244140625
1.6259765625
1.626953125
1.62890625
1.630859375
1.6328125
1.63671875
1.640625
1.64453125
1.6484375
1.65234375
1.65625
1.6640625
1.671875
1.6796875
1.6875
1.6953125
1.703125
1.7109375
1.71875
1.7265625
1.734375
1.7421875
1.75
1.765625
1.78125
1.796875
1.8125
1.828125
1.84375
1.859375
1.875
1.890625
1.90625
1.921875
1.9375
1.953125
1.96875
1.984375
2
2.015625
2.03125
2.046875
2.0625
2.078125
2.09375
2.109375
2.125
2.15625
2.1875
2.21875
2.25
2.28125
2.3125
2.34375
2.375
2.40625
2.4375
2.46875
2.5
2.53125
2.5625
2.59375
2.625
2.6875
2.75
2.8125
2.875
2.9375
3
3.0625
3.125
3.1875
3.25
3.3125
3.375
3.4375
3.5
3.5625
3.625
3.75
3.875
4
4.125
4.25
4.375
4.5
4.625
4.75
4.875
5
5.125
5.25
5.375
5.5
5.625
6.125
6.625
7.125
7.625
8.125
8.625
9.125
9.625
10.625
11.625
12.625
13.625
14.625
15.625
16.625
17.625
21.625
25.625
29.625
33.625
41.625
49.625
57.625
65.625
97.625
129.625
193.625
257.625
513.625
1025.625
4097.625
-4094.375
-1022.375
-510.375
-254.375
-190.375
-126.375
-94.375
-62.375
-54.375
-46.375
-38.375
-30.375
-26.375
-22.375
-18.375
-14.375
-13.375
-12.375
-11.375
-10.375
-9.375
-8.375
-7.375
-6.375
-5.875
-5.375
-4.875
-4.375
-3.875
-3.375
-2.875
-2.375
-2.25
-2.125
-2
-1.875
-1.75
-1.625
-1.5
-1.375
-1.25
-1.125
-1
-0.875
-0.75
-0.625
-0.5
-0.375
-0.3125
-0.25
-0.1875
-0.125
-0.0625
0
0.0625
0.125
0.1875
0.25
0.3125
0.375
0.4375
0.5
0.5625
0.625
0.65625
0.6875
0.71875
0.75
0.78125
0.8125
0.84375
0.875
0.90625
0.9375
0.96875
1
1.03125
1.0625
1.09375
1.125
1.140625
1.15625
1.171875
1.1875
1.203125
1.21875
1.234375
1.25
1.265625
1.28125
1.296875
1.3125
1.328125
1.34375
1.359375
1.375
1.390625
1.40625
1.421875
1.4375
1.453125
1.46875
1.484375
1.5
1.5078125
1.515625
1.5234375
1.53125
1.5390625
1.546875
1.5546875
1.5625
1.5703125
1.578125
1.5859375
1.59375
1.59765625
1.6015625
1.60546875
1.609375
1.61328125
1.6171875
1.619140625
1.62109375
1.623046875
1.6240234375
1.624755859375
1.62493896484375
1.6875
1.687744140625
1.6884765625
1.689453125
1.69140625
1.693359375
1.6953125
1.69921875
1.703125
1.70703125
1.7109375
1.71484375
1.71875
1.7265625
1.734375
1.7421875
1.75
1.7578125
1.765625
1.7734375
1.78125
1.7890625
1.796875
1.8046875
1.8125
1.828125
1.84375
1.859375
1.875
1.890625
1.90625
1.921875
1.9375
1.953125
1.96875
1.984375
2
2.015625
2.03125
2.046875
2.0625
2.078125
2.09375
2.109375
2.125
2.140625
2.15625
2.171875
2.1875
2.21875
2.25
2.28125
2.3125
2.34375
2.375
2.40625
2.4375
2.46875
2.5
2.53125
2.5625
2.59375
2.625
2.65625
2.6875
2.75
2.8125
2.875
2.9375
3
3.0625
3.125
3.1875
3.25
3.3125
3.375
3.4375
3.5
3.5625
3.625
3.6875
3.8125
3.9375
4.0625
4.1875
4.3125
4.4375
4.5625
4.6875
4.8125
4.9375
5.0625
5.1875
5.3125
5.4375
5.5625
5.6875
6.1875
6.6875
7.1875
7.6875
8.1875
8.6875
9.1875
9.6875
10.6875
11.6875
12.6875
13.6875
14.6875
15.6875
16.6875
17.6875
21.6875
25.6875
29.6875
33.6875
41.6875
49.6875
57.6875
65.6875
97.6875
129.6875
193.6875
257.6875
513.6875
1025.6875
4097.6875
-4094.3125
-1022.3125
-510.3125
-254.3125
-190.3125
-126.3125
-94.3125
-62.3125
-54.3125
-46.3125
-38.3125
-30.3125
-26.3125
-22.3125
-18.3125
-14.3125
-13.3125
-12.3125
-11.3125
-10.3125
-9.3125
-8.3125
-7.3125
-6.3125
-5.8125
-5.3125
-4.8125
-4.3125
-3.8125
-3.3125
-2.8125
-2.3125
-2.1875
-2.0625
-1.9375
-1.8125
-1.6875
-1.5625
-1.4375
-1.3125
-1.1875
-1.0625
-0.9375
-0.8125
-0.6875
-0.5625
-0.4375
-0.3125
-0.25
-0.1875
-0.125
-0.0625
0
0.0625
0.125
0.1875
0.25
0.3125
0.375
0.4375
0.5
0.5625
0.625
0.6875
0.71875
0.75
0.78125
0.8125
0.84375
0.875
0.90625
0.9375
0.96875
1
1.03125
1.0625
1.09375
1.125
1.15625
1.1875
1.203125
1.21875
1.234375
1.25
1.265625
1.28125
1.296875
1.3125
1.328125
1.34375
1.359375
1.375
1.390625
1.40625
1.421875
1.4375
1.453125
1.46875
1.484375
1.5
1.515625
1.53125
1.546875
1.5625
1.5703125
1.578125
1.5859375
1.59375
1.6015625
1.609375
1.6171875
1.625
1.6328125
1.640625
1.6484375
1.65625
1.66015625
1.6640625
1.66796875
1.671875
1.67578125
1.6796875
1.681640625
1.68359375
1.685546875
1.6865234375
1.687255859375
1.68743896484375
1.75
1.750244140625
1.7509765625
1.751953125
1.75390625
1.755859375
1.7578125
1.76171875
1.765625
1.76953125
1.7734375
1.77734375
1.78125
1.7890625
1.796875
1.8046875
1.8125
1.8203125
1.828125
1.8359375
1.84375
1.8515625
1.859375
1.8671875
1.875
1.890625
1.90625
1.921875
1.9375
1.953125
1.96875
1.984375
2
2.015625
2.03125
2.046875
2.0625
2.078125
2.09375
2.109375
2.125
2.140625
2.15625
2.171875
2.1875
2.203125
2.21875
2.234375
2.25
2.28125
2.3125
2.34375
2.375
2.40625
2.4375
2.46875
2.5
2.53125
2.5625
2.59375
2.625
2.65625
2.6875
2.71875
2.75
2.8125
2.875
2.9375
3
3.0625
3.125
3.1875
3.25
3.3125
3.375
3.4375
3.5
3.5625
3.625
3.6875
3.75
3.875
4
4.125
4.25
4.375
4.5
4.625
4.75
4.875
5
5.125
5.25
5.375
5.5
5.625
5.75
6.25
6.75
7.25
7.75
8.25
8.75
9.25
9.75
10.75
11.75
12.75
13.75
14.75
15.75
16.75
17.75
21.75
25.75
29.75
33.75
41.75
49.75
57.75
65.75
97.75
129.75
193.75
257.75
513.75
1025.75
4097.75
-4094.25
-1022.25
-510.25
-254.25
-190.25
-126.25
-94.25
-62.25
-54.25
-46.25
-38.25
-30.25
-26.25
-22.25
-18.25
-14.25
-13.25
-12.25
-11.25
-10.25
-9.25
-8.25
-7.25
-6.25
-5.75
-5.25
-4.75
-4.25
-3.75
-3.25
-2.75
-2.25
-2.125
-2
-1.875
-1.75
-1.625
-1.5
-1.375
-1.25
-1.125
-1
-0.875
-0.75
-0.625
-0.5
-0.375
-0.25
-0.1875
-0.125
-0.0625
0
0.0625
0.125
0.1875
0.25
0.3125
0.375
0.4375
0.5
0.5625
0.625
0.6875
0.75
0.78125
0.8125
0.84375
0.875
0.90625
0.9375
0.96875
1
1.03125
1.0625
1.09375
1.125
1.15625
1.1875
1.21875
1.25
1.265625
1.28125
1.296875
1.3125
1.328125
1.34375
1.359375
1.375
1.390625
1.40625
1.421875
1.4375
1.453125
1.46875
1.484375
1.5
1.515625
1.53125
1.546875
1.5625
1.578125
1.59375
1.609375
1.625
1.6328125
1.640625
1.6484375
1.65625
1.6640625
1.671875
1.6796875
1.6875
1.6953125
1.703125
1.7109375
1.71875
1.72265625
1.7265625
1.73046875
1.734375
1.73828125
1.7421875
1.744140625
1.74609375
1.748046875
1.7490234375
1.749755859375
1.74993896484375
1.8125
1.812744140625
1.8134765625
1.814453125
1.81640625
1.818359375
1.8203125
1.82421875
1.828125
1.83203125
1.8359375
1.83984375
1.84375
1.8515625
1.859375
1.8671875
1.875
1.8828125
1.890625
1.8984375
1.90625
1.9140625
1.921875
1.9296875
1.9375
1.953125
1.96875
1.984375
2
2.015625
2.03125
2.046875
2.0625
2.078125
2.09375
2.109375
2.125
2.140625
2.15625
2.171875
2.1875
2.203125
2.21875
2.234375
2.25
2.265625
2.28125
2.296875
2.3125
2.34375
2.375
2.40625
2.4375
2.46875
2.5
2.53125
2.5625
2.59375
2.625
2.65625
2.6875
2.71875
2.75
2.78125
2.8125
2.875
2.9375
3
3.0625
3.125
3.1875
3.25
3.3125
3.375
3.4375
3.5
3.5625
3.625
3.6875
3.75
3.8125
3.9375
4.0625
4.1875
4.3125
4.4375
4.5625
4.6875
4.8125
4.9375
5.0625
5.1875
5.3125
5.4375
5.5625
5.6875
5.8125
6.3125
6.8125
7.3125
7.8125
8.3125
8.8125
9.3125
9.8125
10.8125
11.8125
12.8125
13.8125
14.8125
15.8125
16.8125
17.8125
21.8125
25.8125
29.8125
33.8125
41.8125
49.8125
57.8125
65.8125
97.8125
129.8125
193.8125
257.8125
513.8125
1025.8125
4097.8125
-4094.1875
-1022.1875
-510.1875
-254.1875
-190.1875
-126.1875
-94.1875
-62.1875
-54.1875
-46.1875
-38.1875
-30.1875
-26.1875
-22.1875
-18.1875
-14.1875
-13.1875
-12.1875
-11.1875
-10.1875
-9.1875
-8.1875
-7.1875
-6.1875
-5.6875
-5.1875
-4.6875
-4.1875
-3.6875
-3.1875
-2.6875
-2.1875
-2.0625
-1.9375
-1.8125
-1.6875
-1.5625
-1.4375
-1.3125
-1.1875
-1.0625
-0.9375
-0.8125
-0.6875
-0.5625
-0.4375
-0.3125
-0.1875
-0.125
-0.0625
0
0.0625
0.125
0.1875
0.25
0.3125
0.375
0.4375
0.5
0.5625
0.625
0.6875
0.75
0.8125
0.84375
0.875
0.90625
0.9375
0.96875
1
1.03125
1.0625
1.09375
1.125
1.15625
1.1875
1.21875
1.25
1.28125
1.3125
1.328125
1.34375
1.359375
1.375
1.390625
1.40625
1.421875
1.4375
1.453125
1.46875
1.484375
1.5
1.515625
1.53125
1.546875
1.5625
1.578125
1.59375
1.609375
1.625
1.640625
1.65625
1.671875
1.6875
1.6953125
1.703125
1.7109375
1.71875
1.7265625
1.734375
1.7421875
1.75
1.7578125
1.765625
1.7734375
1.78125
1.78515625
1.7890625
1.79296875
1.796875
1.80078125
1.8046875
1.806640625
1.80859375
1.810546875
1.8115234375
1.812255859375
1.81243896484375
1.875
1.875244140625
1.8759765625
1.876953125
1.87890625
1.880859375
1.8828125
1.88671875
1.890625
1.89453125
1.8984375
1.90234375
1.90625
1.9140625
1.921875
1.9296875
1.9375
1.9453125
1.953125
1.9609375
1.96875
1.9765625
1.984375
1.9921875
2
2.015625
2.03125
2.046875
2.0625
2.078125
2.09375
2.109375
2.125
2.140625
2.15625
2.171875
2.1875
2.203125
2.21875
2.234375
2.25
2.265625
2.28125
2.296875
2.3125
2.328125
2.34375
2.359375
2.375
2.40625
2.4375
2.46875
2.5
2.53125
2.5625
2.59375
2.625
2.65625
2.6875
2.71875
2.75
2.78125
2.8125
2.84375
2.875
2.9375
3
3.0625
3.125
3.1875
3.25
3.3125
3.375
3.4375
3.5
3.5625
3.625
3.6875
3.75
3.8125
3.875
4
4.125
4.25
4.375
4.5
4.625
4.75
4.875
5
5.125
5.25
5.375
5.5
5.625
5.75
5.875
6.375
6.875
7.375
7.875
8.375
8.875
9.375
9.875
10.875
11.875
12.875
13.875
14.875
15.875
16.875
17.875
21.875
25.875
29.875
33.875
41.875
49.875
57.875
65.875
97.875
129.875
193.875
257.875
513.875
1025.875
4097.875
-4094.125
-1022.125
-510.125
-254.125
-190.125
-126.125
-94.125
-62.125
-54.125
-46.125
-38.125
-30.125
-26.125
-22.125
-18.125
-14.125
-13.125
-12.125
-11.125
-10.125
-9.125
-8.125
-7.125
-6.125
-5.625
-5.125
-4.625
-4.125
-3.625
-3.125
-2.625
-2.125
-2
-1.875
-1.75
-1.625
-1.5
-1.375
-1.25
-1.125
-1
-0.875
-0.75
-0.625
-0.5
-0.375
-0.25
-0.125
-0.0625
0
0.0625
0.125
0.1875
0.25
0.3125
0.375
0.4375
0.5
0.5625
0.625
0.6875
0.75
0.8125
0.875
0.90625
0.9375
0.96875
1
1.03125
1.0625
1.09375
1.125
1.15625
1.1875
1.21875
1.25
1.28125
1.3125
1.34375
1.375
1.390625
1.40625
1.421875
1.4375
1.453125
1.46875
1.484375
1.5
1.515625
1.53125
1.546875
1.5625
1.578125
1.59375
1.609375
1.625
1.640625
1.65625
1.671875
1.6875
1.703125
1.71875
1.734375
1.75
1.7578125
1.765625
1.7734375
1.78125
1.7890625
1.796875
1.8046875
1.8125
1.8203125
1.828125
1.8359375
1.84375
1.84765625
1.8515625
1.85546875
1.859375
1.86328125
1.8671875
1.869140625
1.87109375
1.873046875
1.8740234375
1.874755859375
1.87493896484375
1.9375
1.937744140625
1.9384765625
1.939453125
1.94140625
1.943359375
1.9453125
1.94921875
1.953125
1.95703125
1.9609375
1.96484375
1.96875
1.9765625
1.984375
1.9921875
2
2.0078125
2.015625
2.0234375
2.03125
2.0390625
2.046875
2.0546875
2.0625
2.078125
2.09375
2.109375
2.125
2.140625
2.15625
2.171875
2.1875
2.203125
2.21875
2.234375
2.25
2.265625
2.28125
2.296875
2.3125
2.328125
2.34375
2.359375
2.375
2.390625
2.40625
2.421875
2.4375
2.46875
2.5
2.53125
2.5625
2.59375
2.625
2.65625
2.6875
2.71875
2.75
2.78125
2.8125
2.84375
2.875
2.90625
2.9375
3
3.0625
3.125
3.1875
3.25
3.3125
3.375
3.4375
3.5
3.5625
3.625
3.6875
3.75
3.8125
3.875
3.9375
4.0625
4.1875
4.3125
4.4375
4.5625
4.6875
4.8125
4.9375
5.0625
5.1875
5.3125
5.4375
5.5625
5.6875
5.8125
5.9375
6.4375
6.9375
7.4375
7.9375
8.4375
8.9375
9.4375
9.9375
10.9375
11.9375
12.9375
13.9375
14.9375
15.9375
16.9375
17.9375
21.9375
25.9375
29.9375
33.9375
41.9375
49.9375
57.9375
65.9375
97.9375
129.9375
193.9375
257.9375
513.9375
1025.9375
4097.9375
-4094.0625
-1022.0625
-510.0625
-254.0625
-190.0625
-126.0625
-94.0625
-62.0625
-54.0625
-46.0625
-38.0625
-30.0625
-26.0625
-22.0625
-18.0625
-14.0625
-13.0625
-12.0625
-11.0625
-10.0625
-9.0625
-8.0625
-7.0625
-6.0625
-5.5625
-5.0625
-4.5625
-4.0625
-3.5625
-3.0625
-2.5625
-2.0625
-1.9375
-1.8125
-1.6875
-1.5625
-1.4375
-1.3125
-1.1875
-1.0625
-0.9375
-0.8125
-0.6875
-0.5625
-0.4375
-0.3125
-0.1875
-0.0625
0
0.0625
0.125
0.1875
0.25
0.3125
0.375
0.4375
0.5
0.5625
0.625
0.6875
0.75
0.8125
0.875
0.9375
0.96875
1
1.03125
1.0625
1.09375
1.125
1.15625
1.1875
1.21875
1.25
1.28125
1.3125
1.34375
1.375
1.40625
1.4375
1.453125
1.46875
1.484375
1.5
1.515625
1.53125
1.546875
1.5625
1.578125
1.59375
1.609375
1.625
1.640625
1.65625
1.671875
1.6875
1.703125
1.71875
1.734375
1.75
1.765625
1.78125
1.796875
1.8125
1.8203125
1.828125
1.8359375
1.84375
1.8515625
1.859375
1.8671875
1.875
1.8828125
1.890625
1.8984375
1.90625
1.91015625
1.9140625
1.91796875
1.921875
1.92578125
1.9296875
1.931640625
1.93359375
1.935546875
1.9365234375
1.937255859375
1.93743896484375
2
2.000244140625
2.0009765625
2.001953125
2.00390625
2.005859375
2.0078125
2.01171875
2.015625
2.01953125
2.0234375
2.02734375
2.03125
2.0390625
2.046875
2.0546875
2.0625
2.0703125
2.078125
2.0859375
2.09375
2.1015625
2.109375
2.1171875
2.125
2.140625
2.15625
2.171875
2.1875
2.203125
2.21875
2.234375
2.25
2.265625
2.28125
2.296875
2.3125
2.328125
2.34375
2.359375
2.375
2.390625
2.40625
2.421875
2.4375
2.453125
2.46875
2.484375
2.5
2.53125
2.5625
2.59375
2.625
2.65625
2.6875
2.71875
2.75
2.78125
2.8125
2.84375
2.875
2.90625
2.9375
2.96875
3
3.0625
3.125
3.1875
3.25
3.3125
3.375
3.4375
3.5
3.5625
3.625
3.6875
3.75
3.8125
3.875
3.9375
4
4.125
4.25
4.375
4.5
4.625
4.75
4.875
5
5.125
5.25
5.375
5.5
5.625
5.75
5.875
6
6.5
7
7.5
8
8.5
9
9.5
10
11
12
13
14
15
16
17
18
22
26
30
34
42
50
58
66
98
130
194
258
514
1026
4098
-4094
-1022
-510
-254
-190
-126
-94
-62
-54
-46
-38
-30
-26
-22
-18
-14
-13
-12
-11
-10
-9
-8
-7
-6
-5.5
-5
-4.5
-4
-3.5
-3
-2.5
-2
-1.875
-1.75
-1.625
-1.5
-1.375
-1.25
-1.125
-1
-0.875
-0.75
-0.625
-0.5
-0.375
-0.25
-0.125
0
0.0625
0.125
0.1875
0.25
0.3125
0.375
0.4375
0.5
0.5625
0.625
0.6875
0.75
0.8125
0.875
0.9375
1
1.03125
1.0625
1.09375
1.125
1.15625
1.1875
1.21875
1.25
1.28125
1.3125
1.34375
1.375
1.40625
1.4375
1.46875
1.5
1.515625
1.53125
1.546875
1.5625
1.578125
1.59375
1.609375
1.625
1.640625
1.65625
1.671875
1.6875
1.703125
1.71875
1.734375
1.75
1.765625
1.78125
1.796875
1.8125
1.828125
1.84375
1.859375
1.875
1.8828125
1.890625
1.8984375
1.90625
1.9140625
1.921875
1.9296875
1.9375
1.9453125
1.953125
1.9609375
1.96875
1.97265625
1.9765625
1.98046875
1.984375
1.98828125
1.9921875
1.994140625
1.99609375
1.998046875
1.9990234375
1.999755859375
1.99993896484375
2.125
2.125244140625
2.1259765625
2.126953125
2.12890625
2.130859375
2.1328125
2.13671875
2.140625
2.14453125
2.1484375
2.15234375
2.15625
2.1640625
2.171875
2.1796875
2.1875
2.1953125
2.203125
2.2109375
2.21875
2.2265625
2.234375
2.2421875
2.25
2.265625
2.28125
2.296875
2.3125
2.328125
2.34375
2.359375
2.375
2.390625
2.40625
2.421875
2.4375
2.453125
2.46875
2.484375
2.5
2.515625
2.53125
2.546875
2.5625
2.578125
2.59375
2.609375
2.625
2.65625
2.6875
2.71875
2.75
2.78125
2.8125
2.84375
2.875
2.90625
2.9375
2.96875
3
3.03125
3.0625
3.09375
3.125
3.1875
3.25
3.3125
3.375
3.4375
3.5
3.5625
3.625
3.6875
3.75
3.8125
3.875
3.9375
4
4.0625
4.125
4.25
4.375
4.5
4.625
4.75
4.875
5
5.125
5.25
5.375
5.5
5.625
5.75
5.875
6
6.125
6.625
7.125
7.625
8.125
8.625
9.125
9.625
10.125
11.125
12.125
13.125
14.125
15.125
16.125
17.125
18.125
22.125
26.125
30.125
34.125
42.125
50.125
58.125
66.125
98.125
130.125
194.125
258.125
514.125
1026.125
4098.125
-4093.875
-1021.875
-509.875
-253.875
-189.875
-125.875
-93.875
-61.875
-53.875
-45.875
-37.875
-29.875
-25.875
-21.875
-17.875
-13.875
-12.875
-11.875
-10.875
-9.875
-8.875
-7.875
-6.875
-5.875
-5.375
-4.875
-4.375
-3.875
-3.375
-2.875
-2.375
-1.875
-1.75
-1.625
-1.5
-1.375
-1.25
-1.125
-1
-0.875
-0.75
-0.625
-0.5
-0.375
-0.25
-0.125
0
0.125
0.1875
0.25
0.3125
0.375
0.4375
0.5
0.5625
0.625
0.6875
0.75
0.8125
0.875
0.9375
1
1.0625
1.125
1.15625
1.1875
1.21875
1.25
1.28125
1.3125
1.34375
1.375
1.40625
1.4375
1.46875
1.5
1.53125
1.5625
1.59375
1.625
1.640625
1.65625
1.671875
1.6875
1.703125
1.71875
1.734375
1.75
1.765625
1.78125
1.796875
1.8125
1.828125
1.84375
1.859375
1.875
1.890625
1.90625
1.921875
1.9375
1.953125
1.96875
1.984375
2
2.0078125
2.015625
2.0234375
2.03125
2.0390625
2.046875
2.0546875
2.0625
2.0703125
2.078125
2.0859375
2.09375
2.09765625
2.1015625
2.10546875
2.109375
2.11328125
2.1171875
2.119140625
2.12109375
2.123046875
2.1240234375
2.124755859375
2.12493896484375
2.25
2.250244140625
2.2509765625
2.251953125
2.25390625
2.255859375
2.2578125
2.26171875
2.265625
2.26953125
2.2734375
2.27734375
2.28125
2.2890625
2.296875
2.3046875
2.3125
2.3203125
2.328125
2.3359375
2.34375
2.3515625
2.359375
2.3671875
2.375
2.390625
2.40625
2.421875
2.4375
2.453125
2.46875
2.484375
2.5
2.515625
2.53125
2.546875
2.5625
2.578125
2.59375
2.609375
2.625
2.640625
2.65625
2.671875
2.6875
2.703125
2.71875
2.734375
2.75
2.78125
2.8125
2.84375
2.875
2.90625
2.9375
2.96875
3
3.03125
3.0625
3.09375
3.125
3.15625
3.1875
3.21875
3.25
3.3125
3.375
3.4375
3.5
3.5625
3.625
3.6875
3.75
3.8125
3.875
3.9375
4
4.0625
4.125
4.1875
4.25
4.375
4.5
4.625
4.75
4.875
5
5.125
5.25
5.375
5.5
5.625
5.75
5.875
6
6.125
6.25
6.75
7.25
7.75
8.25
8.75
9.25
9.75
10.25
11.25
12.25
13.25
14.25
15.25
16.25
17.25
18.25
22.25
26.25
30.25
34.25
42.25
50.25
58.25
66.25
98.25
130.25
194.25
258.25
514.25
1026.25
4098.25
-4093.75
-1021.75
-509.75
-253.75
-189.75
-125.75
-93.75
-61.75
-53.75
-45.75
-37.75
-29.75
-25.75
-21.75
-17.75
-13.75
-12.75
-11.75
-10.75
-9.75
-8.75
-7.75
-6.75
-5.75
-5.25
-4.75
-4.25
-3.75
-3.25
-2.75
-2.25
-1.75
-1.625
-1.5
-1.375
-1.25
-1.125
-1
-0.875
-0.75
-0.625
-0.5
-0.375
-0.25
-0.125
0
0.125
0.25
0.3125
0.375
0.4375
0.5
0.5625
0.625
0.6875
0.75
0.8125
0.875
0.9375
1
1.0625
1.125
1.1875
1.25
1.28125
1.3125
1.34375
1.375
1.40625
1.4375
1.46875
1.5
1.53125
1.5625
1.59375
1.625
1.65625
1.6875
1.71875
1.75
1.765625
1.78125
1.796875
1.8125
1.828125
1.84375
1.859375
1.875
1.890625
1.90625
1.921875
1.9375
1.953125
1.96875
1.984375
2
2.015625
2.03125
2.046875
2.0625
2.078125
2.09375
2.109375
2.125
2.1328125
2.140625
2.1484375
2.15625
2.1640625
2.171875
2.1796875
2.1875
2.1953125
2.203125
2.2109375
2.21875
2.22265625
2.2265625
2.23046875
2.234375
2.23828125
2.2421875
2.244140625
2.24609375
2.248046875
2.2490234375
2.249755859375
2.24993896484375
2.375
2.375244140625
2.3759765625
2.376953125
2.37890625
2.380859375
2.3828125
2.38671875
2.390625
2.39453125
2.3984375
2.40234375
2.40625
2.4140625
2.421875
2.4296875
2.4375
2.4453125
2.453125
2.4609375
2.46875
2.4765625
2.484375
2.4921875
2.5
2.515625
2.53125
2.546875
2.5625
2.578125
2.59375
2.609375
2.625
2.640625
2.65625
2.671875
2.6875
2.703125
2.71875
2.734375
2.75
2.765625
2.78125
2.796875
2.8125
2.828125
2.84375
2.859375
2.875
2.90625
2.9375
2.96875
3
3.03125
3.0625
3.09375
3.125
3.15625
3.1875
3.21875
3.25
3.28125
3.3125
3.34375
3.375
3.4375
3.5
3.5625
3.625
3.6875
3.75
3.8125
3.875
3.9375
4
4.0625
4.125
4.1875
4.25
4.3125
4.375
4.5
4.625
4.75
4.875
5
5.125
5.25
5.375
5.5
5.625
5.75
5.875
6
6.125
6.25
6.375
6.875
7.375
7.875
8.375
8.875
9.375
9.875
10.375
11.375
12.375
13.375
14.375
15.375
16.375
17.375
18.375
22.375
26.375
30.375
34.375
42.375
50.375
58.375
66.375
98.375
130.375
194.375
258.375
514.375
1026.375
4098.375
-4093.625
-1021.625
-509.625
-253.625
-189.625
-125.625
-93.625
-61.625
-53.625
-45.625
-37.625
-29.625
-25.625
-21.625
-17.625
-13.625
-12.625
-11.625
-10.625
-9.625
-8.625
-7.625
-6.625
-5.625
-5.125
-4.625
-4.125
-3.625
-3.125
-2.625
-2.125
-1.625
-1.5
-1.375
-1.25
-1.125
-1
-0.875
-0.75
-0.625
-0.5
-0.375
-0.25
-0.125
0
0.125
0.25
0.375
0.4375
0.5
0.5625
0.625
0.6875
0.75
0.8125
0.875
0.9375
1
1.0625
1.125
1.1875
1.25
1.3125
1.375
1.40625
1.4375
1.46875
1.5
1.53125
1.5625
1.59375
1.625
1.65625
1.6875
1.71875
1.75
1.78125
1.8125
1.84375
1.875
1.890625
1.90625
1.921875
1.9375
1.953125
1.96875
1.984375
2
2.015625
2.03125
2.046875
2.0625
2.078125
2.09375
2.109375
2.125
2.140625
2.15625
2.171875
2.1875
2.203125
2.21875
2.234375
2.25
2.2578125
2.265625
2.2734375
2.28125
2.2890625
2.296875
2.3046875
2.3125
2.3203125
2.328125
2.3359375
2.34375
2.34765625
2.3515625
2.35546875
2.359375
2.36328125
2.3671875
2.369140625
2.37109375
2.373046875
2.3740234375
2.374755859375
2.37493896484375
2.5
2.500244140625
2.5009765625
2.501953125
2.50390625
2.505859375
2.5078125
2.51171875
2.515625
2.51953125
2.5234375
2.52734375
2.53125
2.5390625
2.546875
2.5546875
2.5625
2.5703125
2.578125
2.5859375
2.59375
2.6015625
2.609375
2.6171875
2.625
2.640625
2.65625
2.671875
2.6875
2.703125
2.71875
2.734375
2.75
2.765625
2.78125
2.796875
2.8125
2.828125
2.84375
2.859375
2.875
2.890625
2.90625
2.921875
2.9375
2.953125
2.96875
2.984375
3
3.03125
3.0625
3.09375
3.125
3.15625
3.1875
3.21875
3.25
3.28125
3.3125
3.34375
3.375
3.40625
3.4375
3.46875
3.5
3.5625
3.625
3.6875
3.75
3.8125
3.875
3.9375
4
4.0625
4.125
4.1875
4.25
4.3125
4.375
4.4375
4.5
4.625
4.75
4.875
5
5.125
5.25
5.375
5.5
5.625
5.75
5.875
6
6.125
6.25
6.375
6.5
7
7.5
8
8.5
9
9.5
10
10.5
11.5
12.5
13.5
14.5
15.5
16.5
17.5
18.5
22.5
26.5
30.5
34.5
42.5
50.5
58.5
66.5
98.5
130.5
194.5
258.5
514.5
1026.5
4098.5
-4093.5
-1021.5
-509.5
-253.5
-189.5
-125.5
-93.5
-61.5
-53.5
-45.5
-37.5
-29.5
-25.5
-21.5
-17.5
-13.5
-12.5
-11.5
-10.5
-9.5
-8.5
-7.5
-6.5
-5.5
-5
-4.5
-4
-3.5
-3
-2.5
-2
-1.5
-1.375
-1.25
-1.125
-1
-0.875
-0.75
-0.625
-0.5
-0.375
-0.25
-0.125
0
0.125
0.25
0.375
0.5
0.5625
0.625
0.6875
0.75
0.8125
0.875
0.9375
1
1.0625
1.125
1.1875
1.25
1.3125
1.375
1.4375
1.5
1.53125
1.5625
1.59375
1.625
1.65625
1.6875
1.71875
1.75
1.78125
1.8125
1.84375
1.875
1.90625
1.9375
1.96875
2
2.015625
2.03125
2.046875
2.0625
2.078125
2.09375
2.109375
2.125
2.140625
2.15625
2.171875
2.1875
2.203125
2.21875
2.234375
2.25
2.265625
2.28125
2.296875
2.3125
2.328125
2.34375
2.359375
2.375
2.3828125
2.390625
2.3984375
2.40625
2.4140625
2.421875
2.4296875
2.4375
2.4453125
2.453125
2.4609375
2.46875
2.47265625
2.4765625
2.48046875
2.484375
2.48828125
2.4921875
2.494140625
2.49609375
2.498046875
2.4990234375
2.499755859375
2.49993896484375
2.625
2.625244140625
2.6259765625
2.626953125
2.62890625
2.630859375
2.6328125
2.63671875
2.640625
2.64453125
2.6484375
2.65234375
2.65625
2.6640625
2.671875
2.6796875
2.6875
2.6953125
2.703125
2.7109375
2.71875
2.7265625
2.734375
2.7421875
2.75
2.765625
2.78125
2.796875
2.8125
2.828125
2.84375
2.859375
2.875
2.890625
2.90625
2.921875
2.9375
2.953125
2.96875
2.984375
3
3.015625
3.03125
3.046875
3.0625
3.078125
3.09375
3.109375
3.125
3.15625
3.1875
3.21875
3.25
3.28125
3.3125
3.34375
3.375
3.40625
3.4375
3.46875
3.5
3.53125
3.5625
3.59375
3.625
3.6875
3.75
3.8125
3.875
3.9375
4
4.0625
4.125
4.1875
4.25
4.3125
4.375
4.4375
4.5
4.5625
4.625
4.75
4.875
5
5.125
5.25
5.375
5.5
5.625
5.75
5.875
6
6.125
6.25
6.375
6.5
6.625
7.125
7.625
8.125
8.625
9.125
9.625
10.125
10.625
11.625
12.625
13.625
14.625
15.625
16.625
17.625
18.625
22.625
26.625
30.625
34.625
42.625
50.625
58.625
66.625
98.625
130.625
194.625
258.625
514.625
1026.625
4098.625
-4093.375
-1021.375
-509.375
-253.375
-189.375
-125.375
-93.375
-61.375
-53.375
-45.375
-37.375
-29.375
-25.375
-21.375
-17.375
-13.375
-12.375
-11.375
-10.375
-9.375
-8.375
-7.375
-6.375
-5.375
-4.875
-4.375
-3.875
-3.375
-2.875
-2.375
-1.875
-1.375
-1.25
-1.125
-1
-0.875
-0.75
-0.625
-0.5
-0.375
-0.25
-0.125
0
0.125
0.25
0.375
0.5
0.625
0.6875
0.75
0.8125
0.875
0.9375
1
1.0625
1.125
1.1875
1.25
1.3125
1.375
1.4375
1.5
1.5625
1.625
1.65625
1.6875
1.71875
1.75
1.78125
1.8125
1.84375
1.875
1.90625
1.9375
1.96875
2
2.03125
2.0625
2.09375
2.125
2.140625
2.15625
2.171875
2.1875
2.203125
2.21875
2.234375
2.25
2.265625
2.28125
2.296875
2.3125
2.328125
2.34375
2.359375
2.375
2.390625
2.40625
2.421875
2.4375
2.453125
2.46875
2.484375
2.5
2.5078125
2.515625
2.5234375
2.53125
2.5390625
2.546875
2.5546875
2.5625
2.5703125
2.578125
2.5859375
2.59375
2.59765625
2.6015625
2.60546875
2.609375
2.61328125
2.6171875
2.619140625
2.62109375
2.623046875
2.6240234375
2.624755859375
2.62493896484375
2.75
2.750244140625
2.7509765625
2.751953125
2.75390625
2.755859375
2.7578125
2.76171875
2.765625
2.76953125
2.7734375
2.77734375
2.78125
2.7890625
2.796875
2.8046875
2.8125
2.8203125
2.828125
2.8359375
2.84375
2.8515625
2.859375
2.8671875
2.875
2.890625
2.90625
2.921875
2.9375
2.953125
2.96875
2.984375
3
3.015625
3.03125
3.046875
3.0625
3.078125
3.09375
3.109375
3.125
3.140625
3.15625
3.171875
3.1875
3.203125
3.21875
3.234375
3.25
3.28125
3.3125
3.34375
3.375
3.40625
3.4375
3.46875
3.5
3.53125
3.5625
3.59375
3.625
3.65625
3.6875
3.71875
3.75
3.8125
3.875
3.9375
4
4.0625
4.125
4.1875
4.25
4.3125
4.375
4.4375
4.5
4.5625
4.625
4.6875
4.75
4.875
5
5.125
5.25
5.375
5.5
5.625
5.75
5.875
6
6.125
6.25
6.375
6.5
6.625
6.75
7.25
7.75
8.25
8.75
9.25
9.75
10.25
10.75
11.75
12.75
13.75
14.75
15.75
16.75
17.75
18.75
22.75
26.75
30.75
34.75
42.75
50.75
58.75
66.75
98.75
130.75
194.75
258.75
514.75
1026.75
4098.75
-4093.25
-1021.25
-509.25
-253.25
-189.25
-125.25
-93.25
-61.25
-53.25
-45.25
-37.25
-29.25
-25.25
-21.25
-17.25
-13.25
-12.25
-11.25
-10.25
-9.25
-8.25
-7.25
-6.25
-5.25
-4.75
-4.25
-3.75
-3.25
-2.75
-2.25
-1.75
-1.25
-1.125
-1
-0.875
-0.75
-0.625
-0.5
-0.375
-0.25
-0.125
0
0.125
0.25
0.375
0.5
0.625
0.75
0.8125
0.875
0.9375
1
1.0625
1.125
1.1875
1.25
1.3125
1.375
1.4375
1.5
1.5625
1.625
1.6875
1.75
1.78125
1.8125
1.84375
1.875
1.90625
1.9375
1.96875
2
2.03125
2.0625
2.09375
2.125
2.15625
2.1875
2.21875
2.25
2.265625
2.28125
2.296875
2.3125
2.328125
2.34375
2.359375
2.375
2.390625
2.40625
2.421875
2.4375
2.453125
2.46875
2.484375
2.5
2.515625
2.53125
2.546875
2.5625
2.578125
2.59375
2.609375
2.625
2.6328125
2.640625
2.6484375
2.65625
2.6640625
2.671875
2.6796875
2.6875
2.6953125
2.703125
2.7109375
2.71875
2.72265625
2.7265625
2.73046875
2.734375
2.73828125
2.7421875
2.744140625
2.74609375
2.748046875
2.7490234375
2.749755859375
2.74993896484375
2.875
2.875244140625
2.8759765625
2.876953125
2.87890625
2.880859375
2.8828125
2.88671875
2.890625
2.89453125
2.8984375
2.90234375
2.90625
2.9140625
2.921875
2.9296875
2.9375
2.9453125
2.953125
2.9609375
2.96875
2.9765625
2.984375
2.9921875
3
3.015625
3.03125
3.046875
3.0625
3.078125
3.09375
3.109375
3.125
3.140625
3.15625
3.171875
3.1875
3.203125
3.21875
3.234375
3.25
3.265625
3.28125
3.296875
3.3125
3.328125
3.34375
3.359375
3.375
3.40625
3.4375
3.46875
3.5
3.53125
3.5625
3.59375
3.625
3.65625
3.6875
3.71875
3.75
3.78125
3.8125
3.84375
3.875
3.9375
4
4.0625
4.125
4.1875
4.25
4.3125
4.375
4.4375
4.5
4.5625
4.625
4.6875
4.75
4.8125
4.875
5
5.125
5.25
5.375
5.5
5.625
5.75
5.875
6
6.125
6.25
6.375
6.5
6.625
6.75
6.875
7.375
7.875
8.375
8.875
9.375
9.875
10.375
10.875
11.875
12.875
13.875
14.875
15.875
16.875
17.875
18.875
22.875
26.875
30.875
34.875
42.875
50.875
58.875
66.875
98.875
130.875
194.875
258.875
514.875
1026.875
4098.875
-4093.125
-1021.125
-509.125
-253.125
-189.125
-125.125
-93.125
-61.125
-53.125
-45.125
-37.125
-29.125
-25.125
-21.125
-17.125
-13.125
-12.125
-11.125
-10.125
-9.125
-8.125
-7.125
-6.125
-5.125
-4.625
-4.125
-3.625
-3.125
-2.625
-2.125
-1.625
-1.125
-1
-0.875
-0.75
-0.625
-0.5
-0.375
-0.25
-0.125
0
0.125
0.25
0.375
0.5
0.625
0.75
0.875
0.9375
1
1.0625
1.125
1.1875
1.25
1.3125
1.375
1.4375
1.5
1.5625
1.625
1.6875
1.75
1.8125
1.875
1.90625
1.9375
1.96875
2
2.03125
2.0625
2.09375
2.125
2.15625
2.1875
2.21875
2.25
2.28125
2.3125
2.34375
2.375
2.390625
2.40625
2.421875
2.4375
2.453125
2.46875
2.484375
2.5
2.515625
2.53125
2.546875
2.5625
2.578125
2.59375
2.609375
2.625
2.640625
2.65625
2.671875
2.6875
2.703125
2.71875
2.734375
2.75
2.7578125
2.765625
2.7734375
2.78125
2.7890625
2.796875
2.8046875
2.8125
2.8203125
2.828125
2.8359375
2.84375
2.84765625
2.8515625
2.85546875
2.859375
2.86328125
2.8671875
2.869140625
2.87109375
2.873046875
2.8740234375
2.874755859375
2.87493896484375
3
3.000244140625
3.0009765625
3.001953125
3.00390625
3.005859375
3.0078125
3.01171875
3.015625
3.01953125
3.0234375
3.02734375
3.03125
3.0390625
3.046875
3.0546875
3.0625
3.0703125
3.078125
3.0859375
3.09375
3.1015625
3.109375
3.1171875
3.125
3.140625
3.15625
3.171875
3.1875
3.203125
3.21875
3.234375
3.25
3.265625
3.28125
3.296875
3.3125
3.328125
3.34375
3.359375
3.375
3.390625
3.40625
3.421875
3.4375
3.453125
3.46875
3.484375
3.5
3.53125
3.5625
3.59375
3.625
3.65625
3.6875
3.71875
3.75
3.78125
3.8125
3.84375
3.875
3.90625
3.9375
3.96875
4
4.0625
4.125
4.1875
4.25
4.3125
4.375
4.4375
4.5
4.5625
4.625
4.6875
4.75
4.8125
4.875
4.9375
5
5.125
5.25
5.375
5.5
5.625
5.75
5.875
6
6.125
6.25
6.375
6.5
6.625
6.75
6.875
7
7.5
8
8.5
9
9.5
10
10.5
11
12
13
14
15
16
17
18
19
23
27
31
35
43
51
59
67
99
131
195
259
515
1027
4099
-4093
-1021
-509
-253
-189
-125
-93
-61
-53
-45
-37
-29
-25
-21
-17
-13
-12
-11
-10
-9
-8
-7
-6
-5
-4.5
-4
-3.5
-3
-2.5
-2
-1.5
-1
-0.875
-0.75
-0.625
-0.5
-0.375
-0.25
-0.125
0
0.125
0.25
0.375
0.5
0.625
0.75
0.875
1
1.0625
1.125
1.1875
1.25
1.3125
1.375
1.4375
1.5
1.5625
1.625
1.6875
1.75
1.8125
1.875
1.9375
2
2.03125
2.0625
2.09375
2.125
2.15625
2.1875
2.21875
2.25
2.28125
2.3125
2.34375
2.375
2.40625
2.4375
2.46875
2.5
2.515625
2.53125
2.546875
2.5625
2.578125
2.59375
2.609375
2.625
2.640625
2.65625
2.671875
2.6875
2.703125
2.71875
2.734375
2.75
2.765625
2.78125
2.796875
2.8125
2.828125
2.84375
2.859375
2.875
2.8828125
2.890625
2.8984375
2.90625
2.9140625
2.921875
2.9296875
2.9375
2.9453125
2.953125
2.9609375
2.96875
2.97265625
2.9765625
2.98046875
2.984375
2.98828125
2.9921875
2.994140625
2.99609375
2.998046875
2.9990234375
2.999755859375
2.99993896484375
3.125
3.125244140625
3.1259765625
3.126953125
3.12890625
3.130859375
3.1328125
3.13671875
3.140625
3.14453125
3.1484375
3.15234375
3.15625
3.1640625
3.171875
3.1796875
3.1875
3.1953125
3.203125
3.2109375
3.21875
3.2265625
3.234375
3.2421875
3.25
3.265625
3.28125
3.296875
3.3125
3.328125
3.34375
3.359375
3.375
3.390625
3.40625
3.421875
3.4375
3.453125
3.46875
3.484375
3.5
3.515625
3.53125
3.546875
3.5625
3.578125
3.59375
3.609375
3.625
3.65625
3.6875
3.71875
3.75
3.78125
3.8125
3.84375
3.875
3.90625
3.9375
3.96875
4
4.03125
4.0625
4.09375
4.125
4.1875
4.25
4.3125
4.375
4.4375
4.5
4.5625
4.625
4.6875
4.75
4.8125
4.875
4.9375
5
5.0625
5.125
5.25
5.375
5.5
5.625
5.75
5.875
6
6.125
6.25
6.375
6.5
6.625
6.75
6.875
7
7.125
7.625
8.125
8.625
9.125
9.625
10.125
10.625
11.125
12.125
13.125
14.125
15.125
16.125
17.125
18.125
19.125
23.125
27.125
31.125
35.125
43.125
51.125
59.125
67.125
99.125
131.125
195.125
259.125
515.125
1027.125
4099.125
-4092.875
-1020.875
-508.875
-252.875
-188.875
-124.875
-92.875
-60.875
-52.875
-44.875
-36.875
-28.875
-24.875
-20.875
-16.875
-12.875
-11.875
-10.875
-9.875
-8.875
-7.875
-6.875
-5.875
-4.875
-4.375
-3.875
-3.375
-2.875
-2.375
-1.875
-1.375
-0.875
-0.75
-0.625
-0.5
-0.375
-0.25
-0.125
0
0.125
0.25
0.375
0.5
0.625
0.75
0.875
1
1.125
1.1875
1.25
1.3125
1.375
1.4375
1.5
1.5625
1.625
1.6875
1.75
1.8125
1.875
1.9375
2
2.0625
2.125
2.15625
2.1875
2.21875
2.25
2.28125
2.3125
2.34375
2.375
2.40625
2.4375
2.46875
2.5
2.53125
2.5625
2.59375
2.625
2.640625
2.65625
2.671875
2.6875
2.703125
2.71875
2.734375
2.75
2.765625
2.78125
2.796875
2.8125
2.828125
2.84375
2.859375
2.875
2.890625
2.90625
2.921875
2.9375
2.953125
2.96875
2.984375
3
3.0078125
3.015625
3.0234375
3.03125
3.0390625
3.046875
3.0546875
3.0625
3.0703125
3.078125
3.0859375
3.09375
3.09765625
3.1015625
3.10546875
3.109375
3.11328125
3.1171875
3.119140625
3.12109375
3.123046875
3.1240234375
3.124755859375
3.12493896484375
3.25
3.250244140625
3.2509765625
3.251953125
3.25390625
3.255859375
3.2578125
3.26171875
3.265625
3.26953125
3.2734375
3.27734375
3.28125
3.2890625
3.296875
3.3046875
3.3125
3.3203125
3.328125
3.3359375
3.34375
3.3515625
3.359375
3.3671875
3.375
3.390625
3.40625
3.421875
3.4375
3.453125
3.46875
3.484375
3.5
3.515625
3.53125
3.546875
3.5625
3.578125
3.59375
3.609375
3.625
3.640625
3.65625
3.671875
3.6875
3.703125
3.71875
3.734375
3.75
3.78125
3.8125
3.84375
3.875
3.90625
3.9375
3.96875
4
4.03125
4.0625
4.09375
4.125
4.15625
4.1875
4.21875
4.25
4.3125
4.375
4.4375
4.5
4.5625
4.625
4.6875
4.75
4.8125
4.875
4.9375
5
5.0625
5.125
5.1875
5.25
5.375
5.5
5.625
5.75
5.875
6
6.125
6.25
6.375
6.5
6.625
6.75
6.875
7
7.125
7.25
7.75
8.25
8.75
9.25
9.75
10.25
10.75
11.25
12.25
13.25
14.25
15.25
16.25
17.25
18.25
19.25
23.25
27.25
31.25
35.25
43.25
51.25
59.25
67.25
99.25
131.25
195.25
259.25
515.25
1027.25
4099.25
-4092.75
-1020.75
-508.75
-252.75
-188.75
-124.75
-92.75
-60.75
-52.75
-44.75
-36.75
-28.75
-24.75
-20.75
-16.75
-12.75
-11.75
-10.75
-9.75
-8.75
-7.75
-6.75
-5.75
-4.75
-4.25
-3.75
-3.25
-2.75
-2.25
-1.75
-1.25
-0.75
-0.625
-0.5
-0.375
-0.25
-0.125
0
0.125
0.25
0.375
0.5
0.625
0.75
0.875
1
1.125
1.25
1.3125
1.375
1.4375
1.5
1.5625
1.625
1.6875
1.75
1.8125
1.875
1.9375
2
2.0625
2.125
2.1875
2.25
2.28125
2.3125
2.34375
2.375
2.40625
2.4375
2.46875
2.5
2.53125
2.5625
2.59375
2.625
2.65625
2.6875
2.71875
2.75
2.765625
2.78125
2.796875
2.8125
2.828125
2.84375
2.859375
2.875
2.890625
2.90625
2.921875
2.9375
2.953125
2.96875
2.984375
3
3.015625
3.03125
3.046875
3.0625
3.078125
3.09375
3.109375
3.125
3.1328125
3.140625
3.1484375
3.15625
3.1640625
3.171875
3.1796875
3.1875
3.1953125
3.203125
3.2109375
3.21875
3.22265625
3.2265625
3.23046875
3.234375
3.23828125
3.2421875
3.244140625
3.24609375
3.248046875
3.2490234375
3.249755859375
3.24993896484375
3.375
3.375244140625
3.3759765625
3.376953125
3.37890625
3.380859375
3.3828125
3.38671875
3.390625
3.39453125
3.3984375
3.40234375
3.40625
3.4140625
3.421875
3.4296875
3.4375
3.4453125
3.453125
3.4609375
3.46875
3.4765625
3.484375
3.4921875
3.5
3.515625
3.53125
3.546875
3.5625
3.578125
3.59375
3.609375
3.625
3.640625
3.65625
3.671875
3.6875
3.703125
3.71875
3.734375
3.75
3.765625
3.78125
3.796875
3.8125
3.828125
3.84375
3.859375
3.875
3.90625
3.9375
3.96875
4
4.03125
4.0625
4.09375
4.125
4.15625
4.1875
4.21875
4.25
4.28125
4.3125
4.34375
4.375
4.4375
4.5
4.5625
4.625
4.6875
4.75
4.8125
4.875
4.9375
5
5.0625
5.125
5.1875
5.25
5.3125
5.375
5.5
5.625
5.75
5.875
6
6.125
6.25
6.375
6.5
6.625
6.75
6.875
7
7.125
7.25
7.375
7.875
8.375
8.875
9.375
9.875
10.375
10.875
11.375
12.375
13.375
14.375
15.375
16.375
17.375
18.375
19.375
23.375
27.375
31.375
35.375
43.375
51.375
59.375
67.375
99.375
131.375
195.375
259.375
515.375
1027.375
4099.375
-4092.625
-1020.625
-508.625
-252.625
-188.625
-124.625
-92.625
-60.625
-52.625
-44.625
-36.625
-28.625
-24.625
-20.625
-16.625
-12.625
-11.625
-10.625
-9.625
-8.625
-7.625
-6.625
-5.625
-4.625
-4.125
-3.625
-3.125
-2.625
-2.125
-1.625
-1.125
-0.625
-0.5
-0.375
-0.25
-0.125
0
0.125
0.25
0.375
0.5
0.625
0.75
0.875
1
1.125
1.25
1.375
1.4375
1.5
1.5625
1.625
1.6875
1.75
1.8125
1.875
1.9375
2
2.0625
2.125
2.1875
2.25
2.3125
2.375
2.40625
2.4375
2.46875
2.5
2.53125
2.5625
2.59375
2.625
2.65625
2.6875
2.71875
2.75
2.78125
2.8125
2.84375
2.875
2.890625
2.90625
2.921875
2.9375
2.953125
2.96875
2.984375
3
3.015625
3.03125
3.046875
3.0625
3.078125
3.09375
3.109375
3.125
3.140625
3.15625
3.171875
3.1875
3.203125
3.21875
3.234375
3.25
3.2578125
3.265625
3.2734375
3.28125
3.2890625
3.296875
3.3046875
3.3125
3.3203125
3.328125
3.3359375
3.34375
3.34765625
3.3515625
3.35546875
3.359375
3.36328125
3.3671875
3.369140625
3.37109375
3.373046875
3.3740234375
3.374755859375
3.37493896484375
3.5
3.500244140625
3.5009765625
3.501953125
3.50390625
3.505859375
3.5078125
3.51171875
3.515625
3.51953125
3.5234375
3.52734375
3.53125
3.5390625
3.546875
3.5546875
3.5625
3.5703125
3.578125
3.5859375
3.59375
3.6015625
3.609375
3.6171875
3.625
3.640625
3.65625
3.671875
3.6875
3.703125
3.71875
3.734375
3.75
3.765625
3.78125
3.796875
3.8125
3.828125
3.84375
3.859375
3.875
3.890625
3.90625
3.921875
3.9375
3.953125
3.96875
3.984375
4
4.03125
4.0625
4.09375
4.125
4.15625
4.1875
4.21875
4.25
4.28125
4.3125
4.34375
4.375
4.40625
4.4375
4.46875
4.5
4.5625
4.625
4.6875
4.75
4.8125
4.875
4.9375
5
5.0625
5.125
5.1875
5.25
5.3125
5.375
5.4375
5.5
5.625
5.75
5.875
6
6.125
6.25
6.375
6.5
6.625
6.75
6.875
7
7.125
7.25
7.375
7.5
8
8.5
9
9.5
10
10.5
11
11.5
12.5
13.5
14.5
15.5
16.5
17.5
18.5
19.5
23.5
27.5
31.5
35.5
43.5
51.5
59.5
67.5
99.5
131.5
195.5
259.5
515.5
1027.5
4099.5
-4092.5
-1020.5
-508.5
-252.5
-188.5
-124.5
-92.5
-60.5
-52.5
-44.5
-36.5
-28.5
-24.5
-20.5
-16.5
-12.5
-11.5
-10.5
-9.5
-8.5
-7.5
-6.5
-5.5
-4.5
-4
-3.5
-3
-2.5
-2
-1.5
-1
-0.5
-0.375
-0.25
-0.125
0
0.125
0.25
0.375
0.5
0.625
0.75
0.875
1
1.125
1.25
1.375
1.5
1.5625
1.625
1.6875
1.75
1.8125
1.875
1.9375
2
2.0625
2.125
2.1875
2.25
2.3125
2.375
2.4375
2.5
2.53125
2.5625
2.59375
2.625
2.65625
2.6875
2.71875
2.75
2.78125
2.8125
2.84375
2.875
2.90625
2.9375
2.96875
3
3.015625
3.03125
3.046875
3.0625
3.078125
3.09375
3.109375
3.125
3.140625
3.15625
3.171875
3.1875
3.203125
3.21875
3.234375
3.25
3.265625
3.28125
3.296875
3.3125
3.328125
3.34375
3.359375
3.375
3.3828125
3.390625
3.3984375
3.40625
3.4140625
3.421875
3.4296875
3.4375
3.4453125
3.453125
3.4609375
3.46875
3.47265625
3.4765625
3.48046875
3.484375
3.48828125
3.4921875
3.494140625
3.49609375
3.498046875
3.4990234375
3.499755859375
3.49993896484375
3.625
3.625244140625
3.6259765625
3.626953125
3.62890625
3.630859375
3.6328125
3.63671875
3.640625
3.64453125
3.6484375
3.65234375
3.65625
3.6640625
3.671875
3.6796875
3.6875
3.6953125
3.703125
3.7109375
3.71875
3.7265625
3.734375
3.7421875
3.75
3.765625
3.78125
3.796875
3.8125
3.828125
3.84375
3.859375
3.875
3.890625
3.90625
3.921875
3.9375
3.953125
3.96875
3.984375
4
4.015625
4.03125
4.046875
4.0625
4.078125
4.09375
4.109375
4.125
4.15625
4.1875
4.21875
4.25
4.28125
4.3125
4.34375
4.375
4.40625
4.4375
4.46875
4.5
4.53125
4.5625
4.59375
4.625
4.6875
4.75
4.8125
4.875
4.9375
5
5.0625
5.125
5.1875
5.25
5.3125
5.375
5.4375
5.5
5.5625
5.625
5.75
5.875
6
6.125
6.25
6.375
6.5
6.625
6.75
6.875
7
7.125
7.25
7.375
7.5
7.625
8.125
8.625
9.125
9.625
10.125
10.625
11.125
11.625
12.625
13.625
14.625
15.625
16.625
17.625
18.625
19.625
23.625
27.625
31.625
35.625
43.625
51.625
59.625
67.625
99.625
131.625
195.625
259.625
515.625
1027.625
4099.625
-4092.375
-1020.375
-508.375
-252.375
-188.375
-124.375
-92.375
-60.375
-52.375
-44.375
-36.375
-28.375
-24.375
-20.375
-16.375
-12.375
-11.375
-10.375
-9.375
-8.375
-7.375
-6.375
-5.375
-4.375
-3.875
-3.375
-2.875
-2.375
-1.875
-1.375
-0.875
-0.375
-0.25
-0.125
0
0.125
0.25
0.375
0.5
0.625
0.75
0.875
1
1.125
1.25
1.375
1.5
1.625
1.6875
1.75
1.8125
1.875
1.9375
2
2.0625
2.125
2.1875
2.25
2.3125
2.375
2.4375
2.5
2.5625
2.625
2.65625
2.6875
2.71875
2.75
2.78125
2.8125
2.84375
2.875
2.90625
2.9375
2.96875
3
3.03125
3.0625
3.09375
3.125
3.140625
3.15625
3.171875
3.1875
3.203125
3.21875
3.234375
3.25
3.265625
3.28125
3.296875
3.3125
3.328125
3.34375
3.359375
3.375
3.390625
3.40625
3.421875
3.4375
3.453125
3.46875
3.484375
3.5
3.5078125
3.515625
3.5234375
3.53125
3.5390625
3.546875
3.5546875
3.5625
3.5703125
3.578125
3.5859375
3.59375
3.59765625
3.6015625
3.60546875
3.609375
3.61328125
3.6171875
3.619140625
3.62109375
3.623046875
3.6240234375
3.624755859375
3.62493896484375
3.75
3.750244140625
3.7509765625
3.751953125
3.75390625
3.755859375
3.7578125
3.76171875
3.765625
3.76953125
3.7734375
3.77734375
3.78125
3.7890625
3.796875
3.8046875
3.8125
3.8203125
3.828125
3.8359375
3.84375
3.8515625
3.859375
3.8671875
3.875
3.890625
3.90625
3.921875
3.9375
3.953125
3.96875
3.984375
4
4.015625
4.03125
4.046875
4.0625
4.078125
4.09375
4.109375
4.125
4.140625
4.15625
4.171875
4.1875
4.203125
4.21875
4.234375
4.25
4.28125
4.3125
4.34375
4.375
4.40625
4.4375
4.46875
4.5
4.53125
4.5625
4.59375
4.625
4.65625
4.6875
4.71875
4.75
4.8125
4.875
4.9375
5
5.0625
5.125
5.1875
5.25
5.3125
5.375
5.4375
5.5
5.5625
5.625
5.6875
5.75
5.875
6
6.125
6.25
6.375
6.5
6.625
6.75
6.875
7
7.125
7.25
7.375
7.5
7.625
7.75
8.25
8.75
9.25
9.75
10.25
10.75
11.25
11.75
12.75
13.75
14.75
15.75
16.75
17.75
18.75
19.75
23.75
27.75
31.75
35.75
43.75
51.75
59.75
67.75
99.75
131.75
195.75
259.75
515.75
1027.75
4099.75
-4092.25
-1020.25
-508.25
-252.25
-188.25
-124.25
-92.25
-60.25
-52.25
-44.25
-36.25
-28.25
-24.25
-20.25
-16.25
-12.25
-11.25
-10.25
-9.25
-8.25
-7.25
-6.25
-5.25
-4.25
-3.75
-3.25
-2.75
-2.25
-1.75
-1.25
-0.75
-0.25
-0.125
0
0.125
0.25
0.375
0.5
0.625
0.75
0.875
1
1.125
1.25
1.375
1.5
1.625
1.75
1.8125
1.875
1.9375
2
2.0625
2.125
2.1875
2.25
2.3125
2.375
2.4375
2.5
2.5625
2.625
2.6875
2.75
2.78125
2.8125
2.84375
2.875
2.90625
2.9375
2.96875
3
3.03125
3.0625
3.09375
3.125
3.15625
3.1875
3.21875
3.25
3.265625
3.28125
3.296875
3.3125
3.328125
3.34375
3.359375
3.375
3.390625
3.40625
3.421875
3.4375
3.453125
3.46875
3.484375
3.5
3.515625
3.53125
3.546875
3.5625
3.578125
3.59375
3.609375
3.625
3.6328125
3.640625
3.6484375
3.65625
3.6640625
3.671875
3.6796875
3.6875
3.6953125
3.703125
3.7109375
3.71875
3.72265625
3.7265625
3.73046875
3.734375
3.73828125
3.7421875
3.744140625
3.74609375
3.748046875
3.7490234375
3.749755859375
3.74993896484375
3.875
3.875244140625
3.8759765625
3.876953125
3.87890625
3.880859375
3.8828125
3.88671875
3.890625
3.89453125
3.8984375
3.90234375
3.90625
3.9140625
3.921875
3.9296875
3.9375
3.9453125
3.953125
3.9609375
3.96875
3.9765625
3.984375
3.9921875
4
4.015625
4.03125
4.046875
4.0625
4.078125
4.09375
4.109375
4.125
4.140625
4.15625
4.171875
4.1875
4.203125
4.21875
4.234375
4.25
4.265625
4.28125
4.296875
4.3125
4.328125
4.34375
4.359375
4.375
4.40625
4.4375
4.46875
4.5
4.53125
4.5625
4.59375
4.625
4.65625
4.6875
4.71875
4.75
4.78125
4.8125
4.84375
4.875
4.9375
5
5.0625
5.125
5.1875
5.25
5.3125
5.375
5.4375
5.5
5.5625
5.625
5.6875
5.75
5.8125
5.875
6
6.125
6.25
6.375
6.5
6.625
6.75
6.875
7
7.125
7.25
7.375
7.5
7.625
7.75
7.875
8.375
8.875
9.375
9.875
10.375
10.875
11.375
11.875
12.875
13.875
14.875
15.875
16.875
17.875
18.875
19.875
23.875
27.875
31.875
35.875
43.875
51.875
59.875
67.875
99.875
131.875
195.875
259.875
515.875
1027.875
4099.875
-4092.125
-1020.125
-508.125
-252.125
-188.125
-124.125
-92.125
-60.125
-52.125
-44.125
-36.125
-28.125
-24.125
-20.125
-16.125
-12.125
-11.125
-10.125
-9.125
-8.125
-7.125
-6.125
-5.125
-4.125
-3.625
-3.125
-2.625
-2.125
-1.625
-1.125
-0.625
-0.125
0
0.125
0.25
0.375
0.5
0.625
0.75
0.875
1
1.125
1.25
1.375
1.5
1.625
1.75
1.875
1.9375
2
2.0625
2.125
2.1875
2.25
2.3125
2.375
2.4375
2.5
2.5625
2.625
2.6875
2.75
2.8125
2.875
2.90625
2.9375
2.96875
3
3.03125
3.0625
3.09375
3.125
3.15625
3.1875
3.21875
3.25
3.28125
3.3125
3.34375
3.375
3.390625
3.40625
3.421875
3.4375
3.453125
3.46875
3.484375
3.5
3.515625
3.53125
3.546875
3.5625
3.578125
3.59375
3.609375
3.625
3.640625
3.65625
3.671875
3.6875
3.703125
3.71875
3.734375
3.75
3.7578125
3.765625
3.7734375
3.78125
3.7890625
3.796875
3.8046875
3.8125
3.8203125
3.828125
3.8359375
3.84375
3.84765625
3.8515625
3.85546875
3.859375
3.86328125
3.8671875
3.869140625
3.87109375
3.873046875
3.8740234375
3.874755859375
3.87493896484375
4
4.000244140625
4.0009765625
4.001953125
4.00390625
4.005859375
4.0078125
4.01171875
4.015625
4.01953125
4.0234375
4.02734375
4.03125
4.0390625
4.046875
4.0546875
4.0625
4.0703125
4.078125
4.0859375
4.09375
4.1015625
4.109375
4.1171875
4.125
4.140625
4.15625
4.171875
4.1875
4.203125
4.21875
4.234375
4.25
4.265625
4.28125
4.296875
4.3125
4.328125
4.34375
4.359375
4.375
4.390625
4.40625
4.421875
4.4375
4.453125
4.46875
4.484375
4.5
4.53125
4.5625
4.59375
4.625
4.65625
4.6875
4.71875
4.75
4.78125
4.8125
4.84375
4.875
4.90625
4.9375
4.96875
5
5.0625
5.125
5.1875
5.25
5.3125
5.375
5.4375
5.5
5.5625
5.625
5.6875
5.75
5.8125
5.875
5.9375
6
6.125
6.25
6.375
6.5
6.625
6.75
6.875
7
7.125
7.25
7.375
7.5
7.625
7.75
7.875
8
8.5
9
9.5
10
10.5
11
11.5
12
13
14
15
16
17
18
19
20
24
28
32
36
44
52
60
68
100
132
196
260
516
1028
4100
-4092
-1020
-508
-252
-188
-124
-92
-60
-52
-44
-36
-28
-24
-20
-16
-12
-11
-10
-9
-8
-7
-6
-5
-4
-3.5
-3
-2.5
-2
-1.5
-1
-0.5
0
0.125
0.25
0.375
0.5
0.625
0.75
0.875
1
1.125
1.25
1.375
1.5
1.625
1.75
1.875
2
2.0625
2.125
2.1875
2.25
2.3125
2.375
2.4375
2.5
2.5625
2.625
2.6875
2.75
2.8125
2.875
2.9375
3
3.03125
3.0625
3.09375
3.125
3.15625
3.1875
3.21875
3.25
3.28125
3.3125
3.34375
3.375
3.40625
3.4375
3.46875
3.5
3.515625
3.53125
3.546875
3.5625
3.578125
3.59375
3.609375
3.625
3.640625
3.65625
3.671875
3.6875
3.703125
3.71875
3.734375
3.75
3.765625
3.78125
3.796875
3.8125
3.828125
3.84375
3.859375
3.875
3.8828125
3.890625
3.8984375
3.90625
3.9140625
3.921875
3.9296875
3.9375
3.9453125
3.953125
3.9609375
3.96875
3.97265625
3.9765625
3.98046875
3.984375
3.98828125
3.9921875
3.994140625
3.99609375
3.998046875
3.9990234375
3.999755859375
3.99993896484375
4.5
4.500244140625
4.5009765625
4.501953125
4.50390625
4.505859375
4.5078125
4.51171875
4.515625
4.51953125
4.5234375
4.52734375
4.53125
4.5390625
4.546875
4.5546875
4.5625
4.5703125
4.578125
4.5859375
4.59375
4.6015625
4.609375
4.6171875
4.625
4.640625
4.65625
4.671875
4.6875
4.703125
4.71875
4.734375
4.75
4.765625
4.78125
4.796875
4.8125
4.828125
4.84375
4.859375
4.875
4.890625
4.90625
4.921875
4.9375
4.953125
4.96875
4.984375
5
5.03125
5.0625
5.09375
5.125
5.15625
5.1875
5.21875
5.25
5.28125
5.3125
5.34375
5.375
5.40625
5.4375
5.46875
5.5
5.5625
5.625
5.6875
5.75
5.8125
5.875
5.9375
6
6.0625
6.125
6.1875
6.25
6.3125
6.375
6.4375
6.5
6.625
6.75
6.875
7
7.125
7.25
7.375
7.5
7.625
7.75
7.875
8
8.125
8.25
8.375
8.5
9
9.5
10
10.5
11
11.5
12
12.5
13.5
14.5
15.5
16.5
17.5
18.5
19.5
20.5
24.5
28.5
32.5
36.5
44.5
52.5
60.5
68.5
100.5
132.5
196.5
260.5
516.5
1028.5
4100.5
-4091.5
-1019.5
-507.5
-251.5
-187.5
-123.5
-91.5
-59.5
-51.5
-43.5
-35.5
-27.5
-23.5
-19.5
-15.5
-11.5
-10.5
-9.5
-8.5
-7.5
-6.5
-5.5
-4.5
-3.5
-3
-2.5
-2
-1.5
-1
-0.5
0
0.5
0.625
0.75
0.875
1
1.125
1.25
1.375
1.5
1.625
1.75
1.875
2
2.125
2.25
2.375
2.5
2.5625
2.625
2.6875
2.75
2.8125
2.875
2.9375
3
3.0625
3.125
3.1875
3.25
3.3125
3.375
3.4375
3.5
3.53125
3.5625
3.59375
3.625
3.65625
3.6875
3.71875
3.75
3.78125
3.8125
3.84375
3.875
3.90625
3.9375
3.96875
4
4.015625
4.03125
4.046875
4.0625
4.078125
4.09375
4.109375
4.125
4.140625
4.15625
4.171875
4.1875
4.203125
4.21875
4.234375
4.25
4.265625
4.28125
4.296875
4.3125
4.328125
4.34375
4.359375
4.375
4.3828125
4.390625
4.3984375
4.40625
4.4140625
4.421875
4.4296875
4.4375
4.4453125
4.453125
4.4609375
4.46875
4.47265625
4.4765625
4.48046875
4.484375
4.48828125
4.4921875
4.494140625
4.49609375
4.498046875
4.4990234375
4.499755859375
4.49993896484375
5
5.000244140625
5.0009765625
5.001953125
5.00390625
5.005859375
5.0078125
5.01171875
5.015625
5.01953125
5.0234375
5.02734375
5.03125
5.0390625
5.046875
5.0546875
5.0625
5.0703125
5.078125
5.0859375
5.09375
5.1015625
5.109375
5.1171875
5.125
5.140625
5.15625
5.171875
5.1875
5.203125
5.21875
5.234375
5.25
5.265625
5.28125
5.296875
5.3125
5.328125
5.34375
5.359375
5.375
5.390625
5.40625
5.421875
5.4375
5.453125
5.46875
5.484375
5.5
5.53125
5.5625
5.59375
5.625
5.65625
5.6875
5.71875
5.75
5.78125
5.8125
5.84375
5.875
5.90625
5.9375
5.96875
6
6.0625
6.125
6.1875
6.25
6.3125
6.375
6.4375
6.5
6.5625
6.625
6.6875
6.75
6.8125
6.875
6.9375
7
7.125
7.25
7.375
7.5
7.625
7.75
7.875
8
8.125
8.25
8.375
8.5
8.625
8.75
8.875
9
9.5
10
10.5
11
11.5
12
12.5
13
14
15
16
17
18
19
20
21
25
29
33
37
45
53
61
69
101
133
197
261
517
1029
4101
-4091
-1019
-507
-251
-187
-123
-91
-59
-51
-43
-35
-27
-23
-19
-15
-11
-10
-9
-8
-7
-6
-5
-4
-3
-2.5
-2
-1.5
-1
-0.5
0
0.5
1
1.125
1.25
1.375
1.5
1.625
1.75
1.875
2
2.125
2.25
2.375
2.5
2.625
2.75
2.875
3
3.0625
3.125
3.1875
3.25
3.3125
3.375
3.4375
3.5
3.5625
3.625
3.6875
3.75
3.8125
3.875
3.9375
4
4.03125
4.0625
4.09375
4.125
4.15625
4.1875
4.21875
4.25
4.28125
4.3125
4.34375
4.375
4.40625
4.4375
4.46875
4.5
4.515625
4.53125
4.546875
4.5625
4.578125
4.59375
4.609375
4.625
4.640625
4.65625
4.671875
4.6875
4.703125
4.71875
4.734375
4.75
4.765625
4.78125
4.796875
4.8125
4.828125
4.84375
4.859375
4.875
4.8828125
4.890625
4.8984375
4.90625
4.9140625
4.921875
4.9296875
4.9375
4.9453125
4.953125
4.9609375
4.96875
4.97265625
4.9765625
4.98046875
4.984375
4.98828125
4.9921875
4.994140625
4.99609375
4.998046875
4.9990234375
4.999755859375
4.99993896484375
5.5
5.500244140625
5.5009765625
5.501953125
5.50390625
5.505859375
5.5078125
5.51171875
5.515625
5.51953125
5.5234375
5.52734375
5.53125
5.5390625
5.546875
5.5546875
5.5625
5.5703125
5.578125
5.5859375
5.59375
5.6015625
5.609375
5.6171875
5.625
5.640625
5.65625
5.671875
5.6875
5.703125
5.71875
5.734375
5.75
5.765625
5.78125
5.796875
5.8125
5.828125
5.84375
5.859375
5.875
5.890625
5.90625
5.921875
5.9375
5.953125
5.96875
5.984375
6
6.03125
6.0625
6.09375
6.125
6.15625
6.1875
6.21875
6.25
6.28125
6.3125
6.34375
6.375
6.40625
6.4375
6.46875
6.5
6.5625
6.625
6.6875
6.75
6.8125
6.875
6.9375
7
7.0625
7.125
7.1875
7.25
7.3125
7.375
7.4375
7.5
7.625
7.75
7.875
8
8.125
8.25
8.375
8.5
8.625
8.75
8.875
9
9.125
9.25
9.375
9.5
10
10.5
11
11.5
12
12.5
13
13.5
14.5
15.5
16.5
17.5
18.5
19.5
20.5
21.5
25.5
29.5
33.5
37.5
45.5
53.5
61.5
69.5
101.5
133.5
197.5
261.5
517.5
1029.5
4101.5
-4090.5
-1018.5
-506.5
-250.5
-186.5
-122.5
-90.5
-58.5
-50.5
-42.5
-34.5
-26.5
-22.5
-18.5
-14.5
-10.5
-9.5
-8.5
-7.5
-6.5
-5.5
-4.5
-3.5
-2.5
-2
-1.5
-1
-0.5
0
0.5
1
1.5
1.625
1.75
1.875
2
2.125
2.25
2.375
2.5
2.625
2.75
2.875
3
3.125
3.25
3.375
3.5
3.5625
3.625
3.6875
3.75
3.8125
3.875
3.9375
4
4.0625
4.125
4.1875
4.25
4.3125
4.375
4.4375
4.5
4.53125
4.5625
4.59375
4.625
4.65625
4.6875
4.71875
4.75
4.78125
4.8125
4.84375
4.875
4.90625
4.9375
4.96875
5
5.015625
5.03125
5.046875
5.0625
5.078125
5.09375
5.109375
5.125
5.140625
5.15625
5.171875
5.1875
5.203125
5.21875
5.234375
5.25
5.265625
5.28125
5.296875
5.3125
5.328125
5.34375
5.359375
5.375
5.3828125
5.390625
5.3984375
5.40625
5.4140625
5.421875
5.4296875
5.4375
5.4453125
5.453125
5.4609375
5.46875
5.47265625
5.4765625
5.48046875
5.484375
5.48828125
5.4921875
5.494140625
5.49609375
5.498046875
5.4990234375
5.499755859375
5.49993896484375
6
6.000244140625
6.0009765625
6.001953125
6.00390625
6.005859375
6.0078125
6.01171875
6.015625
6.01953125
6.0234375
6.02734375
6.03125
6.0390625
6.046875
6.0546875
6.0625
6.0703125
6.078125
6.0859375
6.09375
6.1015625
6.109375
6.1171875
6.125
6.140625
6.15625
6.171875
6.1875
6.203125
6.21875
6.234375
6.25
6.265625
6.28125
6.296875
6.3125
6.328125
6.34375
6.359375
6.375
6.390625
6.40625
6.421875
6.4375
6.453125
6.46875
6.484375
6.5
6.53125
6.5625
6.59375
6.625
6.65625
6.6875
6.71875
6.75
6.78125
6.8125
6.84375
6.875
6.90625
6.9375
6.96875
7
7.0625
7.125
7.1875
7.25
7.3125
7.375
7.4375
7.5
7.5625
7.625
7.6875
7.75
7.8125
7.875
7.9375
8
8.125
8.25
8.375
8.5
8.625
8.75
8.875
9
9.125
9.25
9.375
9.5
9.625
9.75
9.875
10
10.5
11
11.5
12
12.5
13
13.5
14
15
16
17
18
19
20
21
22
26
30
34
38
46
54
62
70
102
134
198
262
518
1030
4102
-4090
-1018
-506
-250
-186
-122
-90
-58
-50
-42
-34
-26
-22
-18
-14
-10
-9
-8
-7
-6
-5
-4
-3
-2
-1.5
-1
-0.5
0
0.5
1
1.5
2
2.125
2.25
2.375
2.5
2.625
2.75
2.875
3
3.125
3.25
3.375
3.5
3.625
3.75
3.875
4
4.0625
4.125
4.1875
4.25
4.3125
4.375
4.4375
4.5
4.5625
4.625
4.6875
4.75
4.8125
4.875
4.9375
5
5.03125
5.0625
5.09375
5.125
5.15625
5.1875
5.21875
5.25
5.28125
5.3125
5.34375
5.375
5.40625
5.4375
5.46875
5.5
5.515625
5.53125
5.546875
5.5625
5.578125
5.59375
5.609375
5.625
5.640625
5.65625
5.671875
5.6875
5.703125
5.71875
5.734375
5.75
5.765625
5.78125
5.796875
5.8125
5.828125
5.84375
5.859375
5.875
5.8828125
5.890625
5.8984375
5.90625
5.9140625
5.921875
5.9296875
5.9375
5.9453125
5.953125
5.9609375
5.96875
5.97265625
5.9765625
5.98046875
5.984375
5.98828125
5.9921875
5.994140625
5.99609375
5.998046875
5.9990234375
5.999755859375
5.99993896484375
6.5
6.500244140625
6.5009765625
6.501953125
6.50390625
6.505859375
6.5078125
6.51171875
6.515625
6.51953125
6.5234375
6.52734375
6.53125
6.5390625
6.546875
6.5546875
6.5625
6.5703125
6.578125
6.5859375
6.59375
6.6015625
6.609375
6.6171875
6.625
6.640625
6.65625
6.671875
6.6875
6.703125
6.71875
6.734375
6.75
6.765625
6.78125
6.796875
6.8125
6.828125
6.84375
6.859375
6.875
6.890625
6.90625
6.921875
6.9375
6.953125
6.96875
6.984375
7
7.03125
7.0625
7.09375
7.125
7.15625
7.1875
7.21875
7.25
7.28125
7.3125
7.34375
7.375
7.40625
7.4375
7.46875
7.5
7.5625
7.625
7.6875
7.75
7.8125
7.875
7.9375
8
8.0625
8.125
8.1875
8.25
8.3125
8.375
8.4375
8.5
8.625
8.75
8.875
9
9.125
9.25
9.375
9.5
9.625
9.75
9.875
10
10.125
10.25
10.375
10.5
11
11.5
12
12.5
13
13.5
14
14.5
15.5
16.5
17.5
18.5
19.5
20.5
21.5
22.5
26.5
30.5
34.5
38.5
46.5
54.5
62.5
70.5
102.5
134.5
198.5
262.5
518.5
1030.5
4102.5
-4089.5
-1017.5
-505.5
-249.5
-185.5
-121.5
-89.5
-57.5
-49.5
-41.5
-33.5
-25.5
-21.5
-17.5
-13.5
-9.5
-8.5
-7.5
-6.5
-5.5
-4.5
-3.5
-2.5
-1.5
-1
-0.5
0
0.5
1
1.5
2
2.5
2.625
2.75
2.875
3
3.125
3.25
3.375
3.5
3.625
3.75
3.875
4
4.125
4.25
4.375
4.5
4.5625
4.625
4.6875
4.75
4.8125
4.875
4.9375
5
5.0625
5.125
5.1875
5.25
5.3125
5.375
5.4375
5.5
5.53125
5.5625
5.59375
5.625
5.65625
5.6875
5.71875
5.75
5.78125
5.8125
5.84375
5.875
5.90625
5.9375
5.96875
6
6.015625
6.03125
6.046875
6.0625
6.078125
6.09375
6.109375
6.125
6.140625
6.15625
6.171875
6.1875
6.203125
6.21875
6.234375
6.25
6.265625
6.28125
6.296875
6.3125
6.328125
6.34375
6.359375
6.375
6.3828125
6.390625
6.3984375
6.40625
6.4140625
6.421875
6.4296875
6.4375
6.4453125
6.453125
6.4609375
6.46875
6.47265625
6.4765625
6.48046875
6.484375
6.48828125
6.4921875
6.494140625
6.49609375
6.498046875
6.4990234375
6.499755859375
6.49993896484375
7
7.000244140625
7.0009765625
7.001953125
7.00390625
7.005859375
7.0078125
7.01171875
7.015625
7.01953125
7.0234375
7.02734375
7.03125
7.0390625
7.046875
7.0546875
7.0625
7.0703125
7.078125
7.0859375
7.09375
7.1015625
7.109375
7.1171875
7.125
7.140625
7.15625
7.171875
7.1875
7.203125
7.21875
7.234375
7.25
7.265625
7.28125
7.296875
7.3125
7.328125
7.34375
7.359375
7.375
7.390625
7.40625
7.421875
7.4375
7.453125
7.46875
7.484375
7.5
7.53125
7.5625
7.59375
7.625
7.65625
7.6875
7.71875
7.75
7.78125
7.8125
7.84375
7.875
7.90625
7.9375
7.96875
8
8.0625
8.125
8.1875
8.25
8.3125
8.375
8.4375
8.5
8.5625
8.625
8.6875
8.75
8.8125
8.875
8.9375
9
9.125
9.25
9.375
9.5
9.625
9.75
9.875
10
10.125
10.25
10.375
10.5
10.625
10.75
10.875
11
11.5
12
12.5
13
13.5
14
14.5
15
16
17
18
19
20
21
22
23
27
31
35
39
47
55
63
71
103
135
199
263
519
1031
4103
-4089
-1017
-505
-249
-185
-121
-89
-57
-49
-41
-33
-25
-21
-17
-13
-9
-8
-7
-6
-5
-4
-3
-2
-1
-0.5
0
0.5
1
1.5
2
2.5
3
3.125
3.25
3.375
3.5
3.625
3.75
3.875
4
4.125
4.25
4.375
4.5
4.625
4.75
4.875
5
5.0625
5.125
5.1875
5.25
5.3125
5.375
5.4375
5.5
5.5625
5.625
5.6875
5.75
5.8125
5.875
5.9375
6
6.03125
6.0625
6.09375
6.125
6.15625
6.1875
6.21875
6.25
6.28125
6.3125
6.34375
6.375
6.40625
6.4375
6.46875
6.5
6.515625
6.53125
6.546875
6.5625
6.578125
6.59375
6.609375
6.625
6.640625
6.65625
6.671875
6.6875
6.703125
6.71875
6.734375
6.75
6.765625
6.78125
6.796875
6.8125
6.828125
6.84375
6.859375
6.875
6.8828125
6.890625
6.8984375
6.90625
6.9140625
6.921875
6.9296875
6.9375
6.9453125
6.953125
6.9609375
6.96875
6.97265625
6.9765625
6.98046875
6.984375
6.98828125
6.9921875
6.994140625
6.99609375
6.998046875
6.9990234375
6.999755859375
6.99993896484375
7.5
7.500244140625
7.5009765625
7.501953125
7.50390625
7.505859375
7.5078125
7.51171875
7.515625
7.51953125
7.5234375
7.52734375
7.53125
7.5390625
7.546875
7.5546875
7.5625
7.5703125
7.578125
7.5859375
7.59375
7.6015625
7.609375
7.6171875
7.625
7.640625
7.65625
7.671875
7.6875
7.703125
7.71875
7.734375
7.75
7.765625
7.78125
7.796875
7.8125
7.828125
7.84375
7.859375
7.875
7.890625
7.90625
7.921875
7.9375
7.953125
7.96875
7.984375
8
8.03125
8.0625
8.09375
8.125
8.15625
8.1875
8.21875
8.25
8.28125
8.3125
8.34375
8.375
8.40625
8.4375
8.46875
8.5
8.5625
8.625
8.6875
8.75
8.8125
8.875
8.9375
9
9.0625
9.125
9.1875
9.25
9.3125
9.375
9.4375
9.5
9.625
9.75
9.875
10
10.125
10.25
10.375
10.5
10.625
10.75
10.875
11
11.125
11.25
11.375
11.5
12
12.5
13
13.5
14
14.5
15
15.5
16.5
17.5
18.5
19.5
20.5
21.5
22.5
23.5
27.5
31.5
35.5
39.5
47.5
55.5
63.5
71.5
103.5
135.5
199.5
263.5
519.5
1031.5
4103.5
-4088.5
-1016.5
-504.5
-248.5
-184.5
-120.5
-88.5
-56.5
-48.5
-40.5
-32.5
-24.5
-20.5
-16.5
-12.5
-8.5
-7.5
-6.5
-5.5
-4.5
-3.5
-2.5
-1.5
-0.5
0
0.5
1
1.5
2
2.5
3
3.5
3.625
3.75
3.875
4
4.125
4.25
4.375
4.5
4.625
4.75
4.875
5
5.125
5.25
5.375
5.5
5.5625
5.625
5.6875
5.75
5.8125
5.875
5.9375
6
6.0625
6.125
6.1875
6.25
6.3125
6.375
6.4375
6.5
6.53125
6.5625
6.59375
6.625
6.65625
6.6875
6.71875
6.75
6.78125
6.8125
6.84375
6.875
6.90625
6.9375
6.96875
7
7.015625
7.03125
7.046875
7.0625
7.078125
7.09375
7.109375
7.125
7.140625
7.15625
7.171875
7.1875
7.203125
7.21875
7.234375
7.25
7.265625
7.28125
7.296875
7.3125
7.328125
7.34375
7.359375
7.375
7.3828125
7.390625
7.3984375
7.40625
7.4140625
7.421875
7.4296875
7.4375
7.4453125
7.453125
7.4609375
7.46875
7.47265625
7.4765625
7.48046875
7.484375
7.48828125
7.4921875
7.494140625
7.49609375
7.498046875
7.4990234375
7.499755859375
7.49993896484375
8
8.000244140625
8.0009765625
8.001953125
8.00390625
8.005859375
8.0078125
8.01171875
8.015625
8.01953125
8.0234375
8.02734375
8.03125
8.0390625
8.046875
8.0546875
8.0625
8.0703125
8.078125
8.0859375
8.09375
8.1015625
8.109375
8.1171875
8.125
8.140625
8.15625
8.171875
8.1875
8.203125
8.21875
8.234375
8.25
8.265625
8.28125
8.296875
8.3125
8.328125
8.34375
8.359375
8.375
8.390625
8.40625
8.421875
8.4375
8.453125
8.46875
8.484375
8.5
8.53125
8.5625
8.59375
8.625
8.65625
8.6875
8.71875
8.75
8.78125
8.8125
8.84375
8.875
8.90625
8.9375
8.96875
9
9.0625
9.125
9.1875
9.25
9.3125
9.375
9.4375
9.5
9.5625
9.625
9.6875
9.75
9.8125
9.875
9.9375
10
10.125
10.25
10.375
10.5
10.625
10.75
10.875
11
11.125
11.25
11.375
11.5
11.625
11.75
11.875
12
12.5
13
13.5
14
14.5
15
15.5
16
17
18
19
20
21
22
23
24
28
32
36
40
48
56
64
72
104
136
200
264
520
1032
4104
-4088
-1016
-504
-248
-184
-120
-88
-56
-48
-40
-32
-24
-20
-16
-12
-8
-7
-6
-5
-4
-3
-2
-1
0
0.5
1
1.5
2
2.5
3
3.5
4
4.125
4.25
4.375
4.5
4.625
4.75
4.875
5
5.125
5.25
5.375
5.5
5.625
5.75
5.875
6
6.0625
6.125
6.1875
6.25
6.3125
6.375
6.4375
6.5
6.5625
6.625
6.6875
6.75
6.8125
6.875
6.9375
7
7.03125
7.0625
7.09375
7.125
7.15625
7.1875
7.21875
7.25
7.28125
7.3125
7.34375
7.375
7.40625
7.4375
7.46875
7.5
7.515625
7.53125
7.546875
7.5625
7.578125
7.59375
7.609375
7.625
7.640625
7.65625
7.671875
7.6875
7.703125
7.71875
7.734375
7.75
7.765625
7.78125
7.796875
7.8125
7.828125
7.84375
7.859375
7.875
7.8828125
7.890625
7.8984375
7.90625
7.9140625
7.921875
7.9296875
7.9375
7.9453125
7.953125
7.9609375
7.96875
7.97265625
7.9765625
7.98046875
7.984375
7.98828125
7.9921875
7.994140625
7.99609375
7.998046875
7.9990234375
7.999755859375
7.99993896484375
9
9.000244140625
9.0009765625
9.001953125
9.00390625
9.005859375
9.0078125
9.01171875
9.015625
9.01953125
9.0234375
9.02734375
9.03125
9.0390625
9.046875
9.0546875
9.0625
9.0703125
9.078125
9.0859375
9.09375
9.1015625
9.109375
9.1171875
9.125
9.140625
9.15625
9.171875
9.1875
9.203125
9.21875
9.234375
9.25
9.265625
9.28125
9.296875
9.3125
9.328125
9.34375
9.359375
9.375
9.390625
9.40625
9.421875
9.4375
9.453125
9.46875
9.484375
9.5
9.53125
9.5625
9.59375
9.625
9.65625
9.6875
9.71875
9.75
9.78125
9.8125
9.84375
9.875
9.90625
9.9375
9.96875
10
10.0625
10.125
10.1875
10.25
10.3125
10.375
10.4375
10.5
10.5625
10.625
10.6875
10.75
10.8125
10.875
10.9375
11
11.125
11.25
11.375
11.5
11.625
11.75
11.875
12
12.125
12.25
12.375
12.5
12.625
12.75
12.875
13
13.5
14
14.5
15
15.5
16
16.5
17
18
19
20
21
22
23
24
25
29
33
37
41
49
57
65
73
105
137
201
265
521
1033
4105
-4087
-1015
-503
-247
-183
-119
-87
-55
-47
-39
-31
-23
-19
-15
-11
-7
-6
-5
-4
-3
-2
-1
0
1
1.5
2
2.5
3
3.5
4
4.5
5
5.125
5.25
5.375
5.5
5.625
5.75
5.875
6
6.125
6.25
6.375
6.5
6.625
6.75
6.875
7
7.0625
7.125
7.1875
7.25
7.3125
7.375
7.4375
7.5
7.5625
7.625
7.6875
7.75
7.8125
7.875
7.9375
8
8.03125
8.0625
8.09375
8.125
8.15625
8.1875
8.21875
8.25
8.28125
8.3125
8.34375
8.375
8.40625
8.4375
8.46875
8.5
8.515625
8.53125
8.546875
8.5625
8.578125
8.59375
8.609375
8.625
8.640625
8.65625
8.671875
8.6875
8.703125
8.71875
8.734375
8.75
8.765625
8.78125
8.796875
8.8125
8.828125
8.84375
8.859375
8.875
8.8828125
8.890625
8.8984375
8.90625
8.9140625
8.921875
8.9296875
8.9375
8.9453125
8.953125
8.9609375
8.96875
8.97265625
8.9765625
8.98046875
8.984375
8.98828125
8.9921875
8.994140625
8.99609375
8.998046875
8.9990234375
8.999755859375
8.99993896484375
10
10.000244140625
10.0009765625
10.001953125
10.00390625
10.005859375
10.0078125
10.01171875
10.015625
10.01953125
10.0234375
10.02734375
10.03125
10.0390625
10.046875
10.0546875
10.0625
10.0703125
10.078125
10.0859375
10.09375
10.1015625
10.109375
10.1171875
10.125
10.140625
10.15625
10.171875
10.1875
10.203125
10.21875
10.234375
10.25
10.265625
10.28125
10.296875
10.3125
10.328125
10.34375
10.359375
10.375
10.390625
10.40625
10.421875
10.4375
10.453125
10.46875
10.484375
10.5
10.53125
10.5625
10.59375
10.625
10.65625
10.6875
10.71875
10.75
10.78125
10.8125
10.84375
10.875
10.90625
10.9375
10.96875
11
11.0625
11.125
11.1875
11.25
11.3125
11.375
11.4375
11.5
11.5625
11.625
11.6875
11.75
11.8125
11.875
11.9375
12
12.125
12.25
12.375
12.5
12.625
12.75
12.875
13
13.125
13.25
13.375
13.5
13.625
13.75
13.875
14
14.5
15
15.5
16
16.5
17
17.5
18
19
20
21
22
23
24
25
26
30
34
38
42
50
58
66
74
106
138
202
266
522
1034
4106
-4086
-1014
-502
-246
-182
-118
-86
-54
-46
-38
-30
-22
-18
-14
-10
-6
-5
-4
-3
-2
-1
0
1
2
2.5
3
3.5
4
4.5
5
5.5
6
6.125
6.25
6.375
6.5
6.625
6.75
6.875
7
7.125
7.25
7.375
7.5
7.625
7.75
7.875
8
8.0625
8.125
8.1875
8.25
8.3125
8.375
8.4375
8.5
8.5625
8.625
8.6875
8.75
8.8125
8.875
8.9375
9
9.03125
9.0625
9.09375
9.125
9.15625
9.1875
9.21875
9.25
9.28125
9.3125
9.34375
9.375
9.40625
9.4375
9.46875
9.5
9.515625
9.53125
9.546875
9.5625
9.578125
9.59375
9.609375
9.625
9.640625
9.65625
9.671875
9.6875
9.703125
9.71875
9.734375
9.75
9.765625
9.78125
9.796875
9.8125
9.828125
9.84375
9.859375
9.875
9.8828125
9.890625
9.8984375
9.90625
9.9140625
9.921875
9.9296875
9.9375
9.9453125
9.953125
9.9609375
9.96875
9.97265625
9.9765625
9.98046875
9.984375
9.98828125
9.9921875
9.994140625
9.99609375
9.998046875
9.9990234375
9.999755859375
9.99993896484375
11
11.000244140625
11.0009765625
11.001953125
11.00390625
11.005859375
11.0078125
11.01171875
11.015625
11.01953125
11.0234375
11.02734375
11.03125
11.0390625
11.046875
11.0546875
11.0625
11.0703125
11.078125
11.0859375
11.09375
11.1015625
11.109375
11.1171875
11.125
11.140625
11.15625
11.171875
11.1875
11.203125
11.21875
11.234375
11.25
11.265625
11.28125
11.296875
11.3125
11.328125
11.34375
11.359375
11.375
11.390625
11.40625
11.421875
11.4375
11.453125
11.46875
11.484375
11.5
11.53125
11.5625
11.59375
11.625
11.65625
11.6875
11.71875
11.75
11.78125
11.8125
11.84375
11.875
11.90625
11.9375
11.96875
12
12.0625
12.125
12.1875
12.25
12.3125
12.375
12.4375
12.5
12.5625
12.625
12.6875
12.75
12.8125
12.875
12.9375
13
13.125
13.25
13.375
13.5
13.625
13.75
13.875
14
14.125
14.25
14.375
14.5
14.625
14.75
14.875
15
15.5
16
16.5
17
17.5
18
18.5
19
20
21
22
23
24
25
26
27
31
35
39
43
51
59
67
75
107
139
203
267
523
1035
4107
-4085
-1013
-501
-245
-181
-117
-85
-53
-45
-37
-29
-21
-17
-13
-9
-5
-4
-3
-2
-1
0
1
2
3
3.5
4
4.5
5
5.5
6
6.5
7
7.125
7.25
7.375
7.5
7.625
7.75
7.875
8
8.125
8.25
8.375
8.5
8.625
8.75
8.875
9
9.0625
9.125
9.1875
9.25
9.3125
9.375
9.4375
9.5
9.5625
9.625
9.6875
9.75
9.8125
9.875
9.9375
10
10.03125
10.0625
10.09375
10.125
10.15625
10.1875
10.21875
10.25
10.28125
10.3125
10.34375
10.375
10.40625
10.4375
10.46875
10.5
10.515625
10.53125
10.546875
10.5625
10.578125
10.59375
10.609375
10.625
10.640625
10.65625
10.671875
10.6875
10.703125
10.71875
10.734375
10.75
10.765625
10.78125
10.796875
10.8125
10.828125
10.84375
10.859375
10.875
10.8828125
10.890625
10.8984375
10.90625
10.9140625
10.921875
10.9296875
10.9375
10.9453125
10.953125
10.9609375
10.96875
10.97265625
10.9765625
10.98046875
10.984375
10.98828125
10.9921875
10.994140625
10.99609375
10.998046875
10.9990234375
10.999755859375
10.9999389648438
12
12.000244140625
12.0009765625
12.001953125
12.00390625
12.005859375
12.0078125
12.01171875
12.015625
12.01953125
12.0234375
12.02734375
12.03125
12.0390625
12.046875
12.0546875
12.0625
12.0703125
12.078125
12.0859375
12.09375
12.1015625
12.109375
12.1171875
12.125
12.140625
12.15625
12.171875
12.1875
12.203125
12.21875
12.234375
12.25
12.265625
12.28125
12.296875
12.3125
12.328125
12.34375
12.359375
12.375
12.390625
12.40625
12.421875
12.4375
12.453125
12.46875
12.484375
12.5
12.53125
12.5625
12.59375
12.625
12.65625
12.6875
12.71875
12.75
12.78125
12.8125
12.84375
12.875
12.90625
12.9375
12.96875
13
13.0625
13.125
13.1875
13.25
13.3125
13.375
13.4375
13.5
13.5625
13.625
13.6875
13.75
13.8125
13.875
13.9375
14
14.125
14.25
14.375
14.5
14.625
14.75
14.875
15
15.125
15.25
15.375
15.5
15.625
15.75
15.875
16
16.5
17
17.5
18
18.5
19
19.5
20
21
22
23
24
25
26
27
28
32
36
40
44
52
60
68
76
108
140
204
268
524
1036
4108
-4084
-1012
-500
-244
-180
-116
-84
-52
-44
-36
-28
-20
-16
-12
-8
-4
-3
-2
-1
0
1
2
3
4
4.5
5
5.5
6
6.5
7
7.5
8
8.125
8.25
8.375
8.5
8.625
8.75
8.875
9
9.125
9.25
9.375
9.5
9.625
9.75
9.875
10
10.0625
10.125
10.1875
10.25
10.3125
10.375
10.4375
10.5
10.5625
10.625
10.6875
10.75
10.8125
10.875
10.9375
11
11.03125
11.0625
11.09375
11.125
11.15625
11.1875
11.21875
11.25
11.28125
11.3125
11.34375
11.375
11.40625
11.4375
11.46875
11.5
11.515625
11.53125
11.546875
11.5625
11.578125
11.59375
11.609375
11.625
11.640625
11.65625
11.671875
11.6875
11.703125
11.71875
11.734375
11.75
11.765625
11.78125
11.796875
11.8125
11.828125
11.84375
11.859375
11.875
11.8828125
11.890625
11.8984375
11.90625
11.9140625
11.921875
11.9296875
11.9375
11.9453125
11.953125
11.9609375
11.96875
11.97265625
11.9765625
11.98046875
11.984375
11.98828125
11.9921875
11.994140625
11.99609375
11.998046875
11.9990234375
11.999755859375
11.9999389648438
13
13.000244140625
13.0009765625
13.001953125
13.00390625
13.005859375
13.0078125
13.01171875
13.015625
13.01953125
13.0234375
13.02734375
13.03125
13.0390625
13.046875
13.0546875
13.0625
13.0703125
13.078125
13.0859375
13.09375
13.1015625
13.109375
13.1171875
13.125
13.140625
13.15625
13.171875
13.1875
13.203125
13.21875
13.234375
13.25
13.265625
13.28125
13.296875
13.3125
13.328125
13.34375
13.359375
13.375
13.390625
13.40625
13.421875
13.4375
13.453125
13.46875
13.484375
13.5
13.53125
13.5625
13.59375
13.625
13.65625
13.6875
13.71875
13.75
13.78125
13.8125
13.84375
13.875
13.90625
13.9375
13.96875
14
14.0625
14.125
14.1875
14.25
14.3125
14.375
14.4375
14.5
14.5625
14.625
14.6875
14.75
14.8125
14.875
14.9375
15
15.125
15.25
15.375
15.5
15.625
15.75
15.875
16
16.125
16.25
16.375
16.5
16.625
16.75
16.875
17
17.5
18
18.5
19
19.5
20
20.5
21
22
23
24
25
26
27
28
29
33
37
41
45
53
61
69
77
109
141
205
269
525
1037
4109
-4083
-1011
-499
-243
-179
-115
-83
-51
-43
-35
-27
-19
-15
-11
-7
-3
-2
-1
0
1
2
3
4
5
5.5
6
6.5
7
7.5
8
8.5
9
9.125
9.25
9.375
9.5
9.625
9.75
9.875
10
10.125
10.25
10.375
10.5
10.625
10.75
10.875
11
11.0625
11.125
11.1875
11.25
11.3125
11.375
11.4375
11.5
11.5625
11.625
11.6875
11.75
11.8125
11.875
11.9375
12
12.03125
12.0625
12.09375
12.125
12.15625
12.1875
12.21875
12.25
12.28125
12.3125
12.34375
12.375
12.40625
12.4375
12.46875
12.5
12.515625
12.53125
12.546875
12.5625
12.578125
12.59375
12.609375
12.625
12.640625
12.65625
12.671875
12.6875
12.703125
12.71875
12.734375
12.75
12.765625
12.78125
12.796875
12.8125
12.828125
12.84375
12.859375
12.875
12.8828125
12.890625
12.8984375
12.90625
12.9140625
12.921875
12.9296875
12.9375
12.9453125
12.953125
12.9609375
12.96875
12.97265625
12.9765625
12.98046875
12.984375
12.98828125
12.9921875
12.994140625
12.99609375
12.998046875
12.9990234375
12.999755859375
12.9999389648438
14
14.000244140625
14.0009765625
14.001953125
14.00390625
14.005859375
14.0078125
14.01171875
14.015625
14.01953125
14.0234375
14.02734375
14.03125
14.0390625
14.046875
14.0546875
14.0625
14.0703125
14.078125
14.0859375
14.09375
14.1015625
14.109375
14.1171875
14.125
14.140625
14.15625
14.171875
14.1875
14.203125
14.21875
14.234375
14.25
14.265625
14.28125
14.296875
14.3125
14.328125
14.34375
14.359375
14.375
14.390625
14.40625
14.421875
14.4375
14.453125
14.46875
14.484375
14.5
14.53125
14.5625
14.59375
14.625
14.65625
14.6875
14.71875
14.75
14.78125
14.8125
14.84375
14.875
14.90625
14.9375
14.96875
15
15.0625
15.125
15.1875
15.25
15.3125
15.375
15.4375
15.5
15.5625
15.625
15.6875
15.75
15.8125
15.875
15.9375
16
16.125
16.25
16.375
16.5
16.625
16.75
16.875
17
17.125
17.25
17.375
17.5
17.625
17.75
17.875
18
18.5
19
19.5
20
20.5
21
21.5
22
23
24
25
26
27
28
29
30
34
38
42
46
54
62
70
78
110
142
206
270
526
1038
4110
-4082
-1010
-498
-242
-178
-114
-82
-50
-42
-34
-26
-18
-14
-10
-6
-2
-1
0
1
2
3
4
5
6
6.5
7
7.5
8
8.5
9
9.5
10
10.125
10.25
10.375
10.5
10.625
10.75
10.875
11
11.125
11.25
11.375
11.5
11.625
11.75
11.875
12
12.0625
12.125
12.1875
12.25
12.3125
12.375
12.4375
12.5
12.5625
12.625
12.6875
12.75
12.8125
12.875
12.9375
13
13.03125
13.0625
13.09375
13.125
13.15625
13.1875
13.21875
13.25
13.28125
13.3125
13.34375
13.375
13.40625
13.4375
13.46875
13.5
13.515625
13.53125
13.546875
13.5625
13.578125
13.59375
13.609375
13.625
13.640625
13.65625
13.671875
13.6875
13.703125
13.71875
13.734375
13.75
13.765625
13.78125
13.796875
13.8125
13.828125
13.84375
13.859375
13.875
13.8828125
13.890625
13.8984375
13.90625
13.9140625
13.921875
13.9296875
13.9375
13.9453125
13.953125
13.9609375
13.96875
13.97265625
13.9765625
13.98046875
13.984375
13.98828125
13.9921875
13.994140625
13.99609375
13.998046875
13.9990234375
13.999755859375
13.9999389648438
15
15.000244140625
15.0009765625
15.001953125
15.00390625
15.005859375
15.0078125
15.01171875
15.015625
15.01953125
15.0234375
15.02734375
15.03125
15.0390625
15.046875
15.0546875
15.0625
15.0703125
15.078125
15.0859375
15.09375
15.1015625
15.109375
15.1171875
15.125
15.140625
15.15625
15.171875
15.1875
15.203125
15.21875
15.234375
15.25
15.265625
15.28125
15.296875
15.3125
15.328125
15.34375
15.359375
15.375
15.390625
15.40625
15.421875
15.4375
15.453125
15.46875
15.484375
15.5
15.53125
15.5625
15.59375
15.625
15.65625
15.6875
15.71875
15.75
15.78125
15.8125
15.84375
15.875
15.90625
15.9375
15.96875
16
16.0625
16.125
16.1875
16.25
16.3125
16.375
16.4375
16.5
16.5625
16.625
16.6875
16.75
16.8125
16.875
16.9375
17
17.125
17.25
17.375
17.5
17.625
17.75
17.875
18
18.125
18.25
18.375
18.5
18.625
18.75
18.875
19
19.5
20
20.5
21
21.5
22
22.5
23
24
25
26
27
28
29
30
31
35
39
43
47
55
63
71
79
111
143
207
271
527
1039
4111
-4081
-1009
-497
-241
-177
-113
-81
-49
-41
-33
-25
-17
-13
-9
-5
-1
0
1
2
3
4
5
6
7
7.5
8
8.5
9
9.5
10
10.5
11
11.125
11.25
11.375
11.5
11.625
11.75
11.875
12
12.125
12.25
12.375
12.5
12.625
12.75
12.875
13
13.0625
13.125
13.1875
13.25
13.3125
13.375
13.4375
13.5
13.5625
13.625
13.6875
13.75
13.8125
13.875
13.9375
14
14.03125
14.0625
14.09375
14.125
14.15625
14.1875
14.21875
14.25
14.28125
14.3125
14.34375
14.375
14.40625
14.4375
14.46875
14.5
14.515625
14.53125
14.546875
14.5625
14.578125
14.59375
14.609375
14.625
14.640625
14.65625
14.671875
14.6875
14.703125
14.71875
14.734375
14.75
14.765625
14.78125
14.796875
14.8125
14.828125
14.84375
14.859375
14.875
14.8828125
14.890625
14.8984375
14.90625
14.9140625
14.921875
14.9296875
14.9375
14.9453125
14.953125
14.9609375
14.96875
14.97265625
14.9765625
14.98046875
14.984375
14.98828125
14.9921875
14.994140625
14.99609375
14.998046875
14.9990234375
14.999755859375
14.9999389648438
16
16.000244140625
16.0009765625
16.001953125
16.00390625
16.005859375
16.0078125
16.01171875
16.015625
16.01953125
16.0234375
16.02734375
16.03125
16.0390625
16.046875
16.0546875
16.0625
16.0703125
16.078125
16.0859375
16.09375
16.1015625
16.109375
16.1171875
16.125
16.140625
16.15625
16.171875
16.1875
16.203125
16.21875
16.234375
16.25
16.265625
16.28125
16.296875
16.3125
16.328125
16.34375
16.359375
16.375
16.390625
16.40625
16.421875
16.4375
16.453125
16.46875
16.484375
16.5
16.53125
16.5625
16.59375
16.625
16.65625
16.6875
16.71875
16.75
16.78125
16.8125
16.84375
16.875
16.90625
16.9375
16.96875
17
17.0625
17.125
17.1875
17.25
17.3125
17.375
17.4375
17.5
17.5625
17.625
17.6875
17.75
17.8125
17.875
17.9375
18
18.125
18.25
18.375
18.5
18.625
18.75
18.875
19
19.125
19.25
19.375
19.5
19.625
19.75
19.875
20
20.5
21
21.5
22
22.5
23
23.5
24
25
26
27
28
29
30
31
32
36
40
44
48
56
64
72
80
112
144
208
272
528
1040
4112
-4080
-1008
-496
-240
-176
-112
-80
-48
-40
-32
-24
-16
-12
-8
-4
0
1
2
3
4
5
6
7
8
8.5
9
9.5
10
10.5
11
11.5
12
12.125
12.25
12.375
12.5
12.625
12.75
12.875
13
13.125
13.25
13.375
13.5
13.625
13.75
13.875
14
14.0625
14.125
14.1875
14.25
14.3125
14.375
14.4375
14.5
14.5625
14.625
14.6875
14.75
14.8125
14.875
14.9375
15
15.03125
15.0625
15.09375
15.125
15.15625
15.1875
15.21875
15.25
15.28125
15.3125
15.34375
15.375
15.40625
15.4375
15.46875
15.5
15.515625
15.53125
15.546875
15.5625
15.578125
15.59375
15.609375
15.625
15.640625
15.65625
15.671875
15.6875
15.703125
15.71875
15.734375
15.75
15.765625
15.78125
15.796875
15.8125
15.828125
15.84375
15.859375
15.875
15.8828125
15.890625
15.8984375
15.90625
15.9140625
15.921875
15.9296875
15.9375
15.9453125
15.953125
15.9609375
15.96875
15.97265625
15.9765625
15.98046875
15.984375
15.98828125
15.9921875
15.994140625
15.99609375
15.998046875
15.9990234375
15.999755859375
15.9999389648438
20
20.000244140625
20.0009765625
20.001953125
20.00390625
20.005859375
20.0078125
20.01171875
20.015625
20.01953125
20.0234375
20.02734375
20.03125
20.0390625
20.046875
20.0546875
20.0625
20.0703125
20.078125
20.0859375
20.09375
20.1015625
20.109375
20.1171875
20.125
20.140625
20.15625
20.171875
20.1875
20.203125
20.21875
20.234375
20.25
20.265625
20.28125
20.296875
20.3125
20.328125
20.34375
20.359375
20.375
20.390625
20.40625
20.421875
20.4375
20.453125
20.46875
20.484375
20.5
20.53125
20.5625
20.59375
20.625
20.65625
20.6875
20.71875
20.75
20.78125
20.8125
20.84375
20.875
20.90625
20.9375
20.96875
21
21.0625
21.125
21.1875
21.25
21.3125
21.375
21.4375
21.5
21.5625
21.625
21.6875
21.75
21.8125
21.875
21.9375
22
22.125
22.25
22.375
22.5
22.625
22.75
22.875
23
23.125
23.25
23.375
23.5
23.625
23.75
23.875
24
24.5
25
25.5
26
26.5
27
27.5
28
29
30
31
32
33
34
35
36
40
44
48
52
60
68
76
84
116
148
212
276
532
1044
4116
-4076
-1004
-492
-236
-172
-108
-76
-44
-36
-28
-20
-12
-8
-4
0
4
5
6
7
8
9
10
11
12
12.5
13
13.5
14
14.5
15
15.5
16
16.125
16.25
16.375
16.5
16.625
16.75
16.875
17
17.125
17.25
17.375
17.5
17.625
17.75
17.875
18
18.0625
18.125
18.1875
18.25
18.3125
18.375
18.4375
18.5
18.5625
18.625
18.6875
18.75
18.8125
18.875
18.9375
19
19.03125
19.0625
19.09375
19.125
19.15625
19.1875
19.21875
19.25
19.28125
19.3125
19.34375
19.375
19.40625
19.4375
19.46875
19.5
19.515625
19.53125
19.546875
19.5625
19.578125
19.59375
19.609375
19.625
19.640625
19.65625
19.671875
19.6875
19.703125
19.71875
19.734375
19.75
19.765625
19.78125
19.796875
19.8125
19.828125
19.84375
19.859375
19.875
19.8828125
19.890625
19.8984375
19.90625
19.9140625
19.921875
19.9296875
19.9375
19.9453125
19.953125
19.9609375
19.96875
19.97265625
19.9765625
19.98046875
19.984375
19.98828125
19.9921875
19.994140625
19.99609375
19.998046875
19.9990234375
19.999755859375
19.9999389648438
24
24.000244140625
24.0009765625
24.001953125
24.00390625
24.005859375
24.0078125
24.01171875
24.015625
24.01953125
24.0234375
24.02734375
24.03125
24.0390625
24.046875
24.0546875
24.0625
24.0703125
24.078125
24.0859375
24.09375
24.1015625
24.109375
24.1171875
24.125
24.140625
24.15625
24.171875
24.1875
24.203125
24.21875
24.234375
24.25
24.265625
24.28125
24.296875
24.3125
24.328125
24.34375
24.359375
24.375
24.390625
24.40625
24.421875
24.4375
24.453125
24.46875
24.484375
24.5
24.53125
24.5625
24.59375
24.625
24.65625
24.6875
24.71875
24.75
24.78125
24.8125
24.84375
24.875
24.90625
24.9375
24.96875
25
25.0625
25.125
25.1875
25.25
25.3125
25.375
25.4375
25.5
25.5625
25.625
25.6875
25.75
25.8125
25.875
25.9375
26
26.125
26.25
26.375
26.5
26.625
26.75
26.875
27
27.125
27.25
27.375
27.5
27.625
27.75
27.875
28
28.5
29
29.5
30
30.5
31
31.5
32
33
34
35
36
37
38
39
40
44
48
52
56
64
72
80
88
120
152
216
280
536
1048
4120
-4072
-1000
-488
-232
-168
-104
-72
-40
-32
-24
-16
-8
-4
0
4
8
9
10
11
12
13
14
15
16
16.5
17
17.5
18
18.5
19
19.5
20
20.125
20.25
20.375
20.5
20.625
20.75
20.875
21
21.125
21.25
21.375
21.5
21.625
21.75
21.875
22
22.0625
22.125
22.1875
22.25
22.3125
22.375
22.4375
22.5
22.5625
22.625
22.6875
22.75
22.8125
22.875
22.9375
23
23.03125
23.0625
23.09375
23.125
23.15625
23.1875
23.21875
23.25
23.28125
23.3125
23.34375
23.375
23.40625
23.4375
23.46875
23.5
23.515625
23.53125
23.546875
23.5625
23.578125
23.59375
23.609375
23.625
23.640625
23.65625
23.671875
23.6875
23.703125
23.71875
23.734375
23.75
23.765625
23.78125
23.796875
23.8125
23.828125
23.84375
23.859375
23.875
23.8828125
23.890625
23.8984375
23.90625
23.9140625
23.921875
23.9296875
23.9375
23.9453125
23.953125
23.9609375
23.96875
23.97265625
23.9765625
23.98046875
23.984375
23.98828125
23.9921875
23.994140625
23.99609375
23.998046875
23.9990234375
23.999755859375
23.9999389648438
28
28.000244140625
28.0009765625
28.001953125
28.00390625
28.005859375
28.0078125
28.01171875
28.015625
28.01953125
28.0234375
28.02734375
28.03125
28.0390625
28.046875
28.0546875
28.0625
28.0703125
28.078125
28.0859375
28.09375
28.1015625
28.109375
28.1171875
28.125
28.140625
28.15625
28.171875
28.1875
28.203125
28.21875
28.234375
28.25
28.265625
28.28125
28.296875
28.3125
28.328125
28.34375
28.359375
28.375
28.390625
28.40625
28.421875
28.4375
28.453125
28.46875
28.484375
28.5
28.53125
28.5625
28.59375
28.625
28.65625
28.6875
28.71875
28.75
28.78125
28.8125
28.84375
28.875
28.90625
28.9375
28.96875
29
29.0625
29.125
29.1875
29.25
29.3125
29.375
29.4375
29.5
29.5625
29.625
29.6875
29.75
29.8125
29.875
29.9375
30
30.125
30.25
30.375
30.5
30.625
30.75
30.875
31
31.125
31.25
31.375
31.5
31.625
31.75
31.875
32
32.5
33
33.5
34
34.5
35
35.5
36
37
38
39
40
41
42
43
44
48
52
56
60
68
76
84
92
124
156
220
284
540
1052
4124
-4068
-996
-484
-228
-164
-100
-68
-36
-28
-20
-12
-4
0
4
8
12
13
14
15
16
17
18
19
20
20.5
21
21.5
22
22.5
23
23.5
24
24.125
24.25
24.375
24.5
24.625
24.75
24.875
25
25.125
25.25
25.375
25.5
25.625
25.75
25.875
26
26.0625
26.125
26.1875
26.25
26.3125
26.375
26.4375
26.5
26.5625
26.625
26.6875
26.75
26.8125
26.875
26.9375
27
27.03125
27.0625
27.09375
27.125
27.15625
27.1875
27.21875
27.25
27.28125
27.3125
27.34375
27.375
27.40625
27.4375
27.46875
27.5
27.515625
27.53125
27.546875
27.5625
27.578125
27.59375
27.609375
27.625
27.640625
27.65625
27.671875
27.6875
27.703125
27.71875
27.734375
27.75
27.765625
27.78125
27.796875
27.8125
27.828125
27.84375
27.859375
27.875
27.8828125
27.890625
27.8984375
27.90625
27.9140625
27.921875
27.9296875
27.9375
27.9453125
27.953125
27.9609375
27.96875
27.97265625
27.9765625
27.98046875
27.984375
27.98828125
27.9921875
27.994140625
27.99609375
27.998046875
27.9990234375
27.999755859375
27.9999389648438
32
32.000244140625
32.0009765625
32.001953125
32.00390625
32.005859375
32.0078125
32.01171875
32.015625
32.01953125
32.0234375
32.02734375
32.03125
32.0390625
32.046875
32.0546875
32.0625
32.0703125
32.078125
32.0859375
32.09375
32.1015625
32.109375
32.1171875
32.125
32.140625
32.15625
32.171875
32.1875
32.203125
32.21875
32.234375
32.25
32.265625
32.28125
32.296875
32.3125
32.328125
32.34375
32.359375
32.375
32.390625
32.40625
32.421875
32.4375
32.453125
32.46875
32.484375
32.5
32.53125
32.5625
32.59375
32.625
32.65625
32.6875
32.71875
32.75
32.78125
32.8125
32.84375
32.875
32.90625
32.9375
32.96875
33
33.0625
33.125
33.1875
33.25
33.3125
33.375
33.4375
33.5
33.5625
33.625
33.6875
33.75
33.8125
33.875
33.9375
34
34.125
34.25
34.375
34.5
34.625
34.75
34.875
35
35.125
35.25
35.375
35.5
35.625
35.75
35.875
36
36.5
37
37.5
38
38.5
39
39.5
40
41
42
43
44
45
46
47
48
52
56
60
64
72
80
88
96
128
160
224
288
544
1056
4128
-4064
-992
-480
-224
-160
-96
-64
-32
-24
-16
-8
0
4
8
12
16
17
18
19
20
21
22
23
24
24.5
25
25.5
26
26.5
27
27.5
28
28.125
28.25
28.375
28.5
28.625
28.75
28.875
29
29.125
29.25
29.375
29.5
29.625
29.75
29.875
30
30.0625
30.125
30.1875
30.25
30.3125
30.375
30.4375
30.5
30.5625
30.625
30.6875
30.75
30.8125
30.875
30.9375
31
31.03125
31.0625
31.09375
31.125
31.15625
31.1875
31.21875
31.25
31.28125
31.3125
31.34375
31.375
31.40625
31.4375
31.46875
31.5
31.515625
31.53125
31.546875
31.5625
31.578125
31.59375
31.609375
31.625
31.640625
31.65625
31.671875
31.6875
31.703125
31.71875
31.734375
31.75
31.765625
31.78125
31.796875
31.8125
31.828125
31.84375
31.859375
31.875
31.8828125
31.890625
31.8984375
31.90625
31.9140625
31.921875
31.9296875
31.9375
31.9453125
31.953125
31.9609375
31.96875
31.97265625
31.9765625
31.98046875
31.984375
31.98828125
31.9921875
31.994140625
31.99609375
31.998046875
31.9990234375
31.999755859375
31.9999389648438
40
40.000244140625
40.0009765625
40.001953125
40.00390625
40.005859375
40.0078125
40.01171875
40.015625
40.01953125
40.0234375
40.02734375
40.03125
40.0390625
40.046875
40.0546875
40.0625
40.0703125
40.078125
40.0859375
40.09375
40.1015625
40.109375
40.1171875
40.125
40.140625
40.15625
40.171875
40.1875
40.203125
40.21875
40.234375
40.25
40.265625
40.28125
40.296875
40.3125
40.328125
40.34375
40.359375
40.375
40.390625
40.40625
40.421875
40.4375
40.453125
40.46875
40.484375
40.5
40.53125
40.5625
40.59375
40.625
40.65625
40.6875
40.71875
40.75
40.78125
40.8125
40.84375
40.875
40.90625
40.9375
40.96875
41
41.0625
41.125
41.1875
41.25
41.3125
41.375
41.4375
41.5
41.5625
41.625
41.6875
41.75
41.8125
41.875
41.9375
42
42.125
42.25
42.375
42.5
42.625
42.75
42.875
43
43.125
43.25
43.375
43.5
43.625
43.75
43.875
44
44.5
45
45.5
46
46.5
47
47.5
48
49
50
51
52
53
54
55
56
60
64
68
72
80
88
96
104
136
168
232
296
552
1064
4136
-4056
-984
-472
-216
-152
-88
-56
-24
-16
-8
0
8
12
16
20
24
25
26
27
28
29
30
31
32
32.5
33
33.5
34
34.5
35
35.5
36
36.125
36.25
36.375
36.5
36.625
36.75
36.875
37
37.125
37.25
37.375
37.5
37.625
37.75
37.875
38
38.0625
38.125
38.1875
38.25
38.3125
38.375
38.4375
38.5
38.5625
38.625
38.6875
38.75
38.8125
38.875
38.9375
39
39.03125
39.0625
39.09375
39.125
39.15625
39.1875
39.21875
39.25
39.28125
39.3125
39.34375
39.375
39.40625
39.4375
39.46875
39.5
39.515625
39.53125
39.546875
39.5625
39.578125
39.59375
39.609375
39.625
39.640625
39.65625
39.671875
39.6875
39.703125
39.71875
39.734375
39.75
39.765625
39.78125
39.796875
39.8125
39.828125
39.84375
39.859375
39.875
39.8828125
39.890625
39.8984375
39.90625
39.9140625
39.921875
39.9296875
39.9375
39.9453125
39.953125
39.9609375
39.96875
39.97265625
39.9765625
39.98046875
39.984375
39.98828125
39.9921875
39.994140625
39.99609375
39.998046875
39.9990234375
39.999755859375
39.9999389648438
48
48.000244140625
48.0009765625
48.001953125
48.00390625
48.005859375
48.0078125
48.01171875
48.015625
48.01953125
48.0234375
48.02734375
48.03125
48.0390625
48.046875
48.0546875
48.0625
48.0703125
48.078125
48.0859375
48.09375
48.1015625
48.109375
48.1171875
48.125
48.140625
48.15625
48.171875
48.1875
48.203125
48.21875
48.234375
48.25
48.265625
48.28125
48.296875
48.3125
48.328125
48.34375
48.359375
48.375
48.390625
48.40625
48.421875
48.4375
48.453125
48.46875
48.484375
48.5
48.53125
48.5625
48.59375
48.625
48.65625
48.6875
48.71875
48.75
48.78125
48.8125
48.84375
48.875
48.90625
48.9375
48.96875
49
49.0625
49.125
49.1875
49.25
49.3125
49.375
49.4375
49.5
49.5625
49.625
49.6875
49.75
49.8125
49.875
49.9375
50
50.125
50.25
50.375
50.5
50.625
50.75
50.875
51
51.125
51.25
51.375
51.5
51.625
51.75
51.875
52
52.5
53
53.5
54
54.5
55
55.5
56
57
58
59
60
61
62
63
64
68
72
76
80
88
96
104
112
144
176
240
304
560
1072
4144
-4048
-976
-464
-208
-144
-80
-48
-16
-8
0
8
16
20
24
28
32
33
34
35
36
37
38
39
40
40.5
41
41.5
42
42.5
43
43.5
44
44.125
44.25
44.375
44.5
44.625
44.75
44.875
45
45.125
45.25
45.375
45.5
45.625
45.75
45.875
46
46.0625
46.125
46.1875
46.25
46.3125
46.375
46.4375
46.5
46.5625
46.625
46.6875
46.75
46.8125
46.875
46.9375
47
47.03125
47.0625
47.09375
47.125
47.15625
47.1875
47.21875
47.25
47.28125
47.3125
47.34375
47.375
47.40625
47.4375
47.46875
47.5
47.515625
47.53125
47.546875
47.5625
47.578125
47.59375
47.609375
47.625
47.640625
47.65625
47.671875
47.6875
47.703125
47.71875
47.734375
47.75
47.765625
47.78125
47.796875
47.8125
47.828125
47.84375
47.859375
47.875
47.8828125
47.890625
47.8984375
47.90625
47.9140625
47.921875
47.9296875
47.9375
47.9453125
47.953125
47.9609375
47.96875
47.97265625
47.9765625
47.98046875
47.984375
47.98828125
47.9921875
47.994140625
47.99609375
47.998046875
47.9990234375
47.999755859375
47.9999389648438
56
56.000244140625
56.0009765625
56.001953125
56.00390625
56.005859375
56.0078125
56.01171875
56.015625
56.01953125
56.0234375
56.02734375
56.03125
56.0390625
56.046875
56.0546875
56.0625
56.0703125
56.078125
56.0859375
56.09375
56.1015625
56.109375
56.1171875
56.125
56.140625
56.15625
56.171875
56.1875
56.203125
56.21875
56.234375
56.25
56.265625
56.28125
56.296875
56.3125
56.328125
56.34375
56.359375
56.375
56.390625
56.40625
56.421875
56.4375
56.453125
56.46875
56.484375
56.5
56.53125
56.5625
56.59375
56.625
56.65625
56.6875
56.71875
56.75
56.78125
56.8125
56.84375
56.875
56.90625
56.9375
56.96875
57
57.0625
57.125
57.1875
57.25
57.3125
57.375
57.4375
57.5
57.5625
57.625
57.6875
57.75
57.8125
57.875
57.9375
58
58.125
58.25
58.375
58.5
58.625
58.75
58.875
59
59.125
59.25
59.375
59.5
59.625
59.75
59.875
60
60.5
61
61.5
62
62.5
63
63.5
64
65
66
67
68
69
70
71
72
76
80
84
88
96
104
112
120
152
184
248
312
568
1080
4152
-4040
-968
-456
-200
-136
-72
-40
-8
0
8
16
24
28
32
36
40
41
42
43
44
45
46
47
48
48.5
49
49.5
50
50.5
51
51.5
52
52.125
52.25
52.375
52.5
52.625
52.75
52.875
53
53.125
53.25
53.375
53.5
53.625
53.75
53.875
54
54.0625
54.125
54.1875
54.25
54.3125
54.375
54.4375
54.5
54.5625
54.625
54.6875
54.75
54.8125
54.875
54.9375
55
55.03125
55.0625
55.09375
55.125
55.15625
55.1875
55.21875
55.25
55.28125
55.3125
55.34375
55.375
55.40625
55.4375
55.46875
55.5
55.515625
55.53125
55.546875
55.5625
55.578125
55.59375
55.609375
55.625
55.640625
55.65625
55.671875
55.6875
55.703125
55.71875
55.734375
55.75
55.765625
55.78125
55.796875
55.8125
55.828125
55.84375
55.859375
55.875
55.8828125
55.890625
55.8984375
55.90625
55.9140625
55.921875
55.9296875
55.9375
55.9453125
55.953125
55.9609375
55.96875
55.97265625
55.9765625
55.98046875
55.984375
55.98828125
55.9921875
55.994140625
55.99609375
55.998046875
55.9990234375
55.999755859375
55.9999389648438
64
64.000244140625
64.0009765625
64.001953125
64.00390625
64.005859375
64.0078125
64.01171875
64.015625
64.01953125
64.0234375
64.02734375
64.03125
64.0390625
64.046875
64.0546875
64.0625
64.0703125
64.078125
64.0859375
64.09375
64.1015625
64.109375
64.1171875
64.125
64.140625
64.15625
64.171875
64.1875
64.203125
64.21875
64.234375
64.25
64.265625
64.28125
64.296875
64.3125
64.328125
64.34375
64.359375
64.375
64.390625
64.40625
64.421875
64.4375
64.453125
64.46875
64.484375
64.5
64.53125
64.5625
64.59375
64.625
64.65625
64.6875
64.71875
64.75
64.78125
64.8125
64.84375
64.875
64.90625
64.9375
64.96875
65
65.0625
65.125
65.1875
65.25
65.3125
65.375
65.4375
65.5
65.5625
65.625
65.6875
65.75
65.8125
65.875
65.9375
66
66.125
66.25
66.375
66.5
66.625
66.75
66.875
67
67.125
67.25
67.375
67.5
67.625
67.75
67.875
68
68.5
69
69.5
70
70.5
71
71.5
72
73
74
75
76
77
78
79
80
84
88
92
96
104
112
120
128
160
192
256
320
576
1088
4160
-4032
-960
-448
-192
-128
-64
-32
0
8
16
24
32
36
40
44
48
49
50
51
52
53
54
55
56
56.5
57
57.5
58
58.5
59
59.5
60
60.125
60.25
60.375
60.5
60.625
60.75
60.875
61
61.125
61.25
61.375
61.5
61.625
61.75
61.875
62
62.0625
62.125
62.1875
62.25
62.3125
62.375
62.4375
62.5
62.5625
62.625
62.6875
62.75
62.8125
62.875
62.9375
63
63.03125
63.0625
63.09375
63.125
63.15625
63.1875
63.21875
63.25
63.28125
63.3125
63.34375
63.375
63.40625
63.4375
63.46875
63.5
63.515625
63.53125
63.546875
63.5625
63.578125
63.59375
63.609375
63.625
63.640625
63.65625
63.671875
63.6875
63.703125
63.71875
63.734375
63.75
63.765625
63.78125
63.796875
63.8125
63.828125
63.84375
63.859375
63.875
63.8828125
63.890625
63.8984375
63.90625
63.9140625
63.921875
63.9296875
63.9375
63.9453125
63.953125
63.9609375
63.96875
63.97265625
63.9765625
63.98046875
63.984375
63.98828125
63.9921875
63.994140625
63.99609375
63.998046875
63.9990234375
63.999755859375
63.9999389648438
96
96.000244140625
96.0009765625
96.001953125
96.00390625
96.005859375
96.0078125
96.01171875
96.015625
96.01953125
96.0234375
96.02734375
96.03125
96.0390625
96.046875
96.0546875
96.0625
96.0703125
96.078125
96.0859375
96.09375
96.1015625
96.109375
96.1171875
96.125
96.140625
96.15625
96.171875
96.1875
96.203125
96.21875
96.234375
96.25
96.265625
96.28125
96.296875
96.3125
96.328125
96.34375
96.359375
96.375
96.390625
96.40625
96.421875
96.4375
96.453125
96.46875
96.484375
96.5
96.53125
96.5625
96.59375
96.625
96.65625
96.6875
96.71875
96.75
96.78125
96.8125
96.84375
96.875
96.90625
96.9375
96.96875
97
97.0625
97.125
97.1875
97.25
97.3125
97.375
97.4375
97.5
97.5625
97.625
97.6875
97.75
97.8125
97.875
97.9375
98
98.125
98.25
98.375
98.5
98.625
98.75
98.875
99
99.125
99.25
99.375
99.5
99.625
99.75
99.875
100
100.5
101
101.5
102
102.5
103
103.5
104
105
106
107
108
109
110
111
112
116
120
124
128
136
144
152
160
192
224
288
352
608
1120
4192
-4000
-928
-416
-160
-96
-32
0
32
40
48
56
64
68
72
76
80
81
82
83
84
85
86
87
88
88.5
89
89.5
90
90.5
91
91.5
92
92.125
92.25
92.375
92.5
92.625
92.75
92.875
93
93.125
93.25
93.375
93.5
93.625
93.75
93.875
94
94.0625
94.125
94.1875
94.25
94.3125
94.375
94.4375
94.5
94.5625
94.625
94.6875
94.75
94.8125
94.875
94.9375
95
95.03125
95.0625
95.09375
95.125
95.15625
95.1875
95.21875
95.25
95.28125
95.3125
95.34375
95.375
95.40625
95.4375
95.46875
95.5
95.515625
95.53125
95.546875
95.5625
95.578125
95.59375
95.609375
95.625
95.640625
95.65625
95.671875
95.6875
95.703125
95.71875
95.734375
95.75
95.765625
95.78125
95.796875
95.8125
95.828125
95.84375
95.859375
95.875
95.8828125
95.890625
95.8984375
95.90625
95.9140625
95.921875
95.9296875
95.9375
95.9453125
95.953125
95.9609375
95.96875
95.97265625
95.9765625
95.98046875
95.984375
95.98828125
95.9921875
95.994140625
95.99609375
95.998046875
95.9990234375
95.999755859375
95.9999389648438
128
128.000244140625
128.0009765625
128.001953125
128.00390625
128.005859375
128.0078125
128.01171875
128.015625
128.01953125
128.0234375
128.02734375
128.03125
128.0390625
128.046875
128.0546875
128.0625
128.0703125
128.078125
128.0859375
128.09375
128.1015625
128.109375
128.1171875
128.125
128.140625
128.15625
128.171875
128.1875
128.203125
128.21875
128.234375
128.25
128.265625
128.28125
128.296875
128.3125
128.328125
128.34375
128.359375
128.375
128.390625
128.40625
128.421875
128.4375
128.453125
128.46875
128.484375
128.5
128.53125
128.5625
128.59375
128.625
128.65625
128.6875
128.71875
128.75
128.78125
128.8125
128.84375
128.875
128.90625
128.9375
128.96875
129
129.0625
129.125
129.1875
129.25
129.3125
129.375
129.4375
129.5
129.5625
129.625
129.6875
129.75
129.8125
129.875
129.9375
130
130.125
130.25
130.375
130.5
130.625
130.75
130.875
131
131.125
131.25
131.375
131.5
131.625
131.75
131.875
132
132.5
133
133.5
134
134.5
135
135.5
136
137
138
139
140
141
142
143
144
148
152
156
160
168
176
184
192
224
256
320
384
640
1152
4224
-3968
-896
-384
-128
-64
0
32
64
72
80
88
96
100
104
108
112
113
114
115
116
117
118
119
120
120.5
121
121.5
122
122.5
123
123.5
124
124.125
124.25
124.375
124.5
124.625
124.75
124.875
125
125.125
125.25
125.375
125.5
125.625
125.75
125.875
126
126.0625
126.125
126.1875
126.25
126.3125
126.375
126.4375
126.5
126.5625
126.625
126.6875
126.75
126.8125
126.875
126.9375
127
127.03125
127.0625
127.09375
127.125
127.15625
127.1875
127.21875
127.25
127.28125
127.3125
127.34375
127.375
127.40625
127.4375
127.46875
127.5
127.515625
127.53125
127.546875
127.5625
127.578125
127.59375
127.609375
127.625
127.640625
127.65625
127.671875
127.6875
127.703125
127.71875
127.734375
127.75
127.765625
127.78125
127.796875
127.8125
127.828125
127.84375
127.859375
127.875
127.8828125
127.890625
127.8984375
127.90625
127.9140625
127.921875
127.9296875
127.9375
127.9453125
127.953125
127.9609375
127.96875
127.97265625
127.9765625
127.98046875
127.984375
127.98828125
127.9921875
127.994140625
127.99609375
127.998046875
127.9990234375
127.999755859375
127.999938964844
192
192.000244140625
192.0009765625
192.001953125
192.00390625
192.005859375
192.0078125
192.01171875
192.015625
192.01953125
192.0234375
192.02734375
192.03125
192.0390625
192.046875
192.0546875
192.0625
192.0703125
192.078125
192.0859375
192.09375
192.1015625
192.109375
192.1171875
192.125
192.140625
192.15625
192.171875
192.1875
192.203125
192.21875
192.234375
192.25
192.265625
192.28125
192.296875
192.3125
192.328125
192.34375
192.359375
192.375
192.390625
192.40625
192.421875
192.4375
192.453125
192.46875
192.484375
192.5
192.53125
192.5625
192.59375
192.625
192.65625
192.6875
192.71875
192.75
192.78125
192.8125
192.84375
192.875
192.90625
192.9375
192.96875
193
193.0625
193.125
193.1875
193.25
193.3125
193.375
193.4375
193.5
193.5625
193.625
193.6875
193.75
193.8125
193.875
193.9375
194
194.125
194.25
194.375
194.5
194.625
194.75
194.875
195
195.125
195.25
195.375
195.5
195.625
195.75
195.875
196
196.5
197
197.5
198
198.5
199
199.5
200
201
202
203
204
205
206
207
208
212
216
220
224
232
240
248
256
288
320
384
448
704
1216
4288
-3904
-832
-320
-64
0
64
96
128
136
144
152
160
164
168
172
176
177
178
179
180
181
182
183
184
184.5
185
185.5
186
186.5
187
187.5
188
188.125
188.25
188.375
188.5
188.625
188.75
188.875
189
189.125
189.25
189.375
189.5
189.625
189.75
189.875
190
190.0625
190.125
190.1875
190.25
190.3125
190.375
190.4375
190.5
190.5625
190.625
190.6875
190.75
190.8125
190.875
190.9375
191
191.03125
191.0625
191.09375
191.125
191.15625
191.1875
191.21875
191.25
191.28125
191.3125
191.34375
191.375
191.40625
191.4375
191.46875
191.5
191.515625
191.53125
191.546875
191.5625
191.578125
191.59375
191.609375
191.625
191.640625
191.65625
191.671875
191.6875
191.703125
191.71875
191.734375
191.75
191.765625
191.78125
191.796875
191.8125
191.828125
191.84375
191.859375
191.875
191.8828125
191.890625
191.8984375
191.90625
191.9140625
191.921875
191.9296875
191.9375
191.9453125
191.953125
191.9609375
191.96875
191.97265625
191.9765625
191.98046875
191.984375
191.98828125
191.9921875
191.994140625
191.99609375
191.998046875
191.9990234375
191.999755859375
191.999938964844
256
256.000244140625
256.0009765625
256.001953125
256.00390625
256.005859375
256.0078125
256.01171875
256.015625
256.01953125
256.0234375
256.02734375
256.03125
256.0390625
256.046875
256.0546875
256.0625
256.0703125
256.078125
256.0859375
256.09375
256.1015625
256.109375
256.1171875
256.125
256.140625
256.15625
256.171875
256.1875
256.203125
256.21875
256.234375
256.25
256.265625
256.28125
256.296875
256.3125
256.328125
256.34375
256.359375
256.375
256.390625
256.40625
256.421875
256.4375
256.453125
256.46875
256.484375
256.5
256.53125
256.5625
256.59375
256.625
256.65625
256.6875
256.71875
256.75
256.78125
256.8125
256.84375
256.875
256.90625
256.9375
256.96875
257
257.0625
257.125
257.1875
257.25
257.3125
257.375
257.4375
257.5
257.5625
257.625
257.6875
257.75
257.8125
257.875
257.9375
258
258.125
258.25
258.375
258.5
258.625
258.75
258.875
259
259.125
259.25
259.375
259.5
259.625
259.75
259.875
260
260.5
261
261.5
262
262.5
263
263.5
264
265
266
267
268
269
270
271
272
276
280
284
288
296
304
312
320
352
384
448
512
768
1280
4352
-3840
-768
-256
0
64
128
160
192
200
208
216
224
228
232
236
240
241
242
243
244
245
246
247
248
248.5
249
249.5
250
250.5
251
251.5
252
252.125
252.25
252.375
252.5
252.625
252.75
252.875
253
253.125
253.25
253.375
253.5
253.625
253.75
253.875
254
254.0625
254.125
254.1875
254.25
254.3125
254.375
254.4375
254.5
254.5625
254.625
254.6875
254.75
254.8125
254.875
254.9375
255
255.03125
255.0625
255.09375
255.125
255.15625
255.1875
255.21875
255.25
255.28125
255.3125
255.34375
255.375
255.40625
255.4375
255.46875
255.5
255.515625
255.53125
255.546875
255.5625
255.578125
255.59375
255.609375
255.625
255.640625
255.65625
255.671875
255.6875
255.703125
255.71875
255.734375
255.75
255.765625
255.78125
255.796875
255.8125
255.828125
255.84375
255.859375
255.875
255.8828125
255.890625
255.8984375
255.90625
255.9140625
255.921875
255.9296875
255.9375
255.9453125
255.953125
255.9609375
255.96875
255.97265625
255.9765625
255.98046875
255.984375
255.98828125
255.9921875
255.994140625
255.99609375
255.998046875
255.9990234375
255.999755859375
255.999938964844
512
512.000244140625
512.0009765625
512.001953125
512.00390625
512.005859375
512.0078125
512.01171875
512.015625
512.01953125
512.0234375
512.02734375
512.03125
512.0390625
512.046875
512.0546875
512.0625
512.0703125
512.078125
512.0859375
512.09375
512.1015625
512.109375
512.1171875
512.125
512.140625
512.15625
512.171875
512.1875
512.203125
512.21875
512.234375
512.25
512.265625
512.28125
512.296875
512.3125
512.328125
512.34375
512.359375
512.375
512.390625
512.40625
512.421875
512.4375
512.453125
512.46875
512.484375
512.5
512.53125
512.5625
512.59375
512.625
512.65625
512.6875
512.71875
512.75
512.78125
512.8125
512.84375
512.875
512.90625
512.9375
512.96875
513
513.0625
513.125
513.1875
513.25
513.3125
513.375
513.4375
513.5
513.5625
513.625
513.6875
513.75
513.8125
513.875
513.9375
514
514.125
514.25
514.375
514.5
514.625
514.75
514.875
515
515.125
515.25
515.375
515.5
515.625
515.75
515.875
516
516.5
517
517.5
518
518.5
519
519.5
520
521
522
523
524
525
526
527
528
532
536
540
544
552
560
568
576
608
640
704
768
1024
1536
4608
-3584
-512
0
256
320
384
416
448
456
464
472
480
484
488
492
496
497
498
499
500
501
502
503
504
504.5
505
505.5
506
506.5
507
507.5
508
508.125
508.25
508.375
508.5
508.625
508.75
508.875
509
509.125
509.25
509.375
509.5
509.625
509.75
509.875
510
510.0625
510.125
510.1875
510.25
510.3125
510.375
510.4375
510.5
510.5625
510.625
510.6875
510.75
510.8125
510.875
510.9375
511
511.03125
511.0625
511.09375
511.125
511.15625
511.1875
511.21875
511.25
511.28125
511.3125
511.34375
511.375
511.40625
511.4375
511.46875
511.5
511.515625
511.53125
511.546875
511.5625
511.578125
511.59375
511.609375
511.625
511.640625
511.65625
511.671875
511.6875
511.703125
511.71875
511.734375
511.75
511.765625
511.78125
511.796875
511.8125
511.828125
511.84375
511.859375
511.875
511.8828125
511.890625
511.8984375
511.90625
511.9140625
511.921875
511.9296875
511.9375
511.9453125
511.953125
511.9609375
511.96875
511.97265625
511.9765625
511.98046875
511.984375
511.98828125
511.9921875
511.994140625
511.99609375
511.998046875
511.9990234375
511.999755859375
511.999938964844
1024
1024.00024414062
1024.0009765625
1024.001953125
1024.00390625
1024.005859375
1024.0078125
1024.01171875
1024.015625
1024.01953125
1024.0234375
1024.02734375
1024.03125
1024.0390625
1024.046875
1024.0546875
1024.0625
1024.0703125
1024.078125
1024.0859375
1024.09375
1024.1015625
1024.109375
1024.1171875
1024.125
1024.140625
1024.15625
1024.171875
1024.1875
1024.203125
1024.21875
1024.234375
1024.25
1024.265625
1024.28125
1024.296875
1024.3125
1024.328125
1024.34375
1024.359375
1024.375
1024.390625
1024.40625
1024.421875
1024.4375
1024.453125
1024.46875
1024.484375
1024.5
1024.53125
1024.5625
1024.59375
1024.625
1024.65625
1024.6875
1024.71875
1024.75
1024.78125
1024.8125
1024.84375
1024.875
1024.90625
1024.9375
1024.96875
1025
1025.0625
1025.125
1025.1875
1025.25
1025.3125
1025.375
1025.4375
1025.5
1025.5625
1025.625
1025.6875
1025.75
1025.8125
1025.875
1025.9375
1026
1026.125
1026.25
1026.375
1026.5
1026.625
1026.75
1026.875
1027
1027.125
1027.25
1027.375
1027.5
1027.625
1027.75
1027.875
1028
1028.5
1029
1029.5
1030
1030.5
1031
1031.5
1032
1033
1034
1035
1036
1037
1038
1039
1040
1044
1048
1052
1056
1064
1072
1080
1088
1120
1152
1216
1280
1536
2048
5120
-3072
0
512
768
832
896
928
960
968
976
984
992
996
1000
1004
1008
1009
1010
1011
1012
1013
1014
1015
1016
1016.5
1017
1017.5
1018
1018.5
1019
1019.5
1020
1020.125
1020.25
1020.375
1020.5
1020.625
1020.75
1020.875
1021
1021.125
1021.25
1021.375
1021.5
1021.625
1021.75
1021.875
1022
1022.0625
1022.125
1022.1875
1022.25
1022.3125
1022.375
1022.4375
1022.5
1022.5625
1022.625
1022.6875
1022.75
1022.8125
1022.875
1022.9375
1023
1023.03125
1023.0625
1023.09375
1023.125
1023.15625
1023.1875
1023.21875
1023.25
1023.28125
1023.3125
1023.34375
1023.375
1023.40625
1023.4375
1023.46875
1023.5
1023.515625
1023.53125
1023.546875
1023.5625
1023.578125
1023.59375
1023.609375
1023.625
1023.640625
1023.65625
1023.671875
1023.6875
1023.703125
1023.71875
1023.734375
1023.75
1023.765625
1023.78125
1023.796875
1023.8125
1023.828125
1023.84375
1023.859375
1023.875
1023.8828125
1023.890625
1023.8984375
1023.90625
1023.9140625
1023.921875
1023.9296875
1023.9375
1023.9453125
1023.953125
1023.9609375
1023.96875
1023.97265625
1023.9765625
1023.98046875
1023.984375
1023.98828125
1023.9921875
1023.994140625
1023.99609375
1023.998046875
1023.9990234375
1023.99975585938
1023.99993896484
4096
4096.00024414062
4096.0009765625
4096.001953125
4096.00390625
4096.005859375
4096.0078125
4096.01171875
4096.015625
4096.01953125
4096.0234375
4096.02734375
4096.03125
4096.0390625
4096.046875
4096.0546875
4096.0625
4096.0703125
4096.078125
4096.0859375
4096.09375
4096.1015625
4096.109375
4096.1171875
4096.125
4096.140625
4096.15625
4096.171875
4096.1875
4096.203125
4096.21875
4096.234375
4096.25
4096.265625
4096.28125
4096.296875
4096.3125
4096.328125
4096.34375
4096.359375
4096.375
4096.390625
4096.40625
4096.421875
4096.4375
4096.453125
4096.46875
4096.484375
4096.5
4096.53125
4096.5625
4096.59375
4096.625
4096.65625
4096.6875
4096.71875
4096.75
4096.78125
4096.8125
4096.84375
4096.875
4096.90625
4096.9375
4096.96875
4097
4097.0625
4097.125
4097.1875
4097.25
4097.3125
4097.375
4097.4375
4097.5
4097.5625
4097.625
4097.6875
4097.75
4097.8125
4097.875
4097.9375
4098
4098.125
4098.25
4098.375
4098.5
4098.625
4098.75
4098.875
4099
4099.125
4099.25
4099.375
4099.5
4099.625
4099.75
4099.875
4100
4100.5
4101
4101.5
4102
4102.5
4103
4103.5
4104
4105
4106
4107
4108
4109
4110
4111
4112
4116
4120
4124
4128
4136
4144
4152
4160
4192
4224
4288
4352
4608
5120
8192
0
3072
3584
3840
3904
3968
4000
4032
4040
4048
4056
4064
4068
4072
4076
4080
4081
4082
4083
4084
4085
4086
4087
4088
4088.5
4089
4089.5
4090
4090.5
4091
4091.5
4092
4092.125
4092.25
4092.375
4092.5
4092.625
4092.75
4092.875
4093
4093.125
4093.25
4093.375
4093.5
4093.625
4093.75
4093.875
4094
4094.0625
4094.125
4094.1875
4094.25
4094.3125
4094.375
4094.4375
4094.5
4094.5625
4094.625
4094.6875
4094.75
4094.8125
4094.875
4094.9375
4095
4095.03125
4095.0625
4095.09375
4095.125
4095.15625
4095.1875
4095.21875
4095.25
4095.28125
4095.3125
4095.34375
4095.375
4095.40625
4095.4375
4095.46875
4095.5
4095.515625
4095.53125
4095.546875
4095.5625
4095.578125
4095.59375
4095.609375
4095.625
4095.640625
4095.65625
4095.671875
4095.6875
4095.703125
4095.71875
4095.734375
4095.75
4095.765625
4095.78125
4095.796875
4095.8125
4095.828125
4095.84375
4095.859375
4095.875
4095.8828125
4095.890625
4095.8984375
4095.90625
4095.9140625
4095.921875
4095.9296875
4095.9375
4095.9453125
4095.953125
4095.9609375
4095.96875
4095.97265625
4095.9765625
4095.98046875
4095.984375
4095.98828125
4095.9921875
4095.994140625
4095.99609375
4095.998046875
4095.9990234375
4095.99975585938
4095.99993896484
-4096
-4095.99975585938
-4095.9990234375
-4095.998046875
-4095.99609375
-4095.994140625
-4095.9921875
-4095.98828125
-4095.984375
-4095.98046875
-4095.9765625
-4095.97265625
-4095.96875
-4095.9609375
-4095.953125
-4095.9453125
-4095.9375
-4095.9296875
-4095.921875
-4095.9140625
-4095.90625
-4095.8984375
-4095.890625
-4095.8828125
-4095.875
-4095.859375
-4095.84375
-4095.828125
-4095.8125
-4095.796875
-4095.78125
-4095.765625
-4095.75
-4095.734375
-4095.71875
-4095.703125
-4095.6875
-4095.671875
-4095.65625
-4095.640625
-4095.625
-4095.609375
-4095.59375
-4095.578125
-4095.5625
-4095.546875
-4095.53125
-4095.515625
-4095.5
-4095.46875
-4095.4375
-4095.40625
-4095.375
-4095.34375
-4095.3125
-4095.28125
-4095.25
-4095.21875
-4095.1875
-4095.15625
-4095.125
-4095.09375
-4095.0625
-4095.03125
-4095
-4094.9375
-4094.875
-4094.8125
-4094.75
-4094.6875
-4094.625
-4094.5625
-4094.5
-4094.4375
-4094.375
-4094.3125
-4094.25
-4094.1875
-4094.125
-4094.0625
-4094
-4093.875
-4093.75
-4093.625
-4093.5
-4093.375
-4093.25
-4093.125
-4093
-4092.875
-4092.75
-4092.625
-4092.5
-4092.375
-4092.25
-4092.125
-4092
-4091.5
-4091
-4090.5
-4090
-4089.5
-4089
-4088.5
-4088
-4087
-4086
-4085
-4084
-4083
-4082
-4081
-4080
-4076
-4072
-4068
-4064
-4056
-4048
-4040
-4032
-4000
-3968
-3904
-3840
-3584
-3072
0
-8192
-5120
-4608
-4352
-4288
-4224
-4192
-4160
-4152
-4144
-4136
-4128
-4124
-4120
-4116
-4112
-4111
-4110
-4109
-4108
-4107
-4106
-4105
-4104
-4103.5
-4103
-4102.5
-4102
-4101.5
-4101
-4100.5
-4100
-4099.875
-4099.75
-4099.625
-4099.5
-4099.375
-4099.25
-4099.125
-4099
-4098.875
-4098.75
-4098.625
-4098.5
-4098.375
-4098.25
-4098.125
-4098
-4097.9375
-4097.875
-4097.8125
-4097.75
-4097.6875
-4097.625
-4097.5625
-4097.5
-4097.4375
-4097.375
-4097.3125
-4097.25
-4097.1875
-4097.125
-4097.0625
-4097
-4096.96875
-4096.9375
-4096.90625
-4096.875
-4096.84375
-4096.8125
-4096.78125
-4096.75
-4096.71875
-4096.6875
-4096.65625
-4096.625
-4096.59375
-4096.5625
-4096.53125
-4096.5
-4096.484375
-4096.46875
-4096.453125
-4096.4375
-4096.421875
-4096.40625
-4096.390625
-4096.375
-4096.359375
-4096.34375
-4096.328125
-4096.3125
-4096.296875
-4096.28125
-4096.265625
-4096.25
-4096.234375
-4096.21875
-4096.203125
-4096.1875
-4096.171875
-4096.15625
-4096.140625
-4096.125
-4096.1171875
-4096.109375
-4096.1015625
-4096.09375
-4096.0859375
-4096.078125
-4096.0703125
-4096.0625
-4096.0546875
-4096.046875
-4096.0390625
-4096.03125
-4096.02734375
-4096.0234375
-4096.01953125
-4096.015625
-4096.01171875
-4096.0078125
-4096.005859375
-4096.00390625
-4096.001953125
-4096.0009765625
-4096.00024414062
-4096.00006103516
-1024
-1023.99975585938
-1023.9990234375
-1023.998046875
-1023.99609375
-1023.994140625
-1023.9921875
-1023.98828125
-1023.984375
-1023.98046875
-1023.9765625
-1023.97265625
-1023.96875
-1023.9609375
-1023.953125
-1023.9453125
-1023.9375
-1023.9296875
-1023.921875
-1023.9140625
-1023.90625
-1023.8984375
-1023.890625
-1023.8828125
-1023.875
-1023.859375
-1023.84375
-1023.828125
-1023.8125
-1023.796875
-1023.78125
-1023.765625
-1023.75
-1023.734375
-1023.71875
-1023.703125
-1023.6875
-1023.671875
-1023.65625
-1023.640625
-1023.625
-1023.609375
-1023.59375
-1023.578125
-1023.5625
-1023.546875
-1023.53125
-1023.515625
-1023.5
-1023.46875
-1023.4375
-1023.40625
-1023.375
-1023.34375
-1023.3125
-1023.28125
-1023.25
-1023.21875
-1023.1875
-1023.15625
-1023.125
-1023.09375
-1023.0625
-1023.03125
-1023
-1022.9375
-1022.875
-1022.8125
-1022.75
-1022.6875
-1022.625
-1022.5625
-1022.5
-1022.4375
-1022.375
-1022.3125
-1022.25
-1022.1875
-1022.125
-1022.0625
-1022
-1021.875
-1021.75
-1021.625
-1021.5
-1021.375
-1021.25
-1021.125
-1021
-1020.875
-1020.75
-1020.625
-1020.5
-1020.375
-1020.25
-1020.125
-1020
-1019.5
-1019
-1018.5
-1018
-1017.5
-1017
-1016.5
-1016
-1015
-1014
-1013
-1012
-1011
-1010
-1009
-1008
-1004
-1000
-996
-992
-984
-976
-968
-960
-928
-896
-832
-768
-512
0
3072
-5120
-2048
-1536
-1280
-1216
-1152
-1120
-1088
-1080
-1072
-1064
-1056
-1052
-1048
-1044
-1040
-1039
-1038
-1037
-1036
-1035
-1034
-1033
-1032
-1031.5
-1031
-1030.5
-1030
-1029.5
-1029
-1028.5
-1028
-1027.875
-1027.75
-1027.625
-1027.5
-1027.375
-1027.25
-1027.125
-1027
-1026.875
-1026.75
-1026.625
-1026.5
-1026.375
-1026.25
-1026.125
-1026
-1025.9375
-1025.875
-1025.8125
-1025.75
-1025.6875
-1025.625
-1025.5625
-1025.5
-1025.4375
-1025.375
-1025.3125
-1025.25
-1025.1875
-1025.125
-1025.0625
-1025
-1024.96875
-1024.9375
-1024.90625
-1024.875
-1024.84375
-1024.8125
-1024.78125
-1024.75
-1024.71875
-1024.6875
-1024.65625
-1024.625
-1024.59375
-1024.5625
-1024.53125
-1024.5
-1024.484375
-1024.46875
-1024.453125
-1024.4375
-1024.421875
-1024.40625
-1024.390625
-1024.375
-1024.359375
-1024.34375
-1024.328125
-1024.3125
-1024.296875
-1024.28125
-1024.265625
-1024.25
-1024.234375
-1024.21875
-1024.203125
-1024.1875
-1024.171875
-1024.15625
-1024.140625
-1024.125
-1024.1171875
-1024.109375
-1024.1015625
-1024.09375
-1024.0859375
-1024.078125
-1024.0703125
-1024.0625
-1024.0546875
-1024.046875
-1024.0390625
-1024.03125
-1024.02734375
-1024.0234375
-1024.01953125
-1024.015625
-1024.01171875
-1024.0078125
-1024.005859375
-1024.00390625
-1024.001953125
-1024.0009765625
-1024.00024414062
-1024.00006103516
-512
-511.999755859375
-511.9990234375
-511.998046875
-511.99609375
-511.994140625
-511.9921875
-511.98828125
-511.984375
-511.98046875
-511.9765625
-511.97265625
-511.96875
-511.9609375
-511.953125
-511.9453125
-511.9375
-511.9296875
-511.921875
-511.9140625
-511.90625
-511.8984375
-511.890625
-511.8828125
-511.875
-511.859375
-511.84375
-511.828125
-511.8125
-511.796875
-511.78125
-511.765625
-511.75
-511.734375
-511.71875
-511.703125
-511.6875
-511.671875
-511.65625
-511.640625
-511.625
-511.609375
-511.59375
-511.578125
-511.5625
-511.546875
-511.53125
-511.515625
-511.5
-511.46875
-511.4375
-511.40625
-511.375
-511.34375
-511.3125
-511.28125
-511.25
-511.21875
-511.1875
-511.15625
-511.125
-511.09375
-511.0625
-511.03125
-511
-510.9375
-510.875
-510.8125
-510.75
-510.6875
-510.625
-510.5625
-510.5
-510.4375
-510.375
-510.3125
-510.25
-510.1875
-510.125
-510.0625
-510
-509.875
-509.75
-509.625
-509.5
-509.375
-509.25
-509.125
-509
-508.875
-508.75
-508.625
-508.5
-508.375
-508.25
-508.125
-508
-507.5
-507
-506.5
-506
-505.5
-505
-504.5
-504
-503
-502
-501
-500
-499
-498
-497
-496
-492
-488
-484
-480
-472
-464
-456
-448
-416
-384
-320
-256
0
512
3584
-4608
-1536
-1024
-768
-704
-640
-608
-576
-568
-560
-552
-544
-540
-536
-532
-528
-527
-526
-525
-524
-523
-522
-521
-520
-519.5
-519
-518.5
-518
-517.5
-517
-516.5
-516
-515.875
-515.75
-515.625
-515.5
-515.375
-515.25
-515.125
-515
-514.875
-514.75
-514.625
-514.5
-514.375
-514.25
-514.125
-514
-513.9375
-513.875
-513.8125
-513.75
-513.6875
-513.625
-513.5625
-513.5
-513.4375
-513.375
-513.3125
-513.25
-513.1875
-513.125
-513.0625
-513
-512.96875
-512.9375
-512.90625
-512.875
-512.84375
-512.8125
-512.78125
-512.75
-512.71875
-512.6875
-512.65625
-512.625
-512.59375
-512.5625
-512.53125
-512.5
-512.484375
-512.46875
-512.453125
-512.4375
-512.421875
-512.40625
-512.390625
-512.375
-512.359375
-512.34375
-512.328125
-512.3125
-512.296875
-512.28125
-512.265625
-512.25
-512.234375
-512.21875
-512.203125
-512.1875
-512.171875
-512.15625
-512.140625
-512.125
-512.1171875
-512.109375
-512.1015625
-512.09375
-512.0859375
-512.078125
-512.0703125
-512.0625
-512.0546875
-512.046875
-512.0390625
-512.03125
-512.02734375
-512.0234375
-512.01953125
-512.015625
-512.01171875
-512.0078125
-512.005859375
-512.00390625
-512.001953125
-512.0009765625
-512.000244140625
-512.000061035156
-256
-255.999755859375
-255.9990234375
-255.998046875
-255.99609375
-255.994140625
-255.9921875
-255.98828125
-255.984375
-255.98046875
-255.9765625
-255.97265625
-255.96875
-255.9609375
-255.953125
-255.9453125
-255.9375
-255.9296875
-255.921875
-255.9140625
-255.90625
-255.8984375
-255.890625
-255.8828125
-255.875
-255.859375
-255.84375
-255.828125
-255.8125
-255.796875
-255.78125
-255.765625
-255.75
-255.734375
-255.71875
-255.703125
-255.6875
-255.671875
-255.65625
-255.640625
-255.625
-255.609375
-255.59375
-255.578125
-255.5625
-255.546875
-255.53125
-255.515625
-255.5
-255.46875
-255.4375
-255.40625
-255.375
-255.34375
-255.3125
-255.28125
-255.25
-255.21875
-255.1875
-255.15625
-255.125
-255.09375
-255.0625
-255.03125
-255
-254.9375
-254.875
-254.8125
-254.75
-254.6875
-254.625
-254.5625
-254.5
-254.4375
-254.375
-254.3125
-254.25
-254.1875
-254.125
-254.0625
-254
-253.875
-253.75
-253.625
-253.5
-253.375
-253.25
-253.125
-253
-252.875
-252.75
-252.625
-252.5
-252.375
-252.25
-252.125
-252
-251.5
-251
-250.5
-250
-249.5
-249
-248.5
-248
-247
-246
-245
-244
-243
-242
-241
-240
-236
-232
-228
-224
-216
-208
-200
-192
-160
-128
-64
0
256
768
3840
-4352
-1280
-768
-512
-448
-384
-352
-320
-312
-304
-296
-288
-284
-280
-276
-272
-271
-270
-269
-268
-267
-266
-265
-264
-263.5
-263
-262.5
-262
-261.5
-261
-260.5
-260
-259.875
-259.75
-259.625
-259.5
-259.375
-259.25
-259.125
-259
-258.875
-258.75
-258.625
-258.5
-258.375
-258.25
-258.125
-258
-257.9375
-257.875
-257.8125
-257.75
-257.6875
-257.625
-257.5625
-257.5
-257.4375
-257.375
-257.3125
-257.25
-257.1875
-257.125
-257.0625
-257
-256.96875
-256.9375
-256.90625
-256.875
-256.84375
-256.8125
-256.78125
-256.75
-256.71875
-256.6875
-256.65625
-256.625
-256.59375
-256.5625
-256.53125
-256.5
-256.484375
-256.46875
-256.453125
-256.4375
-256.421875
-256.40625
-256.390625
-256.375
-256.359375
-256.34375
-256.328125
-256.3125
-256.296875
-256.28125
-256.265625
-256.25
-256.234375
-256.21875
-256.203125
-256.1875
-256.171875
-256.15625
-256.140625
-256.125
-256.1171875
-256.109375
-256.1015625
-256.09375
-256.0859375
-256.078125
-256.0703125
-256.0625
-256.0546875
-256.046875
-256.0390625
-256.03125
-256.02734375
-256.0234375
-256.01953125
-256.015625
-256.01171875
-256.0078125
-256.005859375
-256.00390625
-256.001953125
-256.0009765625
-256.000244140625
-256.000061035156
-192
-191.999755859375
-191.9990234375
-191.998046875
-191.99609375
-191.994140625
-191.9921875
-191.98828125
-191.984375
-191.98046875
-191.9765625
-191.97265625
-191.96875
-191.9609375
-191.953125
-191.9453125
-191.9375
-191.9296875
-191.921875
-191.9140625
-191.90625
-191.8984375
-191.890625
-191.8828125
-191.875
-191.859375
-191.84375
-191.828125
-191.8125
-191.796875
-191.78125
-191.765625
-191.75
-191.734375
-191.71875
-191.703125
-191.6875
-191.671875
-191.65625
-191.640625
-191.625
-191.609375
-191.59375
-191.578125
-191.5625
-191.546875
-191.53125
-191.515625
-191.5
-191.46875
-191.4375
-191.40625
-191.375
-191.34375
-191.3125
-191.28125
-191.25
-191.21875
-191.1875
-191.15625
-191.125
-191.09375
-191.0625
-191.03125
-191
-190.9375
-190.875
-190.8125
-190.75
-190.6875
-190.625
-190.5625
-190.5
-190.4375
-190.375
-190.3125
-190.25
-190.1875
-190.125
-190.0625
-190
-189.875
-189.75
-189.625
-189.5
-189.375
-189.25
-189.125
-189
-188.875
-188.75
-188.625
-188.5
-188.375
-188.25
-188.125
-188
-187.5
-187
-186.5
-186
-185.5
-185
-184.5
-184
-183
-182
-181
-180
-179
-178
-177
-176
-172
-168
-164
-160
-152
-144
-136
-128
-96
-64
0
64
320
832
3904
-4288
-1216
-704
-448
-384
-320
-288
-256
-248
-240
-232
-224
-220
-216
-212
-208
-207
-206
-205
-204
-203
-202
-201
-200
-199.5
-199
-198.5
-198
-197.5
-197
-196.5
-196
-195.875
-195.75
-195.625
-195.5
-195.375
-195.25
-195.125
-195
-194.875
-194.75
-194.625
-194.5
-194.375
-194.25
-194.125
-194
-193.9375
-193.875
-193.8125
-193.75
-193.6875
-193.625
-193.5625
-193.5
-193.4375
-193.375
-193.3125
-193.25
-193.1875
-193.125
-193.0625
-193
-192.96875
-192.9375
-192.90625
-192.875
-192.84375
-192.8125
-192.78125
-192.75
-192.71875
-192.6875
-192.65625
-192.625
-192.59375
-192.5625
-192.53125
-192.5
-192.484375
-192.46875
-192.453125
-192.4375
-192.421875
-192.40625
-192.390625
-192.375
-192.359375
-192.34375
-192.328125
-192.3125
-192.296875
-192.28125
-192.265625
-192.25
-192.234375
-192.21875
-192.203125
-192.1875
-192.171875
-192.15625
-192.140625
-192.125
-192.1171875
-192.109375
-192.1015625
-192.09375
-192.0859375
-192.078125
-192.0703125
-192.0625
-192.0546875
-192.046875
-192.0390625
-192.03125
-192.02734375
-192.0234375
-192.01953125
-192.015625
-192.01171875
-192.0078125
-192.005859375
-192.00390625
-192.001953125
-192.0009765625
-192.000244140625
-192.000061035156
-128
-127.999755859375
-127.9990234375
-127.998046875
-127.99609375
-127.994140625
-127.9921875
-127.98828125
-127.984375
-127.98046875
-127.9765625
-127.97265625
-127.96875
-127.9609375
-127.953125
-127.9453125
-127.9375
-127.9296875
-127.921875
-127.9140625
-127.90625
-127.8984375
-127.890625
-127.8828125
-127.875
-127.859375
-127.84375
-127.828125
-127.8125
-127.796875
-127.78125
-127.765625
-127.75
-127.734375
-127.71875
-127.703125
-127.6875
-127.671875
-127.65625
-127.640625
-127.625
-127.609375
-127.59375
-127.578125
-127.5625
-127.546875
-127.53125
-127.515625
-127.5
-127.46875
-127.4375
-127.40625
-127.375
-127.34375
-127.3125
-127.28125
-127.25
-127.21875
-127.1875
-127.15625
-127.125
-127.09375
-127.0625
-127.03125
-127
-126.9375
-126.875
-126.8125
-126.75
-126.6875
-126.625
-126.5625
-126.5
-126.4375
-126.375
-126.3125
-126.25
-126.1875
-126.125
-126.0625
-126
-125.875
-125.75
-125.625
-125.5
-125.375
-125.25
-125.125
-125
-124.875
-124.75
-124.625
-124.5
-124.375
-124.25
-124.125
-124
-123.5
-123
-122.5
-122
-121.5
-121
-120.5
-120
-119
-118
-117
-116
-115
-114
-113
-112
-108
-104
-100
-96
-88
-80
-72
-64
-32
0
64
128
384
896
3968
-4224
-1152
-640
-384
-320
-256
-224
-192
-184
-176
-168
-160
-156
-152
-148
-144
-143
-142
-141
-140
-139
-138
-137
-136
-135.5
-135
-134.5
-134
-133.5
-133
-132.5
-132
-131.875
-131.75
-131.625
-131.5
-131.375
-131.25
-131.125
-131
-130.875
-130.75
-130.625
-130.5
-130.375
-130.25
-130.125
-130
-129.9375
-129.875
-129.8125
-129.75
-129.6875
-129.625
-129.5625
-129.5
-129.4375
-129.375
-129.3125
-129.25
-129.1875
-129.125
-129.0625
-129
-128.96875
-128.9375
-128.90625
-128.875
-128.84375
-128.8125
-128.78125
-128.75
-128.71875
-128.6875
-128.65625
-128.625
-128.59375
-128.5625
-128.53125
-128.5
-128.484375
-128.46875
-128.453125
-128.4375
-128.421875
-128.40625
-128.390625
-128.375
-128.359375
-128.34375
-128.328125
-128.3125
-128.296875
-128.28125
-128.265625
-128.25
-128.234375
-128.21875
-128.203125
-128.1875
-128.171875
-128.15625
-128.140625
-128.125
-128.1171875
-128.109375
-128.1015625
-128.09375
-128.0859375
-128.078125
-128.0703125
-128.0625
-128.0546875
-128.046875
-128.0390625
-128.03125
-128.02734375
-128.0234375
-128.01953125
-128.015625
-128.01171875
-128.0078125
-128.005859375
-128.00390625
-128.001953125
-128.0009765625
-128.000244140625
-128.000061035156
-96
-95.999755859375
-95.9990234375
-95.998046875
-95.99609375
-95.994140625
-95.9921875
-95.98828125
-95.984375
-95.98046875
-95.9765625
-95.97265625
-95.96875
-95.9609375
-95.953125
-95.9453125
-95.9375
-95.9296875
-95.921875
-95.9140625
-95.90625
-95.8984375
-95.890625
-95.8828125
-95.875
-95.859375
-95.84375
-95.828125
-95.8125
-95.796875
-95.78125
-95.765625
-95.75
-95.734375
-95.71875
-95.703125
-95.6875
-95.671875
-95.65625
-95.640625
-95.625
-95.609375
-95.59375
-95.578125
-95.5625
-95.546875
-95.53125
-95.515625
-95.5
-95.46875
-95.4375
-95.40625
-95.375
-95.34375
-95.3125
-95.28125
-95.25
-95.21875
-95.1875
-95.15625
-95.125
-95.09375
-95.0625
-95.03125
-95
-94.9375
-94.875
-94.8125
-94.75
-94.6875
-94.625
-94.5625
-94.5
-94.4375
-94.375
-94.3125
-94.25
-94.1875
-94.125
-94.0625
-94
-93.875
-93.75
-93.625
-93.5
-93.375
-93.25
-93.125
-93
-92.875
-92.75
-92.625
-92.5
-92.375
-92.25
-92.125
-92
-91.5
-91
-90.5
-90
-89.5
-89
-88.5
-88
-87
-86
-85
-84
-83
-82
-81
-80
-76
-72
-68
-64
-56
-48
-40
-32
0
32
96
160
416
928
4000
-4192
-1120
-608
-352
-288
-224
-192
-160
-152
-144
-136
-128
-124
-120
-116
-112
-111
-110
-109
-108
-107
-106
-105
-104
-103.5
-103
-102.5
-102
-101.5
-101
-100.5
-100
-99.875
-99.75
-99.625
-99.5
-99.375
-99.25
-99.125
-99
-98.875
-98.75
-98.625
-98.5
-98.375
-98.25
-98.125
-98
-97.9375
-97.875
-97.8125
-97.75
-97.6875
-97.625
-97.5625
-97.5
-97.4375
-97.375
-97.3125
-97.25
-97.1875
-97.125
-97.0625
-97
-96.96875
-96.9375
-96.90625
-96.875
-96.84375
-96.8125
-96.78125
-96.75
-96.71875
-96.6875
-96.65625
-96.625
-96.59375
-96.5625
-96.53125
-96.5
-96.484375
-96.46875
-96.453125
-96.4375
-96.421875
-96.40625
-96.390625
-96.375
-96.359375
-96.34375
-96.328125
-96.3125
-96.296875
-96.28125
-96.265625
-96.25
-96.234375
-96.21875
-96.203125
-96.1875
-96.171875
-96.15625
-96.140625
-96.125
-96.1171875
-96.109375
-96.1015625
-96.09375
-96.0859375
-96.078125
-96.0703125
-96.0625
-96.0546875
-96.046875
-96.0390625
-96.03125
-96.02734375
-96.0234375
-96.01953125
-96.015625
-96.01171875
-96.0078125
-96.005859375
-96.00390625
-96.001953125
-96.0009765625
-96.000244140625
-96.0000610351562
-64
-63.999755859375
-63.9990234375
-63.998046875
-63.99609375
-63.994140625
-63.9921875
-63.98828125
-63.984375
-63.98046875
-63.9765625
-63.97265625
-63.96875
-63.9609375
-63.953125
-63.9453125
-63.9375
-63.9296875
-63.921875
-63.9140625
-63.90625
-63.8984375
-63.890625
-63.8828125
-63.875
-63.859375
-63.84375
-63.828125
-63.8125
-63.796875
-63.78125
-63.765625
-63.75
-63.734375
-63.71875
-63.703125
-63.6875
-63.671875
-63.65625
-63.640625
-63.625
-63.609375
-63.59375
-63.578125
-63.5625
-63.546875
-63.53125
-63.515625
-63.5
-63.46875
-63.4375
-63.40625
-63.375
-63.34375
-63.3125
-63.28125
-63.25
-63.21875
-63.1875
-63.15625
-63.125
-63.09375
-63.0625
-63.03125
-63
-62.9375
-62.875
-62.8125
-62.75
-62.6875
-62.625
-62.5625
-62.5
-62.4375
-62.375
-62.3125
-62.25
-62.1875
-62.125
-62.0625
-62
-61.875
-61.75
-61.625
-61.5
-61.375
-61.25
-61.125
-61
-60.875
-60.75
-60.625
-60.5
-60.375
-60.25
-60.125
-60
-59.5
-59
-58.5
-58
-57.5
-57
-56.5
-56
-55
-54
-53
-52
-51
-50
-49
-48
-44
-40
-36
-32
-24
-16
-8
0
32
64
128
192
448
960
4032
-4160
-1088
-576
-320
-256
-192
-160
-128
-120
-112
-104
-96
-92
-88
-84
-80
-79
-78
-77
-76
-75
-74
-73
-72
-71.5
-71
-70.5
-70
-69.5
-69
-68.5
-68
-67.875
-67.75
-67.625
-67.5
-67.375
-67.25
-67.125
-67
-66.875
-66.75
-66.625
-66.5
-66.375
-66.25
-66.125
-66
-65.9375
-65.875
-65.8125
-65.75
-65.6875
-65.625
-65.5625
-65.5
-65.4375
-65.375
-65.3125
-65.25
-65.1875
-65.125
-65.0625
-65
-64.96875
-64.9375
-64.90625
-64.875
-64.84375
-64.8125
-64.78125
-64.75
-64.71875
-64.6875
-64.65625
-64.625
-64.59375
-64.5625
-64.53125
-64.5
-64.484375
-64.46875
-64.453125
-64.4375
-64.421875
-64.40625
-64.390625
-64.375
-64.359375
-64.34375
-64.328125
-64.3125
-64.296875
-64.28125
-64.265625
-64.25
-64.234375
-64.21875
-64.203125
-64.1875
-64.171875
-64.15625
-64.140625
-64.125
-64.1171875
-64.109375
-64.1015625
-64.09375
-64.0859375
-64.078125
-64.0703125
-64.0625
-64.0546875
-64.046875
-64.0390625
-64.03125
-64.02734375
-64.0234375
-64.01953125
-64.015625
-64.01171875
-64.0078125
-64.005859375
-64.00390625
-64.001953125
-64.0009765625
-64.000244140625
-64.0000610351562
-56
-55.999755859375
-55.9990234375
-55.998046875
-55.99609375
-55.994140625
-55.9921875
-55.98828125
-55.984375
-55.98046875
-55.9765625
-55.97265625
-55.96875
-55.9609375
-55.953125
-55.9453125
-55.9375
-55.9296875
-55.921875
-55.9140625
-55.90625
-55.8984375
-55.890625
-55.8828125
-55.875
-55.859375
-55.84375
-55.828125
-55.8125
-55.796875
-55.78125
-55.765625
-55.75
-55.734375
-55.71875
-55.703125
-55.6875
-55.671875
-55.65625
-55.640625
-55.625
-55.609375
-55.59375
-55.578125
-55.5625
-55.546875
-55.53125
-55.515625
-55.5
-55.46875
-55.4375
-55.40625
-55.375
-55.34375
-55.3125
-55.28125
-55.25
-55.21875
-55.1875
-55.15625
-55.125
-55.09375
-55.0625
-55.03125
-55
-54.9375
-54.875
-54.8125
-54.75
-54.6875
-54.625
-54.5625
-54.5
-54.4375
-54.375
-54.3125
-54.25
-54.1875
-54.125
-54.0625
-54
-53.875
-53.75
-53.625
-53.5
-53.375
-53.25
-53.125
-53
-52.875
-52.75
-52.625
-52.5
-52.375
-52.25
-52.125
-52
-51.5
-51
-50.5
-50
-49.5
-49
-48.5
-48
-47
-46
-45
-44
-43
-42
-41
-40
-36
-32
-28
-24
-16
-8
0
8
40
72
136
200
456
968
4040
-4152
-1080
-568
-312
-248
-184
-152
-120
-112
-104
-96
-88
-84
-80
-76
-72
-71
-70
-69
-68
-67
-66
-65
-64
-63.5
-63
-62.5
-62
-61.5
-61
-60.5
-60
-59.875
-59.75
-59.625
-59.5
-59.375
-59.25
-59.125
-59
-58.875
-58.75
-58.625
-58.5
-58.375
-58.25
-58.125
-58
-57.9375
-57.875
-57.8125
-57.75
-57.6875
-57.625
-57.5625
-57.5
-57.4375
-57.375
-57.3125
-57.25
-57.1875
-57.125
-57.0625
-57
-56.96875
-56.9375
-56.90625
-56.875
-56.84375
-56.8125
-56.78125
-56.75
-56.71875
-56.6875
-56.65625
-56.625
-56.59375
-56.5625
-56.53125
-56.5
-56.484375
-56.46875
-56.453125
-56.4375
-56.421875
-56.40625
-56.390625
-56.375
-56.359375
-56.34375
-56.328125
-56.3125
-56.296875
-56.28125
-56.265625
-56.25
-56.234375
-56.21875
-56.203125
-56.1875
-56.171875
-56.15625
-56.140625
-56.125
-56.1171875
-56.109375
-56.1015625
-56.09375
-56.0859375
-56.078125
-56.0703125
-56.0625
-56.0546875
-56.046875
-56.0390625
-56.03125
-56.02734375
-56.0234375
-56.01953125
-56.015625
-56.01171875
-56.0078125
-56.005859375
-56.00390625
-56.001953125
-56.0009765625
-56.000244140625
-56.0000610351562
-48
-47.999755859375
-47.9990234375
-47.998046875
-47.99609375
-47.994140625
-47.9921875
-47.98828125
-47.984375
-47.98046875
-47.9765625
-47.97265625
-47.96875
-47.9609375
-47.953125
-47.9453125
-47.9375
-47.9296875
-47.921875
-47.9140625
-47.90625
-47.8984375
-47.890625
-47.8828125
-47.875
-47.859375
-47.84375
-47.828125
-47.8125
-47.796875
-47.78125
-47.765625
-47.75
-47.734375
-47.71875
-47.703125
-47.6875
-47.671875
-47.65625
-47.640625
-47.625
-47.609375
-47.59375
-47.578125
-47.5625
-47.546875
-47.53125
-47.515625
-47.5
-47.46875
-47.4375
-47.40625
-47.375
-47.34375
-47.3125
-47.28125
-47.25
-47.21875
-47.1875
-47.15625
-47.125
-47.09375
-47.0625
-47.03125
-47
-46.9375
-46.875
-46.8125
-46.75
-46.6875
-46.625
-46.5625
-46.5
-46.4375
-46.375
-46.3125
-46.25
-46.1875
-46.125
-46.0625
-46
-45.875
-45.75
-45.625
-45.5
-45.375
-45.25
-45.125
-45
-44.875
-44.75
-44.625
-44.5
-44.375
-44.25
-44.125
-44
-43.5
-43
-42.5
-42
-41.5
-41
-40.5
-40
-39
-38
-37
-36
-35
-34
-33
-32
-28
-24
-20
-16
-8
0
8
16
48
80
144
208
464
976
4048
-4144
-1072
-560
-304
-240
-176
-144
-112
-104
-96
-88
-80
-76
-72
-68
-64
-63
-62
-61
-60
-59
-58
-57
-56
-55.5
-55
-54.5
-54
-53.5
-53
-52.5
-52
-51.875
-51.75
-51.625
-51.5
-51.375
-51.25
-51.125
-51
-50.875
-50.75
-50.625
-50.5
-50.375
-50.25
-50.125
-50
-49.9375
-49.875
-49.8125
-49.75
-49.6875
-49.625
-49.5625
-49.5
-49.4375
-49.375
-49.3125
-49.25
-49.1875
-49.125
-49.0625
-49
-48.96875
-48.9375
-48.90625
-48.875
-48.84375
-48.8125
-48.78125
-48.75
-48.71875
-48.6875
-48.65625
-48.625
-48.59375
-48.5625
-48.53125
-48.5
-48.484375
-48.46875
-48.453125
-48.4375
-48.421875
-48.40625
-48.390625
-48.375
-48.359375
-48.34375
-48.328125
-48.3125
-48.296875
-48.28125
-48.265625
-48.25
-48.234375
-48.21875
-48.203125
-48.1875
-48.171875
-48.15625
-48.140625
-48.125
-48.1171875
-48.109375
-48.1015625
-48.09375
-48.0859375
-48.078125
-48.0703125
-48.0625
-48.0546875
-48.046875
-48.0390625
-48.03125
-48.02734375
-48.0234375
-48.01953125
-48.015625
-48.01171875
-48.0078125
-48.005859375
-48.00390625
-48.001953125
-48.0009765625
-48.000244140625
-48.0000610351562
-40
-39.999755859375
-39.9990234375
-39.998046875
-39.99609375
-39.994140625
-39.9921875
-39.98828125
-39.984375
-39.98046875
-39.9765625
-39.97265625
-39.96875
-39.9609375
-39.953125
-39.9453125
-39.9375
-39.9296875
-39.921875
-39.9140625
-39.90625
-39.8984375
-39.890625
-39.8828125
-39.875
-39.859375
-39.84375
-39.828125
-39.8125
-39.796875
-39.78125
-39.765625
-39.75
-39.734375
-39.71875
-39.703125
-39.6875
-39.671875
-39.65625
-39.640625
-39.625
-39.609375
-39.59375
-39.578125
-39.5625
-39.546875
-39.53125
-39.515625
-39.5
-39.46875
-39.4375
-39.40625
-39.375
-39.34375
-39.3125
-39.28125
-39.25
-39.21875
-39.1875
-39.15625
-39.125
-39.09375
-39.0625
-39.03125
-39
-38.9375
-38.875
-38.8125
-38.75
-38.6875
-38.625
-38.5625
-38.5
-38.4375
-38.375
-38.3125
-38.25
-38.1875
-38.125
-38.0625
-38
-37.875
-37.75
-37.625
-37.5
-37.375
-37.25
-37.125
-37
-36.875
-36.75
-36.625
-36.5
-36.375
-36.25
-36.125
-36
-35.5
-35
-34.5
-34
-33.5
-33
-32.5
-32
-31
-30
-29
-28
-27
-26
-25
-24
-20
-16
-12
-8
0
8
16
24
56
88
152
216
472
984
4056
-4136
-1064
-552
-296
-232
-168
-136
-104
-96
-88
-80
-72
-68
-64
-60
-56
-55
-54
-53
-52
-51
-50
-49
-48
-47.5
-47
-46.5
-46
-45.5
-45
-44.5
-44
-43.875
-43.75
-43.625
-43.5
-43.375
-43.25
-43.125
-43
-42.875
-42.75
-42.625
-42.5
-42.375
-42.25
-42.125
-42
-41.9375
-41.875
-41.8125
-41.75
-41.6875
-41.625
-41.5625
-41.5
-41.4375
-41.375
-41.3125
-41.25
-41.1875
-41.125
-41.0625
-41
-40.96875
-40.9375
-40.90625
-40.875
-40.84375
-40.8125
-40.78125
-40.75
-40.71875
-40.6875
-40.65625
-40.625
-40.59375
-40.5625
-40.53125
-40.5
-40.484375
-40.46875
-40.453125
-40.4375
-40.421875
-40.40625
-40.390625
-40.375
-40.359375
-40.34375
-40.328125
-40.3125
-40.296875
-40.28125
-40.265625
-40.25
-40.234375
-40.21875
-40.203125
-40.1875
-40.171875
-40.15625
-40.140625
-40.125
-40.1171875
-40.109375
-40.1015625
-40.09375
-40.0859375
-40.078125
-40.0703125
-40.0625
-40.0546875
-40.046875
-40.0390625
-40.03125
-40.02734375
-40.0234375
-40.01953125
-40.015625
-40.01171875
-40.0078125
-40.005859375
-40.00390625
-40.001953125
-40.0009765625
-40.000244140625
-40.0000610351562
-32
-31.999755859375
-31.9990234375
-31.998046875
-31.99609375
-31.994140625
-31.9921875
-31.98828125
-31.984375
-31.98046875
-31.9765625
-31.97265625
-31.96875
-31.9609375
-31.953125
-31.9453125
-31.9375
-31.9296875
-31.921875
-31.9140625
-31.90625
-31.8984375
-31.890625
-31.8828125
-31.875
-31.859375
-31.84375
-31.828125
-31.8125
-31.796875
-31.78125
-31.765625
-31.75
-31.734375
-31.71875
-31.703125
-31.6875
-31.671875
-31.65625
-31.640625
-31.625
-31.609375
-31.59375
-31.578125
-31.5625
-31.546875
-31.53125
-31.515625
-31.5
-31.46875
-31.4375
-31.40625
-31.375
-31.34375
-31.3125
-31.28125
-31.25
-31.21875
-31.1875
-31.15625
-31.125
-31.09375
-31.0625
-31.03125
-31
-30.9375
-30.875
-30.8125
-30.75
-30.6875
-30.625
-30.5625
-30.5
-30.4375
-30.375
-30.3125
-30.25
-30.1875
-30.125
-30.0625
-30
-29.875
-29.75
-29.625
-29.5
-29.375
-29.25
-29.125
-29
-28.875
-28.75
-28.625
-28.5
-28.375
-28.25
-28.125
-28
-27.5
-27
-26.5
-26
-25.5
-25
-24.5
-24
-23
-22
-21
-20
-19
-18
-17
-16
-12
-8
-4
0
8
16
24
32
64
96
160
224
480
992
4064
-4128
-1056
-544
-288
-224
-160
-128
-96
-88
-80
-72
-64
-60
-56
-52
-48
-47
-46
-45
-44
-43
-42
-41
-40
-39.5
-39
-38.5
-38
-37.5
-37
-36.5
-36
-35.875
-35.75
-35.625
-35.5
-35.375
-35.25
-35.125
-35
-34.875
-34.75
-34.625
-34.5
-34.375
-34.25
-34.125
-34
-33.9375
-33.875
-33.8125
-33.75
-33.6875
-33.625
-33.5625
-33.5
-33.4375
-33.375
-33.3125
-33.25
-33.1875
-33.125
-33.0625
-33
-32.96875
-32.9375
-32.90625
-32.875
-32.84375
-32.8125
-32.78125
-32.75
-32.71875
-32.6875
-32.65625
-32.625
-32.59375
-32.5625
-32.53125
-32.5
-32.484375
-32.46875
-32.453125
-32.4375
-32.421875
-32.40625
-32.390625
-32.375
-32.359375
-32.34375
-32.328125
-32.3125
-32.296875
-32.28125
-32.265625
-32.25
-32.234375
-32.21875
-32.203125
-32.1875
-32.171875
-32.15625
-32.140625
-32.125
-32.1171875
-32.109375
-32.1015625
-32.09375
-32.0859375
-32.078125
-32.0703125
-32.0625
-32.0546875
-32.046875
-32.0390625
-32.03125
-32.02734375
-32.0234375
-32.01953125
-32.015625
-32.01171875
-32.0078125
-32.005859375
-32.00390625
-32.001953125
-32.0009765625
-32.000244140625
-32.0000610351562
-28
-27.999755859375
-27.9990234375
-27.998046875
-27.99609375
-27.994140625
-27.9921875
-27.98828125
-27.984375
-27.98046875
-27.9765625
-27.97265625
-27.96875
-27.9609375
-27.953125
-27.9453125
-27.9375
-27.9296875
-27.921875
-27.9140625
-27.90625
-27.8984375
-27.890625
-27.8828125
-27.875
-27.859375
-27.84375
-27.828125
-27.8125
-27.796875
-27.78125
-27.765625
-27.75
-27.734375
-27.71875
-27.703125
-27.6875
-27.671875
-27.65625
-27.640625
-27.625
-27.609375
-27.59375
-27.578125
-27.5625
-27.546875
-27.53125
-27.515625
-27.5
-27.46875
-27.4375
-27.40625
-27.375
-27.34375
-27.3125
-27.28125
-27.25
-27.21875
-27.1875
-27.15625
-27.125
-27.09375
-27.0625
-27.03125
-27
-26.9375
-26.875
-26.8125
-26.75
-26.6875
-26.625
-26.5625
-26.5
-26.4375
-26.375
-26.3125
-26.25
-26.1875
-26.125
-26.0625
-26
-25.875
-25.75
-25.625
-25.5
-25.375
-25.25
-25.125
-25
-24.875
-24.75
-24.625
-24.5
-24.375
-24.25
-24.125
-24
-23.5
-23
-22.5
-22
-21.5
-21
-20.5
-20
-19
-18
-17
-16
-15
-14
-13
-12
-8
-4
0
4
12
20
28
36
68
100
164
228
484
996
4068
-4124
-1052
-540
-284
-220
-156
-124
-92
-84
-76
-68
-60
-56
-52
-48
-44
-43
-42
-41
-40
-39
-38
-37
-36
-35.5
-35
-34.5
-34
-33.5
-33
-32.5
-32
-31.875
-31.75
-31.625
-31.5
-31.375
-31.25
-31.125
-31
-30.875
-30.75
-30.625
-30.5
-30.375
-30.25
-30.125
-30
-29.9375
-29.875
-29.8125
-29.75
-29.6875
-29.625
-29.5625
-29.5
-29.4375
-29.375
-29.3125
-29.25
-29.1875
-29.125
-29.0625
-29
-28.96875
-28.9375
-28.90625
-28.875
-28.84375
-28.8125
-28.78125
-28.75
-28.71875
-28.6875
-28.65625
-28.625
-28.59375
-28.5625
-28.53125
-28.5
-28.484375
-28.46875
-28.453125
-28.4375
-28.421875
-28.40625
-28.390625
-28.375
-28.359375
-28.34375
-28.328125
-28.3125
-28.296875
-28.28125
-28.265625
-28.25
-28.234375
-28.21875
-28.203125
-28.1875
-28.171875
-28.15625
-28.140625
-28.125
-28.1171875
-28.109375
-28.1015625
-28.09375
-28.0859375
-28.078125
-28.0703125
-28.0625
-28.0546875
-28.046875
-28.0390625
-28.03125
-28.02734375
-28.0234375
-28.01953125
-28.015625
-28.01171875
-28.0078125
-28.005859375
-28.00390625
-28.001953125
-28.0009765625
-28.000244140625
-28.0000610351562
-24
-23.999755859375
-23.9990234375
-23.998046875
-23.99609375
-23.994140625
-23.9921875
-23.98828125
-23.984375
-23.98046875
-23.9765625
-23.97265625
-23.96875
-23.9609375
-23.953125
-23.9453125
-23.9375
-23.9296875
-23.921875
-23.9140625
-23.90625
-23.8984375
-23.890625
-23.8828125
-23.875
-23.859375
-23.84375
-23.828125
-23.8125
-23.796875
-23.78125
-23.765625
-23.75
-23.734375
-23.71875
-23.703125
-23.6875
-23.671875
-23.65625
-23.640625
-23.625
-23.609375
-23.59375
-23.578125
-23.5625
-23.546875
-23.53125
-23.515625
-23.5
-23.46875
-23.4375
-23.40625
-23.375
-23.34375
-23.3125
-23.28125
-23.25
-23.21875
-23.1875
-23.15625
-23.125
-23.09375
-23.0625
-23.03125
-23
-22.9375
-22.875
-22.8125
-22.75
-22.6875
-22.625
-22.5625
-22.5
-22.4375
-22.375
-22.3125
-22.25
-22.1875
-22.125
-22.0625
-22
-21.875
-21.75
-21.625
-21.5
-21.375
-21.25
-21.125
-21
-20.875
-20.75
-20.625
-20.5
-20.375
-20.25
-20.125
-20
-19.5
-19
-18.5
-18
-17.5
-17
-16.5
-16
-15
-14
-13
-12
-11
-10
-9
-8
-4
0
4
8
16
24
32
40
72
104
168
232
488
1000
4072
-4120
-1048
-536
-280
-216
-152
-120
-88
-80
-72
-64
-56
-52
-48
-44
-40
-39
-38
-37
-36
-35
-34
-33
-32
-31.5
-31
-30.5
-30
-29.5
-29
-28.5
-28
-27.875
-27.75
-27.625
-27.5
-27.375
-27.25
-27.125
-27
-26.875
-26.75
-26.625
-26.5
-26.375
-26.25
-26.125
-26
-25.9375
-25.875
-25.8125
-25.75
-25.6875
-25.625
-25.5625
-25.5
-25.4375
-25.375
-25.3125
-25.25
-25.1875
-25.125
-25.0625
-25
-24.96875
-24.9375
-24.90625
-24.875
-24.84375
-24.8125
-24.78125
-24.75
-24.71875
-24.6875
-24.65625
-24.625
-24.59375
-24.5625
-24.53125
-24.5
-24.484375
-24.46875
-24.453125
-24.4375
-24.421875
-24.40625
-24.390625
-24.375
-24.359375
-24.34375
-24.328125
-24.3125
-24.296875
-24.28125
-24.265625
-24.25
-24.234375
-24.21875
-24.203125
-24.1875
-24.171875
-24.15625
-24.140625
-24.125
-24.1171875
-24.109375
-24.1015625
-24.09375
-24.0859375
-24.078125
-24.0703125
-24.0625
-24.0546875
-24.046875
-24.0390625
-24.03125
-24.02734375
-24.0234375
-24.01953125
-24.015625
-24.01171875
-24.0078125
-24.005859375
-24.00390625
-24.001953125
-24.0009765625
-24.000244140625
-24.0000610351562
-20
-19.999755859375
-19.9990234375
-19.998046875
-19.99609375
-19.994140625
-19.9921875
-19.98828125
-19.984375
-19.98046875
-19.9765625
-19.97265625
-19.96875
-19.9609375
-19.953125
-19.9453125
-19.9375
-19.9296875
-19.921875
-19.9140625
-19.90625
-19.8984375
-19.890625
-19.8828125
-19.875
-19.859375
-19.84375
-19.828125
-19.8125
-19.796875
-19.78125
-19.765625
-19.75
-19.734375
-19.71875
-19.703125
-19.6875
-19.671875
-19.65625
-19.640625
-19.625
-19.609375
-19.59375
-19.578125
-19.5625
-19.546875
-19.53125
-19.515625
-19.5
-19.46875
-19.4375
-19.40625
-19.375
-19.34375
-19.3125
-19.28125
-19.25
-19.21875
-19.1875
-19.15625
-19.125
-19.09375
-19.0625
-19.03125
-19
-18.9375
-18.875
-18.8125
-18.75
-18.6875
-18.625
-18.5625
-18.5
-18.4375
-18.375
-18.3125
-18.25
-18.1875
-18.125
-18.0625
-18
-17.875
-17.75
-17.625
-17.5
-17.375
-17.25
-17.125
-17
-16.875
-16.75
-16.625
-16.5
-16.375
-16.25
-16.125
-16
-15.5
-15
-14.5
-14
-13.5
-13
-12.5
-12
-11
-10
-9
-8
-7
-6
-5
-4
0
4
8
12
20
28
36
44
76
108
172
236
492
1004
4076
-4116
-1044
-532
-276
-212
-148
-116
-84
-76
-68
-60
-52
-48
-44
-40
-36
-35
-34
-33
-32
-31
-30
-29
-28
-27.5
-27
-26.5
-26
-25.5
-25
-24.5
-24
-23.875
-23.75
-23.625
-23.5
-23.375
-23.25
-23.125
-23
-22.875
-22.75
-22.625
-22.5
-22.375
-22.25
-22.125
-22
-21.9375
-21.875
-21.8125
-21.75
-21.6875
-21.625
-21.5625
-21.5
-21.4375
-21.375
-21.3125
-21.25
-21.1875
-21.125
-21.0625
-21
-20.96875
-20.9375
-20.90625
-20.875
-20.84375
-20.8125
-20.78125
-20.75
-20.71875
-20.6875
-20.65625
-20.625
-20.59375
-20.5625
-20.53125
-20.5
-20.484375
-20.46875
-20.453125
-20.4375
-20.421875
-20.40625
-20.390625
-20.375
-20.359375
-20.34375
-20.328125
-20.3125
-20.296875
-20.28125
-20.265625
-20.25
-20.234375
-20.21875
-20.203125
-20.1875
-20.171875
-20.15625
-20.140625
-20.125
-20.1171875
-20.109375
-20.1015625
-20.09375
-20.0859375
-20.078125
-20.0703125
-20.0625
-20.0546875
-20.046875
-20.0390625
-20.03125
-20.02734375
-20.0234375
-20.01953125
-20.015625
-20.01171875
-20.0078125
-20.005859375
-20.00390625
-20.001953125
-20.0009765625
-20.000244140625
-20.0000610351562
-16
-15.999755859375
-15.9990234375
-15.998046875
-15.99609375
-15.994140625
-15.9921875
-15.98828125
-15.984375
-15.98046875
-15.9765625
-15.97265625
-15.96875
-15.9609375
-15.953125
-15.9453125
-15.9375
-15.9296875
-15.921875
-15.9140625
-15.90625
-15.8984375
-15.890625
-15.8828125
-15.875
-15.859375
-15.84375
-15.828125
-15.8125
-15.796875
-15.78125
-15.765625
-15.75
-15.734375
-15.71875
-15.703125
-15.6875
-15.671875
-15.65625
-15.640625
-15.625
-15.609375
-15.59375
-15.578125
-15.5625
-15.546875
-15.53125
-15.515625
-15.5
-15.46875
-15.4375
-15.40625
-15.375
-15.34375
-15.3125
-15.28125
-15.25
-15.21875
-15.1875
-15.15625
-15.125
-15.09375
-15.0625
-15.03125
-15
-14.9375
-14.875
-14.8125
-14.75
-14.6875
-14.625
-14.5625
-14.5
-14.4375
-14.375
-14.3125
-14.25
-14.1875
-14.125
-14.0625
-14
-13.875
-13.75
-13.625
-13.5
-13.375
-13.25
-13.125
-13
-12.875
-12.75
-12.625
-12.5
-12.375
-12.25
-12.125
-12
-11.5
-11
-10.5
-10
-9.5
-9
-8.5
-8
-7
-6
-5
-4
-3
-2
-1
0
4
8
12
16
24
32
40
48
80
112
176
240
496
1008
4080
-4112
-1040
-528
-272
-208
-144
-112
-80
-72
-64
-56
-48
-44
-40
-36
-32
-31
-30
-29
-28
-27
-26
-25
-24
-23.5
-23
-22.5
-22
-21.5
-21
-20.5
-20
-19.875
-19.75
-19.625
-19.5
-19.375
-19.25
-19.125
-19
-18.875
-18.75
-18.625
-18.5
-18.375
-18.25
-18.125
-18
-17.9375
-17.875
-17.8125
-17.75
-17.6875
-17.625
-17.5625
-17.5
-17.4375
-17.375
-17.3125
-17.25
-17.1875
-17.125
-17.0625
-17
-16.96875
-16.9375
-16.90625
-16.875
-16.84375
-16.8125
-16.78125
-16.75
-16.71875
-16.6875
-16.65625
-16.625
-16.59375
-16.5625
-16.53125
-16.5
-16.484375
-16.46875
-16.453125
-16.4375
-16.421875
-16.40625
-16.390625
-16.375
-16.359375
-16.34375
-16.328125
-16.3125
-16.296875
-16.28125
-16.265625
-16.25
-16.234375
-16.21875
-16.203125
-16.1875
-16.171875
-16.15625
-16.140625
-16.125
-16.1171875
-16.109375
-16.1015625
-16.09375
-16.0859375
-16.078125
-16.0703125
-16.0625
-16.0546875
-16.046875
-16.0390625
-16.03125
-16.02734375
-16.0234375
-16.01953125
-16.015625
-16.01171875
-16.0078125
-16.005859375
-16.00390625
-16.001953125
-16.0009765625
-16.000244140625
-16.0000610351562
-15
-14.999755859375
-14.9990234375
-14.998046875
-14.99609375
-14.994140625
-14.9921875
-14.98828125
-14.984375
-14.98046875
-14.9765625
-14.97265625
-14.96875
-14.9609375
-14.953125
-14.9453125
-14.9375
-14.9296875
-14.921875
-14.9140625
-14.90625
-14.8984375
-14.890625
-14.8828125
-14.875
-14.859375
-14.84375
-14.828125
-14.8125
-14.796875
-14.78125
-14.765625
-14.75
-14.734375
-14.71875
-14.703125
-14.6875
-14.671875
-14.65625
-14.640625
-14.625
-14.609375
-14.59375
-14.578125
-14.5625
-14.546875
-14.53125
-14.515625
-14.5
-14.46875
-14.4375
-14.40625
-14.375
-14.34375
-14.3125
-14.28125
-14.25
-14.21875
-14.1875
-14.15625
-14.125
-14.09375
-14.0625
-14.03125
-14
-13.9375
-13.875
-13.8125
-13.75
-13.6875
-13.625
-13.5625
-13.5
-13.4375
-13.375
-13.3125
-13.25
-13.1875
-13.125
-13.0625
-13
-12.875
-12.75
-12.625
-12.5
-12.375
-12.25
-12.125
-12
-11.875
-11.75
-11.625
-11.5
-11.375
-11.25
-11.125
-11
-10.5
-10
-9.5
-9
-8.5
-8
-7.5
-7
-6
-5
-4
-3
-2
-1
0
1
5
9
13
17
25
33
41
49
81
113
177
241
497
1009
4081
-4111
-1039
-527
-271
-207
-143
-111
-79
-71
-63
-55
-47
-43
-39
-35
-31
-30
-29
-28
-27
-26
-25
-24
-23
-22.5
-22
-21.5
-21
-20.5
-20
-19.5
-19
-18.875
-18.75
-18.625
-18.5
-18.375
-18.25
-18.125
-18
-17.875
-17.75
-17.625
-17.5
-17.375
-17.25
-17.125
-17
-16.9375
-16.875
-16.8125
-16.75
-16.6875
-16.625
-16.5625
-16.5
-16.4375
-16.375
-16.3125
-16.25
-16.1875
-16.125
-16.0625
-16
-15.96875
-15.9375
-15.90625
-15.875
-15.84375
-15.8125
-15.78125
-15.75
-15.71875
-15.6875
-15.65625
-15.625
-15.59375
-15.5625
-15.53125
-15.5
-15.484375
-15.46875
-15.453125
-15.4375
-15.421875
-15.40625
-15.390625
-15.375
-15.359375
-15.34375
-15.328125
-15.3125
-15.296875
-15.28125
-15.265625
-15.25
-15.234375
-15.21875
-15.203125
-15.1875
-15.171875
-15.15625
-15.140625
-15.125
-15.1171875
-15.109375
-15.1015625
-15.09375
-15.0859375
-15.078125
-15.0703125
-15.0625
-15.0546875
-15.046875
-15.0390625
-15.03125
-15.02734375
-15.0234375
-15.01953125
-15.015625
-15.01171875
-15.0078125
-15.005859375
-15.00390625
-15.001953125
-15.0009765625
-15.000244140625
-15.0000610351562
-14
-13.999755859375
-13.9990234375
-13.998046875
-13.99609375
-13.994140625
-13.9921875
-13.98828125
-13.984375
-13.98046875
-13.9765625
-13.97265625
-13.96875
-13.9609375
-13.953125
-13.9453125
-13.9375
-13.9296875
-13.921875
-13.9140625
-13.90625
-13.8984375
-13.890625
-13.8828125
-13.875
-13.859375
-13.84375
-13.828125
-13.8125
-13.796875
-13.78125
-13.765625
-13.75
-13.734375
-13.71875
-13.703125
-13.6875
-13.671875
-13.65625
-13.640625
-13.625
-13.609375
-13.59375
-13.578125
-13.5625
-13.546875
-13.53125
-13.515625
-13.5
-13.46875
-13.4375
-13.40625
-13.375
-13.34375
-13.3125
-13.28125
-13.25
-13.21875
-13.1875
-13.15625
-13.125
-13.09375
-13.0625
-13.03125
-13
-12.9375
-12.875
-12.8125
-12.75
-12.6875
-12.625
-12.5625
-12.5
-12.4375
-12.375
-12.3125
-12.25
-12.1875
-12.125
-12.0625
-12
-11.875
-11.75
-11.625
-11.5
-11.375
-11.25
-11.125
-11
-10.875
-10.75
-10.625
-10.5
-10.375
-10.25
-10.125
-10
-9.5
-9
-8.5
-8
-7.5
-7
-6.5
-6
-5
-4
-3
-2
-1
0
1
2
6
10
14
18
26
34
42
50
82
114
178
242
498
1010
4082
-4110
-1038
-526
-270
-206
-142
-110
-78
-70
-62
-54
-46
-42
-38
-34
-30
-29
-28
-27
-26
-25
-24
-23
-22
-21.5
-21
-20.5
-20
-19.5
-19
-18.5
-18
-17.875
-17.75
-17.625
-17.5
-17.375
-17.25
-17.125
-17
-16.875
-16.75
-16.625
-16.5
-16.375
-16.25
-16.125
-16
-15.9375
-15.875
-15.8125
-15.75
-15.6875
-15.625
-15.5625
-15.5
-15.4375
-15.375
-15.3125
-15.25
-15.1875
-15.125
-15.0625
-15
-14.96875
-14.9375
-14.90625
-14.875
-14.84375
-14.8125
-14.78125
-14.75
-14.71875
-14.6875
-14.65625
-14.625
-14.59375
-14.5625
-14.53125
-14.5
-14.484375
-14.46875
-14.453125
-14.4375
-14.421875
-14.40625
-14.390625
-14.375
-14.359375
-14.34375
-14.328125
-14.3125
-14.296875
-14.28125
-14.265625
-14.25
-14.234375
-14.21875
-14.203125
-14.1875
-14.171875
-14.15625
-14.140625
-14.125
-14.1171875
-14.109375
-14.1015625
-14.09375
-14.0859375
-14.078125
-14.0703125
-14.0625
-14.0546875
-14.046875
-14.0390625
-14.03125
-14.02734375
-14.0234375
-14.01953125
-14.015625
-14.01171875
-14.0078125
-14.005859375
-14.00390625
-14.001953125
-14.0009765625
-14.000244140625
-14.0000610351562
-13
-12.999755859375
-12.9990234375
-12.998046875
-12.99609375
-12.994140625
-12.9921875
-12.98828125
-12.984375
-12.98046875
-12.9765625
-12.97265625
-12.96875
-12.9609375
-12.953125
-12.9453125
-12.9375
-12.9296875
-12.921875
-12.9140625
-12.90625
-12.8984375
-12.890625
-12.8828125
-12.875
-12.859375
-12.84375
-12.828125
-12.8125
-12.796875
-12.78125
-12.765625
-12.75
-12.734375
-12.71875
-12.703125
-12.6875
-12.671875
-12.65625
-12.640625
-12.625
-12.609375
-12.59375
-12.578125
-12.5625
-12.546875
-12.53125
-12.515625
-12.5
-12.46875
-12.4375
-12.40625
-12.375
-12.34375
-12.3125
-12.28125
-12.25
-12.21875
-12.1875
-12.15625
-12.125
-12.09375
-12.0625
-12.03125
-12
-11.9375
-11.875
-11.8125
-11.75
-11.6875
-11.625
-11.5625
-11.5
-11.4375
-11.375
-11.3125
-11.25
-11.1875
-11.125
-11.0625
-11
-10.875
-10.75
-10.625
-10.5
-10.375
-10.25
-10.125
-10
-9.875
-9.75
-9.625
-9.5
-9.375
-9.25
-9.125
-9
-8.5
-8
-7.5
-7
-6.5
-6
-5.5
-5
-4
-3
-2
-1
0
1
2
3
7
11
15
19
27
35
43
51
83
115
179
243
499
1011
4083
-4109
-1037
-525
-269
-205
-141
-109
-77
-69
-61
-53
-45
-41
-37
-33
-29
-28
-27
-26
-25
-24
-23
-22
-21
-20.5
-20
-19.5
-19
-18.5
-18
-17.5
-17
-16.875
-16.75
-16.625
-16.5
-16.375
-16.25
-16.125
-16
-15.875
-15.75
-15.625
-15.5
-15.375
-15.25
-15.125
-15
-14.9375
-14.875
-14.8125
-14.75
-14.6875
-14.625
-14.5625
-14.5
-14.4375
-14.375
-14.3125
-14.25
-14.1875
-14.125
-14.0625
-14
-13.96875
-13.9375
-13.90625
-13.875
-13.84375
-13.8125
-13.78125
-13.75
-13.71875
-13.6875
-13.65625
-13.625
-13.59375
-13.5625
-13.53125
-13.5
-13.484375
-13.46875
-13.453125
-13.4375
-13.421875
-13.40625
-13.390625
-13.375
-13.359375
-13.34375
-13.328125
-13.3125
-13.296875
-13.28125
-13.265625
-13.25
-13.234375
-13.21875
-13.203125
-13.1875
-13.171875
-13.15625
-13.140625
-13.125
-13.1171875
-13.109375
-13.1015625
-13.09375
-13.0859375
-13.078125
-13.0703125
-13.0625
-13.0546875
-13.046875
-13.0390625
-13.03125
-13.02734375
-13.0234375
-13.01953125
-13.015625
-13.01171875
-13.0078125
-13.005859375
-13.00390625
-13.001953125
-13.0009765625
-13.000244140625
-13.0000610351562
-12
-11.999755859375
-11.9990234375
-11.998046875
-11.99609375
-11.994140625
-11.9921875
-11.98828125
-11.984375
-11.98046875
-11.9765625
-11.97265625
-11.96875
-11.9609375
-11.953125
-11.9453125
-11.9375
-11.9296875
-11.921875
-11.9140625
-11.90625
-11.8984375
-11.890625
-11.8828125
-11.875
-11.859375
-11.84375
-11.828125
-11.8125
-11.796875
-11.78125
-11.765625
-11.75
-11.734375
-11.71875
-11.703125
-11.6875
-11.671875
-11.65625
-11.640625
-11.625
-11.609375
-11.59375
-11.578125
-11.5625
-11.546875
-11.53125
-11.515625
-11.5
-11.46875
-11.4375
-11.40625
-11.375
-11.34375
-11.3125
-11.28125
-11.25
-11.21875
-11.1875
-11.15625
-11.125
-11.09375
-11.0625
-11.03125
-11
-10.9375
-10.875
-10.8125
-10.75
-10.6875
-10.625
-10.5625
-10.5
-10.4375
-10.375
-10.3125
-10.25
-10.1875
-10.125
-10.0625
-10
-9.875
-9.75
-9.625
-9.5
-9.375
-9.25
-9.125
-9
-8.875
-8.75
-8.625
-8.5
-8.375
-8.25
-8.125
-8
-7.5
-7
-6.5
-6
-5.5
-5
-4.5
-4
-3
-2
-1
0
1
2
3
4
8
12
16
20
28
36
44
52
84
116
180
244
500
1012
4084
-4108
-1036
-524
-268
-204
-140
-108
-76
-68
-60
-52
-44
-40
-36
-32
-28
-27
-26
-25
-24
-23
-22
-21
-20
-19.5
-19
-18.5
-18
-17.5
-17
-16.5
-16
-15.875
-15.75
-15.625
-15.5
-15.375
-15.25
-15.125
-15
-14.875
-14.75
-14.625
-14.5
-14.375
-14.25
-14.125
-14
-13.9375
-13.875
-13.8125
-13.75
-13.6875
-13.625
-13.5625
-13.5
-13.4375
-13.375
-13.3125
-13.25
-13.1875
-13.125
-13.0625
-13
-12.96875
-12.9375
-12.90625
-12.875
-12.84375
-12.8125
-12.78125
-12.75
-12.71875
-12.6875
-12.65625
-12.625
-12.59375
-12.5625
-12.53125
-12.5
-12.484375
-12.46875
-12.453125
-12.4375
-12.421875
-12.40625
-12.390625
-12.375
-12.359375
-12.34375
-12.328125
-12.3125
-12.296875
-12.28125
-12.265625
-12.25
-12.234375
-12.21875
-12.203125
-12.1875
-12.171875
-12.15625
-12.140625
-12.125
-12.1171875
-12.109375
-12.1015625
-12.09375
-12.0859375
-12.078125
-12.0703125
-12.0625
-12.0546875
-12.046875
-12.0390625
-12.03125
-12.02734375
-12.0234375
-12.01953125
-12.015625
-12.01171875
-12.0078125
-12.005859375
-12.00390625
-12.001953125
-12.0009765625
-12.000244140625
-12.0000610351562
-11
-10.999755859375
-10.9990234375
-10.998046875
-10.99609375
-10.994140625
-10.9921875
-10.98828125
-10.984375
-10.98046875
-10.9765625
-10.97265625
-10.96875
-10.9609375
-10.953125
-10.9453125
-10.9375
-10.9296875
-10.921875
-10.9140625
-10.90625
-10.8984375
-10.890625
-10.8828125
-10.875
-10.859375
-10.84375
-10.828125
-10.8125
-10.796875
-10.78125
-10.765625
-10.75
-10.734375
-10.71875
-10.703125
-10.6875
-10.671875
-10.65625
-10.640625
-10.625
-10.609375
-10.59375
-10.578125
-10.5625
-10.546875
-10.53125
-10.515625
-10.5
-10.46875
-10.4375
-10.40625
-10.375
-10.34375
-10.3125
-10.28125
-10.25
-10.21875
-10.1875
-10.15625
-10.125
-10.09375
-10.0625
-10.03125
-10
-9.9375
-9.875
-9.8125
-9.75
-9.6875
-9.625
-9.5625
-9.5
-9.4375
-9.375
-9.3125
-9.25
-9.1875
-9.125
-9.0625
-9
-8.875
-8.75
-8.625
-8.5
-8.375
-8.25
-8.125
-8
-7.875
-7.75
-7.625
-7.5
-7.375
-7.25
-7.125
-7
-6.5
-6
-5.5
-5
-4.5
-4
-3.5
-3
-2
-1
0
1
2
3
4
5
9
13
17
21
29
37
45
53
85
117
181
245
501
1013
4085
-4107
-1035
-523
-267
-203
-139
-107
-75
-67
-59
-51
-43
-39
-35
-31
-27
-26
-25
-24
-23
-22
-21
-20
-19
-18.5
-18
-17.5
-17
-16.5
-16
-15.5
-15
-14.875
-14.75
-14.625
-14.5
-14.375
-14.25
-14.125
-14
-13.875
-13.75
-13.625
-13.5
-13.375
-13.25
-13.125
-13
-12.9375
-12.875
-12.8125
-12.75
-12.6875
-12.625
-12.5625
-12.5
-12.4375
-12.375
-12.3125
-12.25
-12.1875
-12.125
-12.0625
-12
-11.96875
-11.9375
-11.90625
-11.875
-11.84375
-11.8125
-11.78125
-11.75
-11.71875
-11.6875
-11.65625
-11.625
-11.59375
-11.5625
-11.53125
-11.5
-11.484375
-11.46875
-11.453125
-11.4375
-11.421875
-11.40625
-11.390625
-11.375
-11.359375
-11.34375
-11.328125
-11.3125
-11.296875
-11.28125
-11.265625
-11.25
-11.234375
-11.21875
-11.203125
-11.1875
-11.171875
-11.15625
-11.140625
-11.125
-11.1171875
-11.109375
-11.1015625
-11.09375
-11.0859375
-11.078125
-11.0703125
-11.0625
-11.0546875
-11.046875
-11.0390625
-11.03125
-11.02734375
-11.0234375
-11.01953125
-11.015625
-11.01171875
-11.0078125
-11.005859375
-11.00390625
-11.001953125
-11.0009765625
-11.000244140625
-11.0000610351562
-10
-9.999755859375
-9.9990234375
-9.998046875
-9.99609375
-9.994140625
-9.9921875
-9.98828125
-9.984375
-9.98046875
-9.9765625
-9.97265625
-9.96875
-9.9609375
-9.953125
-9.9453125
-9.9375
-9.9296875
-9.921875
-9.9140625
-9.90625
-9.8984375
-9.890625
-9.8828125
-9.875
-9.859375
-9.84375
-9.828125
-9.8125
-9.796875
-9.78125
-9.765625
-9.75
-9.734375
-9.71875
-9.703125
-9.6875
-9.671875
-9.65625
-9.640625
-9.625
-9.609375
-9.59375
-9.578125
-9.5625
-9.546875
-9.53125
-9.515625
-9.5
-9.46875
-9.4375
-9.40625
-9.375
-9.34375
-9.3125
-9.28125
-9.25
-9.21875
-9.1875
-9.15625
-9.125
-9.09375
-9.0625
-9.03125
-9
-8.9375
-8.875
-8.8125
-8.75
-8.6875
-8.625
-8.5625
-8.5
-8.4375
-8.375
-8.3125
-8.25
-8.1875
-8.125
-8.0625
-8
-7.875
-7.75
-7.625
-7.5
-7.375
-7.25
-7.125
-7
-6.875
-6.75
-6.625
-6.5
-6.375
-6.25
-6.125
-6
-5.5
-5
-4.5
-4
-3.5
-3
-2.5
-2
-1
0
1
2
3
4
5
6
10
14
18
22
30
38
46
54
86
118
182
246
502
1014
4086
-4106
-1034
-522
-266
-202
-138
-106
-74
-66
-58
-50
-42
-38
-34
-30
-26
-25
-24
-23
-22
-21
-20
-19
-18
-17.5
-17
-16.5
-16
-15.5
-15
-14.5
-14
-13.875
-13.75
-13.625
-13.5
-13.375
-13.25
-13.125
-13
-12.875
-12.75
-12.625
-12.5
-12.375
-12.25
-12.125
-12
-11.9375
-11.875
-11.8125
-11.75
-11.6875
-11.625
-11.5625
-11.5
-11.4375
-11.375
-11.3125
-11.25
-11.1875
-11.125
-11.0625
-11
-10.96875
-10.9375
-10.90625
-10.875
-10.84375
-10.8125
-10.78125
-10.75
-10.71875
-10.6875
-10.65625
-10.625
-10.59375
-10.5625
-10.53125
-10.5
-10.484375
-10.46875
-10.453125
-10.4375
-10.421875
-10.40625
-10.390625
-10.375
-10.359375
-10.34375
-10.328125
-10.3125
-10.296875
-10.28125
-10.265625
-10.25
-10.234375
-10.21875
-10.203125
-10.1875
-10.171875
-10.15625
-10.140625
-10.125
-10.1171875
-10.109375
-10.1015625
-10.09375
-10.0859375
-10.078125
-10.0703125
-10.0625
-10.0546875
-10.046875
-10.0390625
-10.03125
-10.02734375
-10.0234375
-10.01953125
-10.015625
-10.01171875
-10.0078125
-10.005859375
-10.00390625
-10.001953125
-10.0009765625
-10.000244140625
-10.0000610351562
-9
-8.999755859375
-8.9990234375
-8.998046875
-8.99609375
-8.994140625
-8.9921875
-8.98828125
-8.984375
-8.98046875
-8.9765625
-8.97265625
-8.96875
-8.9609375
-8.953125
-8.9453125
-8.9375
-8.9296875
-8.921875
-8.9140625
-8.90625
-8.8984375
-8.890625
-8.8828125
-8.875
-8.859375
-8.84375
-8.828125
-8.8125
-8.796875
-8.78125
-8.765625
-8.75
-8.734375
-8.71875
-8.703125
-8.6875
-8.671875
-8.65625
-8.640625
-8.625
-8.609375
-8.59375
-8.578125
-8.5625
-8.546875
-8.53125
-8.515625
-8.5
-8.46875
-8.4375
-8.40625
-8.375
-8.34375
-8.3125
-8.28125
-8.25
-8.21875
-8.1875
-8.15625
-8.125
-8.09375
-8.0625
-8.03125
-8
-7.9375
-7.875
-7.8125
-7.75
-7.6875
-7.625
-7.5625
-7.5
-7.4375
-7.375
-7.3125
-7.25
-7.1875
-7.125
-7.0625
-7
-6.875
-6.75
-6.625
-6.5
-6.375
-6.25
-6.125
-6
-5.875
-5.75
-5.625
-5.5
-5.375
-5.25
-5.125
-5
-4.5
-4
-3.5
-3
-2.5
-2
-1.5
-1
0
1
2
3
4
5
6
7
11
15
19
23
31
39
47
55
87
119
183
247
503
1015
4087
-4105
-1033
-521
-265
-201
-137
-105
-73
-65
-57
-49
-41
-37
-33
-29
-25
-24
-23
-22
-21
-20
-19
-18
-17
-16.5
-16
-15.5
-15
-14.5
-14
-13.5
-13
-12.875
-12.75
-12.625
-12.5
-12.375
-12.25
-12.125
-12
-11.875
-11.75
-11.625
-11.5
-11.375
-11.25
-11.125
-11
-10.9375
-10.875
-10.8125
-10.75
-10.6875
-10.625
-10.5625
-10.5
-10.4375
-10.375
-10.3125
-10.25
-10.1875
-10.125
-10.0625
-10
-9.96875
-9.9375
-9.90625
-9.875
-9.84375
-9.8125
-9.78125
-9.75
-9.71875
-9.6875
-9.65625
-9.625
-9.59375
-9.5625
-9.53125
-9.5
-9.484375
-9.46875
-9.453125
-9.4375
-9.421875
-9.40625
-9.390625
-9.375
-9.359375
-9.34375
-9.328125
-9.3125
-9.296875
-9.28125
-9.265625
-9.25
-9.234375
-9.21875
-9.203125
-9.1875
-9.171875
-9.15625
-9.140625
-9.125
-9.1171875
-9.109375
-9.1015625
-9.09375
-9.0859375
-9.078125
-9.0703125
-9.0625
-9.0546875
-9.046875
-9.0390625
-9.03125
-9.02734375
-9.0234375
-9.01953125
-9.015625
-9.01171875
-9.0078125
-9.005859375
-9.00390625
-9.001953125
-9.0009765625
-9.000244140625
-9.00006103515625
-8
-7.999755859375
-7.9990234375
-7.998046875
-7.99609375
-7.994140625
-7.9921875
-7.98828125
-7.984375
-7.98046875
-7.9765625
-7.97265625
-7.96875
-7.9609375
-7.953125
-7.9453125
-7.9375
-7.9296875
-7.921875
-7.9140625
-7.90625
-7.8984375
-7.890625
-7.8828125
-7.875
-7.859375
-7.84375
-7.828125
-7.8125
-7.796875
-7.78125
-7.765625
-7.75
-7.734375
-7.71875
-7.703125
-7.6875
-7.671875
-7.65625
-7.640625
-7.625
-7.609375
-7.59375
-7.578125
-7.5625
-7.546875
-7.53125
-7.515625
-7.5
-7.46875
-7.4375
-7.40625
-7.375
-7.34375
-7.3125
-7.28125
-7.25
-7.21875
-7.1875
-7.15625
-7.125
-7.09375
-7.0625
-7.03125
-7
-6.9375
-6.875
-6.8125
-6.75
-6.6875
-6.625
-6.5625
-6.5
-6.4375
-6.375
-6.3125
-6.25
-6.1875
-6.125
-6.0625
-6
-5.875
-5.75
-5.625
-5.5
-5.375
-5.25
-5.125
-5
-4.875
-4.75
-4.625
-4.5
-4.375
-4.25
-4.125
-4
-3.5
-3
-2.5
-2
-1.5
-1
-0.5
0
1
2
3
4
5
6
7
8
12
16
20
24
32
40
48
56
88
120
184
248
504
1016
4088
-4104
-1032
-520
-264
-200
-136
-104
-72
-64
-56
-48
-40
-36
-32
-28
-24
-23
-22
-21
-20
-19
-18
-17
-16
-15.5
-15
-14.5
-14
-13.5
-13
-12.5
-12
-11.875
-11.75
-11.625
-11.5
-11.375
-11.25
-11.125
-11
-10.875
-10.75
-10.625
-10.5
-10.375
-10.25
-10.125
-10
-9.9375
-9.875
-9.8125
-9.75
-9.6875
-9.625
-9.5625
-9.5
-9.4375
-9.375
-9.3125
-9.25
-9.1875
-9.125
-9.0625
-9
-8.96875
-8.9375
-8.90625
-8.875
-8.84375
-8.8125
-8.78125
-8.75
-8.71875
-8.6875
-8.65625
-8.625
-8.59375
-8.5625
-8.53125
-8.5
-8.484375
-8.46875
-8.453125
-8.4375
-8.421875
-8.40625
-8.390625
-8.375
-8.359375
-8.34375
-8.328125
-8.3125
-8.296875
-8.28125
-8.265625
-8.25
-8.234375
-8.21875
-8.203125
-8.1875
-8.171875
-8.15625
-8.140625
-8.125
-8.1171875
-8.109375
-8.1015625
-8.09375
-8.0859375
-8.078125
-8.0703125
-8.0625
-8.0546875
-8.046875
-8.0390625
-8.03125
-8.02734375
-8.0234375
-8.01953125
-8.015625
-8.01171875
-8.0078125
-8.005859375
-8.00390625
-8.001953125
-8.0009765625
-8.000244140625
-8.00006103515625
-7.5
-7.499755859375
-7.4990234375
-7.498046875
-7.49609375
-7.494140625
-7.4921875
-7.48828125
-7.484375
-7.48046875
-7.4765625
-7.47265625
-7.46875
-7.4609375
-7.453125
-7.4453125
-7.4375
-7.4296875
-7.421875
-7.4140625
-7.40625
-7.3984375
-7.390625
-7.3828125
-7.375
-7.359375
-7.34375
-7.328125
-7.3125
-7.296875
-7.28125
-7.265625
-7.25
-7.234375
-7.21875
-7.203125
-7.1875
-7.171875
-7.15625
-7.140625
-7.125
-7.109375
-7.09375
-7.078125
-7.0625
-7.046875
-7.03125
-7.015625
-7
-6.96875
-6.9375
-6.90625
-6.875
-6.84375
-6.8125
-6.78125
-6.75
-6.71875
-6.6875
-6.65625
-6.625
-6.59375
-6.5625
-6.53125
-6.5
-6.4375
-6.375
-6.3125
-6.25
-6.1875
-6.125
-6.0625
-6
-5.9375
-5.875
-5.8125
-5.75
-5.6875
-5.625
-5.5625
-5.5
-5.375
-5.25
-5.125
-5
-4.875
-4.75
-4.625
-4.5
-4.375
-4.25
-4.125
-4
-3.875
-3.75
-3.625
-3.5
-3
-2.5
-2
-1.5
-1
-0.5
0
0.5
1.5
2.5
3.5
4.5
5.5
6.5
7.5
8.5
12.5
16.5
20.5
24.5
32.5
40.5
48.5
56.5
88.5
120.5
184.5
248.5
504.5
1016.5
4088.5
-4103.5
-1031.5
-519.5
-263.5
-199.5
-135.5
-103.5
-71.5
-63.5
-55.5
-47.5
-39.5
-35.5
-31.5
-27.5
-23.5
-22.5
-21.5
-20.5
-19.5
-18.5
-17.5
-16.5
-15.5
-15
-14.5
-14
-13.5
-13
-12.5
-12
-11.5
-11.375
-11.25
-11.125
-11
-10.875
-10.75
-10.625
-10.5
-10.375
-10.25
-10.125
-10
-9.875
-9.75
-9.625
-9.5
-9.4375
-9.375
-9.3125
-9.25
-9.1875
-9.125
-9.0625
-9
-8.9375
-8.875
-8.8125
-8.75
-8.6875
-8.625
-8.5625
-8.5
-8.46875
-8.4375
-8.40625
-8.375
-8.34375
-8.3125
-8.28125
-8.25
-8.21875
-8.1875
-8.15625
-8.125
-8.09375
-8.0625
-8.03125
-8
-7.984375
-7.96875
-7.953125
-7.9375
-7.921875
-7.90625
-7.890625
-7.875
-7.859375
-7.84375
-7.828125
-7.8125
-7.796875
-7.78125
-7.765625
-7.75
-7.734375
-7.71875
-7.703125
-7.6875
-7.671875
-7.65625
-7.640625
-7.625
-7.6171875
-7.609375
-7.6015625
-7.59375
-7.5859375
-7.578125
-7.5703125
-7.5625
-7.5546875
-7.546875
-7.5390625
-7.53125
-7.52734375
-7.5234375
-7.51953125
-7.515625
-7.51171875
-7.5078125
-7.505859375
-7.50390625
-7.501953125
-7.5009765625
-7.500244140625
-7.50006103515625
-7
-6.999755859375
-6.9990234375
-6.998046875
-6.99609375
-6.994140625
-6.9921875
-6.98828125
-6.984375
-6.98046875
-6.9765625
-6.97265625
-6.96875
-6.9609375
-6.953125
-6.9453125
-6.9375
-6.9296875
-6.921875
-6.9140625
-6.90625
-6.8984375
-6.890625
-6.8828125
-6.875
-6.859375
-6.84375
-6.828125
-6.8125
-6.796875
-6.78125
-6.765625
-6.75
-6.734375
-6.71875
-6.703125
-6.6875
-6.671875
-6.65625
-6.640625
-6.625
-6.609375
-6.59375
-6.578125
-6.5625
-6.546875
-6.53125
-6.515625
-6.5
-6.46875
-6.4375
-6.40625
-6.375
-6.34375
-6.3125
-6.28125
-6.25
-6.21875
-6.1875
-6.15625
-6.125
-6.09375
-6.0625
-6.03125
-6
-5.9375
-5.875
-5.8125
-5.75
-5.6875
-5.625
-5.5625
-5.5
-5.4375
-5.375
-5.3125
-5.25
-5.1875
-5.125
-5.0625
-5
-4.875
-4.75
-4.625
-4.5
-4.375
-4.25
-4.125
-4
-3.875
-3.75
-3.625
-3.5
-3.375
-3.25
-3.125
-3
-2.5
-2
-1.5
-1
-0.5
0
0.5
1
2
3
4
5
6
7
8
9
13
17
21
25
33
41
49
57
89
121
185
249
505
1017
4089
-4103
-1031
-519
-263
-199
-135
-103
-71
-63
-55
-47
-39
-35
-31
-27
-23
-22
-21
-20
-19
-18
-17
-16
-15
-14.5
-14
-13.5
-13
-12.5
-12
-11.5
-11
-10.875
-10.75
-10.625
-10.5
-10.375
-10.25
-10.125
-10
-9.875
-9.75
-9.625
-9.5
-9.375
-9.25
-9.125
-9
-8.9375
-8.875
-8.8125
-8.75
-8.6875
-8.625
-8.5625
-8.5
-8.4375
-8.375
-8.3125
-8.25
-8.1875
-8.125
-8.0625
-8
-7.96875
-7.9375
-7.90625
-7.875
-7.84375
-7.8125
-7.78125
-7.75
-7.71875
-7.6875
-7.65625
-7.625
-7.59375
-7.5625
-7.53125
-7.5
-7.484375
-7.46875
-7.453125
-7.4375
-7.421875
-7.40625
-7.390625
-7.375
-7.359375
-7.34375
-7.328125
-7.3125
-7.296875
-7.28125
-7.265625
-7.25
-7.234375
-7.21875
-7.203125
-7.1875
-7.171875
-7.15625
-7.140625
-7.125
-7.1171875
-7.109375
-7.1015625
-7.09375
-7.0859375
-7.078125
-7.0703125
-7.0625
-7.0546875
-7.046875
-7.0390625
-7.03125
-7.02734375
-7.0234375
-7.01953125
-7.015625
-7.01171875
-7.0078125
-7.005859375
-7.00390625
-7.001953125
-7.0009765625
-7.000244140625
-7.00006103515625
-6.5
-6.499755859375
-6.4990234375
-6.498046875
-6.49609375
-6.494140625
-6.4921875
-6.48828125
-6.484375
-6.48046875
-6.4765625
-6.47265625
-6.46875
-6.4609375
-6.453125
-6.4453125
-6.4375
-6.4296875
-6.421875
-6.4140625
-6.40625
-6.3984375
-6.390625
-6.3828125
-6.375
-6.359375
-6.34375
-6.328125
-6.3125
-6.296875
-6.28125
-6.265625
-6.25
-6.234375
-6.21875
-6.203125
-6.1875
-6.171875
-6.15625
-6.140625
-6.125
-6.109375
-6.09375
-6.078125
-6.0625
-6.046875
-6.03125
-6.015625
-6
-5.96875
-5.9375
-5.90625
-5.875
-5.84375
-5.8125
-5.78125
-5.75
-5.71875
-5.6875
-5.65625
-5.625
-5.59375
-5.5625
-5.53125
-5.5
-5.4375
-5.375
-5.3125
-5.25
-5.1875
-5.125
-5.0625
-5
-4.9375
-4.875
-4.8125
-4.75
-4.6875
-4.625
-4.5625
-4.5
-4.375
-4.25
-4.125
-4
-3.875
-3.75
-3.625
-3.5
-3.375
-3.25
-3.125
-3
-2.875
-2.75
-2.625
-2.5
-2
-1.5
-1
-0.5
0
0.5
1
1.5
2.5
3.5
4.5
5.5
6.5
7.5
8.5
9.5
13.5
17.5
21.5
25.5
33.5
41.5
49.5
57.5
89.5
121.5
185.5
249.5
505.5
1017.5
4089.5
-4102.5
-1030.5
-518.5
-262.5
-198.5
-134.5
-102.5
-70.5
-62.5
-54.5
-46.5
-38.5
-34.5
-30.5
-26.5
-22.5
-21.5
-20.5
-19.5
-18.5
-17.5
-16.5
-15.5
-14.5
-14
-13.5
-13
-12.5
-12
-11.5
-11
-10.5
-10.375
-10.25
-10.125
-10
-9.875
-9.75
-9.625
-9.5
-9.375
-9.25
-9.125
-9
-8.875
-8.75
-8.625
-8.5
-8.4375
-8.375
-8.3125
-8.25
-8.1875
-8.125
-8.0625
-8
-7.9375
-7.875
-7.8125
-7.75
-7.6875
-7.625
-7.5625
-7.5
-7.46875
-7.4375
-7.40625
-7.375
-7.34375
-7.3125
-7.28125
-7.25
-7.21875
-7.1875
-7.15625
-7.125
-7.09375
-7.0625
-7.03125
-7
-6.984375
-6.96875
-6.953125
-6.9375
-6.921875
-6.90625
-6.890625
-6.875
-6.859375
-6.84375
-6.828125
-6.8125
-6.796875
-6.78125
-6.765625
-6.75
-6.734375
-6.71875
-6.703125
-6.6875
-6.671875
-6.65625
-6.640625
-6.625
-6.6171875
-6.609375
-6.6015625
-6.59375
-6.5859375
-6.578125
-6.5703125
-6.5625
-6.5546875
-6.546875
-6.5390625
-6.53125
-6.52734375
-6.5234375
-6.51953125
-6.515625
-6.51171875
-6.5078125
-6.505859375
-6.50390625
-6.501953125
-6.5009765625
-6.500244140625
-6.50006103515625
-6
-5.999755859375
-5.9990234375
-5.998046875
-5.99609375
-5.994140625
-5.9921875
-5.98828125
-5.984375
-5.98046875
-5.9765625
-5.97265625
-5.96875
-5.9609375
-5.953125
-5.9453125
-5.9375
-5.9296875
-5.921875
-5.9140625
-5.90625
-5.8984375
-5.890625
-5.8828125
-5.875
-5.859375
-5.84375
-5.828125
-5.8125
-5.796875
-5.78125
-5.765625
-5.75
-5.734375
-5.71875
-5.703125
-5.6875
-5.671875
-5.65625
-5.640625
-5.625
-5.609375
-5.59375
-5.578125
-5.5625
-5.546875
-5.53125
-5.515625
-5.5
-5.46875
-5.4375
-5.40625
-5.375
-5.34375
-5.3125
-5.28125
-5.25
-5.21875
-5.1875
-5.15625
-5.125
-5.09375
-5.0625
-5.03125
-5
-4.9375
-4.875
-4.8125
-4.75
-4.6875
-4.625
-4.5625
-4.5
-4.4375
-4.375
-4.3125
-4.25
-4.1875
-4.125
-4.0625
-4
-3.875
-3.75
-3.625
-3.5
-3.375
-3.25
-3.125
-3
-2.875
-2.75
-2.625
-2.5
-2.375
-2.25
-2.125
-2
-1.5
-1
-0.5
0
0.5
1
1.5
2
3
4
5
6
7
8
9
10
14
18
22
26
34
42
50
58
90
122
186
250
506
1018
4090
-4102
-1030
-518
-262
-198
-134
-102
-70
-62
-54
-46
-38
-34
-30
-26
-22
-21
-20
-19
-18
-17
-16
-15
-14
-13.5
-13
-12.5
-12
-11.5
-11
-10.5
-10
-9.875
-9.75
-9.625
-9.5
-9.375
-9.25
-9.125
-9
-8.875
-8.75
-8.625
-8.5
-8.375
-8.25
-8.125
-8
-7.9375
-7.875
-7.8125
-7.75
-7.6875
-7.625
-7.5625
-7.5
-7.4375
-7.375
-7.3125
-7.25
-7.1875
-7.125
-7.0625
-7
-6.96875
-6.9375
-6.90625
-6.875
-6.84375
-6.8125
-6.78125
-6.75
-6.71875
-6.6875
-6.65625
-6.625
-6.59375
-6.5625
-6.53125
-6.5
-6.484375
-6.46875
-6.453125
-6.4375
-6.421875
-6.40625
-6.390625
-6.375
-6.359375
-6.34375
-6.328125
-6.3125
-6.296875
-6.28125
-6.265625
-6.25
-6.234375
-6.21875
-6.203125
-6.1875
-6.171875
-6.15625
-6.140625
-6.125
-6.1171875
-6.109375
-6.1015625
-6.09375
-6.0859375
-6.078125
-6.0703125
-6.0625
-6.0546875
-6.046875
-6.0390625
-6.03125
-6.02734375
-6.0234375
-6.01953125
-6.015625
-6.01171875
-6.0078125
-6.005859375
-6.00390625
-6.001953125
-6.0009765625
-6.000244140625
-6.00006103515625
-5.5
-5.499755859375
-5.4990234375
-5.498046875
-5.49609375
-5.494140625
-5.4921875
-5.48828125
-5.484375
-5.48046875
-5.4765625
-5.47265625
-5.46875
-5.4609375
-5.453125
-5.4453125
-5.4375
-5.4296875
-5.421875
-5.4140625
-5.40625
-5.3984375
-5.390625
-5.3828125
-5.375
-5.359375
-5.34375
-5.328125
-5.3125
-5.296875
-5.28125
-5.265625
-5.25
-5.234375
-5.21875
-5.203125
-5.1875
-5.171875
-5.15625
-5.140625
-5.125
-5.109375
-5.09375
-5.078125
-5.0625
-5.046875
-5.03125
-5.015625
-5
-4.96875
-4.9375
-4.90625
-4.875
-4.84375
-4.8125
-4.78125
-4.75
-4.71875
-4.6875
-4.65625
-4.625
-4.59375
-4.5625
-4.53125
-4.5
-4.4375
-4.375
-4.3125
-4.25
-4.1875
-4.125
-4.0625
-4
-3.9375
-3.875
-3.8125
-3.75
-3.6875
-3.625
-3.5625
-3.5
-3.375
-3.25
-3.125
-3
-2.875
-2.75
-2.625
-2.5
-2.375
-2.25
-2.125
-2
-1.875
-1.75
-1.625
-1.5
-1
-0.5
0
0.5
1
1.5
2
2.5
3.5
4.5
5.5
6.5
7.5
8.5
9.5
10.5
14.5
18.5
22.5
26.5
34.5
42.5
50.5
58.5
90.5
122.5
186.5
250.5
506.5
1018.5
4090.5
-4101.5
-1029.5
-517.5
-261.5
-197.5
-133.5
-101.5
-69.5
-61.5
-53.5
-45.5
-37.5
-33.5
-29.5
-25.5
-21.5
-20.5
-19.5
-18.5
-17.5
-16.5
-15.5
-14.5
-13.5
-13
-12.5
-12
-11.5
-11
-10.5
-10
-9.5
-9.375
-9.25
-9.125
-9
-8.875
-8.75
-8.625
-8.5
-8.375
-8.25
-8.125
-8
-7.875
-7.75
-7.625
-7.5
-7.4375
-7.375
-7.3125
-7.25
-7.1875
-7.125
-7.0625
-7
-6.9375
-6.875
-6.8125
-6.75
-6.6875
-6.625
-6.5625
-6.5
-6.46875
-6.4375
-6.40625
-6.375
-6.34375
-6.3125
-6.28125
-6.25
-6.21875
-6.1875
-6.15625
-6.125
-6.09375
-6.0625
-6.03125
-6
-5.984375
-5.96875
-5.953125
-5.9375
-5.921875
-5.90625
-5.890625
-5.875
-5.859375
-5.84375
-5.828125
-5.8125
-5.796875
-5.78125
-5.765625
-5.75
-5.734375
-5.71875
-5.703125
-5.6875
-5.671875
-5.65625
-5.640625
-5.625
-5.6171875
-5.609375
-5.6015625
-5.59375
-5.5859375
-5.578125
-5.5703125
-5.5625
-5.5546875
-5.546875
-5.5390625
-5.53125
-5.52734375
-5.5234375
-5.51953125
-5.515625
-5.51171875
-5.5078125
-5.505859375
-5.50390625
-5.501953125
-5.5009765625
-5.500244140625
-5.50006103515625
-5
-4.999755859375
-4.9990234375
-4.998046875
-4.99609375
-4.994140625
-4.9921875
-4.98828125
-4.984375
-4.98046875
-4.9765625
-4.97265625
-4.96875
-4.9609375
-4.953125
-4.9453125
-4.9375
-4.9296875
-4.921875
-4.9140625
-4.90625
-4.8984375
-4.890625
-4.8828125
-4.875
-4.859375
-4.84375
-4.828125
-4.8125
-4.796875
-4.78125
-4.765625
-4.75
-4.734375
-4.71875
-4.703125
-4.6875
-4.671875
-4.65625
-4.640625
-4.625
-4.609375
-4.59375
-4.578125
-4.5625
-4.546875
-4.53125
-4.515625
-4.5
-4.46875
-4.4375
-4.40625
-4.375
-4.34375
-4.3125
-4.28125
-4.25
-4.21875
-4.1875
-4.15625
-4.125
-4.09375
-4.0625
-4.03125
-4
-3.9375
-3.875
-3.8125
-3.75
-3.6875
-3.625
-3.5625
-3.5
-3.4375
-3.375
-3.3125
-3.25
-3.1875
-3.125
-3.0625
-3
-2.875
-2.75
-2.625
-2.5
-2.375
-2.25
-2.125
-2
-1.875
-1.75
-1.625
-1.5
-1.375
-1.25
-1.125
-1
-0.5
0
0.5
1
1.5
2
2.5
3
4
5
6
7
8
9
10
11
15
19
23
27
35
43
51
59
91
123
187
251
507
1019
4091
-4101
-1029
-517
-261
-197
-133
-101
-69
-61
-53
-45
-37
-33
-29
-25
-21
-20
-19
-18
-17
-16
-15
-14
-13
-12.5
-12
-11.5
-11
-10.5
-10
-9.5
-9
-8.875
-8.75
-8.625
-8.5
-8.375
-8.25
-8.125
-8
-7.875
-7.75
-7.625
-7.5
-7.375
-7.25
-7.125
-7
-6.9375
-6.875
-6.8125
-6.75
-6.6875
-6.625
-6.5625
-6.5
-6.4375
-6.375
-6.3125
-6.25
-6.1875
-6.125
-6.0625
-6
-5.96875
-5.9375
-5.90625
-5.875
-5.84375
-5.8125
-5.78125
-5.75
-5.71875
-5.6875
-5.65625
-5.625
-5.59375
-5.5625
-5.53125
-5.5
-5.484375
-5.46875
-5.453125
-5.4375
-5.421875
-5.40625
-5.390625
-5.375
-5.359375
-5.34375
-5.328125
-5.3125
-5.296875
-5.28125
-5.265625
-5.25
-5.234375
-5.21875
-5.203125
-5.1875
-5.171875
-5.15625
-5.140625
-5.125
-5.1171875
-5.109375
-5.1015625
-5.09375
-5.0859375
-5.078125
-5.0703125
-5.0625
-5.0546875
-5.046875
-5.0390625
-5.03125
-5.02734375
-5.0234375
-5.01953125
-5.015625
-5.01171875
-5.0078125
-5.005859375
-5.00390625
-5.001953125
-5.0009765625
-5.000244140625
-5.00006103515625
-4.5
-4.499755859375
-4.4990234375
-4.498046875
-4.49609375
-4.494140625
-4.4921875
-4.48828125
-4.484375
-4.48046875
-4.4765625
-4.47265625
-4.46875
-4.4609375
-4.453125
-4.4453125
-4.4375
-4.4296875
-4.421875
-4.4140625
-4.40625
-4.3984375
-4.390625
-4.3828125
-4.375
-4.359375
-4.34375
-4.328125
-4.3125
-4.296875
-4.28125
-4.265625
-4.25
-4.234375
-4.21875
-4.203125
-4.1875
-4.171875
-4.15625
-4.140625
-4.125
-4.109375
-4.09375
-4.078125
-4.0625
-4.046875
-4.03125
-4.015625
-4
-3.96875
-3.9375
-3.90625
-3.875
-3.84375
-3.8125
-3.78125
-3.75
-3.71875
-3.6875
-3.65625
-3.625
-3.59375
-3.5625
-3.53125
-3.5
-3.4375
-3.375
-3.3125
-3.25
-3.1875
-3.125
-3.0625
-3
-2.9375
-2.875
-2.8125
-2.75
-2.6875
-2.625
-2.5625
-2.5
-2.375
-2.25
-2.125
-2
-1.875
-1.75
-1.625
-1.5
-1.375
-1.25
-1.125
-1
-0.875
-0.75
-0.625
-0.5
0
0.5
1
1.5
2
2.5
3
3.5
4.5
5.5
6.5
7.5
8.5
9.5
10.5
11.5
15.5
19.5
23.5
27.5
35.5
43.5
51.5
59.5
91.5
123.5
187.5
251.5
507.5
1019.5
4091.5
-4100.5
-1028.5
-516.5
-260.5
-196.5
-132.5
-100.5
-68.5
-60.5
-52.5
-44.5
-36.5
-32.5
-28.5
-24.5
-20.5
-19.5
-18.5
-17.5
-16.5
-15.5
-14.5
-13.5
-12.5
-12
-11.5
-11
-10.5
-10
-9.5
-9
-8.5
-8.375
-8.25
-8.125
-8
-7.875
-7.75
-7.625
-7.5
-7.375
-7.25
-7.125
-7
-6.875
-6.75
-6.625
-6.5
-6.4375
-6.375
-6.3125
-6.25
-6.1875
-6.125
-6.0625
-6
-5.9375
-5.875
-5.8125
-5.75
-5.6875
-5.625
-5.5625
-5.5
-5.46875
-5.4375
-5.40625
-5.375
-5.34375
-5.3125
-5.28125
-5.25
-5.21875
-5.1875
-5.15625
-5.125
-5.09375
-5.0625
-5.03125
-5
-4.984375
-4.96875
-4.953125
-4.9375
-4.921875
-4.90625
-4.890625
-4.875
-4.859375
-4.84375
-4.828125
-4.8125
-4.796875
-4.78125
-4.765625
-4.75
-4.734375
-4.71875
-4.703125
-4.6875
-4.671875
-4.65625
-4.640625
-4.625
-4.6171875
-4.609375
-4.6015625
-4.59375
-4.5859375
-4.578125
-4.5703125
-4.5625
-4.5546875
-4.546875
-4.5390625
-4.53125
-4.52734375
-4.5234375
-4.51953125
-4.515625
-4.51171875
-4.5078125
-4.505859375
-4.50390625
-4.501953125
-4.5009765625
-4.500244140625
-4.50006103515625
-4
-3.999755859375
-3.9990234375
-3.998046875
-3.99609375
-3.994140625
-3.9921875
-3.98828125
-3.984375
-3.98046875
-3.9765625
-3.97265625
-3.96875
-3.9609375
-3.953125
-3.9453125
-3.9375
-3.9296875
-3.921875
-3.9140625
-3.90625
-3.8984375
-3.890625
-3.8828125
-3.875
-3.859375
-3.84375
-3.828125
-3.8125
-3.796875
-3.78125
-3.765625
-3.75
-3.734375
-3.71875
-3.703125
-3.6875
-3.671875
-3.65625
-3.640625
-3.625
-3.609375
-3.59375
-3.578125
-3.5625
-3.546875
-3.53125
-3.515625
-3.5
-3.46875
-3.4375
-3.40625
-3.375
-3.34375
-3.3125
-3.28125
-3.25
-3.21875
-3.1875
-3.15625
-3.125
-3.09375
-3.0625
-3.03125
-3
-2.9375
-2.875
-2.8125
-2.75
-2.6875
-2.625
-2.5625
-2.5
-2.4375
-2.375
-2.3125
-2.25
-2.1875
-2.125
-2.0625
-2
-1.875
-1.75
-1.625
-1.5
-1.375
-1.25
-1.125
-1
-0.875
-0.75
-0.625
-0.5
-0.375
-0.25
-0.125
0
0.5
1
1.5
2
2.5
3
3.5
4
5
6
7
8
9
10
11
12
16
20
24
28
36
44
52
60
92
124
188
252
508
1020
4092
-4100
-1028
-516
-260
-196
-132
-100
-68
-60
-52
-44
-36
-32
-28
-24
-20
-19
-18
-17
-16
-15
-14
-13
-12
-11.5
-11
-10.5
-10
-9.5
-9
-8.5
-8
-7.875
-7.75
-7.625
-7.5
-7.375
-7.25
-7.125
-7
-6.875
-6.75
-6.625
-6.5
-6.375
-6.25
-6.125
-6
-5.9375
-5.875
-5.8125
-5.75
-5.6875
-5.625
-5.5625
-5.5
-5.4375
-5.375
-5.3125
-5.25
-5.1875
-5.125
-5.0625
-5
-4.96875
-4.9375
-4.90625
-4.875
-4.84375
-4.8125
-4.78125
-4.75
-4.71875
-4.6875
-4.65625
-4.625
-4.59375
-4.5625
-4.53125
-4.5
-4.484375
-4.46875
-4.453125
-4.4375
-4.421875
-4.40625
-4.390625
-4.375
-4.359375
-4.34375
-4.328125
-4.3125
-4.296875
-4.28125
-4.265625
-4.25
-4.234375
-4.21875
-4.203125
-4.1875
-4.171875
-4.15625
-4.140625
-4.125
-4.1171875
-4.109375
-4.1015625
-4.09375
-4.0859375
-4.078125
-4.0703125
-4.0625
-4.0546875
-4.046875
-4.0390625
-4.03125
-4.02734375
-4.0234375
-4.01953125
-4.015625
-4.01171875
-4.0078125
-4.005859375
-4.00390625
-4.001953125
-4.0009765625
-4.000244140625
-4.00006103515625
-3.875
-3.874755859375
-3.8740234375
-3.873046875
-3.87109375
-3.869140625
-3.8671875
-3.86328125
-3.859375
-3.85546875
-3.8515625
-3.84765625
-3.84375
-3.8359375
-3.828125
-3.8203125
-3.8125
-3.8046875
-3.796875
-3.7890625
-3.78125
-3.7734375
-3.765625
-3.7578125
-3.75
-3.734375
-3.71875
-3.703125
-3.6875
-3.671875
-3.65625
-3.640625
-3.625
-3.609375
-3.59375
-3.578125
-3.5625
-3.546875
-3.53125
-3.515625
-3.5
-3.484375
-3.46875
-3.453125
-3.4375
-3.421875
-3.40625
-3.390625
-3.375
-3.34375
-3.3125
-3.28125
-3.25
-3.21875
-3.1875
-3.15625
-3.125
-3.09375
-3.0625
-3.03125
-3
-2.96875
-2.9375
-2.90625
-2.875
-2.8125
-2.75
-2.6875
-2.625
-2.5625
-2.5
-2.4375
-2.375
-2.3125
-2.25
-2.1875
-2.125
-2.0625
-2
-1.9375
-1.875
-1.75
-1.625
-1.5
-1.375
-1.25
-1.125
-1
-0.875
-0.75
-0.625
-0.5
-0.375
-0.25
-0.125
0
0.125
0.625
1.125
1.625
2.125
2.625
3.125
3.625
4.125
5.125
6.125
7.125
8.125
9.125
10.125
11.125
12.125
16.125
20.125
24.125
28.125
36.125
44.125
52.125
60.125
92.125
124.125
188.125
252.125
508.125
1020.125
4092.125
-4099.875
-1027.875
-515.875
-259.875
-195.875
-131.875
-99.875
-67.875
-59.875
-51.875
-43.875
-35.875
-31.875
-27.875
-23.875
-19.875
-18.875
-17.875
-16.875
-15.875
-14.875
-13.875
-12.875
-11.875
-11.375
-10.875
-10.375
-9.875
-9.375
-8.875
-8.375
-7.875
-7.75
-7.625
-7.5
-7.375
-7.25
-7.125
-7
-6.875
-6.75
-6.625
-6.5
-6.375
-6.25
-6.125
-6
-5.875
-5.8125
-5.75
-5.6875
-5.625
-5.5625
-5.5
-5.4375
-5.375
-5.3125
-5.25
-5.1875
-5.125
-5.0625
-5
-4.9375
-4.875
-4.84375
-4.8125
-4.78125
-4.75
-4.71875
-4.6875
-4.65625
-4.625
-4.59375
-4.5625
-4.53125
-4.5
-4.46875
-4.4375
-4.40625
-4.375
-4.359375
-4.34375
-4.328125
-4.3125
-4.296875
-4.28125
-4.265625
-4.25
-4.234375
-4.21875
-4.203125
-4.1875
-4.171875
-4.15625
-4.140625
-4.125
-4.109375
-4.09375
-4.078125
-4.0625
-4.046875
-4.03125
-4.015625
-4
-3.9921875
-3.984375
-3.9765625
-3.96875
-3.9609375
-3.953125
-3.9453125
-3.9375
-3.9296875
-3.921875
-3.9140625
-3.90625
-3.90234375
-3.8984375
-3.89453125
-3.890625
-3.88671875
-3.8828125
-3.880859375
-3.87890625
-3.876953125
-3.8759765625
-3.875244140625
-3.87506103515625
-3.75
-3.749755859375
-3.7490234375
-3.748046875
-3.74609375
-3.744140625
-3.7421875
-3.73828125
-3.734375
-3.73046875
-3.7265625
-3.72265625
-3.71875
-3.7109375
-3.703125
-3.6953125
-3.6875
-3.6796875
-3.671875
-3.6640625
-3.65625
-3.6484375
-3.640625
-3.6328125
-3.625
-3.609375
-3.59375
-3.578125
-3.5625
-3.546875
-3.53125
-3.515625
-3.5
-3.484375
-3.46875
-3.453125
-3.4375
-3.421875
-3.40625
-3.390625
-3.375
-3.359375
-3.34375
-3.328125
-3.3125
-3.296875
-3.28125
-3.265625
-3.25
-3.21875
-3.1875
-3.15625
-3.125
-3.09375
-3.0625
-3.03125
-3
-2.96875
-2.9375
-2.90625
-2.875
-2.84375
-2.8125
-2.78125
-2.75
-2.6875
-2.625
-2.5625
-2.5
-2.4375
-2.375
-2.3125
-2.25
-2.1875
-2.125
-2.0625
-2
-1.9375
-1.875
-1.8125
-1.75
-1.625
-1.5
-1.375
-1.25
-1.125
-1
-0.875
-0.75
-0.625
-0.5
-0.375
-0.25
-0.125
0
0.125
0.25
0.75
1.25
1.75
2.25
2.75
3.25
3.75
4.25
5.25
6.25
7.25
8.25
9.25
10.25
11.25
12.25
16.25
20.25
24.25
28.25
36.25
44.25
52.25
60.25
92.25
124.25
188.25
252.25
508.25
1020.25
4092.25
-4099.75
-1027.75
-515.75
-259.75
-195.75
-131.75
-99.75
-67.75
-59.75
-51.75
-43.75
-35.75
-31.75
-27.75
-23.75
-19.75
-18.75
-17.75
-16.75
-15.75
-14.75
-13.75
-12.75
-11.75
-11.25
-10.75
-10.25
-9.75
-9.25
-8.75
-8.25
-7.75
-7.625
-7.5
-7.375
-7.25
-7.125
-7
-6.875
-6.75
-6.625
-6.5
-6.375
-6.25
-6.125
-6
-5.875
-5.75
-5.6875
-5.625
-5.5625
-5.5
-5.4375
-5.375
-5.3125
-5.25
-5.1875
-5.125
-5.0625
-5
-4.9375
-4.875
-4.8125
-4.75
-4.71875
-4.6875
-4.65625
-4.625
-4.59375
-4.5625
-4.53125
-4.5
-4.46875
-4.4375
-4.40625
-4.375
-4.34375
-4.3125
-4.28125
-4.25
-4.234375
-4.21875
-4.203125
-4.1875
-4.171875
-4.15625
-4.140625
-4.125
-4.109375
-4.09375
-4.078125
-4.0625
-4.046875
-4.03125
-4.015625
-4
-3.984375
-3.96875
-3.953125
-3.9375
-3.921875
-3.90625
-3.890625
-3.875
-3.8671875
-3.859375
-3.8515625
-3.84375
-3.8359375
-3.828125
-3.8203125
-3.8125
-3.8046875
-3.796875
-3.7890625
-3.78125
-3.77734375
-3.7734375
-3.76953125
-3.765625
-3.76171875
-3.7578125
-3.755859375
-3.75390625
-3.751953125
-3.7509765625
-3.750244140625
-3.75006103515625
-3.625
-3.624755859375
-3.6240234375
-3.623046875
-3.62109375
-3.619140625
-3.6171875
-3.61328125
-3.609375
-3.60546875
-3.6015625
-3.59765625
-3.59375
-3.5859375
-3.578125
-3.5703125
-3.5625
-3.5546875
-3.546875
-3.5390625
-3.53125
-3.5234375
-3.515625
-3.5078125
-3.5
-3.484375
-3.46875
-3.453125
-3.4375
-3.421875
-3.40625
-3.390625
-3.375
-3.359375
-3.34375
-3.328125
-3.3125
-3.296875
-3.28125
-3.265625
-3.25
-3.234375
-3.21875
-3.203125
-3.1875
-3.171875
-3.15625
-3.140625
-3.125
-3.09375
-3.0625
-3.03125
-3
-2.96875
-2.9375
-2.90625
-2.875
-2.84375
-2.8125
-2.78125
-2.75
-2.71875
-2.6875
-2.65625
-2.625
-2.5625
-2.5
-2.4375
-2.375
-2.3125
-2.25
-2.1875
-2.125
-2.0625
-2
-1.9375
-1.875
-1.8125
-1.75
-1.6875
-1.625
-1.5
-1.375
-1.25
-1.125
-1
-0.875
-0.75
-0.625
-0.5
-0.375
-0.25
-0.125
0
0.125
0.25
0.375
0.875
1.375
1.875
2.375
2.875
3.375
3.875
4.375
5.375
6.375
7.375
8.375
9.375
10.375
11.375
12.375
16.375
20.375
24.375
28.375
36.375
44.375
52.375
60.375
92.375
124.375
188.375
252.375
508.375
1020.375
4092.375
-4099.625
-1027.625
-515.625
-259.625
-195.625
-131.625
-99.625
-67.625
-59.625
-51.625
-43.625
-35.625
-31.625
-27.625
-23.625
-19.625
-18.625
-17.625
-16.625
-15.625
-14.625
-13.625
-12.625
-11.625
-11.125
-10.625
-10.125
-9.625
-9.125
-8.625
-8.125
-7.625
-7.5
-7.375
-7.25
-7.125
-7
-6.875
-6.75
-6.625
-6.5
-6.375
-6.25
-6.125
-6
-5.875
-5.75
-5.625
-5.5625
-5.5
-5.4375
-5.375
-5.3125
-5.25
-5.1875
-5.125
-5.0625
-5
-4.9375
-4.875
-4.8125
-4.75
-4.6875
-4.625
-4.59375
-4.5625
-4.53125
-4.5
-4.46875
-4.4375
-4.40625
-4.375
-4.34375
-4.3125
-4.28125
-4.25
-4.21875
-4.1875
-4.15625
-4.125
-4.109375
-4.09375
-4.078125
-4.0625
-4.046875
-4.03125
-4.015625
-4
-3.984375
-3.96875
-3.953125
-3.9375
-3.921875
-3.90625
-3.890625
-3.875
-3.859375
-3.84375
-3.828125
-3.8125
-3.796875
-3.78125
-3.765625
-3.75
-3.7421875
-3.734375
-3.7265625
-3.71875
-3.7109375
-3.703125
-3.6953125
-3.6875
-3.6796875
-3.671875
-3.6640625
-3.65625
-3.65234375
-3.6484375
-3.64453125
-3.640625
-3.63671875
-3.6328125
-3.630859375
-3.62890625
-3.626953125
-3.6259765625
-3.625244140625
-3.62506103515625
-3.5
-3.499755859375
-3.4990234375
-3.498046875
-3.49609375
-3.494140625
-3.4921875
-3.48828125
-3.484375
-3.48046875
-3.4765625
-3.47265625
-3.46875
-3.4609375
-3.453125
-3.4453125
-3.4375
-3.4296875
-3.421875
-3.4140625
-3.40625
-3.3984375
-3.390625
-3.3828125
-3.375
-3.359375
-3.34375
-3.328125
-3.3125
-3.296875
-3.28125
-3.265625
-3.25
-3.234375
-3.21875
-3.203125
-3.1875
-3.171875
-3.15625
-3.140625
-3.125
-3.109375
-3.09375
-3.078125
-3.0625
-3.046875
-3.03125
-3.015625
-3
-2.96875
-2.9375
-2.90625
-2.875
-2.84375
-2.8125
-2.78125
-2.75
-2.71875
-2.6875
-2.65625
-2.625
-2.59375
-2.5625
-2.53125
-2.5
-2.4375
-2.375
-2.3125
-2.25
-2.1875
-2.125
-2.0625
-2
-1.9375
-1.875
-1.8125
-1.75
-1.6875
-1.625
-1.5625
-1.5
-1.375
-1.25
-1.125
-1
-0.875
-0.75
-0.625
-0.5
-0.375
-0.25
-0.125
0
0.125
0.25
0.375
0.5
1
1.5
2
2.5
3
3.5
4
4.5
5.5
6.5
7.5
8.5
9.5
10.5
11.5
12.5
16.5
20.5
24.5
28.5
36.5
44.5
52.5
60.5
92.5
124.5
188.5
252.5
508.5
1020.5
4092.5
-4099.5
-1027.5
-515.5
-259.5
-195.5
-131.5
-99.5
-67.5
-59.5
-51.5
-43.5
-35.5
-31.5
-27.5
-23.5
-19.5
-18.5
-17.5
-16.5
-15.5
-14.5
-13.5
-12.5
-11.5
-11
-10.5
-10
-9.5
-9
-8.5
-8
-7.5
-7.375
-7.25
-7.125
-7
-6.875
-6.75
-6.625
-6.5
-6.375
-6.25
-6.125
-6
-5.875
-5.75
-5.625
-5.5
-5.4375
-5.375
-5.3125
-5.25
-5.1875
-5.125
-5.0625
-5
-4.9375
-4.875
-4.8125
-4.75
-4.6875
-4.625
-4.5625
-4.5
-4.46875
-4.4375
-4.40625
-4.375
-4.34375
-4.3125
-4.28125
-4.25
-4.21875
-4.1875
-4.15625
-4.125
-4.09375
-4.0625
-4.03125
-4
-3.984375
-3.96875
-3.953125
-3.9375
-3.921875
-3.90625
-3.890625
-3.875
-3.859375
-3.84375
-3.828125
-3.8125
-3.796875
-3.78125
-3.765625
-3.75
-3.734375
-3.71875
-3.703125
-3.6875
-3.671875
-3.65625
-3.640625
-3.625
-3.6171875
-3.609375
-3.6015625
-3.59375
-3.5859375
-3.578125
-3.5703125
-3.5625
-3.5546875
-3.546875
-3.5390625
-3.53125
-3.52734375
-3.5234375
-3.51953125
-3.515625
-3.51171875
-3.5078125
-3.505859375
-3.50390625
-3.501953125
-3.5009765625
-3.500244140625
-3.50006103515625
-3.375
-3.374755859375
-3.3740234375
-3.373046875
-3.37109375
-3.369140625
-3.3671875
-3.36328125
-3.359375
-3.35546875
-3.3515625
-3.34765625
-3.34375
-3.3359375
-3.328125
-3.3203125
-3.3125
-3.3046875
-3.296875
-3.2890625
-3.28125
-3.2734375
-3.265625
-3.2578125
-3.25
-3.234375
-3.21875
-3.203125
-3.1875
-3.171875
-3.15625
-3.140625
-3.125
-3.109375
-3.09375
-3.078125
-3.0625
-3.046875
-3.03125
-3.015625
-3
-2.984375
-2.96875
-2.953125
-2.9375
-2.921875
-2.90625
-2.890625
-2.875
-2.84375
-2.8125
-2.78125
-2.75
-2.71875
-2.6875
-2.65625
-2.625
-2.59375
-2.5625
-2.53125
-2.5
-2.46875
-2.4375
-2.40625
-2.375
-2.3125
-2.25
-2.1875
-2.125
-2.0625
-2
-1.9375
-1.875
-1.8125
-1.75
-1.6875
-1.625
-1.5625
-1.5
-1.4375
-1.375
-1.25
-1.125
-1
-0.875
-0.75
-0.625
-0.5
-0.375
-0.25
-0.125
0
0.125
0.25
0.375
0.5
0.625
1.125
1.625
2.125
2.625
3.125
3.625
4.125
4.625
5.625
6.625
7.625
8.625
9.625
10.625
11.625
12.625
16.625
20.625
24.625
28.625
36.625
44.625
52.625
60.625
92.625
124.625
188.625
252.625
508.625
1020.625
4092.625
-4099.375
-1027.375
-515.375
-259.375
-195.375
-131.375
-99.375
-67.375
-59.375
-51.375
-43.375
-35.375
-31.375
-27.375
-23.375
-19.375
-18.375
-17.375
-16.375
-15.375
-14.375
-13.375
-12.375
-11.375
-10.875
-10.375
-9.875
-9.375
-8.875
-8.375
-7.875
-7.375
-7.25
-7.125
-7
-6.875
-6.75
-6.625
-6.5
-6.375
-6.25
-6.125
-6
-5.875
-5.75
-5.625
-5.5
-5.375
-5.3125
-5.25
-5.1875
-5.125
-5.0625
-5
-4.9375
-4.875
-4.8125
-4.75
-4.6875
-4.625
-4.5625
-4.5
-4.4375
-4.375
-4.34375
-4.3125
-4.28125
-4.25
-4.21875
-4.1875
-4.15625
-4.125
-4.09375
-4.0625
-4.03125
-4
-3.96875
-3.9375
-3.90625
-3.875
-3.859375
-3.84375
-3.828125
-3.8125
-3.796875
-3.78125
-3.765625
-3.75
-3.734375
-3.71875
-3.703125
-3.6875
-3.671875
-3.65625
-3.640625
-3.625
-3.609375
-3.59375
-3.578125
-3.5625
-3.546875
-3.53125
-3.515625
-3.5
-3.4921875
-3.484375
-3.4765625
-3.46875
-3.4609375
-3.453125
-3.4453125
-3.4375
-3.4296875
-3.421875
-3.4140625
-3.40625
-3.40234375
-3.3984375
-3.39453125
-3.390625
-3.38671875
-3.3828125
-3.380859375
-3.37890625
-3.376953125
-3.3759765625
-3.375244140625
-3.37506103515625
-3.25
-3.249755859375
-3.2490234375
-3.248046875
-3.24609375
-3.244140625
-3.2421875
-3.23828125
-3.234375
-3.23046875
-3.2265625
-3.22265625
-3.21875
-3.2109375
-3.203125
-3.1953125
-3.1875
-3.1796875
-3.171875
-3.1640625
-3.15625
-3.1484375
-3.140625
-3.1328125
-3.125
-3.109375
-3.09375
-3.078125
-3.0625
-3.046875
-3.03125
-3.015625
-3
-2.984375
-2.96875
-2.953125
-2.9375
-2.921875
-2.90625
-2.890625
-2.875
-2.859375
-2.84375
-2.828125
-2.8125
-2.796875
-2.78125
-2.765625
-2.75
-2.71875
-2.6875
-2.65625
-2.625
-2.59375
-2.5625
-2.53125
-2.5
-2.46875
-2.4375
-2.40625
-2.375
-2.34375
-2.3125
-2.28125
-2.25
-2.1875
-2.125
-2.0625
-2
-1.9375
-1.875
-1.8125
-1.75
-1.6875
-1.625
-1.5625
-1.5
-1.4375
-1.375
-1.3125
-1.25
-1.125
-1
-0.875
-0.75
-0.625
-0.5
-0.375
-0.25
-0.125
0
0.125
0.25
0.375
0.5
0.625
0.75
1.25
1.75
2.25
2.75
3.25
3.75
4.25
4.75
5.75
6.75
7.75
8.75
9.75
10.75
11.75
12.75
16.75
20.75
24.75
28.75
36.75
44.75
52.75
60.75
92.75
124.75
188.75
252.75
508.75
1020.75
4092.75
-4099.25
-1027.25
-515.25
-259.25
-195.25
-131.25
-99.25
-67.25
-59.25
-51.25
-43.25
-35.25
-31.25
-27.25
-23.25
-19.25
-18.25
-17.25
-16.25
-15.25
-14.25
-13.25
-12.25
-11.25
-10.75
-10.25
-9.75
-9.25
-8.75
-8.25
-7.75
-7.25
-7.125
-7
-6.875
-6.75
-6.625
-6.5
-6.375
-6.25
-6.125
-6
-5.875
-5.75
-5.625
-5.5
-5.375
-5.25
-5.1875
-5.125
-5.0625
-5
-4.9375
-4.875
-4.8125
-4.75
-4.6875
-4.625
-4.5625
-4.5
-4.4375
-4.375
-4.3125
-4.25
-4.21875
-4.1875
-4.15625
-4.125
-4.09375
-4.0625
-4.03125
-4
-3.96875
-3.9375
-3.90625
-3.875
-3.84375
-3.8125
-3.78125
-3.75
-3.734375
-3.71875
-3.703125
-3.6875
-3.671875
-3.65625
-3.640625
-3.625
-3.609375
-3.59375
-3.578125
-3.5625
-3.546875
-3.53125
-3.515625
-3.5
-3.484375
-3.46875
-3.453125
-3.4375
-3.421875
-3.40625
-3.390625
-3.375
-3.3671875
-3.359375
-3.3515625
-3.34375
-3.3359375
-3.328125
-3.3203125
-3.3125
-3.3046875
-3.296875
-3.2890625
-3.28125
-3.27734375
-3.2734375
-3.26953125
-3.265625
-3.26171875
-3.2578125
-3.255859375
-3.25390625
-3.251953125
-3.2509765625
-3.250244140625
-3.25006103515625
-3.125
-3.124755859375
-3.1240234375
-3.123046875
-3.12109375
-3.119140625
-3.1171875
-3.11328125
-3.109375
-3.10546875
-3.1015625
-3.09765625
-3.09375
-3.0859375
-3.078125
-3.0703125
-3.0625
-3.0546875
-3.046875
-3.0390625
-3.03125
-3.0234375
-3.015625
-3.0078125
-3
-2.984375
-2.96875
-2.953125
-2.9375
-2.921875
-2.90625
-2.890625
-2.875
-2.859375
-2.84375
-2.828125
-2.8125
-2.796875
-2.78125
-2.765625
-2.75
-2.734375
-2.71875
-2.703125
-2.6875
-2.671875
-2.65625
-2.640625
-2.625
-2.59375
-2.5625
-2.53125
-2.5
-2.46875
-2.4375
-2.40625
-2.375
-2.34375
-2.3125
-2.28125
-2.25
-2.21875
-2.1875
-2.15625
-2.125
-2.0625
-2
-1.9375
-1.875
-1.8125
-1.75
-1.6875
-1.625
-1.5625
-1.5
-1.4375
-1.375
-1.3125
-1.25
-1.1875
-1.125
-1
-0.875
-0.75
-0.625
-0.5
-0.375
-0.25
-0.125
0
0.125
0.25
0.375
0.5
0.625
0.75
0.875
1.375
1.875
2.375
2.875
3.375
3.875
4.375
4.875
5.875
6.875
7.875
8.875
9.875
10.875
11.875
12.875
16.875
20.875
24.875
28.875
36.875
44.875
52.875
60.875
92.875
124.875
188.875
252.875
508.875
1020.875
4092.875
-4099.125
-1027.125
-515.125
-259.125
-195.125
-131.125
-99.125
-67.125
-59.125
-51.125
-43.125
-35.125
-31.125
-27.125
-23.125
-19.125
-18.125
-17.125
-16.125
-15.125
-14.125
-13.125
-12.125
-11.125
-10.625
-10.125
-9.625
-9.125
-8.625
-8.125
-7.625
-7.125
-7
-6.875
-6.75
-6.625
-6.5
-6.375
-6.25
-6.125
-6
-5.875
-5.75
-5.625
-5.5
-5.375
-5.25
-5.125
-5.0625
-5
-4.9375
-4.875
-4.8125
-4.75
-4.6875
-4.625
-4.5625
-4.5
-4.4375
-4.375
-4.3125
-4.25
-4.1875
-4.125
-4.09375
-4.0625
-4.03125
-4
-3.96875
-3.9375
-3.90625
-3.875
-3.84375
-3.8125
-3.78125
-3.75
-3.71875
-3.6875
-3.65625
-3.625
-3.609375
-3.59375
-3.578125
-3.5625
-3.546875
-3.53125
-3.515625
-3.5
-3.484375
-3.46875
-3.453125
-3.4375
-3.421875
-3.40625
-3.390625
-3.375
-3.359375
-3.34375
-3.328125
-3.3125
-3.296875
-3.28125
-3.265625
-3.25
-3.2421875
-3.234375
-3.2265625
-3.21875
-3.2109375
-3.203125
-3.1953125
-3.1875
-3.1796875
-3.171875
-3.1640625
-3.15625
-3.15234375
-3.1484375
-3.14453125
-3.140625
-3.13671875
-3.1328125
-3.130859375
-3.12890625
-3.126953125
-3.1259765625
-3.125244140625
-3.12506103515625
-3
-2.999755859375
-2.9990234375
-2.998046875
-2.99609375
-2.994140625
-2.9921875
-2.98828125
-2.984375
-2.98046875
-2.9765625
-2.97265625
-2.96875
-2.9609375
-2.953125
-2.9453125
-2.9375
-2.9296875
-2.921875
-2.9140625
-2.90625
-2.8984375
-2.890625
-2.8828125
-2.875
-2.859375
-2.84375
-2.828125
-2.8125
-2.796875
-2.78125
-2.765625
-2.75
-2.734375
-2.71875
-2.703125
-2.6875
-2.671875
-2.65625
-2.640625
-2.625
-2.609375
-2.59375
-2.578125
-2.5625
-2.546875
-2.53125
-2.515625
-2.5
-2.46875
-2.4375
-2.40625
-2.375
-2.34375
-2.3125
-2.28125
-2.25
-2.21875
-2.1875
-2.15625
-2.125
-2.09375
-2.0625
-2.03125
-2
-1.9375
-1.875
-1.8125
-1.75
-1.6875
-1.625
-1.5625
-1.5
-1.4375
-1.375
-1.3125
-1.25
-1.1875
-1.125
-1.0625
-1
-0.875
-0.75
-0.625
-0.5
-0.375
-0.25
-0.125
0
0.125
0.25
0.375
0.5
0.625
0.75
0.875
1
1.5
2
2.5
3
3.5
4
4.5
5
6
7
8
9
10
11
12
13
17
21
25
29
37
45
53
61
93
125
189
253
509
1021
4093
-4099
-1027
-515
-259
-195
-131
-99
-67
-59
-51
-43
-35
-31
-27
-23
-19
-18
-17
-16
-15
-14
-13
-12
-11
-10.5
-10
-9.5
-9
-8.5
-8
-7.5
-7
-6.875
-6.75
-6.625
-6.5
-6.375
-6.25
-6.125
-6
-5.875
-5.75
-5.625
-5.5
-5.375
-5.25
-5.125
-5
-4.9375
-4.875
-4.8125
-4.75
-4.6875
-4.625
-4.5625
-4.5
-4.4375
-4.375
-4.3125
-4.25
-4.1875
-4.125
-4.0625
-4
-3.96875
-3.9375
-3.90625
-3.875
-3.84375
-3.8125
-3.78125
-3.75
-3.71875
-3.6875
-3.65625
-3.625
-3.59375
-3.5625
-3.53125
-3.5
-3.484375
-3.46875
-3.453125
-3.4375
-3.421875
-3.40625
-3.390625
-3.375
-3.359375
-3.34375
-3.328125
-3.3125
-3.296875
-3.28125
-3.265625
-3.25
-3.234375
-3.21875
-3.203125
-3.1875
-3.171875
-3.15625
-3.140625
-3.125
-3.1171875
-3.109375
-3.1015625
-3.09375
-3.0859375
-3.078125
-3.0703125
-3.0625
-3.0546875
-3.046875
-3.0390625
-3.03125
-3.02734375
-3.0234375
-3.01953125
-3.015625
-3.01171875
-3.0078125
-3.005859375
-3.00390625
-3.001953125
-3.0009765625
-3.000244140625
-3.00006103515625
-2.875
-2.874755859375
-2.8740234375
-2.873046875
-2.87109375
-2.869140625
-2.8671875
-2.86328125
-2.859375
-2.85546875
-2.8515625
-2.84765625
-2.84375
-2.8359375
-2.828125
-2.8203125
-2.8125
-2.8046875
-2.796875
-2.7890625
-2.78125
-2.7734375
-2.765625
-2.7578125
-2.75
-2.734375
-2.71875
-2.703125
-2.6875
-2.671875
-2.65625
-2.640625
-2.625
-2.609375
-2.59375
-2.578125
-2.5625
-2.546875
-2.53125
-2.515625
-2.5
-2.484375
-2.46875
-2.453125
-2.4375
-2.421875
-2.40625
-2.390625
-2.375
-2.34375
-2.3125
-2.28125
-2.25
-2.21875
-2.1875
-2.15625
-2.125
-2.09375
-2.0625
-2.03125
-2
-1.96875
-1.9375
-1.90625
-1.875
-1.8125
-1.75
-1.6875
-1.625
-1.5625
-1.5
-1.4375
-1.375
-1.3125
-1.25
-1.1875
-1.125
-1.0625
-1
-0.9375
-0.875
-0.75
-0.625
-0.5
-0.375
-0.25
-0.125
0
0.125
0.25
0.375
0.5
0.625
0.75
0.875
1
1.125
1.625
2.125
2.625
3.125
3.625
4.125
4.625
5.125
6.125
7.125
8.125
9.125
10.125
11.125
12.125
13.125
17.125
21.125
25.125
29.125
37.125
45.125
53.125
61.125
93.125
125.125
189.125
253.125
509.125
1021.125
4093.125
-4098.875
-1026.875
-514.875
-258.875
-194.875
-130.875
-98.875
-66.875
-58.875
-50.875
-42.875
-34.875
-30.875
-26.875
-22.875
-18.875
-17.875
-16.875
-15.875
-14.875
-13.875
-12.875
-11.875
-10.875
-10.375
-9.875
-9.375
-8.875
-8.375
-7.875
-7.375
-6.875
-6.75
-6.625
-6.5
-6.375
-6.25
-6.125
-6
-5.875
-5.75
-5.625
-5.5
-5.375
-5.25
-5.125
-5
-4.875
-4.8125
-4.75
-4.6875
-4.625
-4.5625
-4.5
-4.4375
-4.375
-4.3125
-4.25
-4.1875
-4.125
-4.0625
-4
-3.9375
-3.875
-3.84375
-3.8125
-3.78125
-3.75
-3.71875
-3.6875
-3.65625
-3.625
-3.59375
-3.5625
-3.53125
-3.5
-3.46875
-3.4375
-3.40625
-3.375
-3.359375
-3.34375
-3.328125
-3.3125
-3.296875
-3.28125
-3.265625
-3.25
-3.234375
-3.21875
-3.203125
-3.1875
-3.171875
-3.15625
-3.140625
-3.125
-3.109375
-3.09375
-3.078125
-3.0625
-3.046875
-3.03125
-3.015625
-3
-2.9921875
-2.984375
-2.9765625
-2.96875
-2.9609375
-2.953125
-2.9453125
-2.9375
-2.9296875
-2.921875
-2.9140625
-2.90625
-2.90234375
-2.8984375
-2.89453125
-2.890625
-2.88671875
-2.8828125
-2.880859375
-2.87890625
-2.876953125
-2.8759765625
-2.875244140625
-2.87506103515625
-2.75
-2.749755859375
-2.7490234375
-2.748046875
-2.74609375
-2.744140625
-2.7421875
-2.73828125
-2.734375
-2.73046875
-2.7265625
-2.72265625
-2.71875
-2.7109375
-2.703125
-2.6953125
-2.6875
-2.6796875
-2.671875
-2.6640625
-2.65625
-2.6484375
-2.640625
-2.6328125
-2.625
-2.609375
-2.59375
-2.578125
-2.5625
-2.546875
-2.53125
-2.515625
-2.5
-2.484375
-2.46875
-2.453125
-2.4375
-2.421875
-2.40625
-2.390625
-2.375
-2.359375
-2.34375
-2.328125
-2.3125
-2.296875
-2.28125
-2.265625
-2.25
-2.21875
-2.1875
-2.15625
-2.125
-2.09375
-2.0625
-2.03125
-2
-1.96875
-1.9375
-1.90625
-1.875
-1.84375
-1.8125
-1.78125
-1.75
-1.6875
-1.625
-1.5625
-1.5
-1.4375
-1.375
-1.3125
-1.25
-1.1875
-1.125
-1.0625
-1
-0.9375
-0.875
-0.8125
-0.75
-0.625
-0.5
-0.375
-0.25
-0.125
0
0.125
0.25
0.375
0.5
0.625
0.75
0.875
1
1.125
1.25
1.75
2.25
2.75
3.25
3.75
4.25
4.75
5.25
6.25
7.25
8.25
9.25
10.25
11.25
12.25
13.25
17.25
21.25
25.25
29.25
37.25
45.25
53.25
61.25
93.25
125.25
189.25
253.25
509.25
1021.25
4093.25
-4098.75
-1026.75
-514.75
-258.75
-194.75
-130.75
-98.75
-66.75
-58.75
-50.75
-42.75
-34.75
-30.75
-26.75
-22.75
-18.75
-17.75
-16.75
-15.75
-14.75
-13.75
-12.75
-11.75
-10.75
-10.25
-9.75
-9.25
-8.75
-8.25
-7.75
-7.25
-6.75
-6.625
-6.5
-6.375
-6.25
-6.125
-6
-5.875
-5.75
-5.625
-5.5
-5.375
-5.25
-5.125
-5
-4.875
-4.75
-4.6875
-4.625
-4.5625
-4.5
-4.4375
-4.375
-4.3125
-4.25
-4.1875
-4.125
-4.0625
-4
-3.9375
-3.875
-3.8125
-3.75
-3.71875
-3.6875
-3.65625
-3.625
-3.59375
-3.5625
-3.53125
-3.5
-3.46875
-3.4375
-3.40625
-3.375
-3.34375
-3.3125
-3.28125
-3.25
-3.234375
-3.21875
-3.203125
-3.1875
-3.171875
-3.15625
-3.140625
-3.125
-3.109375
-3.09375
-3.078125
-3.0625
-3.046875
-3.03125
-3.015625
-3
-2.984375
-2.96875
-2.953125
-2.9375
-2.921875
-2.90625
-2.890625
-2.875
-2.8671875
-2.859375
-2.8515625
-2.84375
-2.8359375
-2.828125
-2.8203125
-2.8125
-2.8046875
-2.796875
-2.7890625
-2.78125
-2.77734375
-2.7734375
-2.76953125
-2.765625
-2.76171875
-2.7578125
-2.755859375
-2.75390625
-2.751953125
-2.7509765625
-2.750244140625
-2.75006103515625
-2.625
-2.624755859375
-2.6240234375
-2.623046875
-2.62109375
-2.619140625
-2.6171875
-2.61328125
-2.609375
-2.60546875
-2.6015625
-2.59765625
-2.59375
-2.5859375
-2.578125
-2.5703125
-2.5625
-2.5546875
-2.546875
-2.5390625
-2.53125
-2.5234375
-2.515625
-2.5078125
-2.5
-2.484375
-2.46875
-2.453125
-2.4375
-2.421875
-2.40625
-2.390625
-2.375
-2.359375
-2.34375
-2.328125
-2.3125
-2.296875
-2.28125
-2.265625
-2.25
-2.234375
-2.21875
-2.203125
-2.1875
-2.171875
-2.15625
-2.140625
-2.125
-2.09375
-2.0625
-2.03125
-2
-1.96875
-1.9375
-1.90625
-1.875
-1.84375
-1.8125
-1.78125
-1.75
-1.71875
-1.6875
-1.65625
-1.625
-1.5625
-1.5
-1.4375
-1.375
-1.3125
-1.25
-1.1875
-1.125
-1.0625
-1
-0.9375
-0.875
-0.8125
-0.75
-0.6875
-0.625
-0.5
-0.375
-0.25
-0.125
0
0.125
0.25
0.375
0.5
0.625
0.75
0.875
1
1.125
1.25
1.375
1.875
2.375
2.875
3.375
3.875
4.375
4.875
5.375
6.375
7.375
8.375
9.375
10.375
11.375
12.375
13.375
17.375
21.375
25.375
29.375
37.375
45.375
53.375
61.375
93.375
125.375
189.375
253.375
509.375
1021.375
4093.375
-4098.625
-1026.625
-514.625
-258.625
-194.625
-130.625
-98.625
-66.625
-58.625
-50.625
-42.625
-34.625
-30.625
-26.625
-22.625
-18.625
-17.625
-16.625
-15.625
-14.625
-13.625
-12.625
-11.625
-10.625
-10.125
-9.625
-9.125
-8.625
-8.125
-7.625
-7.125
-6.625
-6.5
-6.375
-6.25
-6.125
-6
-5.875
-5.75
-5.625
-5.5
-5.375
-5.25
-5.125
-5
-4.875
-4.75
-4.625
-4.5625
-4.5
-4.4375
-4.375
-4.3125
-4.25
-4.1875
-4.125
-4.0625
-4
-3.9375
-3.875
-3.8125
-3.75
-3.6875
-3.625
-3.59375
-3.5625
-3.53125
-3.5
-3.46875
-3.4375
-3.40625
-3.375
-3.34375
-3.3125
-3.28125
-3.25
-3.21875
-3.1875
-3.15625
-3.125
-3.109375
-3.09375
-3.078125
-3.0625
-3.046875
-3.03125
-3.015625
-3
-2.984375
-2.96875
-2.953125
-2.9375
-2.921875
-2.90625
-2.890625
-2.875
-2.859375
-2.84375
-2.828125
-2.8125
-2.796875
-2.78125
-2.765625
-2.75
-2.7421875
-2.734375
-2.7265625
-2.71875
-2.7109375
-2.703125
-2.6953125
-2.6875
-2.6796875
-2.671875
-2.6640625
-2.65625
-2.65234375
-2.6484375
-2.64453125
-2.640625
-2.63671875
-2.6328125
-2.630859375
-2.62890625
-2.626953125
-2.6259765625
-2.625244140625
-2.62506103515625
-2.5
-2.499755859375
-2.4990234375
-2.498046875
-2.49609375
-2.494140625
-2.4921875
-2.48828125
-2.484375
-2.48046875
-2.4765625
-2.47265625
-2.46875
-2.4609375
-2.453125
-2.4453125
-2.4375
-2.4296875
-2.421875
-2.4140625
-2.40625
-2.3984375
-2.390625
-2.3828125
-2.375
-2.359375
-2.34375
-2.328125
-2.3125
-2.296875
-2.28125
-2.265625
-2.25
-2.234375
-2.21875
-2.203125
-2.1875
-2.171875
-2.15625
-2.140625
-2.125
-2.109375
-2.09375
-2.078125
-2.0625
-2.046875
-2.03125
-2.015625
-2
-1.96875
-1.9375
-1.90625
-1.875
-1.84375
-1.8125
-1.78125
-1.75
-1.71875
-1.6875
-1.65625
-1.625
-1.59375
-1.5625
-1.53125
-1.5
-1.4375
-1.375
-1.3125
-1.25
-1.1875
-1.125
-1.0625
-1
-0.9375
-0.875
-0.8125
-0.75
-0.6875
-0.625
-0.5625
-0.5
-0.375
-0.25
-0.125
0
0.125
0.25
0.375
0.5
0.625
0.75
0.875
1
1.125
1.25
1.375
1.5
2
2.5
3
3.5
4
4.5
5
5.5
6.5
7.5
8.5
9.5
10.5
11.5
12.5
13.5
17.5
21.5
25.5
29.5
37.5
45.5
53.5
61.5
93.5
125.5
189.5
253.5
509.5
1021.5
4093.5
-4098.5
-1026.5
-514.5
-258.5
-194.5
-130.5
-98.5
-66.5
-58.5
-50.5
-42.5
-34.5
-30.5
-26.5
-22.5
-18.5
-17.5
-16.5
-15.5
-14.5
-13.5
-12.5
-11.5
-10.5
-10
-9.5
-9
-8.5
-8
-7.5
-7
-6.5
-6.375
-6.25
-6.125
-6
-5.875
-5.75
-5.625
-5.5
-5.375
-5.25
-5.125
-5
-4.875
-4.75
-4.625
-4.5
-4.4375
-4.375
-4.3125
-4.25
-4.1875
-4.125
-4.0625
-4
-3.9375
-3.875
-3.8125
-3.75
-3.6875
-3.625
-3.5625
-3.5
-3.46875
-3.4375
-3.40625
-3.375
-3.34375
-3.3125
-3.28125
-3.25
-3.21875
-3.1875
-3.15625
-3.125
-3.09375
-3.0625
-3.03125
-3
-2.984375
-2.96875
-2.953125
-2.9375
-2.921875
-2.90625
-2.890625
-2.875
-2.859375
-2.84375
-2.828125
-2.8125
-2.796875
-2.78125
-2.765625
-2.75
-2.734375
-2.71875
-2.703125
-2.6875
-2.671875
-2.65625
-2.640625
-2.625
-2.6171875
-2.609375
-2.6015625
-2.59375
-2.5859375
-2.578125
-2.5703125
-2.5625
-2.5546875
-2.546875
-2.5390625
-2.53125
-2.52734375
-2.5234375
-2.51953125
-2.515625
-2.51171875
-2.5078125
-2.505859375
-2.50390625
-2.501953125
-2.5009765625
-2.500244140625
-2.50006103515625
-2.375
-2.374755859375
-2.3740234375
-2.373046875
-2.37109375
-2.369140625
-2.3671875
-2.36328125
-2.359375
-2.35546875
-2.3515625
-2.34765625
-2.34375
-2.3359375
-2.328125
-2.3203125
-2.3125
-2.3046875
-2.296875
-2.2890625
-2.28125
-2.2734375
-2.265625
-2.2578125
-2.25
-2.234375
-2.21875
-2.203125
-2.1875
-2.171875
-2.15625
-2.140625
-2.125
-2.109375
-2.09375
-2.078125
-2.0625
-2.046875
-2.03125
-2.015625
-2
-1.984375
-1.96875
-1.953125
-1.9375
-1.921875
-1.90625
-1.890625
-1.875
-1.84375
-1.8125
-1.78125
-1.75
-1.71875
-1.6875
-1.65625
-1.625
-1.59375
-1.5625
-1.53125
-1.5
-1.46875
-1.4375
-1.40625
-1.375
-1.3125
-1.25
-1.1875
-1.125
-1.0625
-1
-0.9375
-0.875
-0.8125
-0.75
-0.6875
-0.625
-0.5625
-0.5
-0.4375
-0.375
-0.25
-0.125
0
0.125
0.25
0.375
0.5
0.625
0.75
0.875
1
1.125
1.25
1.375
1.5
1.625
2.125
2.625
3.125
3.625
4.125
4.625
5.125
5.625
6.625
7.625
8.625
9.625
10.625
11.625
12.625
13.625
17.625
21.625
25.625
29.625
37.625
45.625
53.625
61.625
93.625
125.625
189.625
253.625
509.625
1021.625
4093.625
-4098.375
-1026.375
-514.375
-258.375
-194.375
-130.375
-98.375
-66.375
-58.375
-50.375
-42.375
-34.375
-30.375
-26.375
-22.375
-18.375
-17.375
-16.375
-15.375
-14.375
-13.375
-12.375
-11.375
-10.375
-9.875
-9.375
-8.875
-8.375
-7.875
-7.375
-6.875
-6.375
-6.25
-6.125
-6
-5.875
-5.75
-5.625
-5.5
-5.375
-5.25
-5.125
-5
-4.875
-4.75
-4.625
-4.5
-4.375
-4.3125
-4.25
-4.1875
-4.125
-4.0625
-4
-3.9375
-3.875
-3.8125
-3.75
-3.6875
-3.625
-3.5625
-3.5
-3.4375
-3.375
-3.34375
-3.3125
-3.28125
-3.25
-3.21875
-3.1875
-3.15625
-3.125
-3.09375
-3.0625
-3.03125
-3
-2.96875
-2.9375
-2.90625
-2.875
-2.859375
-2.84375
-2.828125
-2.8125
-2.796875
-2.78125
-2.765625
-2.75
-2.734375
-2.71875
-2.703125
-2.6875
-2.671875
-2.65625
-2.640625
-2.625
-2.609375
-2.59375
-2.578125
-2.5625
-2.546875
-2.53125
-2.515625
-2.5
-2.4921875
-2.484375
-2.4765625
-2.46875
-2.4609375
-2.453125
-2.4453125
-2.4375
-2.4296875
-2.421875
-2.4140625
-2.40625
-2.40234375
-2.3984375
-2.39453125
-2.390625
-2.38671875
-2.3828125
-2.380859375
-2.37890625
-2.376953125
-2.3759765625
-2.375244140625
-2.37506103515625
-2.25
-2.249755859375
-2.2490234375
-2.248046875
-2.24609375
-2.244140625
-2.2421875
-2.23828125
-2.234375
-2.23046875
-2.2265625
-2.22265625
-2.21875
-2.2109375
-2.203125
-2.1953125
-2.1875
-2.1796875
-2.171875
-2.1640625
-2.15625
-2.1484375
-2.140625
-2.1328125
-2.125
-2.109375
-2.09375
-2.078125
-2.0625
-2.046875
-2.03125
-2.015625
-2
-1.984375
-1.96875
-1.953125
-1.9375
-1.921875
-1.90625
-1.890625
-1.875
-1.859375
-1.84375
-1.828125
-1.8125
-1.796875
-1.78125
-1.765625
-1.75
-1.71875
-1.6875
-1.65625
-1.625
-1.59375
-1.5625
-1.53125
-1.5
-1.46875
-1.4375
-1.40625
-1.375
-1.34375
-1.3125
-1.28125
-1.25
-1.1875
-1.125
-1.0625
-1
-0.9375
-0.875
-0.8125
-0.75
-0.6875
-0.625
-0.5625
-0.5
-0.4375
-0.375
-0.3125
-0.25
-0.125
0
0.125
0.25
0.375
0.5
0.625
0.75
0.875
1
1.125
1.25
1.375
1.5
1.625
1.75
2.25
2.75
3.25
3.75
4.25
4.75
5.25
5.75
6.75
7.75
8.75
9.75
10.75
11.75
12.75
13.75
17.75
21.75
25.75
29.75
37.75
45.75
53.75
61.75
93.75
125.75
189.75
253.75
509.75
1021.75
4093.75
-4098.25
-1026.25
-514.25
-258.25
-194.25
-130.25
-98.25
-66.25
-58.25
-50.25
-42.25
-34.25
-30.25
-26.25
-22.25
-18.25
-17.25
-16.25
-15.25
-14.25
-13.25
-12.25
-11.25
-10.25
-9.75
-9.25
-8.75
-8.25
-7.75
-7.25
-6.75
-6.25
-6.125
-6
-5.875
-5.75
-5.625
-5.5
-5.375
-5.25
-5.125
-5
-4.875
-4.75
-4.625
-4.5
-4.375
-4.25
-4.1875
-4.125
-4.0625
-4
-3.9375
-3.875
-3.8125
-3.75
-3.6875
-3.625
-3.5625
-3.5
-3.4375
-3.375
-3.3125
-3.25
-3.21875
-3.1875
-3.15625
-3.125
-3.09375
-3.0625
-3.03125
-3
-2.96875
-2.9375
-2.90625
-2.875
-2.84375
-2.8125
-2.78125
-2.75
-2.734375
-2.71875
-2.703125
-2.6875
-2.671875
-2.65625
-2.640625
-2.625
-2.609375
-2.59375
-2.578125
-2.5625
-2.546875
-2.53125
-2.515625
-2.5
-2.484375
-2.46875
-2.453125
-2.4375
-2.421875
-2.40625
-2.390625
-2.375
-2.3671875
-2.359375
-2.3515625
-2.34375
-2.3359375
-2.328125
-2.3203125
-2.3125
-2.3046875
-2.296875
-2.2890625
-2.28125
-2.27734375
-2.2734375
-2.26953125
-2.265625
-2.26171875
-2.2578125
-2.255859375
-2.25390625
-2.251953125
-2.2509765625
-2.250244140625
-2.25006103515625
-2.125
-2.124755859375
-2.1240234375
-2.123046875
-2.12109375
-2.119140625
-2.1171875
-2.11328125
-2.109375
-2.10546875
-2.1015625
-2.09765625
-2.09375
-2.0859375
-2.078125
-2.0703125
-2.0625
-2.0546875
-2.046875
-2.0390625
-2.03125
-2.0234375
-2.015625
-2.0078125
-2
-1.984375
-1.96875
-1.953125
-1.9375
-1.921875
-1.90625
-1.890625
-1.875
-1.859375
-1.84375
-1.828125
-1.8125
-1.796875
-1.78125
-1.765625
-1.75
-1.734375
-1.71875
-1.703125
-1.6875
-1.671875
-1.65625
-1.640625
-1.625
-1.59375
-1.5625
-1.53125
-1.5
-1.46875
-1.4375
-1.40625
-1.375
-1.34375
-1.3125
-1.28125
-1.25
-1.21875
-1.1875
-1.15625
-1.125
-1.0625
-1
-0.9375
-0.875
-0.8125
-0.75
-0.6875
-0.625
-0.5625
-0.5
-0.4375
-0.375
-0.3125
-0.25
-0.1875
-0.125
0
0.125
0.25
0.375
0.5
0.625
0.75
0.875
1
1.125
1.25
1.375
1.5
1.625
1.75
1.875
2.375
2.875
3.375
3.875
4.375
4.875
5.375
5.875
6.875
7.875
8.875
9.875
10.875
11.875
12.875
13.875
17.875
21.875
25.875
29.875
37.875
45.875
53.875
61.875
93.875
125.875
189.875
253.875
509.875
1021.875
4093.875
-4098.125
-1026.125
-514.125
-258.125
-194.125
-130.125
-98.125
-66.125
-58.125
-50.125
-42.125
-34.125
-30.125
-26.125
-22.125
-18.125
-17.125
-16.125
-15.125
-14.125
-13.125
-12.125
-11.125
-10.125
-9.625
-9.125
-8.625
-8.125
-7.625
-7.125
-6.625
-6.125
-6
-5.875
-5.75
-5.625
-5.5
-5.375
-5.25
-5.125
-5
-4.875
-4.75
-4.625
-4.5
-4.375
-4.25
-4.125
-4.0625
-4
-3.9375
-3.875
-3.8125
-3.75
-3.6875
-3.625
-3.5625
-3.5
-3.4375
-3.375
-3.3125
-3.25
-3.1875
-3.125
-3.09375
-3.0625
-3.03125
-3
-2.96875
-2.9375
-2.90625
-2.875
-2.84375
-2.8125
-2.78125
-2.75
-2.71875
-2.6875
-2.65625
-2.625
-2.609375
-2.59375
-2.578125
-2.5625
-2.546875
-2.53125
-2.515625
-2.5
-2.484375
-2.46875
-2.453125
-2.4375
-2.421875
-2.40625
-2.390625
-2.375
-2.359375
-2.34375
-2.328125
-2.3125
-2.296875
-2.28125
-2.265625
-2.25
-2.2421875
-2.234375
-2.2265625
-2.21875
-2.2109375
-2.203125
-2.1953125
-2.1875
-2.1796875
-2.171875
-2.1640625
-2.15625
-2.15234375
-2.1484375
-2.14453125
-2.140625
-2.13671875
-2.1328125
-2.130859375
-2.12890625
-2.126953125
-2.1259765625
-2.125244140625
-2.12506103515625
-2
-1.999755859375
-1.9990234375
-1.998046875
-1.99609375
-1.994140625
-1.9921875
-1.98828125
-1.984375
-1.98046875
-1.9765625
-1.97265625
-1.96875
-1.9609375
-1.953125
-1.9453125
-1.9375
-1.9296875
-1.921875
-1.9140625
-1.90625
-1.8984375
-1.890625
-1.8828125
-1.875
-1.859375
-1.84375
-1.828125
-1.8125
-1.796875
-1.78125
-1.765625
-1.75
-1.734375
-1.71875
-1.703125
-1.6875
-1.671875
-1.65625
-1.640625
-1.625
-1.609375
-1.59375
-1.578125
-1.5625
-1.546875
-1.53125
-1.515625
-1.5
-1.46875
-1.4375
-1.40625
-1.375
-1.34375
-1.3125
-1.28125
-1.25
-1.21875
-1.1875
-1.15625
-1.125
-1.09375
-1.0625
-1.03125
-1
-0.9375
-0.875
-0.8125
-0.75
-0.6875
-0.625
-0.5625
-0.5
-0.4375
-0.375
-0.3125
-0.25
-0.1875
-0.125
-0.0625
0
0.125
0.25
0.375
0.5
0.625
0.75
0.875
1
1.125
1.25
1.375
1.5
1.625
1.75
1.875
2
2.5
3
3.5
4
4.5
5
5.5
6
7
8
9
10
11
12
13
14
18
22
26
30
38
46
54
62
94
126
190
254
510
1022
4094
-4098
-1026
-514
-258
-194
-130
-98
-66
-58
-50
-42
-34
-30
-26
-22
-18
-17
-16
-15
-14
-13
-12
-11
-10
-9.5
-9
-8.5
-8
-7.5
-7
-6.5
-6
-5.875
-5.75
-5.625
-5.5
-5.375
-5.25
-5.125
-5
-4.875
-4.75
-4.625
-4.5
-4.375
-4.25
-4.125
-4
-3.9375
-3.875
-3.8125
-3.75
-3.6875
-3.625
-3.5625
-3.5
-3.4375
-3.375
-3.3125
-3.25
-3.1875
-3.125
-3.0625
-3
-2.96875
-2.9375
-2.90625
-2.875
-2.84375
-2.8125
-2.78125
-2.75
-2.71875
-2.6875
-2.65625
-2.625
-2.59375
-2.5625
-2.53125
-2.5
-2.484375
-2.46875
-2.453125
-2.4375
-2.421875
-2.40625
-2.390625
-2.375
-2.359375
-2.34375
-2.328125
-2.3125
-2.296875
-2.28125
-2.265625
-2.25
-2.234375
-2.21875
-2.203125
-2.1875
-2.171875
-2.15625
-2.140625
-2.125
-2.1171875
-2.109375
-2.1015625
-2.09375
-2.0859375
-2.078125
-2.0703125
-2.0625
-2.0546875
-2.046875
-2.0390625
-2.03125
-2.02734375
-2.0234375
-2.01953125
-2.015625
-2.01171875
-2.0078125
-2.005859375
-2.00390625
-2.001953125
-2.0009765625
-2.000244140625
-2.00006103515625
-1.9375
-1.937255859375
-1.9365234375
-1.935546875
-1.93359375
-1.931640625
-1.9296875
-1.92578125
-1.921875
-1.91796875
-1.9140625
-1.91015625
-1.90625
-1.8984375
-1.890625
-1.8828125
-1.875
-1.8671875
-1.859375
-1.8515625
-1.84375
-1.8359375
-1.828125
-1.8203125
-1.8125
-1.796875
-1.78125
-1.765625
-1.75
-1.734375
-1.71875
-1.703125
-1.6875
-1.671875
-1.65625
-1.640625
-1.625
-1.609375
-1.59375
-1.578125
-1.5625
-1.546875
-1.53125
-1.515625
-1.5
-1.484375
-1.46875
-1.453125
-1.4375
-1.40625
-1.375
-1.34375
-1.3125
-1.28125
-1.25
-1.21875
-1.1875
-1.15625
-1.125
-1.09375
-1.0625
-1.03125
-1
-0.96875
-0.9375
-0.875
-0.8125
-0.75
-0.6875
-0.625
-0.5625
-0.5
-0.4375
-0.375
-0.3125
-0.25
-0.1875
-0.125
-0.0625
0
0.0625
0.1875
0.3125
0.4375
0.5625
0.6875
0.8125
0.9375
1.0625
1.1875
1.3125
1.4375
1.5625
1.6875
1.8125
1.9375
2.0625
2.5625
3.0625
3.5625
4.0625
4.5625
5.0625
5.5625
6.0625
7.0625
8.0625
9.0625
10.0625
11.0625
12.0625
13.0625
14.0625
18.0625
22.0625
26.0625
30.0625
38.0625
46.0625
54.0625
62.0625
94.0625
126.0625
190.0625
254.0625
510.0625
1022.0625
4094.0625
-4097.9375
-1025.9375
-513.9375
-257.9375
-193.9375
-129.9375
-97.9375
-65.9375
-57.9375
-49.9375
-41.9375
-33.9375
-29.9375
-25.9375
-21.9375
-17.9375
-16.9375
-15.9375
-14.9375
-13.9375
-12.9375
-11.9375
-10.9375
-9.9375
-9.4375
-8.9375
-8.4375
-7.9375
-7.4375
-6.9375
-6.4375
-5.9375
-5.8125
-5.6875
-5.5625
-5.4375
-5.3125
-5.1875
-5.0625
-4.9375
-4.8125
-4.6875
-4.5625
-4.4375
-4.3125
-4.1875
-4.0625
-3.9375
-3.875
-3.8125
-3.75
-3.6875
-3.625
-3.5625
-3.5
-3.4375
-3.375
-3.3125
-3.25
-3.1875
-3.125
-3.0625
-3
-2.9375
-2.90625
-2.875
-2.84375
-2.8125
-2.78125
-2.75
-2.71875
-2.6875
-2.65625
-2.625
-2.59375
-2.5625
-2.53125
-2.5
-2.46875
-2.4375
-2.421875
-2.40625
-2.390625
-2.375
-2.359375
-2.34375
-2.328125
-2.3125
-2.296875
-2.28125
-2.265625
-2.25
-2.234375
-2.21875
-2.203125
-2.1875
-2.171875
-2.15625
-2.140625
-2.125
-2.109375
-2.09375
-2.078125
-2.0625
-2.0546875
-2.046875
-2.0390625
-2.03125
-2.0234375
-2.015625
-2.0078125
-2
-1.9921875
-1.984375
-1.9765625
-1.96875
-1.96484375
-1.9609375
-1.95703125
-1.953125
-1.94921875
-1.9453125
-1.943359375
-1.94140625
-1.939453125
-1.9384765625
-1.937744140625
-1.93756103515625
-1.875
-1.874755859375
-1.8740234375
-1.873046875
-1.87109375
-1.869140625
-1.8671875
-1.86328125
-1.859375
-1.85546875
-1.8515625
-1.84765625
-1.84375
-1.8359375
-1.828125
-1.8203125
-1.8125
-1.8046875
-1.796875
-1.7890625
-1.78125
-1.7734375
-1.765625
-1.7578125
-1.75
-1.734375
-1.71875
-1.703125
-1.6875
-1.671875
-1.65625
-1.640625
-1.625
-1.609375
-1.59375
-1.578125
-1.5625
-1.546875
-1.53125
-1.515625
-1.5
-1.484375
-1.46875
-1.453125
-1.4375
-1.421875
-1.40625
-1.390625
-1.375
-1.34375
-1.3125
-1.28125
-1.25
-1.21875
-1.1875
-1.15625
-1.125
-1.09375
-1.0625
-1.03125
-1
-0.96875
-0.9375
-0.90625
-0.875
-0.8125
-0.75
-0.6875
-0.625
-0.5625
-0.5
-0.4375
-0.375
-0.3125
-0.25
-0.1875
-0.125
-0.0625
0
0.0625
0.125
0.25
0.375
0.5
0.625
0.75
0.875
1
1.125
1.25
1.375
1.5
1.625
1.75
1.875
2
2.125
2.625
3.125
3.625
4.125
4.625
5.125
5.625
6.125
7.125
8.125
9.125
10.125
11.125
12.125
13.125
14.125
18.125
22.125
26.125
30.125
38.125
46.125
54.125
62.125
94.125
126.125
190.125
254.125
510.125
1022.125
4094.125
-4097.875
-1025.875
-513.875
-257.875
-193.875
-129.875
-97.875
-65.875
-57.875
-49.875
-41.875
-33.875
-29.875
-25.875
-21.875
-17.875
-16.875
-15.875
-14.875
-13.875
-12.875
-11.875
-10.875
-9.875
-9.375
-8.875
-8.375
-7.875
-7.375
-6.875
-6.375
-5.875
-5.75
-5.625
-5.5
-5.375
-5.25
-5.125
-5
-4.875
-4.75
-4.625
-4.5
-4.375
-4.25
-4.125
-4
-3.875
-3.8125
-3.75
-3.6875
-3.625
-3.5625
-3.5
-3.4375
-3.375
-3.3125
-3.25
-3.1875
-3.125
-3.0625
-3
-2.9375
-2.875
-2.84375
-2.8125
-2.78125
-2.75
-2.71875
-2.6875
-2.65625
-2.625
-2.59375
-2.5625
-2.53125
-2.5
-2.46875
-2.4375
-2.40625
-2.375
-2.359375
-2.34375
-2.328125
-2.3125
-2.296875
-2.28125
-2.265625
-2.25
-2.234375
-2.21875
-2.203125
-2.1875
-2.171875
-2.15625
-2.140625
-2.125
-2.109375
-2.09375
-2.078125
-2.0625
-2.046875
-2.03125
-2.015625
-2
-1.9921875
-1.984375
-1.9765625
-1.96875
-1.9609375
-1.953125
-1.9453125
-1.9375
-1.9296875
-1.921875
-1.9140625
-1.90625
-1.90234375
-1.8984375
-1.89453125
-1.890625
-1.88671875
-1.8828125
-1.880859375
-1.87890625
-1.876953125
-1.8759765625
-1.875244140625
-1.87506103515625
-1.8125
-1.812255859375
-1.8115234375
-1.810546875
-1.80859375
-1.806640625
-1.8046875
-1.80078125
-1.796875
-1.79296875
-1.7890625
-1.78515625
-1.78125
-1.7734375
-1.765625
-1.7578125
-1.75
-1.7421875
-1.734375
-1.7265625
-1.71875
-1.7109375
-1.703125
-1.6953125
-1.6875
-1.671875
-1.65625
-1.640625
-1.625
-1.609375
-1.59375
-1.578125
-1.5625
-1.546875
-1.53125
-1.515625
-1.5
-1.484375
-1.46875
-1.453125
-1.4375
-1.421875
-1.40625
-1.390625
-1.375
-1.359375
-1.34375
-1.328125
-1.3125
-1.28125
-1.25
-1.21875
-1.1875
-1.15625
-1.125
-1.09375
-1.0625
-1.03125
-1
-0.96875
-0.9375
-0.90625
-0.875
-0.84375
-0.8125
-0.75
-0.6875
-0.625
-0.5625
-0.5
-0.4375
-0.375
-0.3125
-0.25
-0.1875
-0.125
-0.0625
0
0.0625
0.125
0.1875
0.3125
0.4375
0.5625
0.6875
0.8125
0.9375
1.0625
1.1875
1.3125
1.4375
1.5625
1.6875
1.8125
1.9375
2.0625
2.1875
2.6875
3.1875
3.6875
4.1875
4.6875
5.1875
5.6875
6.1875
7.1875
8.1875
9.1875
10.1875
11.1875
12.1875
13.1875
14.1875
18.1875
22.1875
26.1875
30.1875
38.1875
46.1875
54.1875
62.1875
94.1875
126.1875
190.1875
254.1875
510.1875
1022.1875
4094.1875
-4097.8125
-1025.8125
-513.8125
-257.8125
-193.8125
-129.8125
-97.8125
-65.8125
-57.8125
-49.8125
-41.8125
-33.8125
-29.8125
-25.8125
-21.8125
-17.8125
-16.8125
-15.8125
-14.8125
-13.8125
-12.8125
-11.8125
-10.8125
-9.8125
-9.3125
-8.8125
-8.3125
-7.8125
-7.3125
-6.8125
-6.3125
-5.8125
-5.6875
-5.5625
-5.4375
-5.3125
-5.1875
-5.0625
-4.9375
-4.8125
-4.6875
-4.5625
-4.4375
-4.3125
-4.1875
-4.0625
-3.9375
-3.8125
-3.75
-3.6875
-3.625
-3.5625
-3.5
-3.4375
-3.375
-3.3125
-3.25
-3.1875
-3.125
-3.0625
-3
-2.9375
-2.875
-2.8125
-2.78125
-2.75
-2.71875
-2.6875
-2.65625
-2.625
-2.59375
-2.5625
-2.53125
-2.5
-2.46875
-2.4375
-2.40625
-2.375
-2.34375
-2.3125
-2.296875
-2.28125
-2.265625
-2.25
-2.234375
-2.21875
-2.203125
-2.1875
-2.171875
-2.15625
-2.140625
-2.125
-2.109375
-2.09375
-2.078125
-2.0625
-2.046875
-2.03125
-2.015625
-2
-1.984375
-1.96875
-1.953125
-1.9375
-1.9296875
-1.921875
-1.9140625
-1.90625
-1.8984375
-1.890625
-1.8828125
-1.875
-1.8671875
-1.859375
-1.8515625
-1.84375
-1.83984375
-1.8359375
-1.83203125
-1.828125
-1.82421875
-1.8203125
-1.818359375
-1.81640625
-1.814453125
-1.8134765625
-1.812744140625
-1.81256103515625
-1.75
-1.749755859375
-1.7490234375
-1.748046875
-1.74609375
-1.744140625
-1.7421875
-1.73828125
-1.734375
-1.73046875
-1.7265625
-1.72265625
-1.71875
-1.7109375
-1.703125
-1.6953125
-1.6875
-1.6796875
-1.671875
-1.6640625
-1.65625
-1.6484375
-1.640625
-1.6328125
-1.625
-1.609375
-1.59375
-1.578125
-1.5625
-1.546875
-1.53125
-1.515625
-1.5
-1.484375
-1.46875
-1.453125
-1.4375
-1.421875
-1.40625
-1.390625
-1.375
-1.359375
-1.34375
-1.328125
-1.3125
-1.296875
-1.28125
-1.265625
-1.25
-1.21875
-1.1875
-1.15625
-1.125
-1.09375
-1.0625
-1.03125
-1
-0.96875
-0.9375
-0.90625
-0.875
-0.84375
-0.8125
-0.78125
-0.75
-0.6875
-0.625
-0.5625
-0.5
-0.4375
-0.375
-0.3125
-0.25
-0.1875
-0.125
-0.0625
0
0.0625
0.125
0.1875
0.25
0.375
0.5
0.625
0.75
0.875
1
1.125
1.25
1.375
1.5
1.625
1.75
1.875
2
2.125
2.25
2.75
3.25
3.75
4.25
4.75
5.25
5.75
6.25
7.25
8.25
9.25
10.25
11.25
12.25
13.25
14.25
18.25
22.25
26.25
30.25
38.25
46.25
54.25
62.25
94.25
126.25
190.25
254.25
510.25
1022.25
4094.25
-4097.75
-1025.75
-513.75
-257.75
-193.75
-129.75
-97.75
-65.75
-57.75
-49.75
-41.75
-33.75
-29.75
-25.75
-21.75
-17.75
-16.75
-15.75
-14.75
-13.75
-12.75
-11.75
-10.75
-9.75
-9.25
-8.75
-8.25
-7.75
-7.25
-6.75
-6.25
-5.75
-5.625
-5.5
-5.375
-5.25
-5.125
-5
-4.875
-4.75
-4.625
-4.5
-4.375
-4.25
-4.125
-4
-3.875
-3.75
-3.6875
-3.625
-3.5625
-3.5
-3.4375
-3.375
-3.3125
-3.25
-3.1875
-3.125
-3.0625
-3
-2.9375
-2.875
-2.8125
-2.75
-2.71875
-2.6875
-2.65625
-2.625
-2.59375
-2.5625
-2.53125
-2.5
-2.46875
-2.4375
-2.40625
-2.375
-2.34375
-2.3125
-2.28125
-2.25
-2.234375
-2.21875
-2.203125
-2.1875
-2.171875
-2.15625
-2.140625
-2.125
-2.109375
-2.09375
-2.078125
-2.0625
-2.046875
-2.03125
-2.015625
-2
-1.984375
-1.96875
-1.953125
-1.9375
-1.921875
-1.90625
-1.890625
-1.875
-1.8671875
-1.859375
-1.8515625
-1.84375
-1.8359375
-1.828125
-1.8203125
-1.8125
-1.8046875
-1.796875
-1.7890625
-1.78125
-1.77734375
-1.7734375
-1.76953125
-1.765625
-1.76171875
-1.7578125
-1.755859375
-1.75390625
-1.751953125
-1.7509765625
-1.750244140625
-1.75006103515625
-1.6875
-1.687255859375
-1.6865234375
-1.685546875
-1.68359375
-1.681640625
-1.6796875
-1.67578125
-1.671875
-1.66796875
-1.6640625
-1.66015625
-1.65625
-1.6484375
-1.640625
-1.6328125
-1.625
-1.6171875
-1.609375
-1.6015625
-1.59375
-1.5859375
-1.578125
-1.5703125
-1.5625
-1.546875
-1.53125
-1.515625
-1.5
-1.484375
-1.46875
-1.453125
-1.4375
-1.421875
-1.40625
-1.390625
-1.375
-1.359375
-1.34375
-1.328125
-1.3125
-1.296875
-1.28125
-1.265625
-1.25
-1.234375
-1.21875
-1.203125
-1.1875
-1.15625
-1.125
-1.09375
-1.0625
-1.03125
-1
-0.96875
-0.9375
-0.90625
-0.875
-0.84375
-0.8125
-0.78125
-0.75
-0.71875
-0.6875
-0.625
-0.5625
-0.5
-0.4375
-0.375
-0.3125
-0.25
-0.1875
-0.125
-0.0625
0
0.0625
0.125
0.1875
0.25
0.3125
0.4375
0.5625
0.6875
0.8125
0.9375
1.0625
1.1875
1.3125
1.4375
1.5625
1.6875
1.8125
1.9375
2.0625
2.1875
2.3125
2.8125
3.3125
3.8125
4.3125
4.8125
5.3125
5.8125
6.3125
7.3125
8.3125
9.3125
10.3125
11.3125
12.3125
13.3125
14.3125
18.3125
22.3125
26.3125
30.3125
38.3125
46.3125
54.3125
62.3125
94.3125
126.3125
190.3125
254.3125
510.3125
1022.3125
4094.3125
-4097.6875
-1025.6875
-513.6875
-257.6875
-193.6875
-129.6875
-97.6875
-65.6875
-57.6875
-49.6875
-41.6875
-33.6875
-29.6875
-25.6875
-21.6875
-17.6875
-16.6875
-15.6875
-14.6875
-13.6875
-12.6875
-11.6875
-10.6875
-9.6875
-9.1875
-8.6875
-8.1875
-7.6875
-7.1875
-6.6875
-6.1875
-5.6875
-5.5625
-5.4375
-5.3125
-5.1875
-5.0625
-4.9375
-4.8125
-4.6875
-4.5625
-4.4375
-4.3125
-4.1875
-4.0625
-3.9375
-3.8125
-3.6875
-3.625
-3.5625
-3.5
-3.4375
-3.375
-3.3125
-3.25
-3.1875
-3.125
-3.0625
-3
-2.9375
-2.875
-2.8125
-2.75
-2.6875
-2.65625
-2.625
-2.59375
-2.5625
-2.53125
-2.5
-2.46875
-2.4375
-2.40625
-2.375
-2.34375
-2.3125
-2.28125
-2.25
-2.21875
-2.1875
-2.171875
-2.15625
-2.140625
-2.125
-2.109375
-2.09375
-2.078125
-2.0625
-2.046875
-2.03125
-2.015625
-2
-1.984375
-1.96875
-1.953125
-1.9375
-1.921875
-1.90625
-1.890625
-1.875
-1.859375
-1.84375
-1.828125
-1.8125
-1.8046875
-1.796875
-1.7890625
-1.78125
-1.7734375
-1.765625
-1.7578125
-1.75
-1.7421875
-1.734375
-1.7265625
-1.71875
-1.71484375
-1.7109375
-1.70703125
-1.703125
-1.69921875
-1.6953125
-1.693359375
-1.69140625
-1.689453125
-1.6884765625
-1.687744140625
-1.68756103515625
-1.625
-1.624755859375
-1.6240234375
-1.623046875
-1.62109375
-1.619140625
-1.6171875
-1.61328125
-1.609375
-1.60546875
-1.6015625
-1.59765625
-1.59375
-1.5859375
-1.578125
-1.5703125
-1.5625
-1.5546875
-1.546875
-1.5390625
-1.53125
-1.5234375
-1.515625
-1.5078125
-1.5
-1.484375
-1.46875
-1.453125
-1.4375
-1.421875
-1.40625
-1.390625
-1.375
-1.359375
-1.34375
-1.328125
-1.3125
-1.296875
-1.28125
-1.265625
-1.25
-1.234375
-1.21875
-1.203125
-1.1875
-1.171875
-1.15625
-1.140625
-1.125
-1.09375
-1.0625
-1.03125
-1
-0.96875
-0.9375
-0.90625
-0.875
-0.84375
-0.8125
-0.78125
-0.75
-0.71875
-0.6875
-0.65625
-0.625
-0.5625
-0.5
-0.4375
-0.375
-0.3125
-0.25
-0.1875
-0.125
-0.0625
0
0.0625
0.125
0.1875
0.25
0.3125
0.375
0.5
0.625
0.75
0.875
1
1.125
1.25
1.375
1.5
1.625
1.75
1.875
2
2.125
2.25
2.375
2.875
3.375
3.875
4.375
4.875
5.375
5.875
6.375
7.375
8.375
9.375
10.375
11.375
12.375
13.375
14.375
18.375
22.375
26.375
30.375
38.375
46.375
54.375
62.375
94.375
126.375
190.375
254.375
510.375
1022.375
4094.375
-4097.625
-1025.625
-513.625
-257.625
-193.625
-129.625
-97.625
-65.625
-57.625
-49.625
-41.625
-33.625
-29.625
-25.625
-21.625
-17.625
-16.625
-15.625
-14.625
-13.625
-12.625
-11.625
-10.625
-9.625
-9.125
-8.625
-8.125
-7.625
-7.125
-6.625
-6.125
-5.625
-5.5
-5.375
-5.25
-5.125
-5
-4.875
-4.75
-4.625
-4.5
-4.375
-4.25
-4.125
-4
-3.875
-3.75
-3.625
-3.5625
-3.5
-3.4375
-3.375
-3.3125
-3.25
-3.1875
-3.125
-3.0625
-3
-2.9375
-2.875
-2.8125
-2.75
-2.6875
-2.625
-2.59375
-2.5625
-2.53125
-2.5
-2.46875
-2.4375
-2.40625
-2.375
-2.34375
-2.3125
-2.28125
-2.25
-2.21875
-2.1875
-2.15625
-2.125
-2.109375
-2.09375
-2.078125
-2.0625
-2.046875
-2.03125
-2.015625
-2
-1.984375
-1.96875
-1.953125
-1.9375
-1.921875
-1.90625
-1.890625
-1.875
-1.859375
-1.84375
-1.828125
-1.8125
-1.796875
-1.78125
-1.765625
-1.75
-1.7421875
-1.734375
-1.7265625
-1.71875
-1.7109375
-1.703125
-1.6953125
-1.6875
-1.6796875
-1.671875
-1.6640625
-1.65625
-1.65234375
-1.6484375
-1.64453125
-1.640625
-1.63671875
-1.6328125
-1.630859375
-1.62890625
-1.626953125
-1.6259765625
-1.625244140625
-1.62506103515625
-1.5625
-1.562255859375
-1.5615234375
-1.560546875
-1.55859375
-1.556640625
-1.5546875
-1.55078125
-1.546875
-1.54296875
-1.5390625
-1.53515625
-1.53125
-1.5234375
-1.515625
-1.5078125
-1.5
-1.4921875
-1.484375
-1.4765625
-1.46875
-1.4609375
-1.453125
-1.4453125
-1.4375
-1.421875
-1.40625
-1.390625
-1.375
-1.359375
-1.34375
-1.328125
-1.3125
-1.296875
-1.28125
-1.265625
-1.25
-1.234375
-1.21875
-1.203125
-1.1875
-1.171875
-1.15625
-1.140625
-1.125
-1.109375
-1.09375
-1.078125
-1.0625
-1.03125
-1
-0.96875
-0.9375
-0.90625
-0.875
-0.84375
-0.8125
-0.78125
-0.75
-0.71875
-0.6875
-0.65625
-0.625
-0.59375
-0.5625
-0.5
-0.4375
-0.375
-0.3125
-0.25
-0.1875
-0.125
-0.0625
0
0.0625
0.125
0.1875
0.25
0.3125
0.375
0.4375
0.5625
0.6875
0.8125
0.9375
1.0625
1.1875
1.3125
1.4375
1.5625
1.6875
1.8125
1.9375
2.0625
2.1875
2.3125
2.4375
2.9375
3.4375
3.9375
4.4375
4.9375
5.4375
5.9375
6.4375
7.4375
8.4375
9.4375
10.4375
11.4375
12.4375
13.4375
14.4375
18.4375
22.4375
26.4375
30.4375
38.4375
46.4375
54.4375
62.4375
94.4375
126.4375
190.4375
254.4375
510.4375
1022.4375
4094.4375
-4097.5625
-1025.5625
-513.5625
-257.5625
-193.5625
-129.5625
-97.5625
-65.5625
-57.5625
-49.5625
-41.5625
-33.5625
-29.5625
-25.5625
-21.5625
-17.5625
-16.5625
-15.5625
-14.5625
-13.5625
-12.5625
-11.5625
-10.5625
-9.5625
-9.0625
-8.5625
-8.0625
-7.5625
-7.0625
-6.5625
-6.0625
-5.5625
-5.4375
-5.3125
-5.1875
-5.0625
-4.9375
-4.8125
-4.6875
-4.5625
-4.4375
-4.3125
-4.1875
-4.0625
-3.9375
-3.8125
-3.6875
-3.5625
-3.5
-3.4375
-3.375
-3.3125
-3.25
-3.1875
-3.125
-3.0625
-3
-2.9375
-2.875
-2.8125
-2.75
-2.6875
-2.625
-2.5625
-2.53125
-2.5
-2.46875
-2.4375
-2.40625
-2.375
-2.34375
-2.3125
-2.28125
-2.25
-2.21875
-2.1875
-2.15625
-2.125
-2.09375
-2.0625
-2.046875
-2.03125
-2.015625
-2
-1.984375
-1.96875
-1.953125
-1.9375
-1.921875
-1.90625
-1.890625
-1.875
-1.859375
-1.84375
-1.828125
-1.8125
-1.796875
-1.78125
-1.765625
-1.75
-1.734375
-1.71875
-1.703125
-1.6875
-1.6796875
-1.671875
-1.6640625
-1.65625
-1.6484375
-1.640625
-1.6328125
-1.625
-1.6171875
-1.609375
-1.6015625
-1.59375
-1.58984375
-1.5859375
-1.58203125
-1.578125
-1.57421875
-1.5703125
-1.568359375
-1.56640625
-1.564453125
-1.5634765625
-1.562744140625
-1.56256103515625
-1.5
-1.499755859375
-1.4990234375
-1.498046875
-1.49609375
-1.494140625
-1.4921875
-1.48828125
-1.484375
-1.48046875
-1.4765625
-1.47265625
-1.46875
-1.4609375
-1.453125
-1.4453125
-1.4375
-1.4296875
-1.421875
-1.4140625
-1.40625
-1.3984375
-1.390625
-1.3828125
-1.375
-1.359375
-1.34375
-1.328125
-1.3125
-1.296875
-1.28125
-1.265625
-1.25
-1.234375
-1.21875
-1.203125
-1.1875
-1.171875
-1.15625
-1.140625
-1.125
-1.109375
-1.09375
-1.078125
-1.0625
-1.046875
-1.03125
-1.015625
-1
-0.96875
-0.9375
-0.90625
-0.875
-0.84375
-0.8125
-0.78125
-0.75
-0.71875
-0.6875
-0.65625
-0.625
-0.59375
-0.5625
-0.53125
-0.5
-0.4375
-0.375
-0.3125
-0.25
-0.1875
-0.125
-0.0625
0
0.0625
0.125
0.1875
0.25
0.3125
0.375
0.4375
0.5
0.625
0.75
0.875
1
1.125
1.25
1.375
1.5
1.625
1.75
1.875
2
2.125
2.25
2.375
2.5
3
3.5
4
4.5
5
5.5
6
6.5
7.5
8.5
9.5
10.5
11.5
12.5
13.5
14.5
18.5
22.5
26.5
30.5
38.5
46.5
54.5
62.5
94.5
126.5
190.5
254.5
510.5
1022.5
4094.5
-4097.5
-1025.5
-513.5
-257.5
-193.5
-129.5
-97.5
-65.5
-57.5
-49.5
-41.5
-33.5
-29.5
-25.5
-21.5
-17.5
-16.5
-15.5
-14.5
-13.5
-12.5
-11.5
-10.5
-9.5
-9
-8.5
-8
-7.5
-7
-6.5
-6
-5.5
-5.375
-5.25
-5.125
-5
-4.875
-4.75
-4.625
-4.5
-4.375
-4.25
-4.125
-4
-3.875
-3.75
-3.625
-3.5
-3.4375
-3.375
-3.3125
-3.25
-3.1875
-3.125
-3.0625
-3
-2.9375
-2.875
-2.8125
-2.75
-2.6875
-2.625
-2.5625
-2.5
-2.46875
-2.4375
-2.40625
-2.375
-2.34375
-2.3125
-2.28125
-2.25
-2.21875
-2.1875
-2.15625
-2.125
-2.09375
-2.0625
-2.03125
-2
-1.984375
-1.96875
-1.953125
-1.9375
-1.921875
-1.90625
-1.890625
-1.875
-1.859375
-1.84375
-1.828125
-1.8125
-1.796875
-1.78125
-1.765625
-1.75
-1.734375
-1.71875
-1.703125
-1.6875
-1.671875
-1.65625
-1.640625
-1.625
-1.6171875
-1.609375
-1.6015625
-1.59375
-1.5859375
-1.578125
-1.5703125
-1.5625
-1.5546875
-1.546875
-1.5390625
-1.53125
-1.52734375
-1.5234375
-1.51953125
-1.515625
-1.51171875
-1.5078125
-1.505859375
-1.50390625
-1.501953125
-1.5009765625
-1.500244140625
-1.50006103515625
-1.4375
-1.437255859375
-1.4365234375
-1.435546875
-1.43359375
-1.431640625
-1.4296875
-1.42578125
-1.421875
-1.41796875
-1.4140625
-1.41015625
-1.40625
-1.3984375
-1.390625
-1.3828125
-1.375
-1.3671875
-1.359375
-1.3515625
-1.34375
-1.3359375
-1.328125
-1.3203125
-1.3125
-1.296875
-1.28125
-1.265625
-1.25
-1.234375
-1.21875
-1.203125
-1.1875
-1.171875
-1.15625
-1.140625
-1.125
-1.109375
-1.09375
-1.078125
-1.0625
-1.046875
-1.03125
-1.015625
-1
-0.984375
-0.96875
-0.953125
-0.9375
-0.90625
-0.875
-0.84375
-0.8125
-0.78125
-0.75
-0.71875
-0.6875
-0.65625
-0.625
-0.59375
-0.5625
-0.53125
-0.5
-0.46875
-0.4375
-0.375
-0.3125
-0.25
-0.1875
-0.125
-0.0625
0
0.0625
0.125
0.1875
0.25
0.3125
0.375
0.4375
0.5
0.5625
0.6875
0.8125
0.9375
1.0625
1.1875
1.3125
1.4375
1.5625
1.6875
1.8125
1.9375
2.0625
2.1875
2.3125
2.4375
2.5625
3.0625
3.5625
4.0625
4.5625
5.0625
5.5625
6.0625
6.5625
7.5625
8.5625
9.5625
10.5625
11.5625
12.5625
13.5625
14.5625
18.5625
22.5625
26.5625
30.5625
38.5625
46.5625
54.5625
62.5625
94.5625
126.5625
190.5625
254.5625
510.5625
1022.5625
4094.5625
-4097.4375
-1025.4375
-513.4375
-257.4375
-193.4375
-129.4375
-97.4375
-65.4375
-57.4375
-49.4375
-41.4375
-33.4375
-29.4375
-25.4375
-21.4375
-17.4375
-16.4375
-15.4375
-14.4375
-13.4375
-12.4375
-11.4375
-10.4375
-9.4375
-8.9375
-8.4375
-7.9375
-7.4375
-6.9375
-6.4375
-5.9375
-5.4375
-5.3125
-5.1875
-5.0625
-4.9375
-4.8125
-4.6875
-4.5625
-4.4375
-4.3125
-4.1875
-4.0625
-3.9375
-3.8125
-3.6875
-3.5625
-3.4375
-3.375
-3.3125
-3.25
-3.1875
-3.125
-3.0625
-3
-2.9375
-2.875
-2.8125
-2.75
-2.6875
-2.625
-2.5625
-2.5
-2.4375
-2.40625
-2.375
-2.34375
-2.3125
-2.28125
-2.25
-2.21875
-2.1875
-2.15625
-2.125
-2.09375
-2.0625
-2.03125
-2
-1.96875
-1.9375
-1.921875
-1.90625
-1.890625
-1.875
-1.859375
-1.84375
-1.828125
-1.8125
-1.796875
-1.78125
-1.765625
-1.75
-1.734375
-1.71875
-1.703125
-1.6875
-1.671875
-1.65625
-1.640625
-1.625
-1.609375
-1.59375
-1.578125
-1.5625
-1.5546875
-1.546875
-1.5390625
-1.53125
-1.5234375
-1.515625
-1.5078125
-1.5
-1.4921875
-1.484375
-1.4765625
-1.46875
-1.46484375
-1.4609375
-1.45703125
-1.453125
-1.44921875
-1.4453125
-1.443359375
-1.44140625
-1.439453125
-1.4384765625
-1.437744140625
-1.43756103515625
-1.375
-1.374755859375
-1.3740234375
-1.373046875
-1.37109375
-1.369140625
-1.3671875
-1.36328125
-1.359375
-1.35546875
-1.3515625
-1.34765625
-1.34375
-1.3359375
-1.328125
-1.3203125
-1.3125
-1.3046875
-1.296875
-1.2890625
-1.28125
-1.2734375
-1.265625
-1.2578125
-1.25
-1.234375
-1.21875
-1.203125
-1.1875
-1.171875
-1.15625
-1.140625
-1.125
-1.109375
-1.09375
-1.078125
-1.0625
-1.046875
-1.03125
-1.015625
-1
-0.984375
-0.96875
-0.953125
-0.9375
-0.921875
-0.90625
-0.890625
-0.875
-0.84375
-0.8125
-0.78125
-0.75
-0.71875
-0.6875
-0.65625
-0.625
-0.59375
-0.5625
-0.53125
-0.5
-0.46875
-0.4375
-0.40625
-0.375
-0.3125
-0.25
-0.1875
-0.125
-0.0625
0
0.0625
0.125
0.1875
0.25
0.3125
0.375
0.4375
0.5
0.5625
0.625
0.75
0.875
1
1.125
1.25
1.375
1.5
1.625
1.75
1.875
2
2.125
2.25
2.375
2.5
2.625
3.125
3.625
4.125
4.625
5.125
5.625
6.125
6.625
7.625
8.625
9.625
10.625
11.625
12.625
13.625
14.625
18.625
22.625
26.625
30.625
38.625
46.625
54.625
62.625
94.625
126.625
190.625
254.625
510.625
1022.625
4094.625
-4097.375
-1025.375
-513.375
-257.375
-193.375
-129.375
-97.375
-65.375
-57.375
-49.375
-41.375
-33.375
-29.375
-25.375
-21.375
-17.375
-16.375
-15.375
-14.375
-13.375
-12.375
-11.375
-10.375
-9.375
-8.875
-8.375
-7.875
-7.375
-6.875
-6.375
-5.875
-5.375
-5.25
-5.125
-5
-4.875
-4.75
-4.625
-4.5
-4.375
-4.25
-4.125
-4
-3.875
-3.75
-3.625
-3.5
-3.375
-3.3125
-3.25
-3.1875
-3.125
-3.0625
-3
-2.9375
-2.875
-2.8125
-2.75
-2.6875
-2.625
-2.5625
-2.5
-2.4375
-2.375
-2.34375
-2.3125
-2.28125
-2.25
-2.21875
-2.1875
-2.15625
-2.125
-2.09375
-2.0625
-2.03125
-2
-1.96875
-1.9375
-1.90625
-1.875
-1.859375
-1.84375
-1.828125
-1.8125
-1.796875
-1.78125
-1.765625
-1.75
-1.734375
-1.71875
-1.703125
-1.6875
-1.671875
-1.65625
-1.640625
-1.625
-1.609375
-1.59375
-1.578125
-1.5625
-1.546875
-1.53125
-1.515625
-1.5
-1.4921875
-1.484375
-1.4765625
-1.46875
-1.4609375
-1.453125
-1.4453125
-1.4375
-1.4296875
-1.421875
-1.4140625
-1.40625
-1.40234375
-1.3984375
-1.39453125
-1.390625
-1.38671875
-1.3828125
-1.380859375
-1.37890625
-1.376953125
-1.3759765625
-1.375244140625
-1.37506103515625
-1.3125
-1.312255859375
-1.3115234375
-1.310546875
-1.30859375
-1.306640625
-1.3046875
-1.30078125
-1.296875
-1.29296875
-1.2890625
-1.28515625
-1.28125
-1.2734375
-1.265625
-1.2578125
-1.25
-1.2421875
-1.234375
-1.2265625
-1.21875
-1.2109375
-1.203125
-1.1953125
-1.1875
-1.171875
-1.15625
-1.140625
-1.125
-1.109375
-1.09375
-1.078125
-1.0625
-1.046875
-1.03125
-1.015625
-1
-0.984375
-0.96875
-0.953125
-0.9375
-0.921875
-0.90625
-0.890625
-0.875
-0.859375
-0.84375
-0.828125
-0.8125
-0.78125
-0.75
-0.71875
-0.6875
-0.65625
-0.625
-0.59375
-0.5625
-0.53125
-0.5
-0.46875
-0.4375
-0.40625
-0.375
-0.34375
-0.3125
-0.25
-0.1875
-0.125
-0.0625
0
0.0625
0.125
0.1875
0.25
0.3125
0.375
0.4375
0.5
0.5625
0.625
0.6875
0.8125
0.9375
1.0625
1.1875
1.3125
1.4375
1.5625
1.6875
1.8125
1.9375
2.0625
2.1875
2.3125
2.4375
2.5625
2.6875
3.1875
3.6875
4.1875
4.6875
5.1875
5.6875
6.1875
6.6875
7.6875
8.6875
9.6875
10.6875
11.6875
12.6875
13.6875
14.6875
18.6875
22.6875
26.6875
30.6875
38.6875
46.6875
54.6875
62.6875
94.6875
126.6875
190.6875
254.6875
510.6875
1022.6875
4094.6875
-4097.3125
-1025.3125
-513.3125
-257.3125
-193.3125
-129.3125
-97.3125
-65.3125
-57.3125
-49.3125
-41.3125
-33.3125
-29.3125
-25.3125
-21.3125
-17.3125
-16.3125
-15.3125
-14.3125
-13.3125
-12.3125
-11.3125
-10.3125
-9.3125
-8.8125
-8.3125
-7.8125
-7.3125
-6.8125
-6.3125
-5.8125
-5.3125
-5.1875
-5.0625
-4.9375
-4.8125
-4.6875
-4.5625
-4.4375
-4.3125
-4.1875
-4.0625
-3.9375
-3.8125
-3.6875
-3.5625
-3.4375
-3.3125
-3.25
-3.1875
-3.125
-3.0625
-3
-2.9375
-2.875
-2.8125
-2.75
-2.6875
-2.625
-2.5625
-2.5
-2.4375
-2.375
-2.3125
-2.28125
-2.25
-2.21875
-2.1875
-2.15625
-2.125
-2.09375
-2.0625
-2.03125
-2
-1.96875
-1.9375
-1.90625
-1.875
-1.84375
-1.8125
-1.796875
-1.78125
-1.765625
-1.75
-1.734375
-1.71875
-1.703125
-1.6875
-1.671875
-1.65625
-1.640625
-1.625
-1.609375
-1.59375
-1.578125
-1.5625
-1.546875
-1.53125
-1.515625
-1.5
-1.484375
-1.46875
-1.453125
-1.4375
-1.4296875
-1.421875
-1.4140625
-1.40625
-1.3984375
-1.390625
-1.3828125
-1.375
-1.3671875
-1.359375
-1.3515625
-1.34375
-1.33984375
-1.3359375
-1.33203125
-1.328125
-1.32421875
-1.3203125
-1.318359375
-1.31640625
-1.314453125
-1.3134765625
-1.312744140625
-1.31256103515625
-1.25
-1.249755859375
-1.2490234375
-1.248046875
-1.24609375
-1.244140625
-1.2421875
-1.23828125
-1.234375
-1.23046875
-1.2265625
-1.22265625
-1.21875
-1.2109375
-1.203125
-1.1953125
-1.1875
-1.1796875
-1.171875
-1.1640625
-1.15625
-1.1484375
-1.140625
-1.1328125
-1.125
-1.109375
-1.09375
-1.078125
-1.0625
-1.046875
-1.03125
-1.015625
-1
-0.984375
-0.96875
-0.953125
-0.9375
-0.921875
-0.90625
-0.890625
-0.875
-0.859375
-0.84375
-0.828125
-0.8125
-0.796875
-0.78125
-0.765625
-0.75
-0.71875
-0.6875
-0.65625
-0.625
-0.59375
-0.5625
-0.53125
-0.5
-0.46875
-0.4375
-0.40625
-0.375
-0.34375
-0.3125
-0.28125
-0.25
-0.1875
-0.125
-0.0625
0
0.0625
0.125
0.1875
0.25
0.3125
0.375
0.4375
0.5
0.5625
0.625
0.6875
0.75
0.875
1
1.125
1.25
1.375
1.5
1.625
1.75
1.875
2
2.125
2.25
2.375
2.5
2.625
2.75
3.25
3.75
4.25
4.75
5.25
5.75
6.25
6.75
7.75
8.75
9.75
10.75
11.75
12.75
13.75
14.75
18.75
22.75
26.75
30.75
38.75
46.75
54.75
62.75
94.75
126.75
190.75
254.75
510.75
1022.75
4094.75
-4097.25
-1025.25
-513.25
-257.25
-193.25
-129.25
-97.25
-65.25
-57.25
-49.25
-41.25
-33.25
-29.25
-25.25
-21.25
-17.25
-16.25
-15.25
-14.25
-13.25
-12.25
-11.25
-10.25
-9.25
-8.75
-8.25
-7.75
-7.25
-6.75
-6.25
-5.75
-5.25
-5.125
-5
-4.875
-4.75
-4.625
-4.5
-4.375
-4.25
-4.125
-4
-3.875
-3.75
-3.625
-3.5
-3.375
-3.25
-3.1875
-3.125
-3.0625
-3
-2.9375
-2.875
-2.8125
-2.75
-2.6875
-2.625
-2.5625
-2.5
-2.4375
-2.375
-2.3125
-2.25
-2.21875
-2.1875
-2.15625
-2.125
-2.09375
-2.0625
-2.03125
-2
-1.96875
-1.9375
-1.90625
-1.875
-1.84375
-1.8125
-1.78125
-1.75
-1.734375
-1.71875
-1.703125
-1.6875
-1.671875
-1.65625
-1.640625
-1.625
-1.609375
-1.59375
-1.578125
-1.5625
-1.546875
-1.53125
-1.515625
-1.5
-1.484375
-1.46875
-1.453125
-1.4375
-1.421875
-1.40625
-1.390625
-1.375
-1.3671875
-1.359375
-1.3515625
-1.34375
-1.3359375
-1.328125
-1.3203125
-1.3125
-1.3046875
-1.296875
-1.2890625
-1.28125
-1.27734375
-1.2734375
-1.26953125
-1.265625
-1.26171875
-1.2578125
-1.255859375
-1.25390625
-1.251953125
-1.2509765625
-1.250244140625
-1.25006103515625
-1.1875
-1.187255859375
-1.1865234375
-1.185546875
-1.18359375
-1.181640625
-1.1796875
-1.17578125
-1.171875
-1.16796875
-1.1640625
-1.16015625
-1.15625
-1.1484375
-1.140625
-1.1328125
-1.125
-1.1171875
-1.109375
-1.1015625
-1.09375
-1.0859375
-1.078125
-1.0703125
-1.0625
-1.046875
-1.03125
-1.015625
-1
-0.984375
-0.96875
-0.953125
-0.9375
-0.921875
-0.90625
-0.890625
-0.875
-0.859375
-0.84375
-0.828125
-0.8125
-0.796875
-0.78125
-0.765625
-0.75
-0.734375
-0.71875
-0.703125
-0.6875
-0.65625
-0.625
-0.59375
-0.5625
-0.53125
-0.5
-0.46875
-0.4375
-0.40625
-0.375
-0.34375
-0.3125
-0.28125
-0.25
-0.21875
-0.1875
-0.125
-0.0625
0
0.0625
0.125
0.1875
0.25
0.3125
0.375
0.4375
0.5
0.5625
0.625
0.6875
0.75
0.8125
0.9375
1.0625
1.1875
1.3125
1.4375
1.5625
1.6875
1.8125
1.9375
2.0625
2.1875
2.3125
2.4375
2.5625
2.6875
2.8125
3.3125
3.8125
4.3125
4.8125
5.3125
5.8125
6.3125
6.8125
7.8125
8.8125
9.8125
10.8125
11.8125
12.8125
13.8125
14.8125
18.8125
22.8125
26.8125
30.8125
38.8125
46.8125
54.8125
62.8125
94.8125
126.8125
190.8125
254.8125
510.8125
1022.8125
4094.8125
-4097.1875
-1025.1875
-513.1875
-257.1875
-193.1875
-129.1875
-97.1875
-65.1875
-57.1875
-49.1875
-41.1875
-33.1875
-29.1875
-25.1875
-21.1875
-17.1875
-16.1875
-15.1875
-14.1875
-13.1875
-12.1875
-11.1875
-10.1875
-9.1875
-8.6875
-8.1875
-7.6875
-7.1875
-6.6875
-6.1875
-5.6875
-5.1875
-5.0625
-4.9375
-4.8125
-4.6875
-4.5625
-4.4375
-4.3125
-4.1875
-4.0625
-3.9375
-3.8125
-3.6875
-3.5625
-3.4375
-3.3125
-3.1875
-3.125
-3.0625
-3
-2.9375
-2.875
-2.8125
-2.75
-2.6875
-2.625
-2.5625
-2.5
-2.4375
-2.375
-2.3125
-2.25
-2.1875
-2.15625
-2.125
-2.09375
-2.0625
-2.03125
-2
-1.96875
-1.9375
-1.90625
-1.875
-1.84375
-1.8125
-1.78125
-1.75
-1.71875
-1.6875
-1.671875
-1.65625
-1.640625
-1.625
-1.609375
-1.59375
-1.578125
-1.5625
-1.546875
-1.53125
-1.515625
-1.5
-1.484375
-1.46875
-1.453125
-1.4375
-1.421875
-1.40625
-1.390625
-1.375
-1.359375
-1.34375
-1.328125
-1.3125
-1.3046875
-1.296875
-1.2890625
-1.28125
-1.2734375
-1.265625
-1.2578125
-1.25
-1.2421875
-1.234375
-1.2265625
-1.21875
-1.21484375
-1.2109375
-1.20703125
-1.203125
-1.19921875
-1.1953125
-1.193359375
-1.19140625
-1.189453125
-1.1884765625
-1.187744140625
-1.18756103515625
-1.125
-1.124755859375
-1.1240234375
-1.123046875
-1.12109375
-1.119140625
-1.1171875
-1.11328125
-1.109375
-1.10546875
-1.1015625
-1.09765625
-1.09375
-1.0859375
-1.078125
-1.0703125
-1.0625
-1.0546875
-1.046875
-1.0390625
-1.03125
-1.0234375
-1.015625
-1.0078125
-1
-0.984375
-0.96875
-0.953125
-0.9375
-0.921875
-0.90625
-0.890625
-0.875
-0.859375
-0.84375
-0.828125
-0.8125
-0.796875
-0.78125
-0.765625
-0.75
-0.734375
-0.71875
-0.703125
-0.6875
-0.671875
-0.65625
-0.640625
-0.625
-0.59375
-0.5625
-0.53125
-0.5
-0.46875
-0.4375
-0.40625
-0.375
-0.34375
-0.3125
-0.28125
-0.25
-0.21875
-0.1875
-0.15625
-0.125
-0.0625
0
0.0625
0.125
0.1875
0.25
0.3125
0.375
0.4375
0.5
0.5625
0.625
0.6875
0.75
0.8125
0.875
1
1.125
1.25
1.375
1.5
1.625
1.75
1.875
2
2.125
2.25
2.375
2.5
2.625
2.75
2.875
3.375
3.875
4.375
4.875
5.375
5.875
6.375
6.875
7.875
8.875
9.875
10.875
11.875
12.875
13.875
14.875
18.875
22.875
26.875
30.875
38.875
46.875
54.875
62.875
94.875
126.875
190.875
254.875
510.875
1022.875
4094.875
-4097.125
-1025.125
-513.125
-257.125
-193.125
-129.125
-97.125
-65.125
-57.125
-49.125
-41.125
-33.125
-29.125
-25.125
-21.125
-17.125
-16.125
-15.125
-14.125
-13.125
-12.125
-11.125
-10.125
-9.125
-8.625
-8.125
-7.625
-7.125
-6.625
-6.125
-5.625
-5.125
-5
-4.875
-4.75
-4.625
-4.5
-4.375
-4.25
-4.125
-4
-3.875
-3.75
-3.625
-3.5
-3.375
-3.25
-3.125
-3.0625
-3
-2.9375
-2.875
-2.8125
-2.75
-2.6875
-2.625
-2.5625
-2.5
-2.4375
-2.375
-2.3125
-2.25
-2.1875
-2.125
-2.09375
-2.0625
-2.03125
-2
-1.96875
-1.9375
-1.90625
-1.875
-1.84375
-1.8125
-1.78125
-1.75
-1.71875
-1.6875
-1.65625
-1.625
-1.609375
-1.59375
-1.578125
-1.5625
-1.546875
-1.53125
-1.515625
-1.5
-1.484375
-1.46875
-1.453125
-1.4375
-1.421875
-1.40625
-1.390625
-1.375
-1.359375
-1.34375
-1.328125
-1.3125
-1.296875
-1.28125
-1.265625
-1.25
-1.2421875
-1.234375
-1.2265625
-1.21875
-1.2109375
-1.203125
-1.1953125
-1.1875
-1.1796875
-1.171875
-1.1640625
-1.15625
-1.15234375
-1.1484375
-1.14453125
-1.140625
-1.13671875
-1.1328125
-1.130859375
-1.12890625
-1.126953125
-1.1259765625
-1.125244140625
-1.12506103515625
-1.0625
-1.062255859375
-1.0615234375
-1.060546875
-1.05859375
-1.056640625
-1.0546875
-1.05078125
-1.046875
-1.04296875
-1.0390625
-1.03515625
-1.03125
-1.0234375
-1.015625
-1.0078125
-1
-0.9921875
-0.984375
-0.9765625
-0.96875
-0.9609375
-0.953125
-0.9453125
-0.9375
-0.921875
-0.90625
-0.890625
-0.875
-0.859375
-0.84375
-0.828125
-0.8125
-0.796875
-0.78125
-0.765625
-0.75
-0.734375
-0.71875
-0.703125
-0.6875
-0.671875
-0.65625
-0.640625
-0.625
-0.609375
-0.59375
-0.578125
-0.5625
-0.53125
-0.5
-0.46875
-0.4375
-0.40625
-0.375
-0.34375
-0.3125
-0.28125
-0.25
-0.21875
-0.1875
-0.15625
-0.125
-0.09375
-0.0625
0
0.0625
0.125
0.1875
0.25
0.3125
0.375
0.4375
0.5
0.5625
0.625
0.6875
0.75
0.8125
0.875
0.9375
1.0625
1.1875
1.3125
1.4375
1.5625
1.6875
1.8125
1.9375
2.0625
2.1875
2.3125
2.4375
2.5625
2.6875
2.8125
2.9375
3.4375
3.9375
4.4375
4.9375
5.4375
5.9375
6.4375
6.9375
7.9375
8.9375
9.9375
10.9375
11.9375
12.9375
13.9375
14.9375
18.9375
22.9375
26.9375
30.9375
38.9375
46.9375
54.9375
62.9375
94.9375
126.9375
190.9375
254.9375
510.9375
1022.9375
4094.9375
-4097.0625
-1025.0625
-513.0625
-257.0625
-193.0625
-129.0625
-97.0625
-65.0625
-57.0625
-49.0625
-41.0625
-33.0625
-29.0625
-25.0625
-21.0625
-17.0625
-16.0625
-15.0625
-14.0625
-13.0625
-12.0625
-11.0625
-10.0625
-9.0625
-8.5625
-8.0625
-7.5625
-7.0625
-6.5625
-6.0625
-5.5625
-5.0625
-4.9375
-4.8125
-4.6875
-4.5625
-4.4375
-4.3125
-4.1875
-4.0625
-3.9375
-3.8125
-3.6875
-3.5625
-3.4375
-3.3125
-3.1875
-3.0625
-3
-2.9375
-2.875
-2.8125
-2.75
-2.6875
-2.625
-2.5625
-2.5
-2.4375
-2.375
-2.3125
-2.25
-2.1875
-2.125
-2.0625
-2.03125
-2
-1.96875
-1.9375
-1.90625
-1.875
-1.84375
-1.8125
-1.78125
-1.75
-1.71875
-1.6875
-1.65625
-1.625
-1.59375
-1.5625
-1.546875
-1.53125
-1.515625
-1.5
-1.484375
-1.46875
-1.453125
-1.4375
-1.421875
-1.40625
-1.390625
-1.375
-1.359375
-1.34375
-1.328125
-1.3125
-1.296875
-1.28125
-1.265625
-1.25
-1.234375
-1.21875
-1.203125
-1.1875
-1.1796875
-1.171875
-1.1640625
-1.15625
-1.1484375
-1.140625
-1.1328125
-1.125
-1.1171875
-1.109375
-1.1015625
-1.09375
-1.08984375
-1.0859375
-1.08203125
-1.078125
-1.07421875
-1.0703125
-1.068359375
-1.06640625
-1.064453125
-1.0634765625
-1.062744140625
-1.06256103515625
-1
-0.999755859375
-0.9990234375
-0.998046875
-0.99609375
-0.994140625
-0.9921875
-0.98828125
-0.984375
-0.98046875
-0.9765625
-0.97265625
-0.96875
-0.9609375
-0.953125
-0.9453125
-0.9375
-0.9296875
-0.921875
-0.9140625
-0.90625
-0.8984375
-0.890625
-0.8828125
-0.875
-0.859375
-0.84375
-0.828125
-0.8125
-0.796875
-0.78125
-0.765625
-0.75
-0.734375
-0.71875
-0.703125
-0.6875
-0.671875
-0.65625
-0.640625
-0.625
-0.609375
-0.59375
-0.578125
-0.5625
-0.546875
-0.53125
-0.515625
-0.5
-0.46875
-0.4375
-0.40625
-0.375
-0.34375
-0.3125
-0.28125
-0.25
-0.21875
-0.1875
-0.15625
-0.125
-0.09375
-0.0625
-0.03125
0
0.0625
0.125
0.1875
0.25
0.3125
0.375
0.4375
0.5
0.5625
0.625
0.6875
0.75
0.8125
0.875
0.9375
1
1.125
1.25
1.375
1.5
1.625
1.75
1.875
2
2.125
2.25
2.375
2.5
2.625
2.75
2.875
3
3.5
4
4.5
5
5.5
6
6.5
7
8
9
10
11
12
13
14
15
19
23
27
31
39
47
55
63
95
127
191
255
511
1023
4095
-4097
-1025
-513
-257
-193
-129
-97
-65
-57
-49
-41
-33
-29
-25
-21
-17
-16
-15
-14
-13
-12
-11
-10
-9
-8.5
-8
-7.5
-7
-6.5
-6
-5.5
-5
-4.875
-4.75
-4.625
-4.5
-4.375
-4.25
-4.125
-4
-3.875
-3.75
-3.625
-3.5
-3.375
-3.25
-3.125
-3
-2.9375
-2.875
-2.8125
-2.75
-2.6875
-2.625
-2.5625
-2.5
-2.4375
-2.375
-2.3125
-2.25
-2.1875
-2.125
-2.0625
-2
-1.96875
-1.9375
-1.90625
-1.875
-1.84375
-1.8125
-1.78125
-1.75
-1.71875
-1.6875
-1.65625
-1.625
-1.59375
-1.5625
-1.53125
-1.5
-1.484375
-1.46875
-1.453125
-1.4375
-1.421875
-1.40625
-1.390625
-1.375
-1.359375
-1.34375
-1.328125
-1.3125
-1.296875
-1.28125
-1.265625
-1.25
-1.234375
-1.21875
-1.203125
-1.1875
-1.171875
-1.15625
-1.140625
-1.125
-1.1171875
-1.109375
-1.1015625
-1.09375
-1.0859375
-1.078125
-1.0703125
-1.0625
-1.0546875
-1.046875
-1.0390625
-1.03125
-1.02734375
-1.0234375
-1.01953125
-1.015625
-1.01171875
-1.0078125
-1.005859375
-1.00390625
-1.001953125
-1.0009765625
-1.000244140625
-1.00006103515625
-0.96875
-0.968505859375
-0.9677734375
-0.966796875
-0.96484375
-0.962890625
-0.9609375
-0.95703125
-0.953125
-0.94921875
-0.9453125
-0.94140625
-0.9375
-0.9296875
-0.921875
-0.9140625
-0.90625
-0.8984375
-0.890625
-0.8828125
-0.875
-0.8671875
-0.859375
-0.8515625
-0.84375
-0.828125
-0.8125
-0.796875
-0.78125
-0.765625
-0.75
-0.734375
-0.71875
-0.703125
-0.6875
-0.671875
-0.65625
-0.640625
-0.625
-0.609375
-0.59375
-0.578125
-0.5625
-0.546875
-0.53125
-0.515625
-0.5
-0.484375
-0.46875
-0.4375
-0.40625
-0.375
-0.34375
-0.3125
-0.28125
-0.25
-0.21875
-0.1875
-0.15625
-0.125
-0.09375
-0.0625
-0.03125
0
0.03125
0.09375
0.15625
0.21875
0.28125
0.34375
0.40625
0.46875
0.53125
0.59375
0.65625
0.71875
0.78125
0.84375
0.90625
0.96875
1.03125
1.15625
1.28125
1.40625
1.53125
1.65625
1.78125
1.90625
2.03125
2.15625
2.28125
2.40625
2.53125
2.65625
2.78125
2.90625
3.03125
3.53125
4.03125
4.53125
5.03125
5.53125
6.03125
6.53125
7.03125
8.03125
9.03125
10.03125
11.03125
12.03125
13.03125
14.03125
15.03125
19.03125
23.03125
27.03125
31.03125
39.03125
47.03125
55.03125
63.03125
95.03125
127.03125
191.03125
255.03125
511.03125
1023.03125
4095.03125
-4096.96875
-1024.96875
-512.96875
-256.96875
-192.96875
-128.96875
-96.96875
-64.96875
-56.96875
-48.96875
-40.96875
-32.96875
-28.96875
-24.96875
-20.96875
-16.96875
-15.96875
-14.96875
-13.96875
-12.96875
-11.96875
-10.96875
-9.96875
-8.96875
-8.46875
-7.96875
-7.46875
-6.96875
-6.46875
-5.96875
-5.46875
-4.96875
-4.84375
-4.71875
-4.59375
-4.46875
-4.34375
-4.21875
-4.09375
-3.96875
-3.84375
-3.71875
-3.59375
-3.46875
-3.34375
-3.21875
-3.09375
-2.96875
-2.90625
-2.84375
-2.78125
-2.71875
-2.65625
-2.59375
-2.53125
-2.46875
-2.40625
-2.34375
-2.28125
-2.21875
-2.15625
-2.09375
-2.03125
-1.96875
-1.9375
-1.90625
-1.875
-1.84375
-1.8125
-1.78125
-1.75
-1.71875
-1.6875
-1.65625
-1.625
-1.59375
-1.5625
-1.53125
-1.5
-1.46875
-1.453125
-1.4375
-1.421875
-1.40625
-1.390625
-1.375
-1.359375
-1.34375
-1.328125
-1.3125
-1.296875
-1.28125
-1.265625
-1.25
-1.234375
-1.21875
-1.203125
-1.1875
-1.171875
-1.15625
-1.140625
-1.125
-1.109375
-1.09375
-1.0859375
-1.078125
-1.0703125
-1.0625
-1.0546875
-1.046875
-1.0390625
-1.03125
-1.0234375
-1.015625
-1.0078125
-1
-0.99609375
-0.9921875
-0.98828125
-0.984375
-0.98046875
-0.9765625
-0.974609375
-0.97265625
-0.970703125
-0.9697265625
-0.968994140625
-0.96881103515625
-0.9375
-0.937255859375
-0.9365234375
-0.935546875
-0.93359375
-0.931640625
-0.9296875
-0.92578125
-0.921875
-0.91796875
-0.9140625
-0.91015625
-0.90625
-0.8984375
-0.890625
-0.8828125
-0.875
-0.8671875
-0.859375
-0.8515625
-0.84375
-0.8359375
-0.828125
-0.8203125
-0.8125
-0.796875
-0.78125
-0.765625
-0.75
-0.734375
-0.71875
-0.703125
-0.6875
-0.671875
-0.65625
-0.640625
-0.625
-0.609375
-0.59375
-0.578125
-0.5625
-0.546875
-0.53125
-0.515625
-0.5
-0.484375
-0.46875
-0.453125
-0.4375
-0.40625
-0.375
-0.34375
-0.3125
-0.28125
-0.25
-0.21875
-0.1875
-0.15625
-0.125
-0.09375
-0.0625
-0.03125
0
0.03125
0.0625
0.125
0.1875
0.25
0.3125
0.375
0.4375
0.5
0.5625
0.625
0.6875
0.75
0.8125
0.875
0.9375
1
1.0625
1.1875
1.3125
1.4375
1.5625
1.6875
1.8125
1.9375
2.0625
2.1875
2.3125
2.4375
2.5625
2.6875
2.8125
2.9375
3.0625
3.5625
4.0625
4.5625
5.0625
5.5625
6.0625
6.5625
7.0625
8.0625
9.0625
10.0625
11.0625
12.0625
13.0625
14.0625
15.0625
19.0625
23.0625
27.0625
31.0625
39.0625
47.0625
55.0625
63.0625
95.0625
127.0625
191.0625
255.0625
511.0625
1023.0625
4095.0625
-4096.9375
-1024.9375
-512.9375
-256.9375
-192.9375
-128.9375
-96.9375
-64.9375
-56.9375
-48.9375
-40.9375
-32.9375
-28.9375
-24.9375
-20.9375
-16.9375
-15.9375
-14.9375
-13.9375
-12.9375
-11.9375
-10.9375
-9.9375
-8.9375
-8.4375
-7.9375
-7.4375
-6.9375
-6.4375
-5.9375
-5.4375
-4.9375
-4.8125
-4.6875
-4.5625
-4.4375
-4.3125
-4.1875
-4.0625
-3.9375
-3.8125
-3.6875
-3.5625
-3.4375
-3.3125
-3.1875
-3.0625
-2.9375
-2.875
-2.8125
-2.75
-2.6875
-2.625
-2.5625
-2.5
-2.4375
-2.375
-2.3125
-2.25
-2.1875
-2.125
-2.0625
-2
-1.9375
-1.90625
-1.875
-1.84375
-1.8125
-1.78125
-1.75
-1.71875
-1.6875
-1.65625
-1.625
-1.59375
-1.5625
-1.53125
-1.5
-1.46875
-1.4375
-1.421875
-1.40625
-1.390625
-1.375
-1.359375
-1.34375
-1.328125
-1.3125
-1.296875
-1.28125
-1.265625
-1.25
-1.234375
-1.21875
-1.203125
-1.1875
-1.171875
-1.15625
-1.140625
-1.125
-1.109375
-1.09375
-1.078125
-1.0625
-1.0546875
-1.046875
-1.0390625
-1.03125
-1.0234375
-1.015625
-1.0078125
-1
-0.9921875
-0.984375
-0.9765625
-0.96875
-0.96484375
-0.9609375
-0.95703125
-0.953125
-0.94921875
-0.9453125
-0.943359375
-0.94140625
-0.939453125
-0.9384765625
-0.937744140625
-0.93756103515625
-0.90625
-0.906005859375
-0.9052734375
-0.904296875
-0.90234375
-0.900390625
-0.8984375
-0.89453125
-0.890625
-0.88671875
-0.8828125
-0.87890625
-0.875
-0.8671875
-0.859375
-0.8515625
-0.84375
-0.8359375
-0.828125
-0.8203125
-0.8125
-0.8046875
-0.796875
-0.7890625
-0.78125
-0.765625
-0.75
-0.734375
-0.71875
-0.703125
-0.6875
-0.671875
-0.65625
-0.640625
-0.625
-0.609375
-0.59375
-0.578125
-0.5625
-0.546875
-0.53125
-0.515625
-0.5
-0.484375
-0.46875
-0.453125
-0.4375
-0.421875
-0.40625
-0.375
-0.34375
-0.3125
-0.28125
-0.25
-0.21875
-0.1875
-0.15625
-0.125
-0.09375
-0.0625
-0.03125
0
0.03125
0.0625
0.09375
0.15625
0.21875
0.28125
0.34375
0.40625
0.46875
0.53125
0.59375
0.65625
0.71875
0.78125
0.84375
0.90625
0.96875
1.03125
1.09375
1.21875
1.34375
1.46875
1.59375
1.71875
1.84375
1.96875
2.09375
2.21875
2.34375
2.46875
2.59375
2.71875
2.84375
2.96875
3.09375
3.59375
4.09375
4.59375
5.09375
5.59375
6.09375
6.59375
7.09375
8.09375
9.09375
10.09375
11.09375
12.09375
13.09375
14.09375
15.09375
19.09375
23.09375
27.09375
31.09375
39.09375
47.09375
55.09375
63.09375
95.09375
127.09375
191.09375
255.09375
511.09375
1023.09375
4095.09375
-4096.90625
-1024.90625
-512.90625
-256.90625
-192.90625
-128.90625
-96.90625
-64.90625
-56.90625
-48.90625
-40.90625
-32.90625
-28.90625
-24.90625
-20.90625
-16.90625
-15.90625
-14.90625
-13.90625
-12.90625
-11.90625
-10.90625
-9.90625
-8.90625
-8.40625
-7.90625
-7.40625
-6.90625
-6.40625
-5.90625
-5.40625
-4.90625
-4.78125
-4.65625
-4.53125
-4.40625
-4.28125
-4.15625
-4.03125
-3.90625
-3.78125
-3.65625
-3.53125
-3.40625
-3.28125
-3.15625
-3.03125
-2.90625
-2.84375
-2.78125
-2.71875
-2.65625
-2.59375
-2.53125
-2.46875
-2.40625
-2.34375
-2.28125
-2.21875
-2.15625
-2.09375
-2.03125
-1.96875
-1.90625
-1.875
-1.84375
-1.8125
-1.78125
-1.75
-1.71875
-1.6875
-1.65625
-1.625
-1.59375
-1.5625
-1.53125
-1.5
-1.46875
-1.4375
-1.40625
-1.390625
-1.375
-1.359375
-1.34375
-1.328125
-1.3125
-1.296875
-1.28125
-1.265625
-1.25
-1.234375
-1.21875
-1.203125
-1.1875
-1.171875
-1.15625
-1.140625
-1.125
-1.109375
-1.09375
-1.078125
-1.0625
-1.046875
-1.03125
-1.0234375
-1.015625
-1.0078125
-1
-0.9921875
-0.984375
-0.9765625
-0.96875
-0.9609375
-0.953125
-0.9453125
-0.9375
-0.93359375
-0.9296875
-0.92578125
-0.921875
-0.91796875
-0.9140625
-0.912109375
-0.91015625
-0.908203125
-0.9072265625
-0.906494140625
-0.90631103515625
-0.875
-0.874755859375
-0.8740234375
-0.873046875
-0.87109375
-0.869140625
-0.8671875
-0.86328125
-0.859375
-0.85546875
-0.8515625
-0.84765625
-0.84375
-0.8359375
-0.828125
-0.8203125
-0.8125
-0.8046875
-0.796875
-0.7890625
-0.78125
-0.7734375
-0.765625
-0.7578125
-0.75
-0.734375
-0.71875
-0.703125
-0.6875
-0.671875
-0.65625
-0.640625
-0.625
-0.609375
-0.59375
-0.578125
-0.5625
-0.546875
-0.53125
-0.515625
-0.5
-0.484375
-0.46875
-0.453125
-0.4375
-0.421875
-0.40625
-0.390625
-0.375
-0.34375
-0.3125
-0.28125
-0.25
-0.21875
-0.1875
-0.15625
-0.125
-0.09375
-0.0625
-0.03125
0
0.03125
0.0625
0.09375
0.125
0.1875
0.25
0.3125
0.375
0.4375
0.5
0.5625
0.625
0.6875
0.75
0.8125
0.875
0.9375
1
1.0625
1.125
1.25
1.375
1.5
1.625
1.75
1.875
2
2.125
2.25
2.375
2.5
2.625
2.75
2.875
3
3.125
3.625
4.125
4.625
5.125
5.625
6.125
6.625
7.125
8.125
9.125
10.125
11.125
12.125
13.125
14.125
15.125
19.125
23.125
27.125
31.125
39.125
47.125
55.125
63.125
95.125
127.125
191.125
255.125
511.125
1023.125
4095.125
-4096.875
-1024.875
-512.875
-256.875
-192.875
-128.875
-96.875
-64.875
-56.875
-48.875
-40.875
-32.875
-28.875
-24.875
-20.875
-16.875
-15.875
-14.875
-13.875
-12.875
-11.875
-10.875
-9.875
-8.875
-8.375
-7.875
-7.375
-6.875
-6.375
-5.875
-5.375
-4.875
-4.75
-4.625
-4.5
-4.375
-4.25
-4.125
-4
-3.875
-3.75
-3.625
-3.5
-3.375
-3.25
-3.125
-3
-2.875
-2.8125
-2.75
-2.6875
-2.625
-2.5625
-2.5
-2.4375
-2.375
-2.3125
-2.25
-2.1875
-2.125
-2.0625
-2
-1.9375
-1.875
-1.84375
-1.8125
-1.78125
-1.75
-1.71875
-1.6875
-1.65625
-1.625
-1.59375
-1.5625
-1.53125
-1.5
-1.46875
-1.4375
-1.40625
-1.375
-1.359375
-1.34375
-1.328125
-1.3125
-1.296875
-1.28125
-1.265625
-1.25
-1.234375
-1.21875
-1.203125
-1.1875
-1.171875
-1.15625
-1.140625
-1.125
-1.109375
-1.09375
-1.078125
-1.0625
-1.046875
-1.03125
-1.015625
-1
-0.9921875
-0.984375
-0.9765625
-0.96875
-0.9609375
-0.953125
-0.9453125
-0.9375
-0.9296875
-0.921875
-0.9140625
-0.90625
-0.90234375
-0.8984375
-0.89453125
-0.890625
-0.88671875
-0.8828125
-0.880859375
-0.87890625
-0.876953125
-0.8759765625
-0.875244140625
-0.87506103515625
-0.84375
-0.843505859375
-0.8427734375
-0.841796875
-0.83984375
-0.837890625
-0.8359375
-0.83203125
-0.828125
-0.82421875
-0.8203125
-0.81640625
-0.8125
-0.8046875
-0.796875
-0.7890625
-0.78125
-0.7734375
-0.765625
-0.7578125
-0.75
-0.7421875
-0.734375
-0.7265625
-0.71875
-0.703125
-0.6875
-0.671875
-0.65625
-0.640625
-0.625
-0.609375
-0.59375
-0.578125
-0.5625
-0.546875
-0.53125
-0.515625
-0.5
-0.484375
-0.46875
-0.453125
-0.4375
-0.421875
-0.40625
-0.390625
-0.375
-0.359375
-0.34375
-0.3125
-0.28125
-0.25
-0.21875
-0.1875
-0.15625
-0.125
-0.09375
-0.0625
-0.03125
0
0.03125
0.0625
0.09375
0.125
0.15625
0.21875
0.28125
0.34375
0.40625
0.46875
0.53125
0.59375
0.65625
0.71875
0.78125
0.84375
0.90625
0.96875
1.03125
1.09375
1.15625
1.28125
1.40625
1.53125
1.65625
1.78125
1.90625
2.03125
2.15625
2.28125
2.40625
2.53125
2.65625
2.78125
2.90625
3.03125
3.15625
3.65625
4.15625
4.65625
5.15625
5.65625
6.15625
6.65625
7.15625
8.15625
9.15625
10.15625
11.15625
12.15625
13.15625
14.15625
15.15625
19.15625
23.15625
27.15625
31.15625
39.15625
47.15625
55.15625
63.15625
95.15625
127.15625
191.15625
255.15625
511.15625
1023.15625
4095.15625
-4096.84375
-1024.84375
-512.84375
-256.84375
-192.84375
-128.84375
-96.84375
-64.84375
-56.84375
-48.84375
-40.84375
-32.84375
-28.84375
-24.84375
-20.84375
-16.84375
-15.84375
-14.84375
-13.84375
-12.84375
-11.84375
-10.84375
-9.84375
-8.84375
-8.34375
-7.84375
-7.34375
-6.84375
-6.34375
-5.84375
-5.34375
-4.84375
-4.71875
-4.59375
-4.46875
-4.34375
-4.21875
-4.09375
-3.96875
-3.84375
-3.71875
-3.59375
-3.46875
-3.34375
-3.21875
-3.09375
-2.96875
-2.84375
-2.78125
-2.71875
-2.65625
-2.59375
-2.53125
-2.46875
-2.40625
-2.34375
-2.28125
-2.21875
-2.15625
-2.09375
-2.03125
-1.96875
-1.90625
-1.84375
-1.8125
-1.78125
-1.75
-1.71875
-1.6875
-1.65625
-1.625
-1.59375
-1.5625
-1.53125
-1.5
-1.46875
-1.4375
-1.40625
-1.375
-1.34375
-1.328125
-1.3125
-1.296875
-1.28125
-1.265625
-1.25
-1.234375
-1.21875
-1.203125
-1.1875
-1.171875
-1.15625
-1.140625
-1.125
-1.109375
-1.09375
-1.078125
-1.0625
-1.046875
-1.03125
-1.015625
-1
-0.984375
-0.96875
-0.9609375
-0.953125
-0.9453125
-0.9375
-0.9296875
-0.921875
-0.9140625
-0.90625
-0.8984375
-0.890625
-0.8828125
-0.875
-0.87109375
-0.8671875
-0.86328125
-0.859375
-0.85546875
-0.8515625
-0.849609375
-0.84765625
-0.845703125
-0.8447265625
-0.843994140625
-0.84381103515625
-0.8125
-0.812255859375
-0.8115234375
-0.810546875
-0.80859375
-0.806640625
-0.8046875
-0.80078125
-0.796875
-0.79296875
-0.7890625
-0.78515625
-0.78125
-0.7734375
-0.765625
-0.7578125
-0.75
-0.7421875
-0.734375
-0.7265625
-0.71875
-0.7109375
-0.703125
-0.6953125
-0.6875
-0.671875
-0.65625
-0.640625
-0.625
-0.609375
-0.59375
-0.578125
-0.5625
-0.546875
-0.53125
-0.515625
-0.5
-0.484375
-0.46875
-0.453125
-0.4375
-0.421875
-0.40625
-0.390625
-0.375
-0.359375
-0.34375
-0.328125
-0.3125
-0.28125
-0.25
-0.21875
-0.1875
-0.15625
-0.125
-0.09375
-0.0625
-0.03125
0
0.03125
0.0625
0.09375
0.125
0.15625
0.1875
0.25
0.3125
0.375
0.4375
0.5
0.5625
0.625
0.6875
0.75
0.8125
0.875
0.9375
1
1.0625
1.125
1.1875
1.3125
1.4375
1.5625
1.6875
1.8125
1.9375
2.0625
2.1875
2.3125
2.4375
2.5625
2.6875
2.8125
2.9375
3.0625
3.1875
3.6875
4.1875
4.6875
5.1875
5.6875
6.1875
6.6875
7.1875
8.1875
9.1875
10.1875
11.1875
12.1875
13.1875
14.1875
15.1875
19.1875
23.1875
27.1875
31.1875
39.1875
47.1875
55.1875
63.1875
95.1875
127.1875
191.1875
255.1875
511.1875
1023.1875
4095.1875
-4096.8125
-1024.8125
-512.8125
-256.8125
-192.8125
-128.8125
-96.8125
-64.8125
-56.8125
-48.8125
-40.8125
-32.8125
-28.8125
-24.8125
-20.8125
-16.8125
-15.8125
-14.8125
-13.8125
-12.8125
-11.8125
-10.8125
-9.8125
-8.8125
-8.3125
-7.8125
-7.3125
-6.8125
-6.3125
-5.8125
-5.3125
-4.8125
-4.6875
-4.5625
-4.4375
-4.3125
-4.1875
-4.0625
-3.9375
-3.8125
-3.6875
-3.5625
-3.4375
-3.3125
-3.1875
-3.0625
-2.9375
-2.8125
-2.75
-2.6875
-2.625
-2.5625
-2.5
-2.4375
-2.375
-2.3125
-2.25
-2.1875
-2.125
-2.0625
-2
-1.9375
-1.875
-1.8125
-1.78125
-1.75
-1.71875
-1.6875
-1.65625
-1.625
-1.59375
-1.5625
-1.53125
-1.5
-1.46875
-1.4375
-1.40625
-1.375
-1.34375
-1.3125
-1.296875
-1.28125
-1.265625
-1.25
-1.234375
-1.21875
-1.203125
-1.1875
-1.171875
-1.15625
-1.140625
-1.125
-1.109375
-1.09375
-1.078125
-1.0625
-1.046875
-1.03125
-1.015625
-1
-0.984375
-0.96875
-0.953125
-0.9375
-0.9296875
-0.921875
-0.9140625
-0.90625
-0.8984375
-0.890625
-0.8828125
-0.875
-0.8671875
-0.859375
-0.8515625
-0.84375
-0.83984375
-0.8359375
-0.83203125
-0.828125
-0.82421875
-0.8203125
-0.818359375
-0.81640625
-0.814453125
-0.8134765625
-0.812744140625
-0.81256103515625
-0.78125
-0.781005859375
-0.7802734375
-0.779296875
-0.77734375
-0.775390625
-0.7734375
-0.76953125
-0.765625
-0.76171875
-0.7578125
-0.75390625
-0.75
-0.7421875
-0.734375
-0.7265625
-0.71875
-0.7109375
-0.703125
-0.6953125
-0.6875
-0.6796875
-0.671875
-0.6640625
-0.65625
-0.640625
-0.625
-0.609375
-0.59375
-0.578125
-0.5625
-0.546875
-0.53125
-0.515625
-0.5
-0.484375
-0.46875
-0.453125
-0.4375
-0.421875
-0.40625
-0.390625
-0.375
-0.359375
-0.34375
-0.328125
-0.3125
-0.296875
-0.28125
-0.25
-0.21875
-0.1875
-0.15625
-0.125
-0.09375
-0.0625
-0.03125
0
0.03125
0.0625
0.09375
0.125
0.15625
0.1875
0.21875
0.28125
0.34375
0.40625
0.46875
0.53125
0.59375
0.65625
0.71875
0.78125
0.84375
0.90625
0.96875
1.03125
1.09375
1.15625
1.21875
1.34375
1.46875
1.59375
1.71875
1.84375
1.96875
2.09375
2.21875
2.34375
2.46875
2.59375
2.71875
2.84375
2.96875
3.09375
3.21875
3.71875
4.21875
4.71875
5.21875
5.71875
6.21875
6.71875
7.21875
8.21875
9.21875
10.21875
11.21875
12.21875
13.21875
14.21875
15.21875
19.21875
23.21875
27.21875
31.21875
39.21875
47.21875
55.21875
63.21875
95.21875
127.21875
191.21875
255.21875
511.21875
1023.21875
4095.21875
-4096.78125
-1024.78125
-512.78125
-256.78125
-192.78125
-128.78125
-96.78125
-64.78125
-56.78125
-48.78125
-40.78125
-32.78125
-28.78125
-24.78125
-20.78125
-16.78125
-15.78125
-14.78125
-13.78125
-12.78125
-11.78125
-10.78125
-9.78125
-8.78125
-8.28125
-7.78125
-7.28125
-6.78125
-6.28125
-5.78125
-5.28125
-4.78125
-4.65625
-4.53125
-4.40625
-4.28125
-4.15625
-4.03125
-3.90625
-3.78125
-3.65625
-3.53125
-3.40625
-3.28125
-3.15625
-3.03125
-2.90625
-2.78125
-2.71875
-2.65625
-2.59375
-2.53125
-2.46875
-2.40625
-2.34375
-2.28125
-2.21875
-2.15625
-2.09375
-2.03125
-1.96875
-1.90625
-1.84375
-1.78125
-1.75
-1.71875
-1.6875
-1.65625
-1.625
-1.59375
-1.5625
-1.53125
-1.5
-1.46875
-1.4375
-1.40625
-1.375
-1.34375
-1.3125
-1.28125
-1.265625
-1.25
-1.234375
-1.21875
-1.203125
-1.1875
-1.171875
-1.15625
-1.140625
-1.125
-1.109375
-1.09375
-1.078125
-1.0625
-1.046875
-1.03125
-1.015625
-1
-0.984375
-0.96875
-0.953125
-0.9375
-0.921875
-0.90625
-0.8984375
-0.890625
-0.8828125
-0.875
-0.8671875
-0.859375
-0.8515625
-0.84375
-0.8359375
-0.828125
-0.8203125
-0.8125
-0.80859375
-0.8046875
-0.80078125
-0.796875
-0.79296875
-0.7890625
-0.787109375
-0.78515625
-0.783203125
-0.7822265625
-0.781494140625
-0.78131103515625
-0.75
-0.749755859375
-0.7490234375
-0.748046875
-0.74609375
-0.744140625
-0.7421875
-0.73828125
-0.734375
-0.73046875
-0.7265625
-0.72265625
-0.71875
-0.7109375
-0.703125
-0.6953125
-0.6875
-0.6796875
-0.671875
-0.6640625
-0.65625
-0.6484375
-0.640625
-0.6328125
-0.625
-0.609375
-0.59375
-0.578125
-0.5625
-0.546875
-0.53125
-0.515625
-0.5
-0.484375
-0.46875
-0.453125
-0.4375
-0.421875
-0.40625
-0.390625
-0.375
-0.359375
-0.34375
-0.328125
-0.3125
-0.296875
-0.28125
-0.265625
-0.25
-0.21875
-0.1875
-0.15625
-0.125
-0.09375
-0.0625
-0.03125
0
0.03125
0.0625
0.09375
0.125
0.15625
0.1875
0.21875
0.25
0.3125
0.375
0.4375
0.5
0.5625
0.625
0.6875
0.75
0.8125
0.875
0.9375
1
1.0625
1.125
1.1875
1.25
1.375
1.5
1.625
1.75
1.875
2
2.125
2.25
2.375
2.5
2.625
2.75
2.875
3
3.125
3.25
3.75
4.25
4.75
5.25
5.75
6.25
6.75
7.25
8.25
9.25
10.25
11.25
12.25
13.25
14.25
15.25
19.25
23.25
27.25
31.25
39.25
47.25
55.25
63.25
95.25
127.25
191.25
255.25
511.25
1023.25
4095.25
-4096.75
-1024.75
-512.75
-256.75
-192.75
-128.75
-96.75
-64.75
-56.75
-48.75
-40.75
-32.75
-28.75
-24.75
-20.75
-16.75
-15.75
-14.75
-13.75
-12.75
-11.75
-10.75
-9.75
-8.75
-8.25
-7.75
-7.25
-6.75
-6.25
-5.75
-5.25
-4.75
-4.625
-4.5
-4.375
-4.25
-4.125
-4
-3.875
-3.75
-3.625
-3.5
-3.375
-3.25
-3.125
-3
-2.875
-2.75
-2.6875
-2.625
-2.5625
-2.5
-2.4375
-2.375
-2.3125
-2.25
-2.1875
-2.125
-2.0625
-2
-1.9375
-1.875
-1.8125
-1.75
-1.71875
-1.6875
-1.65625
-1.625
-1.59375
-1.5625
-1.53125
-1.5
-1.46875
-1.4375
-1.40625
-1.375
-1.34375
-1.3125
-1.28125
-1.25
-1.234375
-1.21875
-1.203125
-1.1875
-1.171875
-1.15625
-1.140625
-1.125
-1.109375
-1.09375
-1.078125
-1.0625
-1.046875
-1.03125
-1.015625
-1
-0.984375
-0.96875
-0.953125
-0.9375
-0.921875
-0.90625
-0.890625
-0.875
-0.8671875
-0.859375
-0.8515625
-0.84375
-0.8359375
-0.828125
-0.8203125
-0.8125
-0.8046875
-0.796875
-0.7890625
-0.78125
-0.77734375
-0.7734375
-0.76953125
-0.765625
-0.76171875
-0.7578125
-0.755859375
-0.75390625
-0.751953125
-0.7509765625
-0.750244140625
-0.75006103515625
-0.71875
-0.718505859375
-0.7177734375
-0.716796875
-0.71484375
-0.712890625
-0.7109375
-0.70703125
-0.703125
-0.69921875
-0.6953125
-0.69140625
-0.6875
-0.6796875
-0.671875
-0.6640625
-0.65625
-0.6484375
-0.640625
-0.6328125
-0.625
-0.6171875
-0.609375
-0.6015625
-0.59375
-0.578125
-0.5625
-0.546875
-0.53125
-0.515625
-0.5
-0.484375
-0.46875
-0.453125
-0.4375
-0.421875
-0.40625
-0.390625
-0.375
-0.359375
-0.34375
-0.328125
-0.3125
-0.296875
-0.28125
-0.265625
-0.25
-0.234375
-0.21875
-0.1875
-0.15625
-0.125
-0.09375
-0.0625
-0.03125
0
0.03125
0.0625
0.09375
0.125
0.15625
0.1875
0.21875
0.25
0.28125
0.34375
0.40625
0.46875
0.53125
0.59375
0.65625
0.71875
0.78125
0.84375
0.90625
0.96875
1.03125
1.09375
1.15625
1.21875
1.28125
1.40625
1.53125
1.65625
1.78125
1.90625
2.03125
2.15625
2.28125
2.40625
2.53125
2.65625
2.78125
2.90625
3.03125
3.15625
3.28125
3.78125
4.28125
4.78125
5.28125
5.78125
6.28125
6.78125
7.28125
8.28125
9.28125
10.28125
11.28125
12.28125
13.28125
14.28125
15.28125
19.28125
23.28125
27.28125
31.28125
39.28125
47.28125
55.28125
63.28125
95.28125
127.28125
191.28125
255.28125
511.28125
1023.28125
4095.28125
-4096.71875
-1024.71875
-512.71875
-256.71875
-192.71875
-128.71875
-96.71875
-64.71875
-56.71875
-48.71875
-40.71875
-32.71875
-28.71875
-24.71875
-20.71875
-16.71875
-15.71875
-14.71875
-13.71875
-12.71875
-11.71875
-10.71875
-9.71875
-8.71875
-8.21875
-7.71875
-7.21875
-6.71875
-6.21875
-5.71875
-5.21875
-4.71875
-4.59375
-4.46875
-4.34375
-4.21875
-4.09375
-3.96875
-3.84375
-3.71875
-3.59375
-3.46875
-3.34375
-3.21875
-3.09375
-2.96875
-2.84375
-2.71875
-2.65625
-2.59375
-2.53125
-2.46875
-2.40625
-2.34375
-2.28125
-2.21875
-2.15625
-2.09375
-2.03125
-1.96875
-1.90625
-1.84375
-1.78125
-1.71875
-1.6875
-1.65625
-1.625
-1.59375
-1.5625
-1.53125
-1.5
-1.46875
-1.4375
-1.40625
-1.375
-1.34375
-1.3125
-1.28125
-1.25
-1.21875
-1.203125
-1.1875
-1.171875
-1.15625
-1.140625
-1.125
-1.109375
-1.09375
-1.078125
-1.0625
-1.046875
-1.03125
-1.015625
-1
-0.984375
-0.96875
-0.953125
-0.9375
-0.921875
-0.90625
-0.890625
-0.875
-0.859375
-0.84375
-0.8359375
-0.828125
-0.8203125
-0.8125
-0.8046875
-0.796875
-0.7890625
-0.78125
-0.7734375
-0.765625
-0.7578125
-0.75
-0.74609375
-0.7421875
-0.73828125
-0.734375
-0.73046875
-0.7265625
-0.724609375
-0.72265625
-0.720703125
-0.7197265625
-0.718994140625
-0.71881103515625
-0.6875
-0.687255859375
-0.6865234375
-0.685546875
-0.68359375
-0.681640625
-0.6796875
-0.67578125
-0.671875
-0.66796875
-0.6640625
-0.66015625
-0.65625
-0.6484375
-0.640625
-0.6328125
-0.625
-0.6171875
-0.609375
-0.6015625
-0.59375
-0.5859375
-0.578125
-0.5703125
-0.5625
-0.546875
-0.53125
-0.515625
-0.5
-0.484375
-0.46875
-0.453125
-0.4375
-0.421875
-0.40625
-0.390625
-0.375
-0.359375
-0.34375
-0.328125
-0.3125
-0.296875
-0.28125
-0.265625
-0.25
-0.234375
-0.21875
-0.203125
-0.1875
-0.15625
-0.125
-0.09375
-0.0625
-0.03125
0
0.03125
0.0625
0.09375
0.125
0.15625
0.1875
0.21875
0.25
0.28125
0.3125
0.375
0.4375
0.5
0.5625
0.625
0.6875
0.75
0.8125
0.875
0.9375
1
1.0625
1.125
1.1875
1.25
1.3125
1.4375
1.5625
1.6875
1.8125
1.9375
2.0625
2.1875
2.3125
2.4375
2.5625
2.6875
2.8125
2.9375
3.0625
3.1875
3.3125
3.8125
4.3125
4.8125
5.3125
5.8125
6.3125
6.8125
7.3125
8.3125
9.3125
10.3125
11.3125
12.3125
13.3125
14.3125
15.3125
19.3125
23.3125
27.3125
31.3125
39.3125
47.3125
55.3125
63.3125
95.3125
127.3125
191.3125
255.3125
511.3125
1023.3125
4095.3125
-4096.6875
-1024.6875
-512.6875
-256.6875
-192.6875
-128.6875
-96.6875
-64.6875
-56.6875
-48.6875
-40.6875
-32.6875
-28.6875
-24.6875
-20.6875
-16.6875
-15.6875
-14.6875
-13.6875
-12.6875
-11.6875
-10.6875
-9.6875
-8.6875
-8.1875
-7.6875
-7.1875
-6.6875
-6.1875
-5.6875
-5.1875
-4.6875
-4.5625
-4.4375
-4.3125
-4.1875
-4.0625
-3.9375
-3.8125
-3.6875
-3.5625
-3.4375
-3.3125
-3.1875
-3.0625
-2.9375
-2.8125
-2.6875
-2.625
-2.5625
-2.5
-2.4375
-2.375
-2.3125
-2.25
-2.1875
-2.125
-2.0625
-2
-1.9375
-1.875
-1.8125
-1.75
-1.6875
-1.65625
-1.625
-1.59375
-1.5625
-1.53125
-1.5
-1.46875
-1.4375
-1.40625
-1.375
-1.34375
-1.3125
-1.28125
-1.25
-1.21875
-1.1875
-1.171875
-1.15625
-1.140625
-1.125
-1.109375
-1.09375
-1.078125
-1.0625
-1.046875
-1.03125
-1.015625
-1
-0.984375
-0.96875
-0.953125
-0.9375
-0.921875
-0.90625
-0.890625
-0.875
-0.859375
-0.84375
-0.828125
-0.8125
-0.8046875
-0.796875
-0.7890625
-0.78125
-0.7734375
-0.765625
-0.7578125
-0.75
-0.7421875
-0.734375
-0.7265625
-0.71875
-0.71484375
-0.7109375
-0.70703125
-0.703125
-0.69921875
-0.6953125
-0.693359375
-0.69140625
-0.689453125
-0.6884765625
-0.687744140625
-0.68756103515625
-0.65625
-0.656005859375
-0.6552734375
-0.654296875
-0.65234375
-0.650390625
-0.6484375
-0.64453125
-0.640625
-0.63671875
-0.6328125
-0.62890625
-0.625
-0.6171875
-0.609375
-0.6015625
-0.59375
-0.5859375
-0.578125
-0.5703125
-0.5625
-0.5546875
-0.546875
-0.5390625
-0.53125
-0.515625
-0.5
-0.484375
-0.46875
-0.453125
-0.4375
-0.421875
-0.40625
-0.390625
-0.375
-0.359375
-0.34375
-0.328125
-0.3125
-0.296875
-0.28125
-0.265625
-0.25
-0.234375
-0.21875
-0.203125
-0.1875
-0.171875
-0.15625
-0.125
-0.09375
-0.0625
-0.03125
0
0.03125
0.0625
0.09375
0.125
0.15625
0.1875
0.21875
0.25
0.28125
0.3125
0.34375
0.40625
0.46875
0.53125
0.59375
0.65625
0.71875
0.78125
0.84375
0.90625
0.96875
1.03125
1.09375
1.15625
1.21875
1.28125
1.34375
1.46875
1.59375
1.71875
1.84375
1.96875
2.09375
2.21875
2.34375
2.46875
2.59375
2.71875
2.84375
2.96875
3.09375
3.21875
3.34375
3.84375
4.34375
4.84375
5.34375
5.84375
6.34375
6.84375
7.34375
8.34375
9.34375
10.34375
11.34375
12.34375
13.34375
14.34375
15.34375
19.34375
23.34375
27.34375
31.34375
39.34375
47.34375
55.34375
63.34375
95.34375
127.34375
191.34375
255.34375
511.34375
1023.34375
4095.34375
-4096.65625
-1024.65625
-512.65625
-256.65625
-192.65625
-128.65625
-96.65625
-64.65625
-56.65625
-48.65625
-40.65625
-32.65625
-28.65625
-24.65625
-20.65625
-16.65625
-15.65625
-14.65625
-13.65625
-12.65625
-11.65625
-10.65625
-9.65625
-8.65625
-8.15625
-7.65625
-7.15625
-6.65625
-6.15625
-5.65625
-5.15625
-4.65625
-4.53125
-4.40625
-4.28125
-4.15625
-4.03125
-3.90625
-3.78125
-3.65625
-3.53125
-3.40625
-3.28125
-3.15625
-3.03125
-2.90625
-2.78125
-2.65625
-2.59375
-2.53125
-2.46875
-2.40625
-2.34375
-2.28125
-2.21875
-2.15625
-2.09375
-2.03125
-1.96875
-1.90625
-1.84375
-1.78125
-1.71875
-1.65625
-1.625
-1.59375
-1.5625
-1.53125
-1.5
-1.46875
-1.4375
-1.40625
-1.375
-1.34375
-1.3125
-1.28125
-1.25
-1.21875
-1.1875
-1.15625
-1.140625
-1.125
-1.109375
-1.09375
-1.078125
-1.0625
-1.046875
-1.03125
-1.015625
-1
-0.984375
-0.96875
-0.953125
-0.9375
-0.921875
-0.90625
-0.890625
-0.875
-0.859375
-0.84375
-0.828125
-0.8125
-0.796875
-0.78125
-0.7734375
-0.765625
-0.7578125
-0.75
-0.7421875
-0.734375
-0.7265625
-0.71875
-0.7109375
-0.703125
-0.6953125
-0.6875
-0.68359375
-0.6796875
-0.67578125
-0.671875
-0.66796875
-0.6640625
-0.662109375
-0.66015625
-0.658203125
-0.6572265625
-0.656494140625
-0.65631103515625
-0.625
-0.624755859375
-0.6240234375
-0.623046875
-0.62109375
-0.619140625
-0.6171875
-0.61328125
-0.609375
-0.60546875
-0.6015625
-0.59765625
-0.59375
-0.5859375
-0.578125
-0.5703125
-0.5625
-0.5546875
-0.546875
-0.5390625
-0.53125
-0.5234375
-0.515625
-0.5078125
-0.5
-0.484375
-0.46875
-0.453125
-0.4375
-0.421875
-0.40625
-0.390625
-0.375
-0.359375
-0.34375
-0.328125
-0.3125
-0.296875
-0.28125
-0.265625
-0.25
-0.234375
-0.21875
-0.203125
-0.1875
-0.171875
-0.15625
-0.140625
-0.125
-0.09375
-0.0625
-0.03125
0
0.03125
0.0625
0.09375
0.125
0.15625
0.1875
0.21875
0.25
0.28125
0.3125
0.34375
0.375
0.4375
0.5
0.5625
0.625
0.6875
0.75
0.8125
0.875
0.9375
1
1.0625
1.125
1.1875
1.25
1.3125
1.375
1.5
1.625
1.75
1.875
2
2.125
2.25
2.375
2.5
2.625
2.75
2.875
3
3.125
3.25
3.375
3.875
4.375
4.875
5.375
5.875
6.375
6.875
7.375
8.375
9.375
10.375
11.375
12.375
13.375
14.375
15.375
19.375
23.375
27.375
31.375
39.375
47.375
55.375
63.375
95.375
127.375
191.375
255.375
511.375
1023.375
4095.375
-4096.625
-1024.625
-512.625
-256.625
-192.625
-128.625
-96.625
-64.625
-56.625
-48.625
-40.625
-32.625
-28.625
-24.625
-20.625
-16.625
-15.625
-14.625
-13.625
-12.625
-11.625
-10.625
-9.625
-8.625
-8.125
-7.625
-7.125
-6.625
-6.125
-5.625
-5.125
-4.625
-4.5
-4.375
-4.25
-4.125
-4
-3.875
-3.75
-3.625
-3.5
-3.375
-3.25
-3.125
-3
-2.875
-2.75
-2.625
-2.5625
-2.5
-2.4375
-2.375
-2.3125
-2.25
-2.1875
-2.125
-2.0625
-2
-1.9375
-1.875
-1.8125
-1.75
-1.6875
-1.625
-1.59375
-1.5625
-1.53125
-1.5
-1.46875
-1.4375
-1.40625
-1.375
-1.34375
-1.3125
-1.28125
-1.25
-1.21875
-1.1875
-1.15625
-1.125
-1.109375
-1.09375
-1.078125
-1.0625
-1.046875
-1.03125
-1.015625
-1
-0.984375
-0.96875
-0.953125
-0.9375
-0.921875
-0.90625
-0.890625
-0.875
-0.859375
-0.84375
-0.828125
-0.8125
-0.796875
-0.78125
-0.765625
-0.75
-0.7421875
-0.734375
-0.7265625
-0.71875
-0.7109375
-0.703125
-0.6953125
-0.6875
-0.6796875
-0.671875
-0.6640625
-0.65625
-0.65234375
-0.6484375
-0.64453125
-0.640625
-0.63671875
-0.6328125
-0.630859375
-0.62890625
-0.626953125
-0.6259765625
-0.625244140625
-0.62506103515625
-0.59375
-0.593505859375
-0.5927734375
-0.591796875
-0.58984375
-0.587890625
-0.5859375
-0.58203125
-0.578125
-0.57421875
-0.5703125
-0.56640625
-0.5625
-0.5546875
-0.546875
-0.5390625
-0.53125
-0.5234375
-0.515625
-0.5078125
-0.5
-0.4921875
-0.484375
-0.4765625
-0.46875
-0.453125
-0.4375
-0.421875
-0.40625
-0.390625
-0.375
-0.359375
-0.34375
-0.328125
-0.3125
-0.296875
-0.28125
-0.265625
-0.25
-0.234375
-0.21875
-0.203125
-0.1875
-0.171875
-0.15625
-0.140625
-0.125
-0.109375
-0.09375
-0.0625
-0.03125
0
0.03125
0.0625
0.09375
0.125
0.15625
0.1875
0.21875
0.25
0.28125
0.3125
0.34375
0.375
0.40625
0.46875
0.53125
0.59375
0.65625
0.71875
0.78125
0.84375
0.90625
0.96875
1.03125
1.09375
1.15625
1.21875
1.28125
1.34375
1.40625
1.53125
1.65625
1.78125
1.90625
2.03125
2.15625
2.28125
2.40625
2.53125
2.65625
2.78125
2.90625
3.03125
3.15625
3.28125
3.40625
3.90625
4.40625
4.90625
5.40625
5.90625
6.40625
6.90625
7.40625
8.40625
9.40625
10.40625
11.40625
12.40625
13.40625
14.40625
15.40625
19.40625
23.40625
27.40625
31.40625
39.40625
47.40625
55.40625
63.40625
95.40625
127.40625
191.40625
255.40625
511.40625
1023.40625
4095.40625
-4096.59375
-1024.59375
-512.59375
-256.59375
-192.59375
-128.59375
-96.59375
-64.59375
-56.59375
-48.59375
-40.59375
-32.59375
-28.59375
-24.59375
-20.59375
-16.59375
-15.59375
-14.59375
-13.59375
-12.59375
-11.59375
-10.59375
-9.59375
-8.59375
-8.09375
-7.59375
-7.09375
-6.59375
-6.09375
-5.59375
-5.09375
-4.59375
-4.46875
-4.34375
-4.21875
-4.09375
-3.96875
-3.84375
-3.71875
-3.59375
-3.46875
-3.34375
-3.21875
-3.09375
-2.96875
-2.84375
-2.71875
-2.59375
-2.53125
-2.46875
-2.40625
-2.34375
-2.28125
-2.21875
-2.15625
-2.09375
-2.03125
-1.96875
-1.90625
-1.84375
-1.78125
-1.71875
-1.65625
-1.59375
-1.5625
-1.53125
-1.5
-1.46875
-1.4375
-1.40625
-1.375
-1.34375
-1.3125
-1.28125
-1.25
-1.21875
-1.1875
-1.15625
-1.125
-1.09375
-1.078125
-1.0625
-1.046875
-1.03125
-1.015625
-1
-0.984375
-0.96875
-0.953125
-0.9375
-0.921875
-0.90625
-0.890625
-0.875
-0.859375
-0.84375
-0.828125
-0.8125
-0.796875
-0.78125
-0.765625
-0.75
-0.734375
-0.71875
-0.7109375
-0.703125
-0.6953125
-0.6875
-0.6796875
-0.671875
-0.6640625
-0.65625
-0.6484375
-0.640625
-0.6328125
-0.625
-0.62109375
-0.6171875
-0.61328125
-0.609375
-0.60546875
-0.6015625
-0.599609375
-0.59765625
-0.595703125
-0.5947265625
-0.593994140625
-0.59381103515625
-0.5625
-0.562255859375
-0.5615234375
-0.560546875
-0.55859375
-0.556640625
-0.5546875
-0.55078125
-0.546875
-0.54296875
-0.5390625
-0.53515625
-0.53125
-0.5234375
-0.515625
-0.5078125
-0.5
-0.4921875
-0.484375
-0.4765625
-0.46875
-0.4609375
-0.453125
-0.4453125
-0.4375
-0.421875
-0.40625
-0.390625
-0.375
-0.359375
-0.34375
-0.328125
-0.3125
-0.296875
-0.28125
-0.265625
-0.25
-0.234375
-0.21875
-0.203125
-0.1875
-0.171875
-0.15625
-0.140625
-0.125
-0.109375
-0.09375
-0.078125
-0.0625
-0.03125
0
0.03125
0.0625
0.09375
0.125
0.15625
0.1875
0.21875
0.25
0.28125
0.3125
0.34375
0.375
0.40625
0.4375
0.5
0.5625
0.625
0.6875
0.75
0.8125
0.875
0.9375
1
1.0625
1.125
1.1875
1.25
1.3125
1.375
1.4375
1.5625
1.6875
1.8125
1.9375
2.0625
2.1875
2.3125
2.4375
2.5625
2.6875
2.8125
2.9375
3.0625
3.1875
3.3125
3.4375
3.9375
4.4375
4.9375
5.4375
5.9375
6.4375
6.9375
7.4375
8.4375
9.4375
10.4375
11.4375
12.4375
13.4375
14.4375
15.4375
19.4375
23.4375
27.4375
31.4375
39.4375
47.4375
55.4375
63.4375
95.4375
127.4375
191.4375
255.4375
511.4375
1023.4375
4095.4375
-4096.5625
-1024.5625
-512.5625
-256.5625
-192.5625
-128.5625
-96.5625
-64.5625
-56.5625
-48.5625
-40.5625
-32.5625
-28.5625
-24.5625
-20.5625
-16.5625
-15.5625
-14.5625
-13.5625
-12.5625
-11.5625
-10.5625
-9.5625
-8.5625
-8.0625
-7.5625
-7.0625
-6.5625
-6.0625
-5.5625
-5.0625
-4.5625
-4.4375
-4.3125
-4.1875
-4.0625
-3.9375
-3.8125
-3.6875
-3.5625
-3.4375
-3.3125
-3.1875
-3.0625
-2.9375
-2.8125
-2.6875
-2.5625
-2.5
-2.4375
-2.375
-2.3125
-2.25
-2.1875
-2.125
-2.0625
-2
-1.9375
-1.875
-1.8125
-1.75
-1.6875
-1.625
-1.5625
-1.53125
-1.5
-1.46875
-1.4375
-1.40625
-1.375
-1.34375
-1.3125
-1.28125
-1.25
-1.21875
-1.1875
-1.15625
-1.125
-1.09375
-1.0625
-1.046875
-1.03125
-1.015625
-1
-0.984375
-0.96875
-0.953125
-0.9375
-0.921875
-0.90625
-0.890625
-0.875
-0.859375
-0.84375
-0.828125
-0.8125
-0.796875
-0.78125
-0.765625
-0.75
-0.734375
-0.71875
-0.703125
-0.6875
-0.6796875
-0.671875
-0.6640625
-0.65625
-0.6484375
-0.640625
-0.6328125
-0.625
-0.6171875
-0.609375
-0.6015625
-0.59375
-0.58984375
-0.5859375
-0.58203125
-0.578125
-0.57421875
-0.5703125
-0.568359375
-0.56640625
-0.564453125
-0.5634765625
-0.562744140625
-0.56256103515625
-0.53125
-0.531005859375
-0.5302734375
-0.529296875
-0.52734375
-0.525390625
-0.5234375
-0.51953125
-0.515625
-0.51171875
-0.5078125
-0.50390625
-0.5
-0.4921875
-0.484375
-0.4765625
-0.46875
-0.4609375
-0.453125
-0.4453125
-0.4375
-0.4296875
-0.421875
-0.4140625
-0.40625
-0.390625
-0.375
-0.359375
-0.34375
-0.328125
-0.3125
-0.296875
-0.28125
-0.265625
-0.25
-0.234375
-0.21875
-0.203125
-0.1875
-0.171875
-0.15625
-0.140625
-0.125
-0.109375
-0.09375
-0.078125
-0.0625
-0.046875
-0.03125
0
0.03125
0.0625
0.09375
0.125
0.15625
0.1875
0.21875
0.25
0.28125
0.3125
0.34375
0.375
0.40625
0.4375
0.46875
0.53125
0.59375
0.65625
0.71875
0.78125
0.84375
0.90625
0.96875
1.03125
1.09375
1.15625
1.21875
1.28125
1.34375
1.40625
1.46875
1.59375
1.71875
1.84375
1.96875
2.09375
2.21875
2.34375
2.46875
2.59375
2.71875
2.84375
2.96875
3.09375
3.21875
3.34375
3.46875
3.96875
4.46875
4.96875
5.46875
5.96875
6.46875
6.96875
7.46875
8.46875
9.46875
10.46875
11.46875
12.46875
13.46875
14.46875
15.46875
19.46875
23.46875
27.46875
31.46875
39.46875
47.46875
55.46875
63.46875
95.46875
127.46875
191.46875
255.46875
511.46875
1023.46875
4095.46875
-4096.53125
-1024.53125
-512.53125
-256.53125
-192.53125
-128.53125
-96.53125
-64.53125
-56.53125
-48.53125
-40.53125
-32.53125
-28.53125
-24.53125
-20.53125
-16.53125
-15.53125
-14.53125
-13.53125
-12.53125
-11.53125
-10.53125
-9.53125
-8.53125
-8.03125
-7.53125
-7.03125
-6.53125
-6.03125
-5.53125
-5.03125
-4.53125
-4.40625
-4.28125
-4.15625
-4.03125
-3.90625
-3.78125
-3.65625
-3.53125
-3.40625
-3.28125
-3.15625
-3.03125
-2.90625
-2.78125
-2.65625
-2.53125
-2.46875
-2.40625
-2.34375
-2.28125
-2.21875
-2.15625
-2.09375
-2.03125
-1.96875
-1.90625
-1.84375
-1.78125
-1.71875
-1.65625
-1.59375
-1.53125
-1.5
-1.46875
-1.4375
-1.40625
-1.375
-1.34375
-1.3125
-1.28125
-1.25
-1.21875
-1.1875
-1.15625
-1.125
-1.09375
-1.0625
-1.03125
-1.015625
-1
-0.984375
-0.96875
-0.953125
-0.9375
-0.921875
-0.90625
-0.890625
-0.875
-0.859375
-0.84375
-0.828125
-0.8125
-0.796875
-0.78125
-0.765625
-0.75
-0.734375
-0.71875
-0.703125
-0.6875
-0.671875
-0.65625
-0.6484375
-0.640625
-0.6328125
-0.625
-0.6171875
-0.609375
-0.6015625
-0.59375
-0.5859375
-0.578125
-0.5703125
-0.5625
-0.55859375
-0.5546875
-0.55078125
-0.546875
-0.54296875
-0.5390625
-0.537109375
-0.53515625
-0.533203125
-0.5322265625
-0.531494140625
-0.53131103515625
-0.5
-0.499755859375
-0.4990234375
-0.498046875
-0.49609375
-0.494140625
-0.4921875
-0.48828125
-0.484375
-0.48046875
-0.4765625
-0.47265625
-0.46875
-0.4609375
-0.453125
-0.4453125
-0.4375
-0.4296875
-0.421875
-0.4140625
-0.40625
-0.3984375
-0.390625
-0.3828125
-0.375
-0.359375
-0.34375
-0.328125
-0.3125
-0.296875
-0.28125
-0.265625
-0.25
-0.234375
-0.21875
-0.203125
-0.1875
-0.171875
-0.15625
-0.140625
-0.125
-0.109375
-0.09375
-0.078125
-0.0625
-0.046875
-0.03125
-0.015625
0
0.03125
0.0625
0.09375
0.125
0.15625
0.1875
0.21875
0.25
0.28125
0.3125
0.34375
0.375
0.40625
0.4375
0.46875
0.5
0.5625
0.625
0.6875
0.75
0.8125
0.875
0.9375
1
1.0625
1.125
1.1875
1.25
1.3125
1.375
1.4375
1.5
1.625
1.75
1.875
2
2.125
2.25
2.375
2.5
2.625
2.75
2.875
3
3.125
3.25
3.375
3.5
4
4.5
5
5.5
6
6.5
7
7.5
8.5
9.5
10.5
11.5
12.5
13.5
14.5
15.5
19.5
23.5
27.5
31.5
39.5
47.5
55.5
63.5
95.5
127.5
191.5
255.5
511.5
1023.5
4095.5
-4096.5
-1024.5
-512.5
-256.5
-192.5
-128.5
-96.5
-64.5
-56.5
-48.5
-40.5
-32.5
-28.5
-24.5
-20.5
-16.5
-15.5
-14.5
-13.5
-12.5
-11.5
-10.5
-9.5
-8.5
-8
-7.5
-7
-6.5
-6
-5.5
-5
-4.5
-4.375
-4.25
-4.125
-4
-3.875
-3.75
-3.625
-3.5
-3.375
-3.25
-3.125
-3
-2.875
-2.75
-2.625
-2.5
-2.4375
-2.375
-2.3125
-2.25
-2.1875
-2.125
-2.0625
-2
-1.9375
-1.875
-1.8125
-1.75
-1.6875
-1.625
-1.5625
-1.5
-1.46875
-1.4375
-1.40625
-1.375
-1.34375
-1.3125
-1.28125
-1.25
-1.21875
-1.1875
-1.15625
-1.125
-1.09375
-1.0625
-1.03125
-1
-0.984375
-0.96875
-0.953125
-0.9375
-0.921875
-0.90625
-0.890625
-0.875
-0.859375
-0.84375
-0.828125
-0.8125
-0.796875
-0.78125
-0.765625
-0.75
-0.734375
-0.71875
-0.703125
-0.6875
-0.671875
-0.65625
-0.640625
-0.625
-0.6171875
-0.609375
-0.6015625
-0.59375
-0.5859375
-0.578125
-0.5703125
-0.5625
-0.5546875
-0.546875
-0.5390625
-0.53125
-0.52734375
-0.5234375
-0.51953125
-0.515625
-0.51171875
-0.5078125
-0.505859375
-0.50390625
-0.501953125
-0.5009765625
-0.500244140625
-0.50006103515625
-0.484375
-0.484130859375
-0.4833984375
-0.482421875
-0.48046875
-0.478515625
-0.4765625
-0.47265625
-0.46875
-0.46484375
-0.4609375
-0.45703125
-0.453125
-0.4453125
-0.4375
-0.4296875
-0.421875
-0.4140625
-0.40625
-0.3984375
-0.390625
-0.3828125
-0.375
-0.3671875
-0.359375
-0.34375
-0.328125
-0.3125
-0.296875
-0.28125
-0.265625
-0.25
-0.234375
-0.21875
-0.203125
-0.1875
-0.171875
-0.15625
-0.140625
-0.125
-0.109375
-0.09375
-0.078125
-0.0625
-0.046875
-0.03125
-0.015625
0
0.015625
0.046875
0.078125
0.109375
0.140625
0.171875
0.203125
0.234375
0.265625
0.296875
0.328125
0.359375
0.390625
0.421875
0.453125
0.484375
0.515625
0.578125
0.640625
0.703125
0.765625
0.828125
0.890625
0.953125
1.015625
1.078125
1.140625
1.203125
1.265625
1.328125
1.390625
1.453125
1.515625
1.640625
1.765625
1.890625
2.015625
2.140625
2.265625
2.390625
2.515625
2.640625
2.765625
2.890625
3.015625
3.140625
3.265625
3.390625
3.515625
4.015625
4.515625
5.015625
5.515625
6.015625
6.515625
7.015625
7.515625
8.515625
9.515625
10.515625
11.515625
12.515625
13.515625
14.515625
15.515625
19.515625
23.515625
27.515625
31.515625
39.515625
47.515625
55.515625
63.515625
95.515625
127.515625
191.515625
255.515625
511.515625
1023.515625
4095.515625
-4096.484375
-1024.484375
-512.484375
-256.484375
-192.484375
-128.484375
-96.484375
-64.484375
-56.484375
-48.484375
-40.484375
-32.484375
-28.484375
-24.484375
-20.484375
-16.484375
-15.484375
-14.484375
-13.484375
-12.484375
-11.484375
-10.484375
-9.484375
-8.484375
-7.984375
-7.484375
-6.984375
-6.484375
-5.984375
-5.484375
-4.984375
-4.484375
-4.359375
-4.234375
-4.109375
-3.984375
-3.859375
-3.734375
-3.609375
-3.484375
-3.359375
-3.234375
-3.109375
-2.984375
-2.859375
-2.734375
-2.609375
-2.484375
-2.421875
-2.359375
-2.296875
-2.234375
-2.171875
-2.109375
-2.046875
-1.984375
-1.921875
-1.859375
-1.796875
-1.734375
-1.671875
-1.609375
-1.546875
-1.484375
-1.453125
-1.421875
-1.390625
-1.359375
-1.328125
-1.296875
-1.265625
-1.234375
-1.203125
-1.171875
-1.140625
-1.109375
-1.078125
-1.046875
-1.015625
-0.984375
-0.96875
-0.953125
-0.9375
-0.921875
-0.90625
-0.890625
-0.875
-0.859375
-0.84375
-0.828125
-0.8125
-0.796875
-0.78125
-0.765625
-0.75
-0.734375
-0.71875
-0.703125
-0.6875
-0.671875
-0.65625
-0.640625
-0.625
-0.609375
-0.6015625
-0.59375
-0.5859375
-0.578125
-0.5703125
-0.5625
-0.5546875
-0.546875
-0.5390625
-0.53125
-0.5234375
-0.515625
-0.51171875
-0.5078125
-0.50390625
-0.5
-0.49609375
-0.4921875
-0.490234375
-0.48828125
-0.486328125
-0.4853515625
-0.484619140625
-0.48443603515625
-0.46875
-0.468505859375
-0.4677734375
-0.466796875
-0.46484375
-0.462890625
-0.4609375
-0.45703125
-0.453125
-0.44921875
-0.4453125
-0.44140625
-0.4375
-0.4296875
-0.421875
-0.4140625
-0.40625
-0.3984375
-0.390625
-0.3828125
-0.375
-0.3671875
-0.359375
-0.3515625
-0.34375
-0.328125
-0.3125
-0.296875
-0.28125
-0.265625
-0.25
-0.234375
-0.21875
-0.203125
-0.1875
-0.171875
-0.15625
-0.140625
-0.125
-0.109375
-0.09375
-0.078125
-0.0625
-0.046875
-0.03125
-0.015625
0
0.015625
0.03125
0.0625
0.09375
0.125
0.15625
0.1875
0.21875
0.25
0.28125
0.3125
0.34375
0.375
0.40625
0.4375
0.46875
0.5
0.53125
0.59375
0.65625
0.71875
0.78125
0.84375
0.90625
0.96875
1.03125
1.09375
1.15625
1.21875
1.28125
1.34375
1.40625
1.46875
1.53125
1.65625
1.78125
1.90625
2.03125
2.15625
2.28125
2.40625
2.53125
2.65625
2.78125
2.90625
3.03125
3.15625
3.28125
3.40625
3.53125
4.03125
4.53125
5.03125
5.53125
6.03125
6.53125
7.03125
7.53125
8.53125
9.53125
10.53125
11.53125
12.53125
13.53125
14.53125
15.53125
19.53125
23.53125
27.53125
31.53125
39.53125
47.53125
55.53125
63.53125
95.53125
127.53125
191.53125
255.53125
511.53125
1023.53125
4095.53125
-4096.46875
-1024.46875
-512.46875
-256.46875
-192.46875
-128.46875
-96.46875
-64.46875
-56.46875
-48.46875
-40.46875
-32.46875
-28.46875
-24.46875
-20.46875
-16.46875
-15.46875
-14.46875
-13.46875
-12.46875
-11.46875
-10.46875
-9.46875
-8.46875
-7.96875
-7.46875
-6.96875
-6.46875
-5.96875
-5.46875
-4.96875
-4.46875
-4.34375
-4.21875
-4.09375
-3.96875
-3.84375
-3.71875
-3.59375
-3.46875
-3.34375
-3.21875
-3.09375
-2.96875
-2.84375
-2.71875
-2.59375
-2.46875
-2.40625
-2.34375
-2.28125
-2.21875
-2.15625
-2.09375
-2.03125
-1.96875
-1.90625
-1.84375
-1.78125
-1.71875
-1.65625
-1.59375
-1.53125
-1.46875
-1.4375
-1.40625
-1.375
-1.34375
-1.3125
-1.28125
-1.25
-1.21875
-1.1875
-1.15625
-1.125
-1.09375
-1.0625
-1.03125
-1
-0.96875
-0.953125
-0.9375
-0.921875
-0.90625
-0.890625
-0.875
-0.859375
-0.84375
-0.828125
-0.8125
-0.796875
-0.78125
-0.765625
-0.75
-0.734375
-0.71875
-0.703125
-0.6875
-0.671875
-0.65625
-0.640625
-0.625
-0.609375
-0.59375
-0.5859375
-0.578125
-0.5703125
-0.5625
-0.5546875
-0.546875
-0.5390625
-0.53125
-0.5234375
-0.515625
-0.5078125
-0.5
-0.49609375
-0.4921875
-0.48828125
-0.484375
-0.48046875
-0.4765625
-0.474609375
-0.47265625
-0.470703125
-0.4697265625
-0.468994140625
-0.46881103515625
-0.453125
-0.452880859375
-0.4521484375
-0.451171875
-0.44921875
-0.447265625
-0.4453125
-0.44140625
-0.4375
-0.43359375
-0.4296875
-0.42578125
-0.421875
-0.4140625
-0.40625
-0.3984375
-0.390625
-0.3828125
-0.375
-0.3671875
-0.359375
-0.3515625
-0.34375
-0.3359375
-0.328125
-0.3125
-0.296875
-0.28125
-0.265625
-0.25
-0.234375
-0.21875
-0.203125
-0.1875
-0.171875
-0.15625
-0.140625
-0.125
-0.109375
-0.09375
-0.078125
-0.0625
-0.046875
-0.03125
-0.015625
0
0.015625
0.03125
0.046875
0.078125
0.109375
0.140625
0.171875
0.203125
0.234375
0.265625
0.296875
0.328125
0.359375
0.390625
0.421875
0.453125
0.484375
0.515625
0.546875
0.609375
0.671875
0.734375
0.796875
0.859375
0.921875
0.984375
1.046875
1.109375
1.171875
1.234375
1.296875
1.359375
1.421875
1.484375
1.546875
1.671875
1.796875
1.921875
2.046875
2.171875
2.296875
2.421875
2.546875
2.671875
2.796875
2.921875
3.046875
3.171875
3.296875
3.421875
3.546875
4.046875
4.546875
5.046875
5.546875
6.046875
6.546875
7.046875
7.546875
8.546875
9.546875
10.546875
11.546875
12.546875
13.546875
14.546875
15.546875
19.546875
23.546875
27.546875
31.546875
39.546875
47.546875
55.546875
63.546875
95.546875
127.546875
191.546875
255.546875
511.546875
1023.546875
4095.546875
-4096.453125
-1024.453125
-512.453125
-256.453125
-192.453125
-128.453125
-96.453125
-64.453125
-56.453125
-48.453125
-40.453125
-32.453125
-28.453125
-24.453125
-20.453125
-16.453125
-15.453125
-14.453125
-13.453125
-12.453125
-11.453125
-10.453125
-9.453125
-8.453125
-7.953125
-7.453125
-6.953125
-6.453125
-5.953125
-5.453125
-4.953125
-4.453125
-4.328125
-4.203125
-4.078125
-3.953125
-3.828125
-3.703125
-3.578125
-3.453125
-3.328125
-3.203125
-3.078125
-2.953125
-2.828125
-2.703125
-2.578125
-2.453125
-2.390625
-2.328125
-2.265625
-2.203125
-2.140625
-2.078125
-2.015625
-1.953125
-1.890625
-1.828125
-1.765625
-1.703125
-1.640625
-1.578125
-1.515625
-1.453125
-1.421875
-1.390625
-1.359375
-1.328125
-1.296875
-1.265625
-1.234375
-1.203125
-1.171875
-1.140625
-1.109375
-1.078125
-1.046875
-1.015625
-0.984375
-0.953125
-0.9375
-0.921875
-0.90625
-0.890625
-0.875
-0.859375
-0.84375
-0.828125
-0.8125
-0.796875
-0.78125
-0.765625
-0.75
-0.734375
-0.71875
-0.703125
-0.6875
-0.671875
-0.65625
-0.640625
-0.625
-0.609375
-0.59375
-0.578125
-0.5703125
-0.5625
-0.5546875
-0.546875
-0.5390625
-0.53125
-0.5234375
-0.515625
-0.5078125
-0.5
-0.4921875
-0.484375
-0.48046875
-0.4765625
-0.47265625
-0.46875
-0.46484375
-0.4609375
-0.458984375
-0.45703125
-0.455078125
-0.4541015625
-0.453369140625
-0.45318603515625
-0.4375
-0.437255859375
-0.4365234375
-0.435546875
-0.43359375
-0.431640625
-0.4296875
-0.42578125
-0.421875
-0.41796875
-0.4140625
-0.41015625
-0.40625
-0.3984375
-0.390625
-0.3828125
-0.375
-0.3671875
-0.359375
-0.3515625
-0.34375
-0.3359375
-0.328125
-0.3203125
-0.3125
-0.296875
-0.28125
-0.265625
-0.25
-0.234375
-0.21875
-0.203125
-0.1875
-0.171875
-0.15625
-0.140625
-0.125
-0.109375
-0.09375
-0.078125
-0.0625
-0.046875
-0.03125
-0.015625
0
0.015625
0.03125
0.046875
0.0625
0.09375
0.125
0.15625
0.1875
0.21875
0.25
0.28125
0.3125
0.34375
0.375
0.40625
0.4375
0.46875
0.5
0.53125
0.5625
0.625
0.6875
0.75
0.8125
0.875
0.9375
1
1.0625
1.125
1.1875
1.25
1.3125
1.375
1.4375
1.5
1.5625
1.6875
1.8125
1.9375
2.0625
2.1875
2.3125
2.4375
2.5625
2.6875
2.8125
2.9375
3.0625
3.1875
3.3125
3.4375
3.5625
4.0625
4.5625
5.0625
5.5625
6.0625
6.5625
7.0625
7.5625
8.5625
9.5625
10.5625
11.5625
12.5625
13.5625
14.5625
15.5625
19.5625
23.5625
27.5625
31.5625
39.5625
47.5625
55.5625
63.5625
95.5625
127.5625
191.5625
255.5625
511.5625
1023.5625
4095.5625
-4096.4375
-1024.4375
-512.4375
-256.4375
-192.4375
-128.4375
-96.4375
-64.4375
-56.4375
-48.4375
-40.4375
-32.4375
-28.4375
-24.4375
-20.4375
-16.4375
-15.4375
-14.4375
-13.4375
-12.4375
-11.4375
-10.4375
-9.4375
-8.4375
-7.9375
-7.4375
-6.9375
-6.4375
-5.9375
-5.4375
-4.9375
-4.4375
-4.3125
-4.1875
-4.0625
-3.9375
-3.8125
-3.6875
-3.5625
-3.4375
-3.3125
-3.1875
-3.0625
-2.9375
-2.8125
-2.6875
-2.5625
-2.4375
-2.375
-2.3125
-2.25
-2.1875
-2.125
-2.0625
-2
-1.9375
-1.875
-1.8125
-1.75
-1.6875
-1.625
-1.5625
-1.5
-1.4375
-1.40625
-1.375
-1.34375
-1.3125
-1.28125
-1.25
-1.21875
-1.1875
-1.15625
-1.125
-1.09375
-1.0625
-1.03125
-1
-0.96875
-0.9375
-0.921875
-0.90625
-0.890625
-0.875
-0.859375
-0.84375
-0.828125
-0.8125
-0.796875
-0.78125
-0.765625
-0.75
-0.734375
-0.71875
-0.703125
-0.6875
-0.671875
-0.65625
-0.640625
-0.625
-0.609375
-0.59375
-0.578125
-0.5625
-0.5546875
-0.546875
-0.5390625
-0.53125
-0.5234375
-0.515625
-0.5078125
-0.5
-0.4921875
-0.484375
-0.4765625
-0.46875
-0.46484375
-0.4609375
-0.45703125
-0.453125
-0.44921875
-0.4453125
-0.443359375
-0.44140625
-0.439453125
-0.4384765625
-0.437744140625
-0.43756103515625
-0.421875
-0.421630859375
-0.4208984375
-0.419921875
-0.41796875
-0.416015625
-0.4140625
-0.41015625
-0.40625
-0.40234375
-0.3984375
-0.39453125
-0.390625
-0.3828125
-0.375
-0.3671875
-0.359375
-0.3515625
-0.34375
-0.3359375
-0.328125
-0.3203125
-0.3125
-0.3046875
-0.296875
-0.28125
-0.265625
-0.25
-0.234375
-0.21875
-0.203125
-0.1875
-0.171875
-0.15625
-0.140625
-0.125
-0.109375
-0.09375
-0.078125
-0.0625
-0.046875
-0.03125
-0.015625
0
0.015625
0.03125
0.046875
0.0625
0.078125
0.109375
0.140625
0.171875
0.203125
0.234375
0.265625
0.296875
0.328125
0.359375
0.390625
0.421875
0.453125
0.484375
0.515625
0.546875
0.578125
0.640625
0.703125
0.765625
0.828125
0.890625
0.953125
1.015625
1.078125
1.140625
1.203125
1.265625
1.328125
1.390625
1.453125
1.515625
1.578125
1.703125
1.828125
1.953125
2.078125
2.203125
2.328125
2.453125
2.578125
2.703125
2.828125
2.953125
3.078125
3.203125
3.328125
3.453125
3.578125
4.078125
4.578125
5.078125
5.578125
6.078125
6.578125
7.078125
7.578125
8.578125
9.578125
10.578125
11.578125
12.578125
13.578125
14.578125
15.578125
19.578125
23.578125
27.578125
31.578125
39.578125
47.578125
55.578125
63.578125
95.578125
127.578125
191.578125
255.578125
511.578125
1023.578125
4095.578125
-4096.421875
-1024.421875
-512.421875
-256.421875
-192.421875
-128.421875
-96.421875
-64.421875
-56.421875
-48.421875
-40.421875
-32.421875
-28.421875
-24.421875
-20.421875
-16.421875
-15.421875
-14.421875
-13.421875
-12.421875
-11.421875
-10.421875
-9.421875
-8.421875
-7.921875
-7.421875
-6.921875
-6.421875
-5.921875
-5.421875
-4.921875
-4.421875
-4.296875
-4.171875
-4.046875
-3.921875
-3.796875
-3.671875
-3.546875
-3.421875
-3.296875
-3.171875
-3.046875
-2.921875
-2.796875
-2.671875
-2.546875
-2.421875
-2.359375
-2.296875
-2.234375
-2.171875
-2.109375
-2.046875
-1.984375
-1.921875
-1.859375
-1.796875
-1.734375
-1.671875
-1.609375
-1.546875
-1.484375
-1.421875
-1.390625
-1.359375
-1.328125
-1.296875
-1.265625
-1.234375
-1.203125
-1.171875
-1.140625
-1.109375
-1.078125
-1.046875
-1.015625
-0.984375
-0.953125
-0.921875
-0.90625
-0.890625
-0.875
-0.859375
-0.84375
-0.828125
-0.8125
-0.796875
-0.78125
-0.765625
-0.75
-0.734375
-0.71875
-0.703125
-0.6875
-0.671875
-0.65625
-0.640625
-0.625
-0.609375
-0.59375
-0.578125
-0.5625
-0.546875
-0.5390625
-0.53125
-0.5234375
-0.515625
-0.5078125
-0.5
-0.4921875
-0.484375
-0.4765625
-0.46875
-0.4609375
-0.453125
-0.44921875
-0.4453125
-0.44140625
-0.4375
-0.43359375
-0.4296875
-0.427734375
-0.42578125
-0.423828125
-0.4228515625
-0.422119140625
-0.42193603515625
-0.40625
-0.406005859375
-0.4052734375
-0.404296875
-0.40234375
-0.400390625
-0.3984375
-0.39453125
-0.390625
-0.38671875
-0.3828125
-0.37890625
-0.375
-0.3671875
-0.359375
-0.3515625
-0.34375
-0.3359375
-0.328125
-0.3203125
-0.3125
-0.3046875
-0.296875
-0.2890625
-0.28125
-0.265625
-0.25
-0.234375
-0.21875
-0.203125
-0.1875
-0.171875
-0.15625
-0.140625
-0.125
-0.109375
-0.09375
-0.078125
-0.0625
-0.046875
-0.03125
-0.015625
0
0.015625
0.03125
0.046875
0.0625
0.078125
0.09375
0.125
0.15625
0.1875
0.21875
0.25
0.28125
0.3125
0.34375
0.375
0.40625
0.4375
0.46875
0.5
0.53125
0.5625
0.59375
0.65625
0.71875
0.78125
0.84375
0.90625
0.96875
1.03125
1.09375
1.15625
1.21875
1.28125
1.34375
1.40625
1.46875
1.53125
1.59375
1.71875
1.84375
1.96875
2.09375
2.21875
2.34375
2.46875
2.59375
2.71875
2.84375
2.96875
3.09375
3.21875
3.34375
3.46875
3.59375
4.09375
4.59375
5.09375
5.59375
6.09375
6.59375
7.09375
7.59375
8.59375
9.59375
10.59375
11.59375
12.59375
13.59375
14.59375
15.59375
19.59375
23.59375
27.59375
31.59375
39.59375
47.59375
55.59375
63.59375
95.59375
127.59375
191.59375
255.59375
511.59375
1023.59375
4095.59375
-4096.40625
-1024.40625
-512.40625
-256.40625
-192.40625
-128.40625
-96.40625
-64.40625
-56.40625
-48.40625
-40.40625
-32.40625
-28.40625
-24.40625
-20.40625
-16.40625
-15.40625
-14.40625
-13.40625
-12.40625
-11.40625
-10.40625
-9.40625
-8.40625
-7.90625
-7.40625
-6.90625
-6.40625
-5.90625
-5.40625
-4.90625
-4.40625
-4.28125
-4.15625
-4.03125
-3.90625
-3.78125
-3.65625
-3.53125
-3.40625
-3.28125
-3.15625
-3.03125
-2.90625
-2.78125
-2.65625
-2.53125
-2.40625
-2.34375
-2.28125
-2.21875
-2.15625
-2.09375
-2.03125
-1.96875
-1.90625
-1.84375
-1.78125
-1.71875
-1.65625
-1.59375
-1.53125
-1.46875
-1.40625
-1.375
-1.34375
-1.3125
-1.28125
-1.25
-1.21875
-1.1875
-1.15625
-1.125
-1.09375
-1.0625
-1.03125
-1
-0.96875
-0.9375
-0.90625
-0.890625
-0.875
-0.859375
-0.84375
-0.828125
-0.8125
-0.796875
-0.78125
-0.765625
-0.75
-0.734375
-0.71875
-0.703125
-0.6875
-0.671875
-0.65625
-0.640625
-0.625
-0.609375
-0.59375
-0.578125
-0.5625
-0.546875
-0.53125
-0.5234375
-0.515625
-0.5078125
-0.5
-0.4921875
-0.484375
-0.4765625
-0.46875
-0.4609375
-0.453125
-0.4453125
-0.4375
-0.43359375
-0.4296875
-0.42578125
-0.421875
-0.41796875
-0.4140625
-0.412109375
-0.41015625
-0.408203125
-0.4072265625
-0.406494140625
-0.40631103515625
-0.390625
-0.390380859375
-0.3896484375
-0.388671875
-0.38671875
-0.384765625
-0.3828125
-0.37890625
-0.375
-0.37109375
-0.3671875
-0.36328125
-0.359375
-0.3515625
-0.34375
-0.3359375
-0.328125
-0.3203125
-0.3125
-0.3046875
-0.296875
-0.2890625
-0.28125
-0.2734375
-0.265625
-0.25
-0.234375
-0.21875
-0.203125
-0.1875
-0.171875
-0.15625
-0.140625
-0.125
-0.109375
-0.09375
-0.078125
-0.0625
-0.046875
-0.03125
-0.015625
0
0.015625
0.03125
0.046875
0.0625
0.078125
0.09375
0.109375
0.140625
0.171875
0.203125
0.234375
0.265625
0.296875
0.328125
0.359375
0.390625
0.421875
0.453125
0.484375
0.515625
0.546875
0.578125
0.609375
0.671875
0.734375
0.796875
0.859375
0.921875
0.984375
1.046875
1.109375
1.171875
1.234375
1.296875
1.359375
1.421875
1.484375
1.546875
1.609375
1.734375
1.859375
1.984375
2.109375
2.234375
2.359375
2.484375
2.609375
2.734375
2.859375
2.984375
3.109375
3.234375
3.359375
3.484375
3.609375
4.109375
4.609375
5.109375
5.609375
6.109375
6.609375
7.109375
7.609375
8.609375
9.609375
10.609375
11.609375
12.609375
13.609375
14.609375
15.609375
19.609375
23.609375
27.609375
31.609375
39.609375
47.609375
55.609375
63.609375
95.609375
127.609375
191.609375
255.609375
511.609375
1023.609375
4095.609375
-4096.390625
-1024.390625
-512.390625
-256.390625
-192.390625
-128.390625
-96.390625
-64.390625
-56.390625
-48.390625
-40.390625
-32.390625
-28.390625
-24.390625
-20.390625
-16.390625
-15.390625
-14.390625
-13.390625
-12.390625
-11.390625
-10.390625
-9.390625
-8.390625
-7.890625
-7.390625
-6.890625
-6.390625
-5.890625
-5.390625
-4.890625
-4.390625
-4.265625
-4.140625
-4.015625
-3.890625
-3.765625
-3.640625
-3.515625
-3.390625
-3.265625
-3.140625
-3.015625
-2.890625
-2.765625
-2.640625
-2.515625
-2.390625
-2.328125
-2.265625
-2.203125
-2.140625
-2.078125
-2.015625
-1.953125
-1.890625
-1.828125
-1.765625
-1.703125
-1.640625
-1.578125
-1.515625
-1.453125
-1.390625
-1.359375
-1.328125
-1.296875
-1.265625
-1.234375
-1.203125
-1.171875
-1.140625
-1.109375
-1.078125
-1.046875
-1.015625
-0.984375
-0.953125
-0.921875
-0.890625
-0.875
-0.859375
-0.84375
-0.828125
-0.8125
-0.796875
-0.78125
-0.765625
-0.75
-0.734375
-0.71875
-0.703125
-0.6875
-0.671875
-0.65625
-0.640625
-0.625
-0.609375
-0.59375
-0.578125
-0.5625
-0.546875
-0.53125
-0.515625
-0.5078125
-0.5
-0.4921875
-0.484375
-0.4765625
-0.46875
-0.4609375
-0.453125
-0.4453125
-0.4375
-0.4296875
-0.421875
-0.41796875
-0.4140625
-0.41015625
-0.40625
-0.40234375
-0.3984375
-0.396484375
-0.39453125
-0.392578125
-0.3916015625
-0.390869140625
-0.39068603515625
-0.375
-0.374755859375
-0.3740234375
-0.373046875
-0.37109375
-0.369140625
-0.3671875
-0.36328125
-0.359375
-0.35546875
-0.3515625
-0.34765625
-0.34375
-0.3359375
-0.328125
-0.3203125
-0.3125
-0.3046875
-0.296875
-0.2890625
-0.28125
-0.2734375
-0.265625
-0.2578125
-0.25
-0.234375
-0.21875
-0.203125
-0.1875
-0.171875
-0.15625
-0.140625
-0.125
-0.109375
-0.09375
-0.078125
-0.0625
-0.046875
-0.03125
-0.015625
0
0.015625
0.03125
0.046875
0.0625
0.078125
0.09375
0.109375
0.125
0.15625
0.1875
0.21875
0.25
0.28125
0.3125
0.34375
0.375
0.40625
0.4375
0.46875
0.5
0.53125
0.5625
0.59375
0.625
0.6875
0.75
0.8125
0.875
0.9375
1
1.0625
1.125
1.1875
1.25
1.3125
1.375
1.4375
1.5
1.5625
1.625
1.75
1.875
2
2.125
2.25
2.375
2.5
2.625
2.75
2.875
3
3.125
3.25
3.375
3.5
3.625
4.125
4.625
5.125
5.625
6.125
6.625
7.125
7.625
8.625
9.625
10.625
11.625
12.625
13.625
14.625
15.625
19.625
23.625
27.625
31.625
39.625
47.625
55.625
63.625
95.625
127.625
191.625
255.625
511.625
1023.625
4095.625
-4096.375
-1024.375
-512.375
-256.375
-192.375
-128.375
-96.375
-64.375
-56.375
-48.375
-40.375
-32.375
-28.375
-24.375
-20.375
-16.375
-15.375
-14.375
-13.375
-12.375
-11.375
-10.375
-9.375
-8.375
-7.875
-7.375
-6.875
-6.375
-5.875
-5.375
-4.875
-4.375
-4.25
-4.125
-4
-3.875
-3.75
-3.625
-3.5
-3.375
-3.25
-3.125
-3
-2.875
-2.75
-2.625
-2.5
-2.375
-2.3125
-2.25
-2.1875
-2.125
-2.0625
-2
-1.9375
-1.875
-1.8125
-1.75
-1.6875
-1.625
-1.5625
-1.5
-1.4375
-1.375
-1.34375
-1.3125
-1.28125
-1.25
-1.21875
-1.1875
-1.15625
-1.125
-1.09375
-1.0625
-1.03125
-1
-0.96875
-0.9375
-0.90625
-0.875
-0.859375
-0.84375
-0.828125
-0.8125
-0.796875
-0.78125
-0.765625
-0.75
-0.734375
-0.71875
-0.703125
-0.6875
-0.671875
-0.65625
-0.640625
-0.625
-0.609375
-0.59375
-0.578125
-0.5625
-0.546875
-0.53125
-0.515625
-0.5
-0.4921875
-0.484375
-0.4765625
-0.46875
-0.4609375
-0.453125
-0.4453125
-0.4375
-0.4296875
-0.421875
-0.4140625
-0.40625
-0.40234375
-0.3984375
-0.39453125
-0.390625
-0.38671875
-0.3828125
-0.380859375
-0.37890625
-0.376953125
-0.3759765625
-0.375244140625
-0.37506103515625
-0.359375
-0.359130859375
-0.3583984375
-0.357421875
-0.35546875
-0.353515625
-0.3515625
-0.34765625
-0.34375
-0.33984375
-0.3359375
-0.33203125
-0.328125
-0.3203125
-0.3125
-0.3046875
-0.296875
-0.2890625
-0.28125
-0.2734375
-0.265625
-0.2578125
-0.25
-0.2421875
-0.234375
-0.21875
-0.203125
-0.1875
-0.171875
-0.15625
-0.140625
-0.125
-0.109375
-0.09375
-0.078125
-0.0625
-0.046875
-0.03125
-0.015625
0
0.015625
0.03125
0.046875
0.0625
0.078125
0.09375
0.109375
0.125
0.140625
0.171875
0.203125
0.234375
0.265625
0.296875
0.328125
0.359375
0.390625
0.421875
0.453125
0.484375
0.515625
0.546875
0.578125
0.609375
0.640625
0.703125
0.765625
0.828125
0.890625
0.953125
1.015625
1.078125
1.140625
1.203125
1.265625
1.328125
1.390625
1.453125
1.515625
1.578125
1.640625
1.765625
1.890625
2.015625
2.140625
2.265625
2.390625
2.515625
2.640625
2.765625
2.890625
3.015625
3.140625
3.265625
3.390625
3.515625
3.640625
4.140625
4.640625
5.140625
5.640625
6.140625
6.640625
7.140625
7.640625
8.640625
9.640625
10.640625
11.640625
12.640625
13.640625
14.640625
15.640625
19.640625
23.640625
27.640625
31.640625
39.640625
47.640625
55.640625
63.640625
95.640625
127.640625
191.640625
255.640625
511.640625
1023.640625
4095.640625
-4096.359375
-1024.359375
-512.359375
-256.359375
-192.359375
-128.359375
-96.359375
-64.359375
-56.359375
-48.359375
-40.359375
-32.359375
-28.359375
-24.359375
-20.359375
-16.359375
-15.359375
-14.359375
-13.359375
-12.359375
-11.359375
-10.359375
-9.359375
-8.359375
-7.859375
-7.359375
-6.859375
-6.359375
-5.859375
-5.359375
-4.859375
-4.359375
-4.234375
-4.109375
-3.984375
-3.859375
-3.734375
-3.609375
-3.484375
-3.359375
-3.234375
-3.109375
-2.984375
-2.859375
-2.734375
-2.609375
-2.484375
-2.359375
-2.296875
-2.234375
-2.171875
-2.109375
-2.046875
-1.984375
-1.921875
-1.859375
-1.796875
-1.734375
-1.671875
-1.609375
-1.546875
-1.484375
-1.421875
-1.359375
-1.328125
-1.296875
-1.265625
-1.234375
-1.203125
-1.171875
-1.140625
-1.109375
-1.078125
-1.046875
-1.015625
-0.984375
-0.953125
-0.921875
-0.890625
-0.859375
-0.84375
-0.828125
-0.8125
-0.796875
-0.78125
-0.765625
-0.75
-0.734375
-0.71875
-0.703125
-0.6875
-0.671875
-0.65625
-0.640625
-0.625
-0.609375
-0.59375
-0.578125
-0.5625
-0.546875
-0.53125
-0.515625
-0.5
-0.484375
-0.4765625
-0.46875
-0.4609375
-0.453125
-0.4453125
-0.4375
-0.4296875
-0.421875
-0.4140625
-0.40625
-0.3984375
-0.390625
-0.38671875
-0.3828125
-0.37890625
-0.375
-0.37109375
-0.3671875
-0.365234375
-0.36328125
-0.361328125
-0.3603515625
-0.359619140625
-0.35943603515625
-0.34375
-0.343505859375
-0.3427734375
-0.341796875
-0.33984375
-0.337890625
-0.3359375
-0.33203125
-0.328125
-0.32421875
-0.3203125
-0.31640625
-0.3125
-0.3046875
-0.296875
-0.2890625
-0.28125
-0.2734375
-0.265625
-0.2578125
-0.25
-0.2421875
-0.234375
-0.2265625
-0.21875
-0.203125
-0.1875
-0.171875
-0.15625
-0.140625
-0.125
-0.109375
-0.09375
-0.078125
-0.0625
-0.046875
-0.03125
-0.015625
0
0.015625
0.03125
0.046875
0.0625
0.078125
0.09375
0.109375
0.125
0.140625
0.15625
0.1875
0.21875
0.25
0.28125
0.3125
0.34375
0.375
0.40625
0.4375
0.46875
0.5
0.53125
0.5625
0.59375
0.625
0.65625
0.71875
0.78125
0.84375
0.90625
0.96875
1.03125
1.09375
1.15625
1.21875
1.28125
1.34375
1.40625
1.46875
1.53125
1.59375
1.65625
1.78125
1.90625
2.03125
2.15625
2.28125
2.40625
2.53125
2.65625
2.78125
2.90625
3.03125
3.15625
3.28125
3.40625
3.53125
3.65625
4.15625
4.65625
5.15625
5.65625
6.15625
6.65625
7.15625
7.65625
8.65625
9.65625
10.65625
11.65625
12.65625
13.65625
14.65625
15.65625
19.65625
23.65625
27.65625
31.65625
39.65625
47.65625
55.65625
63.65625
95.65625
127.65625
191.65625
255.65625
511.65625
1023.65625
4095.65625
-4096.34375
-1024.34375
-512.34375
-256.34375
-192.34375
-128.34375
-96.34375
-64.34375
-56.34375
-48.34375
-40.34375
-32.34375
-28.34375
-24.34375
-20.34375
-16.34375
-15.34375
-14.34375
-13.34375
-12.34375
-11.34375
-10.34375
-9.34375
-8.34375
-7.84375
-7.34375
-6.84375
-6.34375
-5.84375
-5.34375
-4.84375
-4.34375
-4.21875
-4.09375
-3.96875
-3.84375
-3.71875
-3.59375
-3.46875
-3.34375
-3.21875
-3.09375
-2.96875
-2.84375
-2.71875
-2.59375
-2.46875
-2.34375
-2.28125
-2.21875
-2.15625
-2.09375
-2.03125
-1.96875
-1.90625
-1.84375
-1.78125
-1.71875
-1.65625
-1.59375
-1.53125
-1.46875
-1.40625
-1.34375
-1.3125
-1.28125
-1.25
-1.21875
-1.1875
-1.15625
-1.125
-1.09375
-1.0625
-1.03125
-1
-0.96875
-0.9375
-0.90625
-0.875
-0.84375
-0.828125
-0.8125
-0.796875
-0.78125
-0.765625
-0.75
-0.734375
-0.71875
-0.703125
-0.6875
-0.671875
-0.65625
-0.640625
-0.625
-0.609375
-0.59375
-0.578125
-0.5625
-0.546875
-0.53125
-0.515625
-0.5
-0.484375
-0.46875
-0.4609375
-0.453125
-0.4453125
-0.4375
-0.4296875
-0.421875
-0.4140625
-0.40625
-0.3984375
-0.390625
-0.3828125
-0.375
-0.37109375
-0.3671875
-0.36328125
-0.359375
-0.35546875
-0.3515625
-0.349609375
-0.34765625
-0.345703125
-0.3447265625
-0.343994140625
-0.34381103515625
-0.328125
-0.327880859375
-0.3271484375
-0.326171875
-0.32421875
-0.322265625
-0.3203125
-0.31640625
-0.3125
-0.30859375
-0.3046875
-0.30078125
-0.296875
-0.2890625
-0.28125
-0.2734375
-0.265625
-0.2578125
-0.25
-0.2421875
-0.234375
-0.2265625
-0.21875
-0.2109375
-0.203125
-0.1875
-0.171875
-0.15625
-0.140625
-0.125
-0.109375
-0.09375
-0.078125
-0.0625
-0.046875
-0.03125
-0.015625
0
0.015625
0.03125
0.046875
0.0625
0.078125
0.09375
0.109375
0.125
0.140625
0.15625
0.171875
0.203125
0.234375
0.265625
0.296875
0.328125
0.359375
0.390625
0.421875
0.453125
0.484375
0.515625
0.546875
0.578125
0.609375
0.640625
0.671875
0.734375
0.796875
0.859375
0.921875
0.984375
1.046875
1.109375
1.171875
1.234375
1.296875
1.359375
1.421875
1.484375
1.546875
1.609375
1.671875
1.796875
1.921875
2.046875
2.171875
2.296875
2.421875
2.546875
2.671875
2.796875
2.921875
3.046875
3.171875
3.296875
3.421875
3.546875
3.671875
4.171875
4.671875
5.171875
5.671875
6.171875
6.671875
7.171875
7.671875
8.671875
9.671875
10.671875
11.671875
12.671875
13.671875
14.671875
15.671875
19.671875
23.671875
27.671875
31.671875
39.671875
47.671875
55.671875
63.671875
95.671875
127.671875
191.671875
255.671875
511.671875
1023.671875
4095.671875
-4096.328125
-1024.328125
-512.328125
-256.328125
-192.328125
-128.328125
-96.328125
-64.328125
-56.328125
-48.328125
-40.328125
-32.328125
-28.328125
-24.328125
-20.328125
-16.328125
-15.328125
-14.328125
-13.328125
-12.328125
-11.328125
-10.328125
-9.328125
-8.328125
-7.828125
-7.328125
-6.828125
-6.328125
-5.828125
-5.328125
-4.828125
-4.328125
-4.203125
-4.078125
-3.953125
-3.828125
-3.703125
-3.578125
-3.453125
-3.328125
-3.203125
-3.078125
-2.953125
-2.828125
-2.703125
-2.578125
-2.453125
-2.328125
-2.265625
-2.203125
-2.140625
-2.078125
-2.015625
-1.953125
-1.890625
-1.828125
-1.765625
-1.703125
-1.640625
-1.578125
-1.515625
-1.453125
-1.390625
-1.328125
-1.296875
-1.265625
-1.234375
-1.203125
-1.171875
-1.140625
-1.109375
-1.078125
-1.046875
-1.015625
-0.984375
-0.953125
-0.921875
-0.890625
-0.859375
-0.828125
-0.8125
-0.796875
-0.78125
-0.765625
-0.75
-0.734375
-0.71875
-0.703125
-0.6875
-0.671875
-0.65625
-0.640625
-0.625
-0.609375
-0.59375
-0.578125
-0.5625
-0.546875
-0.53125
-0.515625
-0.5
-0.484375
-0.46875
-0.453125
-0.4453125
-0.4375
-0.4296875
-0.421875
-0.4140625
-0.40625
-0.3984375
-0.390625
-0.3828125
-0.375
-0.3671875
-0.359375
-0.35546875
-0.3515625
-0.34765625
-0.34375
-0.33984375
-0.3359375
-0.333984375
-0.33203125
-0.330078125
-0.3291015625
-0.328369140625
-0.32818603515625
-0.3125
-0.312255859375
-0.3115234375
-0.310546875
-0.30859375
-0.306640625
-0.3046875
-0.30078125
-0.296875
-0.29296875
-0.2890625
-0.28515625
-0.28125
-0.2734375
-0.265625
-0.2578125
-0.25
-0.2421875
-0.234375
-0.2265625
-0.21875
-0.2109375
-0.203125
-0.1953125
-0.1875
-0.171875
-0.15625
-0.140625
-0.125
-0.109375
-0.09375
-0.078125
-0.0625
-0.046875
-0.03125
-0.015625
0
0.015625
0.03125
0.046875
0.0625
0.078125
0.09375
0.109375
0.125
0.140625
0.15625
0.171875
0.1875
0.21875
0.25
0.28125
0.3125
0.34375
0.375
0.40625
0.4375
0.46875
0.5
0.53125
0.5625
0.59375
0.625
0.65625
0.6875
0.75
0.8125
0.875
0.9375
1
1.0625
1.125
1.1875
1.25
1.3125
1.375
1.4375
1.5
1.5625
1.625
1.6875
1.8125
1.9375
2.0625
2.1875
2.3125
2.4375
2.5625
2.6875
2.8125
2.9375
3.0625
3.1875
3.3125
3.4375
3.5625
3.6875
4.1875
4.6875
5.1875
5.6875
6.1875
6.6875
7.1875
7.6875
8.6875
9.6875
10.6875
11.6875
12.6875
13.6875
14.6875
15.6875
19.6875
23.6875
27.6875
31.6875
39.6875
47.6875
55.6875
63.6875
95.6875
127.6875
191.6875
255.6875
511.6875
1023.6875
4095.6875
-4096.3125
-1024.3125
-512.3125
-256.3125
-192.3125
-128.3125
-96.3125
-64.3125
-56.3125
-48.3125
-40.3125
-32.3125
-28.3125
-24.3125
-20.3125
-16.3125
-15.3125
-14.3125
-13.3125
-12.3125
-11.3125
-10.3125
-9.3125
-8.3125
-7.8125
-7.3125
-6.8125
-6.3125
-5.8125
-5.3125
-4.8125
-4.3125
-4.1875
-4.0625
-3.9375
-3.8125
-3.6875
-3.5625
-3.4375
-3.3125
-3.1875
-3.0625
-2.9375
-2.8125
-2.6875
-2.5625
-2.4375
-2.3125
-2.25
-2.1875
-2.125
-2.0625
-2
-1.9375
-1.875
-1.8125
-1.75
-1.6875
-1.625
-1.5625
-1.5
-1.4375
-1.375
-1.3125
-1.28125
-1.25
-1.21875
-1.1875
-1.15625
-1.125
-1.09375
-1.0625
-1.03125
-1
-0.96875
-0.9375
-0.90625
-0.875
-0.84375
-0.8125
-0.796875
-0.78125
-0.765625
-0.75
-0.734375
-0.71875
-0.703125
-0.6875
-0.671875
-0.65625
-0.640625
-0.625
-0.609375
-0.59375
-0.578125
-0.5625
-0.546875
-0.53125
-0.515625
-0.5
-0.484375
-0.46875
-0.453125
-0.4375
-0.4296875
-0.421875
-0.4140625
-0.40625
-0.3984375
-0.390625
-0.3828125
-0.375
-0.3671875
-0.359375
-0.3515625
-0.34375
-0.33984375
-0.3359375
-0.33203125
-0.328125
-0.32421875
-0.3203125
-0.318359375
-0.31640625
-0.314453125
-0.3134765625
-0.312744140625
-0.31256103515625
-0.296875
-0.296630859375
-0.2958984375
-0.294921875
-0.29296875
-0.291015625
-0.2890625
-0.28515625
-0.28125
-0.27734375
-0.2734375
-0.26953125
-0.265625
-0.2578125
-0.25
-0.2421875
-0.234375
-0.2265625
-0.21875
-0.2109375
-0.203125
-0.1953125
-0.1875
-0.1796875
-0.171875
-0.15625
-0.140625
-0.125
-0.109375
-0.09375
-0.078125
-0.0625
-0.046875
-0.03125
-0.015625
0
0.015625
0.03125
0.046875
0.0625
0.078125
0.09375
0.109375
0.125
0.140625
0.15625
0.171875
0.1875
0.203125
0.234375
0.265625
0.296875
0.328125
0.359375
0.390625
0.421875
0.453125
0.484375
0.515625
0.546875
0.578125
0.609375
0.640625
0.671875
0.703125
0.765625
0.828125
0.890625
0.953125
1.015625
1.078125
1.140625
1.203125
1.265625
1.328125
1.390625
1.453125
1.515625
1.578125
1.640625
1.703125
1.828125
1.953125
2.078125
2.203125
2.328125
2.453125
2.578125
2.703125
2.828125
2.953125
3.078125
3.203125
3.328125
3.453125
3.578125
3.703125
4.203125
4.703125
5.203125
5.703125
6.203125
6.703125
7.203125
7.703125
8.703125
9.703125
10.703125
11.703125
12.703125
13.703125
14.703125
15.703125
19.703125
23.703125
27.703125
31.703125
39.703125
47.703125
55.703125
63.703125
95.703125
127.703125
191.703125
255.703125
511.703125
1023.703125
4095.703125
-4096.296875
-1024.296875
-512.296875
-256.296875
-192.296875
-128.296875
-96.296875
-64.296875
-56.296875
-48.296875
-40.296875
-32.296875
-28.296875
-24.296875
-20.296875
-16.296875
-15.296875
-14.296875
-13.296875
-12.296875
-11.296875
-10.296875
-9.296875
-8.296875
-7.796875
-7.296875
-6.796875
-6.296875
-5.796875
-5.296875
-4.796875
-4.296875
-4.171875
-4.046875
-3.921875
-3.796875
-3.671875
-3.546875
-3.421875
-3.296875
-3.171875
-3.046875
-2.921875
-2.796875
-2.671875
-2.546875
-2.421875
-2.296875
-2.234375
-2.171875
-2.109375
-2.046875
-1.984375
-1.921875
-1.859375
-1.796875
-1.734375
-1.671875
-1.609375
-1.546875
-1.484375
-1.421875
-1.359375
-1.296875
-1.265625
-1.234375
-1.203125
-1.171875
-1.140625
-1.109375
-1.078125
-1.046875
-1.015625
-0.984375
-0.953125
-0.921875
-0.890625
-0.859375
-0.828125
-0.796875
-0.78125
-0.765625
-0.75
-0.734375
-0.71875
-0.703125
-0.6875
-0.671875
-0.65625
-0.640625
-0.625
-0.609375
-0.59375
-0.578125
-0.5625
-0.546875
-0.53125
-0.515625
-0.5
-0.484375
-0.46875
-0.453125
-0.4375
-0.421875
-0.4140625
-0.40625
-0.3984375
-0.390625
-0.3828125
-0.375
-0.3671875
-0.359375
-0.3515625
-0.34375
-0.3359375
-0.328125
-0.32421875
-0.3203125
-0.31640625
-0.3125
-0.30859375
-0.3046875
-0.302734375
-0.30078125
-0.298828125
-0.2978515625
-0.297119140625
-0.29693603515625
-0.28125
-0.281005859375
-0.2802734375
-0.279296875
-0.27734375
-0.275390625
-0.2734375
-0.26953125
-0.265625
-0.26171875
-0.2578125
-0.25390625
-0.25
-0.2421875
-0.234375
-0.2265625
-0.21875
-0.2109375
-0.203125
-0.1953125
-0.1875
-0.1796875
-0.171875
-0.1640625
-0.15625
-0.140625
-0.125
-0.109375
-0.09375
-0.078125
-0.0625
-0.046875
-0.03125
-0.015625
0
0.015625
0.03125
0.046875
0.0625
0.078125
0.09375
0.109375
0.125
0.140625
0.15625
0.171875
0.1875
0.203125
0.21875
0.25
0.28125
0.3125
0.34375
0.375
0.40625
0.4375
0.46875
0.5
0.53125
0.5625
0.59375
0.625
0.65625
0.6875
0.71875
0.78125
0.84375
0.90625
0.96875
1.03125
1.09375
1.15625
1.21875
1.28125
1.34375
1.40625
1.46875
1.53125
1.59375
1.65625
1.71875
1.84375
1.96875
2.09375
2.21875
2.34375
2.46875
2.59375
2.71875
2.84375
2.96875
3.09375
3.21875
3.34375
3.46875
3.59375
3.71875
4.21875
4.71875
5.21875
5.71875
6.21875
6.71875
7.21875
7.71875
8.71875
9.71875
10.71875
11.71875
12.71875
13.71875
14.71875
15.71875
19.71875
23.71875
27.71875
31.71875
39.71875
47.71875
55.71875
63.71875
95.71875
127.71875
191.71875
255.71875
511.71875
1023.71875
4095.71875
-4096.28125
-1024.28125
-512.28125
-256.28125
-192.28125
-128.28125
-96.28125
-64.28125
-56.28125
-48.28125
-40.28125
-32.28125
-28.28125
-24.28125
-20.28125
-16.28125
-15.28125
-14.28125
-13.28125
-12.28125
-11.28125
-10.28125
-9.28125
-8.28125
-7.78125
-7.28125
-6.78125
-6.28125
-5.78125
-5.28125
-4.78125
-4.28125
-4.15625
-4.03125
-3.90625
-3.78125
-3.65625
-3.53125
-3.40625
-3.28125
-3.15625
-3.03125
-2.90625
-2.78125
-2.65625
-2.53125
-2.40625
-2.28125
-2.21875
-2.15625
-2.09375
-2.03125
-1.96875
-1.90625
-1.84375
-1.78125
-1.71875
-1.65625
-1.59375
-1.53125
-1.46875
-1.40625
-1.34375
-1.28125
-1.25
-1.21875
-1.1875
-1.15625
-1.125
-1.09375
-1.0625
-1.03125
-1
-0.96875
-0.9375
-0.90625
-0.875
-0.84375
-0.8125
-0.78125
-0.765625
-0.75
-0.734375
-0.71875
-0.703125
-0.6875
-0.671875
-0.65625
-0.640625
-0.625
-0.609375
-0.59375
-0.578125
-0.5625
-0.546875
-0.53125
-0.515625
-0.5
-0.484375
-0.46875
-0.453125
-0.4375
-0.421875
-0.40625
-0.3984375
-0.390625
-0.3828125
-0.375
-0.3671875
-0.359375
-0.3515625
-0.34375
-0.3359375
-0.328125
-0.3203125
-0.3125
-0.30859375
-0.3046875
-0.30078125
-0.296875
-0.29296875
-0.2890625
-0.287109375
-0.28515625
-0.283203125
-0.2822265625
-0.281494140625
-0.28131103515625
-0.265625
-0.265380859375
-0.2646484375
-0.263671875
-0.26171875
-0.259765625
-0.2578125
-0.25390625
-0.25
-0.24609375
-0.2421875
-0.23828125
-0.234375
-0.2265625
-0.21875
-0.2109375
-0.203125
-0.1953125
-0.1875
-0.1796875
-0.171875
-0.1640625
-0.15625
-0.1484375
-0.140625
-0.125
-0.109375
-0.09375
-0.078125
-0.0625
-0.046875
-0.03125
-0.015625
0
0.015625
0.03125
0.046875
0.0625
0.078125
0.09375
0.109375
0.125
0.140625
0.15625
0.171875
0.1875
0.203125
0.21875
0.234375
0.265625
0.296875
0.328125
0.359375
0.390625
0.421875
0.453125
0.484375
0.515625
0.546875
0.578125
0.609375
0.640625
0.671875
0.703125
0.734375
0.796875
0.859375
0.921875
0.984375
1.046875
1.109375
1.171875
1.234375
1.296875
1.359375
1.421875
1.484375
1.546875
1.609375
1.671875
1.734375
1.859375
1.984375
2.109375
2.234375
2.359375
2.484375
2.609375
2.734375
2.859375
2.984375
3.109375
3.234375
3.359375
3.484375
3.609375
3.734375
4.234375
4.734375
5.234375
5.734375
6.234375
6.734375
7.234375
7.734375
8.734375
9.734375
10.734375
11.734375
12.734375
13.734375
14.734375
15.734375
19.734375
23.734375
27.734375
31.734375
39.734375
47.734375
55.734375
63.734375
95.734375
127.734375
191.734375
255.734375
511.734375
1023.734375
4095.734375
-4096.265625
-1024.265625
-512.265625
-256.265625
-192.265625
-128.265625
-96.265625
-64.265625
-56.265625
-48.265625
-40.265625
-32.265625
-28.265625
-24.265625
-20.265625
-16.265625
-15.265625
-14.265625
-13.265625
-12.265625
-11.265625
-10.265625
-9.265625
-8.265625
-7.765625
-7.265625
-6.765625
-6.265625
-5.765625
-5.265625
-4.765625
-4.265625
-4.140625
-4.015625
-3.890625
-3.765625
-3.640625
-3.515625
-3.390625
-3.265625
-3.140625
-3.015625
-2.890625
-2.765625
-2.640625
-2.515625
-2.390625
-2.265625
-2.203125
-2.140625
-2.078125
-2.015625
-1.953125
-1.890625
-1.828125
-1.765625
-1.703125
-1.640625
-1.578125
-1.515625
-1.453125
-1.390625
-1.328125
-1.265625
-1.234375
-1.203125
-1.171875
-1.140625
-1.109375
-1.078125
-1.046875
-1.015625
-0.984375
-0.953125
-0.921875
-0.890625
-0.859375
-0.828125
-0.796875
-0.765625
-0.75
-0.734375
-0.71875
-0.703125
-0.6875
-0.671875
-0.65625
-0.640625
-0.625
-0.609375
-0.59375
-0.578125
-0.5625
-0.546875
-0.53125
-0.515625
-0.5
-0.484375
-0.46875
-0.453125
-0.4375
-0.421875
-0.40625
-0.390625
-0.3828125
-0.375
-0.3671875
-0.359375
-0.3515625
-0.34375
-0.3359375
-0.328125
-0.3203125
-0.3125
-0.3046875
-0.296875
-0.29296875
-0.2890625
-0.28515625
-0.28125
-0.27734375
-0.2734375
-0.271484375
-0.26953125
-0.267578125
-0.2666015625
-0.265869140625
-0.26568603515625
-0.25
-0.249755859375
-0.2490234375
-0.248046875
-0.24609375
-0.244140625
-0.2421875
-0.23828125
-0.234375
-0.23046875
-0.2265625
-0.22265625
-0.21875
-0.2109375
-0.203125
-0.1953125
-0.1875
-0.1796875
-0.171875
-0.1640625
-0.15625
-0.1484375
-0.140625
-0.1328125
-0.125
-0.109375
-0.09375
-0.078125
-0.0625
-0.046875
-0.03125
-0.015625
0
0.015625
0.03125
0.046875
0.0625
0.078125
0.09375
0.109375
0.125
0.140625
0.15625
0.171875
0.1875
0.203125
0.21875
0.234375
0.25
0.28125
0.3125
0.34375
0.375
0.40625
0.4375
0.46875
0.5
0.53125
0.5625
0.59375
0.625
0.65625
0.6875
0.71875
0.75
0.8125
0.875
0.9375
1
1.0625
1.125
1.1875
1.25
1.3125
1.375
1.4375
1.5
1.5625
1.625
1.6875
1.75
1.875
2
2.125
2.25
2.375
2.5
2.625
2.75
2.875
3
3.125
3.25
3.375
3.5
3.625
3.75
4.25
4.75
5.25
5.75
6.25
6.75
7.25
7.75
8.75
9.75
10.75
11.75
12.75
13.75
14.75
15.75
19.75
23.75
27.75
31.75
39.75
47.75
55.75
63.75
95.75
127.75
191.75
255.75
511.75
1023.75
4095.75
-4096.25
-1024.25
-512.25
-256.25
-192.25
-128.25
-96.25
-64.25
-56.25
-48.25
-40.25
-32.25
-28.25
-24.25
-20.25
-16.25
-15.25
-14.25
-13.25
-12.25
-11.25
-10.25
-9.25
-8.25
-7.75
-7.25
-6.75
-6.25
-5.75
-5.25
-4.75
-4.25
-4.125
-4
-3.875
-3.75
-3.625
-3.5
-3.375
-3.25
-3.125
-3
-2.875
-2.75
-2.625
-2.5
-2.375
-2.25
-2.1875
-2.125
-2.0625
-2
-1.9375
-1.875
-1.8125
-1.75
-1.6875
-1.625
-1.5625
-1.5
-1.4375
-1.375
-1.3125
-1.25
-1.21875
-1.1875
-1.15625
-1.125
-1.09375
-1.0625
-1.03125
-1
-0.96875
-0.9375
-0.90625
-0.875
-0.84375
-0.8125
-0.78125
-0.75
-0.734375
-0.71875
-0.703125
-0.6875
-0.671875
-0.65625
-0.640625
-0.625
-0.609375
-0.59375
-0.578125
-0.5625
-0.546875
-0.53125
-0.515625
-0.5
-0.484375
-0.46875
-0.453125
-0.4375
-0.421875
-0.40625
-0.390625
-0.375
-0.3671875
-0.359375
-0.3515625
-0.34375
-0.3359375
-0.328125
-0.3203125
-0.3125
-0.3046875
-0.296875
-0.2890625
-0.28125
-0.27734375
-0.2734375
-0.26953125
-0.265625
-0.26171875
-0.2578125
-0.255859375
-0.25390625
-0.251953125
-0.2509765625
-0.250244140625
-0.25006103515625
-0.234375
-0.234130859375
-0.2333984375
-0.232421875
-0.23046875
-0.228515625
-0.2265625
-0.22265625
-0.21875
-0.21484375
-0.2109375
-0.20703125
-0.203125
-0.1953125
-0.1875
-0.1796875
-0.171875
-0.1640625
-0.15625
-0.1484375
-0.140625
-0.1328125
-0.125
-0.1171875
-0.109375
-0.09375
-0.078125
-0.0625
-0.046875
-0.03125
-0.015625
0
0.015625
0.03125
0.046875
0.0625
0.078125
0.09375
0.109375
0.125
0.140625
0.15625
0.171875
0.1875
0.203125
0.21875
0.234375
0.25
0.265625
0.296875
0.328125
0.359375
0.390625
0.421875
0.453125
0.484375
0.515625
0.546875
0.578125
0.609375
0.640625
0.671875
0.703125
0.734375
0.765625
0.828125
0.890625
0.953125
1.015625
1.078125
1.140625
1.203125
1.265625
1.328125
1.390625
1.453125
1.515625
1.578125
1.640625
1.703125
1.765625
1.890625
2.015625
2.140625
2.265625
2.390625
2.515625
2.640625
2.765625
2.890625
3.015625
3.140625
3.265625
3.390625
3.515625
3.640625
3.765625
4.265625
4.765625
5.265625
5.765625
6.265625
6.765625
7.265625
7.765625
8.765625
9.765625
10.765625
11.765625
12.765625
13.765625
14.765625
15.765625
19.765625
23.765625
27.765625
31.765625
39.765625
47.765625
55.765625
63.765625
95.765625
127.765625
191.765625
255.765625
511.765625
1023.765625
4095.765625
-4096.234375
-1024.234375
-512.234375
-256.234375
-192.234375
-128.234375
-96.234375
-64.234375
-56.234375
-48.234375
-40.234375
-32.234375
-28.234375
-24.234375
-20.234375
-16.234375
-15.234375
-14.234375
-13.234375
-12.234375
-11.234375
-10.234375
-9.234375
-8.234375
-7.734375
-7.234375
-6.734375
-6.234375
-5.734375
-5.234375
-4.734375
-4.234375
-4.109375
-3.984375
-3.859375
-3.734375
-3.609375
-3.484375
-3.359375
-3.234375
-3.109375
-2.984375
-2.859375
-2.734375
-2.609375
-2.484375
-2.359375
-2.234375
-2.171875
-2.109375
-2.046875
-1.984375
-1.921875
-1.859375
-1.796875
-1.734375
-1.671875
-1.609375
-1.546875
-1.484375
-1.421875
-1.359375
-1.296875
-1.234375
-1.203125
-1.171875
-1.140625
-1.109375
-1.078125
-1.046875
-1.015625
-0.984375
-0.953125
-0.921875
-0.890625
-0.859375
-0.828125
-0.796875
-0.765625
-0.734375
-0.71875
-0.703125
-0.6875
-0.671875
-0.65625
-0.640625
-0.625
-0.609375
-0.59375
-0.578125
-0.5625
-0.546875
-0.53125
-0.515625
-0.5
-0.484375
-0.46875
-0.453125
-0.4375
-0.421875
-0.40625
-0.390625
-0.375
-0.359375
-0.3515625
-0.34375
-0.3359375
-0.328125
-0.3203125
-0.3125
-0.3046875
-0.296875
-0.2890625
-0.28125
-0.2734375
-0.265625
-0.26171875
-0.2578125
-0.25390625
-0.25
-0.24609375
-0.2421875
-0.240234375
-0.23828125
-0.236328125
-0.2353515625
-0.234619140625
-0.23443603515625
-0.21875
-0.218505859375
-0.2177734375
-0.216796875
-0.21484375
-0.212890625
-0.2109375
-0.20703125
-0.203125
-0.19921875
-0.1953125
-0.19140625
-0.1875
-0.1796875
-0.171875
-0.1640625
-0.15625
-0.1484375
-0.140625
-0.1328125
-0.125
-0.1171875
-0.109375
-0.1015625
-0.09375
-0.078125
-0.0625
-0.046875
-0.03125
-0.015625
0
0.015625
0.03125
0.046875
0.0625
0.078125
0.09375
0.109375
0.125
0.140625
0.15625
0.171875
0.1875
0.203125
0.21875
0.234375
0.25
0.265625
0.28125
0.3125
0.34375
0.375
0.40625
0.4375
0.46875
0.5
0.53125
0.5625
0.59375
0.625
0.65625
0.6875
0.71875
0.75
0.78125
0.84375
0.90625
0.96875
1.03125
1.09375
1.15625
1.21875
1.28125
1.34375
1.40625
1.46875
1.53125
1.59375
1.65625
1.71875
1.78125
1.90625
2.03125
2.15625
2.28125
2.40625
2.53125
2.65625
2.78125
2.90625
3.03125
3.15625
3.28125
3.40625
3.53125
3.65625
3.78125
4.28125
4.78125
5.28125
5.78125
6.28125
6.78125
7.28125
7.78125
8.78125
9.78125
10.78125
11.78125
12.78125
13.78125
14.78125
15.78125
19.78125
23.78125
27.78125
31.78125
39.78125
47.78125
55.78125
63.78125
95.78125
127.78125
191.78125
255.78125
511.78125
1023.78125
4095.78125
-4096.21875
-1024.21875
-512.21875
-256.21875
-192.21875
-128.21875
-96.21875
-64.21875
-56.21875
-48.21875
-40.21875
-32.21875
-28.21875
-24.21875
-20.21875
-16.21875
-15.21875
-14.21875
-13.21875
-12.21875
-11.21875
-10.21875
-9.21875
-8.21875
-7.71875
-7.21875
-6.71875
-6.21875
-5.71875
-5.21875
-4.71875
-4.21875
-4.09375
-3.96875
-3.84375
-3.71875
-3.59375
-3.46875
-3.34375
-3.21875
-3.09375
-2.96875
-2.84375
-2.71875
-2.59375
-2.46875
-2.34375
-2.21875
-2.15625
-2.09375
-2.03125
-1.96875
-1.90625
-1.84375
-1.78125
-1.71875
-1.65625
-1.59375
-1.53125
-1.46875
-1.40625
-1.34375
-1.28125
-1.21875
-1.1875
-1.15625
-1.125
-1.09375
-1.0625
-1.03125
-1
-0.96875
-0.9375
-0.90625
-0.875
-0.84375
-0.8125
-0.78125
-0.75
-0.71875
-0.703125
-0.6875
-0.671875
-0.65625
-0.640625
-0.625
-0.609375
-0.59375
-0.578125
-0.5625
-0.546875
-0.53125
-0.515625
-0.5
-0.484375
-0.46875
-0.453125
-0.4375
-0.421875
-0.40625
-0.390625
-0.375
-0.359375
-0.34375
-0.3359375
-0.328125
-0.3203125
-0.3125
-0.3046875
-0.296875
-0.2890625
-0.28125
-0.2734375
-0.265625
-0.2578125
-0.25
-0.24609375
-0.2421875
-0.23828125
-0.234375
-0.23046875
-0.2265625
-0.224609375
-0.22265625
-0.220703125
-0.2197265625
-0.218994140625
-0.21881103515625
-0.203125
-0.202880859375
-0.2021484375
-0.201171875
-0.19921875
-0.197265625
-0.1953125
-0.19140625
-0.1875
-0.18359375
-0.1796875
-0.17578125
-0.171875
-0.1640625
-0.15625
-0.1484375
-0.140625
-0.1328125
-0.125
-0.1171875
-0.109375
-0.1015625
-0.09375
-0.0859375
-0.078125
-0.0625
-0.046875
-0.03125
-0.015625
0
0.015625
0.03125
0.046875
0.0625
0.078125
0.09375
0.109375
0.125
0.140625
0.15625
0.171875
0.1875
0.203125
0.21875
0.234375
0.25
0.265625
0.28125
0.296875
0.328125
0.359375
0.390625
0.421875
0.453125
0.484375
0.515625
0.546875
0.578125
0.609375
0.640625
0.671875
0.703125
0.734375
0.765625
0.796875
0.859375
0.921875
0.984375
1.046875
1.109375
1.171875
1.234375
1.296875
1.359375
1.421875
1.484375
1.546875
1.609375
1.671875
1.734375
1.796875
1.921875
2.046875
2.171875
2.296875
2.421875
2.546875
2.671875
2.796875
2.921875
3.046875
3.171875
3.296875
3.421875
3.546875
3.671875
3.796875
4.296875
4.796875
5.296875
5.796875
6.296875
6.796875
7.296875
7.796875
8.796875
9.796875
10.796875
11.796875
12.796875
13.796875
14.796875
15.796875
19.796875
23.796875
27.796875
31.796875
39.796875
47.796875
55.796875
63.796875
95.796875
127.796875
191.796875
255.796875
511.796875
1023.796875
4095.796875
-4096.203125
-1024.203125
-512.203125
-256.203125
-192.203125
-128.203125
-96.203125
-64.203125
-56.203125
-48.203125
-40.203125
-32.203125
-28.203125
-24.203125
-20.203125
-16.203125
-15.203125
-14.203125
-13.203125
-12.203125
-11.203125
-10.203125
-9.203125
-8.203125
-7.703125
-7.203125
-6.703125
-6.203125
-5.703125
-5.203125
-4.703125
-4.203125
-4.078125
-3.953125
-3.828125
-3.703125
-3.578125
-3.453125
-3.328125
-3.203125
-3.078125
-2.953125
-2.828125
-2.703125
-2.578125
-2.453125
-2.328125
-2.203125
-2.140625
-2.078125
-2.015625
-1.953125
-1.890625
-1.828125
-1.765625
-1.703125
-1.640625
-1.578125
-1.515625
-1.453125
-1.390625
-1.328125
-1.265625
-1.203125
-1.171875
-1.140625
-1.109375
-1.078125
-1.046875
-1.015625
-0.984375
-0.953125
-0.921875
-0.890625
-0.859375
-0.828125
-0.796875
-0.765625
-0.734375
-0.703125
-0.6875
-0.671875
-0.65625
-0.640625
-0.625
-0.609375
-0.59375
-0.578125
-0.5625
-0.546875
-0.53125
-0.515625
-0.5
-0.484375
-0.46875
-0.453125
-0.4375
-0.421875
-0.40625
-0.390625
-0.375
-0.359375
-0.34375
-0.328125
-0.3203125
-0.3125
-0.3046875
-0.296875
-0.2890625
-0.28125
-0.2734375
-0.265625
-0.2578125
-0.25
-0.2421875
-0.234375
-0.23046875
-0.2265625
-0.22265625
-0.21875
-0.21484375
-0.2109375
-0.208984375
-0.20703125
-0.205078125
-0.2041015625
-0.203369140625
-0.20318603515625
-0.1875
-0.187255859375
-0.1865234375
-0.185546875
-0.18359375
-0.181640625
-0.1796875
-0.17578125
-0.171875
-0.16796875
-0.1640625
-0.16015625
-0.15625
-0.1484375
-0.140625
-0.1328125
-0.125
-0.1171875
-0.109375
-0.1015625
-0.09375
-0.0859375
-0.078125
-0.0703125
-0.0625
-0.046875
-0.03125
-0.015625
0
0.015625
0.03125
0.046875
0.0625
0.078125
0.09375
0.109375
0.125
0.140625
0.15625
0.171875
0.1875
0.203125
0.21875
0.234375
0.25
0.265625
0.28125
0.296875
0.3125
0.34375
0.375
0.40625
0.4375
0.46875
0.5
0.53125
0.5625
0.59375
0.625
0.65625
0.6875
0.71875
0.75
0.78125
0.8125
0.875
0.9375
1
1.0625
1.125
1.1875
1.25
1.3125
1.375
1.4375
1.5
1.5625
1.625
1.6875
1.75
1.8125
1.9375
2.0625
2.1875
2.3125
2.4375
2.5625
2.6875
2.8125
2.9375
3.0625
3.1875
3.3125
3.4375
3.5625
3.6875
3.8125
4.3125
4.8125
5.3125
5.8125
6.3125
6.8125
7.3125
7.8125
8.8125
9.8125
10.8125
11.8125
12.8125
13.8125
14.8125
15.8125
19.8125
23.8125
27.8125
31.8125
39.8125
47.8125
55.8125
63.8125
95.8125
127.8125
191.8125
255.8125
511.8125
1023.8125
4095.8125
-4096.1875
-1024.1875
-512.1875
-256.1875
-192.1875
-128.1875
-96.1875
-64.1875
-56.1875
-48.1875
-40.1875
-32.1875
-28.1875
-24.1875
-20.1875
-16.1875
-15.1875
-14.1875
-13.1875
-12.1875
-11.1875
-10.1875
-9.1875
-8.1875
-7.6875
-7.1875
-6.6875
-6.1875
-5.6875
-5.1875
-4.6875
-4.1875
-4.0625
-3.9375
-3.8125
-3.6875
-3.5625
-3.4375
-3.3125
-3.1875
-3.0625
-2.9375
-2.8125
-2.6875
-2.5625
-2.4375
-2.3125
-2.1875
-2.125
-2.0625
-2
-1.9375
-1.875
-1.8125
-1.75
-1.6875
-1.625
-1.5625
-1.5
-1.4375
-1.375
-1.3125
-1.25
-1.1875
-1.15625
-1.125
-1.09375
-1.0625
-1.03125
-1
-0.96875
-0.9375
-0.90625
-0.875
-0.84375
-0.8125
-0.78125
-0.75
-0.71875
-0.6875
-0.671875
-0.65625
-0.640625
-0.625
-0.609375
-0.59375
-0.578125
-0.5625
-0.546875
-0.53125
-0.515625
-0.5
-0.484375
-0.46875
-0.453125
-0.4375
-0.421875
-0.40625
-0.390625
-0.375
-0.359375
-0.34375
-0.328125
-0.3125
-0.3046875
-0.296875
-0.2890625
-0.28125
-0.2734375
-0.265625
-0.2578125
-0.25
-0.2421875
-0.234375
-0.2265625
-0.21875
-0.21484375
-0.2109375
-0.20703125
-0.203125
-0.19921875
-0.1953125
-0.193359375
-0.19140625
-0.189453125
-0.1884765625
-0.187744140625
-0.18756103515625
-0.171875
-0.171630859375
-0.1708984375
-0.169921875
-0.16796875
-0.166015625
-0.1640625
-0.16015625
-0.15625
-0.15234375
-0.1484375
-0.14453125
-0.140625
-0.1328125
-0.125
-0.1171875
-0.109375
-0.1015625
-0.09375
-0.0859375
-0.078125
-0.0703125
-0.0625
-0.0546875
-0.046875
-0.03125
-0.015625
0
0.015625
0.03125
0.046875
0.0625
0.078125
0.09375
0.109375
0.125
0.140625
0.15625
0.171875
0.1875
0.203125
0.21875
0.234375
0.25
0.265625
0.28125
0.296875
0.3125
0.328125
0.359375
0.390625
0.421875
0.453125
0.484375
0.515625
0.546875
0.578125
0.609375
0.640625
0.671875
0.703125
0.734375
0.765625
0.796875
0.828125
0.890625
0.953125
1.015625
1.078125
1.140625
1.203125
1.265625
1.328125
1.390625
1.453125
1.515625
1.578125
1.640625
1.703125
1.765625
1.828125
1.953125
2.078125
2.203125
2.328125
2.453125
2.578125
2.703125
2.828125
2.953125
3.078125
3.203125
3.328125
3.453125
3.578125
3.703125
3.828125
4.328125
4.828125
5.328125
5.828125
6.328125
6.828125
7.328125
7.828125
8.828125
9.828125
10.828125
11.828125
12.828125
13.828125
14.828125
15.828125
19.828125
23.828125
27.828125
31.828125
39.828125
47.828125
55.828125
63.828125
95.828125
127.828125
191.828125
255.828125
511.828125
1023.828125
4095.828125
-4096.171875
-1024.171875
-512.171875
-256.171875
-192.171875
-128.171875
-96.171875
-64.171875
-56.171875
-48.171875
-40.171875
-32.171875
-28.171875
-24.171875
-20.171875
-16.171875
-15.171875
-14.171875
-13.171875
-12.171875
-11.171875
-10.171875
-9.171875
-8.171875
-7.671875
-7.171875
-6.671875
-6.171875
-5.671875
-5.171875
-4.671875
-4.171875
-4.046875
-3.921875
-3.796875
-3.671875
-3.546875
-3.421875
-3.296875
-3.171875
-3.046875
-2.921875
-2.796875
-2.671875
-2.546875
-2.421875
-2.296875
-2.171875
-2.109375
-2.046875
-1.984375
-1.921875
-1.859375
-1.796875
-1.734375
-1.671875
-1.609375
-1.546875
-1.484375
-1.421875
-1.359375
-1.296875
-1.234375
-1.171875
-1.140625
-1.109375
-1.078125
-1.046875
-1.015625
-0.984375
-0.953125
-0.921875
-0.890625
-0.859375
-0.828125
-0.796875
-0.765625
-0.734375
-0.703125
-0.671875
-0.65625
-0.640625
-0.625
-0.609375
-0.59375
-0.578125
-0.5625
-0.546875
-0.53125
-0.515625
-0.5
-0.484375
-0.46875
-0.453125
-0.4375
-0.421875
-0.40625
-0.390625
-0.375
-0.359375
-0.34375
-0.328125
-0.3125
-0.296875
-0.2890625
-0.28125
-0.2734375
-0.265625
-0.2578125
-0.25
-0.2421875
-0.234375
-0.2265625
-0.21875
-0.2109375
-0.203125
-0.19921875
-0.1953125
-0.19140625
-0.1875
-0.18359375
-0.1796875
-0.177734375
-0.17578125
-0.173828125
-0.1728515625
-0.172119140625
-0.17193603515625
-0.15625
-0.156005859375
-0.1552734375
-0.154296875
-0.15234375
-0.150390625
-0.1484375
-0.14453125
-0.140625
-0.13671875
-0.1328125
-0.12890625
-0.125
-0.1171875
-0.109375
-0.1015625
-0.09375
-0.0859375
-0.078125
-0.0703125
-0.0625
-0.0546875
-0.046875
-0.0390625
-0.03125
-0.015625
0
0.015625
0.03125
0.046875
0.0625
0.078125
0.09375
0.109375
0.125
0.140625
0.15625
0.171875
0.1875
0.203125
0.21875
0.234375
0.25
0.265625
0.28125
0.296875
0.3125
0.328125
0.34375
0.375
0.40625
0.4375
0.46875
0.5
0.53125
0.5625
0.59375
0.625
0.65625
0.6875
0.71875
0.75
0.78125
0.8125
0.84375
0.90625
0.96875
1.03125
1.09375
1.15625
1.21875
1.28125
1.34375
1.40625
1.46875
1.53125
1.59375
1.65625
1.71875
1.78125
1.84375
1.96875
2.09375
2.21875
2.34375
2.46875
2.59375
2.71875
2.84375
2.96875
3.09375
3.21875
3.34375
3.46875
3.59375
3.71875
3.84375
4.34375
4.84375
5.34375
5.84375
6.34375
6.84375
7.34375
7.84375
8.84375
9.84375
10.84375
11.84375
12.84375
13.84375
14.84375
15.84375
19.84375
23.84375
27.84375
31.84375
39.84375
47.84375
55.84375
63.84375
95.84375
127.84375
191.84375
255.84375
511.84375
1023.84375
4095.84375
-4096.15625
-1024.15625
-512.15625
-256.15625
-192.15625
-128.15625
-96.15625
-64.15625
-56.15625
-48.15625
-40.15625
-32.15625
-28.15625
-24.15625
-20.15625
-16.15625
-15.15625
-14.15625
-13.15625
-12.15625
-11.15625
-10.15625
-9.15625
-8.15625
-7.65625
-7.15625
-6.65625
-6.15625
-5.65625
-5.15625
-4.65625
-4.15625
-4.03125
-3.90625
-3.78125
-3.65625
-3.53125
-3.40625
-3.28125
-3.15625
-3.03125
-2.90625
-2.78125
-2.65625
-2.53125
-2.40625
-2.28125
-2.15625
-2.09375
-2.03125
-1.96875
-1.90625
-1.84375
-1.78125
-1.71875
-1.65625
-1.59375
-1.53125
-1.46875
-1.40625
-1.34375
-1.28125
-1.21875
-1.15625
-1.125
-1.09375
-1.0625
-1.03125
-1
-0.96875
-0.9375
-0.90625
-0.875
-0.84375
-0.8125
-0.78125
-0.75
-0.71875
-0.6875
-0.65625
-0.640625
-0.625
-0.609375
-0.59375
-0.578125
-0.5625
-0.546875
-0.53125
-0.515625
-0.5
-0.484375
-0.46875
-0.453125
-0.4375
-0.421875
-0.40625
-0.390625
-0.375
-0.359375
-0.34375
-0.328125
-0.3125
-0.296875
-0.28125
-0.2734375
-0.265625
-0.2578125
-0.25
-0.2421875
-0.234375
-0.2265625
-0.21875
-0.2109375
-0.203125
-0.1953125
-0.1875
-0.18359375
-0.1796875
-0.17578125
-0.171875
-0.16796875
-0.1640625
-0.162109375
-0.16015625
-0.158203125
-0.1572265625
-0.156494140625
-0.15631103515625
-0.140625
-0.140380859375
-0.1396484375
-0.138671875
-0.13671875
-0.134765625
-0.1328125
-0.12890625
-0.125
-0.12109375
-0.1171875
-0.11328125
-0.109375
-0.1015625
-0.09375
-0.0859375
-0.078125
-0.0703125
-0.0625
-0.0546875
-0.046875
-0.0390625
-0.03125
-0.0234375
-0.015625
0
0.015625
0.03125
0.046875
0.0625
0.078125
0.09375
0.109375
0.125
0.140625
0.15625
0.171875
0.1875
0.203125
0.21875
0.234375
0.25
0.265625
0.28125
0.296875
0.3125
0.328125
0.34375
0.359375
0.390625
0.421875
0.453125
0.484375
0.515625
0.546875
0.578125
0.609375
0.640625
0.671875
0.703125
0.734375
0.765625
0.796875
0.828125
0.859375
0.921875
0.984375
1.046875
1.109375
1.171875
1.234375
1.296875
1.359375
1.421875
1.484375
1.546875
1.609375
1.671875
1.734375
1.796875
1.859375
1.984375
2.109375
2.234375
2.359375
2.484375
2.609375
2.734375
2.859375
2.984375
3.109375
3.234375
3.359375
3.484375
3.609375
3.734375
3.859375
4.359375
4.859375
5.359375
5.859375
6.359375
6.859375
7.359375
7.859375
8.859375
9.859375
10.859375
11.859375
12.859375
13.859375
14.859375
15.859375
19.859375
23.859375
27.859375
31.859375
39.859375
47.859375
55.859375
63.859375
95.859375
127.859375
191.859375
255.859375
511.859375
1023.859375
4095.859375
-4096.140625
-1024.140625
-512.140625
-256.140625
-192.140625
-128.140625
-96.140625
-64.140625
-56.140625
-48.140625
-40.140625
-32.140625
-28.140625
-24.140625
-20.140625
-16.140625
-15.140625
-14.140625
-13.140625
-12.140625
-11.140625
-10.140625
-9.140625
-8.140625
-7.640625
-7.140625
-6.640625
-6.140625
-5.640625
-5.140625
-4.640625
-4.140625
-4.015625
-3.890625
-3.765625
-3.640625
-3.515625
-3.390625
-3.265625
-3.140625
-3.015625
-2.890625
-2.765625
-2.640625
-2.515625
-2.390625
-2.265625
-2.140625
-2.078125
-2.015625
-1.953125
-1.890625
-1.828125
-1.765625
-1.703125
-1.640625
-1.578125
-1.515625
-1.453125
-1.390625
-1.328125
-1.265625
-1.203125
-1.140625
-1.109375
-1.078125
-1.046875
-1.015625
-0.984375
-0.953125
-0.921875
-0.890625
-0.859375
-0.828125
-0.796875
-0.765625
-0.734375
-0.703125
-0.671875
-0.640625
-0.625
-0.609375
-0.59375
-0.578125
-0.5625
-0.546875
-0.53125
-0.515625
-0.5
-0.484375
-0.46875
-0.453125
-0.4375
-0.421875
-0.40625
-0.390625
-0.375
-0.359375
-0.34375
-0.328125
-0.3125
-0.296875
-0.28125
-0.265625
-0.2578125
-0.25
-0.2421875
-0.234375
-0.2265625
-0.21875
-0.2109375
-0.203125
-0.1953125
-0.1875
-0.1796875
-0.171875
-0.16796875
-0.1640625
-0.16015625
-0.15625
-0.15234375
-0.1484375
-0.146484375
-0.14453125
-0.142578125
-0.1416015625
-0.140869140625
-0.14068603515625
-0.125
-0.124755859375
-0.1240234375
-0.123046875
-0.12109375
-0.119140625
-0.1171875
-0.11328125
-0.109375
-0.10546875
-0.1015625
-0.09765625
-0.09375
-0.0859375
-0.078125
-0.0703125
-0.0625
-0.0546875
-0.046875
-0.0390625
-0.03125
-0.0234375
-0.015625
-0.0078125
0
0.015625
0.03125
0.046875
0.0625
0.078125
0.09375
0.109375
0.125
0.140625
0.15625
0.171875
0.1875
0.203125
0.21875
0.234375
0.25
0.265625
0.28125
0.296875
0.3125
0.328125
0.34375
0.359375
0.375
0.40625
0.4375
0.46875
0.5
0.53125
0.5625
0.59375
0.625
0.65625
0.6875
0.71875
0.75
0.78125
0.8125
0.84375
0.875
0.9375
1
1.0625
1.125
1.1875
1.25
1.3125
1.375
1.4375
1.5
1.5625
1.625
1.6875
1.75
1.8125
1.875
2
2.125
2.25
2.375
2.5
2.625
2.75
2.875
3
3.125
3.25
3.375
3.5
3.625
3.75
3.875
4.375
4.875
5.375
5.875
6.375
6.875
7.375
7.875
8.875
9.875
10.875
11.875
12.875
13.875
14.875
15.875
19.875
23.875
27.875
31.875
39.875
47.875
55.875
63.875
95.875
127.875
191.875
255.875
511.875
1023.875
4095.875
-4096.125
-1024.125
-512.125
-256.125
-192.125
-128.125
-96.125
-64.125
-56.125
-48.125
-40.125
-32.125
-28.125
-24.125
-20.125
-16.125
-15.125
-14.125
-13.125
-12.125
-11.125
-10.125
-9.125
-8.125
-7.625
-7.125
-6.625
-6.125
-5.625
-5.125
-4.625
-4.125
-4
-3.875
-3.75
-3.625
-3.5
-3.375
-3.25
-3.125
-3
-2.875
-2.75
-2.625
-2.5
-2.375
-2.25
-2.125
-2.0625
-2
-1.9375
-1.875
-1.8125
-1.75
-1.6875
-1.625
-1.5625
-1.5
-1.4375
-1.375
-1.3125
-1.25
-1.1875
-1.125
-1.09375
-1.0625
-1.03125
-1
-0.96875
-0.9375
-0.90625
-0.875
-0.84375
-0.8125
-0.78125
-0.75
-0.71875
-0.6875
-0.65625
-0.625
-0.609375
-0.59375
-0.578125
-0.5625
-0.546875
-0.53125
-0.515625
-0.5
-0.484375
-0.46875
-0.453125
-0.4375
-0.421875
-0.40625
-0.390625
-0.375
-0.359375
-0.34375
-0.328125
-0.3125
-0.296875
-0.28125
-0.265625
-0.25
-0.2421875
-0.234375
-0.2265625
-0.21875
-0.2109375
-0.203125
-0.1953125
-0.1875
-0.1796875
-0.171875
-0.1640625
-0.15625
-0.15234375
-0.1484375
-0.14453125
-0.140625
-0.13671875
-0.1328125
-0.130859375
-0.12890625
-0.126953125
-0.1259765625
-0.125244140625
-0.12506103515625
-0.1171875
-0.116943359375
-0.1162109375
-0.115234375
-0.11328125
-0.111328125
-0.109375
-0.10546875
-0.1015625
-0.09765625
-0.09375
-0.08984375
-0.0859375
-0.078125
-0.0703125
-0.0625
-0.0546875
-0.046875
-0.0390625
-0.03125
-0.0234375
-0.015625
-0.0078125
0
0.0078125
0.0234375
0.0390625
0.0546875
0.0703125
0.0859375
0.1015625
0.1171875
0.1328125
0.1484375
0.1640625
0.1796875
0.1953125
0.2109375
0.2265625
0.2421875
0.2578125
0.2734375
0.2890625
0.3046875
0.3203125
0.3359375
0.3515625
0.3671875
0.3828125
0.4140625
0.4453125
0.4765625
0.5078125
0.5390625
0.5703125
0.6015625
0.6328125
0.6640625
0.6953125
0.7265625
0.7578125
0.7890625
0.8203125
0.8515625
0.8828125
0.9453125
1.0078125
1.0703125
1.1328125
1.1953125
1.2578125
1.3203125
1.3828125
1.4453125
1.5078125
1.5703125
1.6328125
1.6953125
1.7578125
1.8203125
1.8828125
2.0078125
2.1328125
2.2578125
2.3828125
2.5078125
2.6328125
2.7578125
2.8828125
3.0078125
3.1328125
3.2578125
3.3828125
3.5078125
3.6328125
3.7578125
3.8828125
4.3828125
4.8828125
5.3828125
5.8828125
6.3828125
6.8828125
7.3828125
7.8828125
8.8828125
9.8828125
10.8828125
11.8828125
12.8828125
13.8828125
14.8828125
15.8828125
19.8828125
23.8828125
27.8828125
31.8828125
39.8828125
47.8828125
55.8828125
63.8828125
95.8828125
127.8828125
191.8828125
255.8828125
511.8828125
1023.8828125
4095.8828125
-4096.1171875
-1024.1171875
-512.1171875
-256.1171875
-192.1171875
-128.1171875
-96.1171875
-64.1171875
-56.1171875
-48.1171875
-40.1171875
-32.1171875
-28.1171875
-24.1171875
-20.1171875
-16.1171875
-15.1171875
-14.1171875
-13.1171875
-12.1171875
-11.1171875
-10.1171875
-9.1171875
-8.1171875
-7.6171875
-7.1171875
-6.6171875
-6.1171875
-5.6171875
-5.1171875
-4.6171875
-4.1171875
-3.9921875
-3.8671875
-3.7421875
-3.6171875
-3.4921875
-3.3671875
-3.2421875
-3.1171875
-2.9921875
-2.8671875
-2.7421875
-2.6171875
-2.4921875
-2.3671875
-2.2421875
-2.1171875
-2.0546875
-1.9921875
-1.9296875
-1.8671875
-1.8046875
-1.7421875
-1.6796875
-1.6171875
-1.5546875
-1.4921875
-1.4296875
-1.3671875
-1.3046875
-1.2421875
-1.1796875
-1.1171875
-1.0859375
-1.0546875
-1.0234375
-0.9921875
-0.9609375
-0.9296875
-0.8984375
-0.8671875
-0.8359375
-0.8046875
-0.7734375
-0.7421875
-0.7109375
-0.6796875
-0.6484375
-0.6171875
-0.6015625
-0.5859375
-0.5703125
-0.5546875
-0.5390625
-0.5234375
-0.5078125
-0.4921875
-0.4765625
-0.4609375
-0.4453125
-0.4296875
-0.4140625
-0.3984375
-0.3828125
-0.3671875
-0.3515625
-0.3359375
-0.3203125
-0.3046875
-0.2890625
-0.2734375
-0.2578125
-0.2421875
-0.234375
-0.2265625
-0.21875
-0.2109375
-0.203125
-0.1953125
-0.1875
-0.1796875
-0.171875
-0.1640625
-0.15625
-0.1484375
-0.14453125
-0.140625
-0.13671875
-0.1328125
-0.12890625
-0.125
-0.123046875
-0.12109375
-0.119140625
-0.1181640625
-0.117431640625
-0.11724853515625
-0.109375
-0.109130859375
-0.1083984375
-0.107421875
-0.10546875
-0.103515625
-0.1015625
-0.09765625
-0.09375
-0.08984375
-0.0859375
-0.08203125
-0.078125
-0.0703125
-0.0625
-0.0546875
-0.046875
-0.0390625
-0.03125
-0.0234375
-0.015625
-0.0078125
0
0.0078125
0.015625
0.03125
0.046875
0.0625
0.078125
0.09375
0.109375
0.125
0.140625
0.15625
0.171875
0.1875
0.203125
0.21875
0.234375
0.25
0.265625
0.28125
0.296875
0.3125
0.328125
0.34375
0.359375
0.375
0.390625
0.421875
0.453125
0.484375
0.515625
0.546875
0.578125
0.609375
0.640625
0.671875
0.703125
0.734375
0.765625
0.796875
0.828125
0.859375
0.890625
0.953125
1.015625
1.078125
1.140625
1.203125
1.265625
1.328125
1.390625
1.453125
1.515625
1.578125
1.640625
1.703125
1.765625
1.828125
1.890625
2.015625
2.140625
2.265625
2.390625
2.515625
2.640625
2.765625
2.890625
3.015625
3.140625
3.265625
3.390625
3.515625
3.640625
3.765625
3.890625
4.390625
4.890625
5.390625
5.890625
6.390625
6.890625
7.390625
7.890625
8.890625
9.890625
10.890625
11.890625
12.890625
13.890625
14.890625
15.890625
19.890625
23.890625
27.890625
31.890625
39.890625
47.890625
55.890625
63.890625
95.890625
127.890625
191.890625
255.890625
511.890625
1023.890625
4095.890625
-4096.109375
-1024.109375
-512.109375
-256.109375
-192.109375
-128.109375
-96.109375
-64.109375
-56.109375
-48.109375
-40.109375
-32.109375
-28.109375
-24.109375
-20.109375
-16.109375
-15.109375
-14.109375
-13.109375
-12.109375
-11.109375
-10.109375
-9.109375
-8.109375
-7.609375
-7.109375
-6.609375
-6.109375
-5.609375
-5.109375
-4.609375
-4.109375
-3.984375
-3.859375
-3.734375
-3.609375
-3.484375
-3.359375
-3.234375
-3.109375
-2.984375
-2.859375
-2.734375
-2.609375
-2.484375
-2.359375
-2.234375
-2.109375
-2.046875
-1.984375
-1.921875
-1.859375
-1.796875
-1.734375
-1.671875
-1.609375
-1.546875
-1.484375
-1.421875
-1.359375
-1.296875
-1.234375
-1.171875
-1.109375
-1.078125
-1.046875
-1.015625
-0.984375
-0.953125
-0.921875
-0.890625
-0.859375
-0.828125
-0.796875
-0.765625
-0.734375
-0.703125
-0.671875
-0.640625
-0.609375
-0.59375
-0.578125
-0.5625
-0.546875
-0.53125
-0.515625
-0.5
-0.484375
-0.46875
-0.453125
-0.4375
-0.421875
-0.40625
-0.390625
-0.375
-0.359375
-0.34375
-0.328125
-0.3125
-0.296875
-0.28125
-0.265625
-0.25
-0.234375
-0.2265625
-0.21875
-0.2109375
-0.203125
-0.1953125
-0.1875
-0.1796875
-0.171875
-0.1640625
-0.15625
-0.1484375
-0.140625
-0.13671875
-0.1328125
-0.12890625
-0.125
-0.12109375
-0.1171875
-0.115234375
-0.11328125
-0.111328125
-0.1103515625
-0.109619140625
-0.10943603515625
-0.1015625
-0.101318359375
-0.1005859375
-0.099609375
-0.09765625
-0.095703125
-0.09375
-0.08984375
-0.0859375
-0.08203125
-0.078125
-0.07421875
-0.0703125
-0.0625
-0.0546875
-0.046875
-0.0390625
-0.03125
-0.0234375
-0.015625
-0.0078125
0
0.0078125
0.015625
0.0234375
0.0390625
0.0546875
0.0703125
0.0859375
0.1015625
0.1171875
0.1328125
0.1484375
0.1640625
0.1796875
0.1953125
0.2109375
0.2265625
0.2421875
0.2578125
0.2734375
0.2890625
0.3046875
0.3203125
0.3359375
0.3515625
0.3671875
0.3828125
0.3984375
0.4296875
0.4609375
0.4921875
0.5234375
0.5546875
0.5859375
0.6171875
0.6484375
0.6796875
0.7109375
0.7421875
0.7734375
0.8046875
0.8359375
0.8671875
0.8984375
0.9609375
1.0234375
1.0859375
1.1484375
1.2109375
1.2734375
1.3359375
1.3984375
1.4609375
1.5234375
1.5859375
1.6484375
1.7109375
1.7734375
1.8359375
1.8984375
2.0234375
2.1484375
2.2734375
2.3984375
2.5234375
2.6484375
2.7734375
2.8984375
3.0234375
3.1484375
3.2734375
3.3984375
3.5234375
3.6484375
3.7734375
3.8984375
4.3984375
4.8984375
5.3984375
5.8984375
6.3984375
6.8984375
7.3984375
7.8984375
8.8984375
9.8984375
10.8984375
11.8984375
12.8984375
13.8984375
14.8984375
15.8984375
19.8984375
23.8984375
27.8984375
31.8984375
39.8984375
47.8984375
55.8984375
63.8984375
95.8984375
127.8984375
191.8984375
255.8984375
511.8984375
1023.8984375
4095.8984375
-4096.1015625
-1024.1015625
-512.1015625
-256.1015625
-192.1015625
-128.1015625
-96.1015625
-64.1015625
-56.1015625
-48.1015625
-40.1015625
-32.1015625
-28.1015625
-24.1015625
-20.1015625
-16.1015625
-15.1015625
-14.1015625
-13.1015625
-12.1015625
-11.1015625
-10.1015625
-9.1015625
-8.1015625
-7.6015625
-7.1015625
-6.6015625
-6.1015625
-5.6015625
-5.1015625
-4.6015625
-4.1015625
-3.9765625
-3.8515625
-3.7265625
-3.6015625
-3.4765625
-3.3515625
-3.2265625
-3.1015625
-2.9765625
-2.8515625
-2.7265625
-2.6015625
-2.4765625
-2.3515625
-2.2265625
-2.1015625
-2.0390625
-1.9765625
-1.9140625
-1.8515625
-1.7890625
-1.7265625
-1.6640625
-1.6015625
-1.5390625
-1.4765625
-1.4140625
-1.3515625
-1.2890625
-1.2265625
-1.1640625
-1.1015625
-1.0703125
-1.0390625
-1.0078125
-0.9765625
-0.9453125
-0.9140625
-0.8828125
-0.8515625
-0.8203125
-0.7890625
-0.7578125
-0.7265625
-0.6953125
-0.6640625
-0.6328125
-0.6015625
-0.5859375
-0.5703125
-0.5546875
-0.5390625
-0.5234375
-0.5078125
-0.4921875
-0.4765625
-0.4609375
-0.4453125
-0.4296875
-0.4140625
-0.3984375
-0.3828125
-0.3671875
-0.3515625
-0.3359375
-0.3203125
-0.3046875
-0.2890625
-0.2734375
-0.2578125
-0.2421875
-0.2265625
-0.21875
-0.2109375
-0.203125
-0.1953125
-0.1875
-0.1796875
-0.171875
-0.1640625
-0.15625
-0.1484375
-0.140625
-0.1328125
-0.12890625
-0.125
-0.12109375
-0.1171875
-0.11328125
-0.109375
-0.107421875
-0.10546875
-0.103515625
-0.1025390625
-0.101806640625
-0.10162353515625
-0.09375
-0.093505859375
-0.0927734375
-0.091796875
-0.08984375
-0.087890625
-0.0859375
-0.08203125
-0.078125
-0.07421875
-0.0703125
-0.06640625
-0.0625
-0.0546875
-0.046875
-0.0390625
-0.03125
-0.0234375
-0.015625
-0.0078125
0
0.0078125
0.015625
0.0234375
0.03125
0.046875
0.0625
0.078125
0.09375
0.109375
0.125
0.140625
0.15625
0.171875
0.1875
0.203125
0.21875
0.234375
0.25
0.265625
0.28125
0.296875
0.3125
0.328125
0.34375
0.359375
0.375
0.390625
0.40625
0.4375
0.46875
0.5
0.53125
0.5625
0.59375
0.625
0.65625
0.6875
0.71875
0.75
0.78125
0.8125
0.84375
0.875
0.90625
0.96875
1.03125
1.09375
1.15625
1.21875
1.28125
1.34375
1.40625
1.46875
1.53125
1.59375
1.65625
1.71875
1.78125
1.84375
1.90625
2.03125
2.15625
2.28125
2.40625
2.53125
2.65625
2.78125
2.90625
3.03125
3.15625
3.28125
3.40625
3.53125
3.65625
3.78125
3.90625
4.40625
4.90625
5.40625
5.90625
6.40625
6.90625
7.40625
7.90625
8.90625
9.90625
10.90625
11.90625
12.90625
13.90625
14.90625
15.90625
19.90625
23.90625
27.90625
31.90625
39.90625
47.90625
55.90625
63.90625
95.90625
127.90625
191.90625
255.90625
511.90625
1023.90625
4095.90625
-4096.09375
-1024.09375
-512.09375
-256.09375
-192.09375
-128.09375
-96.09375
-64.09375
-56.09375
-48.09375
-40.09375
-32.09375
-28.09375
-24.09375
-20.09375
-16.09375
-15.09375
-14.09375
-13.09375
-12.09375
-11.09375
-10.09375
-9.09375
-8.09375
-7.59375
-7.09375
-6.59375
-6.09375
-5.59375
-5.09375
-4.59375
-4.09375
-3.96875
-3.84375
-3.71875
-3.59375
-3.46875
-3.34375
-3.21875
-3.09375
-2.96875
-2.84375
-2.71875
-2.59375
-2.46875
-2.34375
-2.21875
-2.09375
-2.03125
-1.96875
-1.90625
-1.84375
-1.78125
-1.71875
-1.65625
-1.59375
-1.53125
-1.46875
-1.40625
-1.34375
-1.28125
-1.21875
-1.15625
-1.09375
-1.0625
-1.03125
-1
-0.96875
-0.9375
-0.90625
-0.875
-0.84375
-0.8125
-0.78125
-0.75
-0.71875
-0.6875
-0.65625
-0.625
-0.59375
-0.578125
-0.5625
-0.546875
-0.53125
-0.515625
-0.5
-0.484375
-0.46875
-0.453125
-0.4375
-0.421875
-0.40625
-0.390625
-0.375
-0.359375
-0.34375
-0.328125
-0.3125
-0.296875
-0.28125
-0.265625
-0.25
-0.234375
-0.21875
-0.2109375
-0.203125
-0.1953125
-0.1875
-0.1796875
-0.171875
-0.1640625
-0.15625
-0.1484375
-0.140625
-0.1328125
-0.125
-0.12109375
-0.1171875
-0.11328125
-0.109375
-0.10546875
-0.1015625
-0.099609375
-0.09765625
-0.095703125
-0.0947265625
-0.093994140625
-0.09381103515625
-0.0859375
-0.085693359375
-0.0849609375
-0.083984375
-0.08203125
-0.080078125
-0.078125
-0.07421875
-0.0703125
-0.06640625
-0.0625
-0.05859375
-0.0546875
-0.046875
-0.0390625
-0.03125
-0.0234375
-0.015625
-0.0078125
0
0.0078125
0.015625
0.0234375
0.03125
0.0390625
0.0546875
0.0703125
0.0859375
0.1015625
0.1171875
0.1328125
0.1484375
0.1640625
0.1796875
0.1953125
0.2109375
0.2265625
0.2421875
0.2578125
0.2734375
0.2890625
0.3046875
0.3203125
0.3359375
0.3515625
0.3671875
0.3828125
0.3984375
0.4140625
0.4453125
0.4765625
0.5078125
0.5390625
0.5703125
0.6015625
0.6328125
0.6640625
0.6953125
0.7265625
0.7578125
0.7890625
0.8203125
0.8515625
0.8828125
0.9140625
0.9765625
1.0390625
1.1015625
1.1640625
1.2265625
1.2890625
1.3515625
1.4140625
1.4765625
1.5390625
1.6015625
1.6640625
1.7265625
1.7890625
1.8515625
1.9140625
2.0390625
2.1640625
2.2890625
2.4140625
2.5390625
2.6640625
2.7890625
2.9140625
3.0390625
3.1640625
3.2890625
3.4140625
3.5390625
3.6640625
3.7890625
3.9140625
4.4140625
4.9140625
5.4140625
5.9140625
6.4140625
6.9140625
7.4140625
7.9140625
8.9140625
9.9140625
10.9140625
11.9140625
12.9140625
13.9140625
14.9140625
15.9140625
19.9140625
23.9140625
27.9140625
31.9140625
39.9140625
47.9140625
55.9140625
63.9140625
95.9140625
127.9140625
191.9140625
255.9140625
511.9140625
1023.9140625
4095.9140625
-4096.0859375
-1024.0859375
-512.0859375
-256.0859375
-192.0859375
-128.0859375
-96.0859375
-64.0859375
-56.0859375
-48.0859375
-40.0859375
-32.0859375
-28.0859375
-24.0859375
-20.0859375
-16.0859375
-15.0859375
-14.0859375
-13.0859375
-12.0859375
-11.0859375
-10.0859375
-9.0859375
-8.0859375
-7.5859375
-7.0859375
-6.5859375
-6.0859375
-5.5859375
-5.0859375
-4.5859375
-4.0859375
-3.9609375
-3.8359375
-3.7109375
-3.5859375
-3.4609375
-3.3359375
-3.2109375
-3.0859375
-2.9609375
-2.8359375
-2.7109375
-2.5859375
-2.4609375
-2.3359375
-2.2109375
-2.0859375
-2.0234375
-1.9609375
-1.8984375
-1.8359375
-1.7734375
-1.7109375
-1.6484375
-1.5859375
-1.5234375
-1.4609375
-1.3984375
-1.3359375
-1.2734375
-1.2109375
-1.1484375
-1.0859375
-1.0546875
-1.0234375
-0.9921875
-0.9609375
-0.9296875
-0.8984375
-0.8671875
-0.8359375
-0.8046875
-0.7734375
-0.7421875
-0.7109375
-0.6796875
-0.6484375
-0.6171875
-0.5859375
-0.5703125
-0.5546875
-0.5390625
-0.5234375
-0.5078125
-0.4921875
-0.4765625
-0.4609375
-0.4453125
-0.4296875
-0.4140625
-0.3984375
-0.3828125
-0.3671875
-0.3515625
-0.3359375
-0.3203125
-0.3046875
-0.2890625
-0.2734375
-0.2578125
-0.2421875
-0.2265625
-0.2109375
-0.203125
-0.1953125
-0.1875
-0.1796875
-0.171875
-0.1640625
-0.15625
-0.1484375
-0.140625
-0.1328125
-0.125
-0.1171875
-0.11328125
-0.109375
-0.10546875
-0.1015625
-0.09765625
-0.09375
-0.091796875
-0.08984375
-0.087890625
-0.0869140625
-0.086181640625
-0.08599853515625
-0.078125
-0.077880859375
-0.0771484375
-0.076171875
-0.07421875
-0.072265625
-0.0703125
-0.06640625
-0.0625
-0.05859375
-0.0546875
-0.05078125
-0.046875
-0.0390625
-0.03125
-0.0234375
-0.015625
-0.0078125
0
0.0078125
0.015625
0.0234375
0.03125
0.0390625
0.046875
0.0625
0.078125
0.09375
0.109375
0.125
0.140625
0.15625
0.171875
0.1875
0.203125
0.21875
0.234375
0.25
0.265625
0.28125
0.296875
0.3125
0.328125
0.34375
0.359375
0.375
0.390625
0.40625
0.421875
0.453125
0.484375
0.515625
0.546875
0.578125
0.609375
0.640625
0.671875
0.703125
0.734375
0.765625
0.796875
0.828125
0.859375
0.890625
0.921875
0.984375
1.046875
1.109375
1.171875
1.234375
1.296875
1.359375
1.421875
1.484375
1.546875
1.609375
1.671875
1.734375
1.796875
1.859375
1.921875
2.046875
2.171875
2.296875
2.421875
2.546875
2.671875
2.796875
2.921875
3.046875
3.171875
3.296875
3.421875
3.546875
3.671875
3.796875
3.921875
4.421875
4.921875
5.421875
5.921875
6.421875
6.921875
7.421875
7.921875
8.921875
9.921875
10.921875
11.921875
12.921875
13.921875
14.921875
15.921875
19.921875
23.921875
27.921875
31.921875
39.921875
47.921875
55.921875
63.921875
95.921875
127.921875
191.921875
255.921875
511.921875
1023.921875
4095.921875
-4096.078125
-1024.078125
-512.078125
-256.078125
-192.078125
-128.078125
-96.078125
-64.078125
-56.078125
-48.078125
-40.078125
-32.078125
-28.078125
-24.078125
-20.078125
-16.078125
-15.078125
-14.078125
-13.078125
-12.078125
-11.078125
-10.078125
-9.078125
-8.078125
-7.578125
-7.078125
-6.578125
-6.078125
-5.578125
-5.078125
-4.578125
-4.078125
-3.953125
-3.828125
-3.703125
-3.578125
-3.453125
-3.328125
-3.203125
-3.078125
-2.953125
-2.828125
-2.703125
-2.578125
-2.453125
-2.328125
-2.203125
-2.078125
-2.015625
-1.953125
-1.890625
-1.828125
-1.765625
-1.703125
-1.640625
-1.578125
-1.515625
-1.453125
-1.390625
-1.328125
-1.265625
-1.203125
-1.140625
-1.078125
-1.046875
-1.015625
-0.984375
-0.953125
-0.921875
-0.890625
-0.859375
-0.828125
-0.796875
-0.765625
-0.734375
-0.703125
-0.671875
-0.640625
-0.609375
-0.578125
-0.5625
-0.546875
-0.53125
-0.515625
-0.5
-0.484375
-0.46875
-0.453125
-0.4375
-0.421875
-0.40625
-0.390625
-0.375
-0.359375
-0.34375
-0.328125
-0.3125
-0.296875
-0.28125
-0.265625
-0.25
-0.234375
-0.21875
-0.203125
-0.1953125
-0.1875
-0.1796875
-0.171875
-0.1640625
-0.15625
-0.1484375
-0.140625
-0.1328125
-0.125
-0.1171875
-0.109375
-0.10546875
-0.1015625
-0.09765625
-0.09375
-0.08984375
-0.0859375
-0.083984375
-0.08203125
-0.080078125
-0.0791015625
-0.078369140625
-0.07818603515625
-0.0703125
-0.070068359375
-0.0693359375
-0.068359375
-0.06640625
-0.064453125
-0.0625
-0.05859375
-0.0546875
-0.05078125
-0.046875
-0.04296875
-0.0390625
-0.03125
-0.0234375
-0.015625
-0.0078125
0
0.0078125
0.015625
0.0234375
0.03125
0.0390625
0.046875
0.0546875
0.0703125
0.0859375
0.1015625
0.1171875
0.1328125
0.1484375
0.1640625
0.1796875
0.1953125
0.2109375
0.2265625
0.2421875
0.2578125
0.2734375
0.2890625
0.3046875
0.3203125
0.3359375
0.3515625
0.3671875
0.3828125
0.3984375
0.4140625
0.4296875
0.4609375
0.4921875
0.5234375
0.5546875
0.5859375
0.6171875
0.6484375
0.6796875
0.7109375
0.7421875
0.7734375
0.8046875
0.8359375
0.8671875
0.8984375
0.9296875
0.9921875
1.0546875
1.1171875
1.1796875
1.2421875
1.3046875
1.3671875
1.4296875
1.4921875
1.5546875
1.6171875
1.6796875
1.7421875
1.8046875
1.8671875
1.9296875
2.0546875
2.1796875
2.3046875
2.4296875
2.5546875
2.6796875
2.8046875
2.9296875
3.0546875
3.1796875
3.3046875
3.4296875
3.5546875
3.6796875
3.8046875
3.9296875
4.4296875
4.9296875
5.4296875
5.9296875
6.4296875
6.9296875
7.4296875
7.9296875
8.9296875
9.9296875
10.9296875
11.9296875
12.9296875
13.9296875
14.9296875
15.9296875
19.9296875
23.9296875
27.9296875
31.9296875
39.9296875
47.9296875
55.9296875
63.9296875
95.9296875
127.9296875
191.9296875
255.9296875
511.9296875
1023.9296875
4095.9296875
-4096.0703125
-1024.0703125
-512.0703125
-256.0703125
-192.0703125
-128.0703125
-96.0703125
-64.0703125
-56.0703125
-48.0703125
-40.0703125
-32.0703125
-28.0703125
-24.0703125
-20.0703125
-16.0703125
-15.0703125
-14.0703125
-13.0703125
-12.0703125
-11.0703125
-10.0703125
-9.0703125
-8.0703125
-7.5703125
-7.0703125
-6.5703125
-6.0703125
-5.5703125
-5.0703125
-4.5703125
-4.0703125
-3.9453125
-3.8203125
-3.6953125
-3.5703125
-3.4453125
-3.3203125
-3.1953125
-3.0703125
-2.9453125
-2.8203125
-2.6953125
-2.5703125
-2.4453125
-2.3203125
-2.1953125
-2.0703125
-2.0078125
-1.9453125
-1.8828125
-1.8203125
-1.7578125
-1.6953125
-1.6328125
-1.5703125
-1.5078125
-1.4453125
-1.3828125
-1.3203125
-1.2578125
-1.1953125
-1.1328125
-1.0703125
-1.0390625
-1.0078125
-0.9765625
-0.9453125
-0.9140625
-0.8828125
-0.8515625
-0.8203125
-0.7890625
-0.7578125
-0.7265625
-0.6953125
-0.6640625
-0.6328125
-0.6015625
-0.5703125
-0.5546875
-0.5390625
-0.5234375
-0.5078125
-0.4921875
-0.4765625
-0.4609375
-0.4453125
-0.4296875
-0.4140625
-0.3984375
-0.3828125
-0.3671875
-0.3515625
-0.3359375
-0.3203125
-0.3046875
-0.2890625
-0.2734375
-0.2578125
-0.2421875
-0.2265625
-0.2109375
-0.1953125
-0.1875
-0.1796875
-0.171875
-0.1640625
-0.15625
-0.1484375
-0.140625
-0.1328125
-0.125
-0.1171875
-0.109375
-0.1015625
-0.09765625
-0.09375
-0.08984375
-0.0859375
-0.08203125
-0.078125
-0.076171875
-0.07421875
-0.072265625
-0.0712890625
-0.070556640625
-0.07037353515625
-0.0625
-0.062255859375
-0.0615234375
-0.060546875
-0.05859375
-0.056640625
-0.0546875
-0.05078125
-0.046875
-0.04296875
-0.0390625
-0.03515625
-0.03125
-0.0234375
-0.015625
-0.0078125
0
0.0078125
0.015625
0.0234375
0.03125
0.0390625
0.046875
0.0546875
0.0625
0.078125
0.09375
0.109375
0.125
0.140625
0.15625
0.171875
0.1875
0.203125
0.21875
0.234375
0.25
0.265625
0.28125
0.296875
0.3125
0.328125
0.34375
0.359375
0.375
0.390625
0.40625
0.421875
0.4375
0.46875
0.5
0.53125
0.5625
0.59375
0.625
0.65625
0.6875
0.71875
0.75
0.78125
0.8125
0.84375
0.875
0.90625
0.9375
1
1.0625
1.125
1.1875
1.25
1.3125
1.375
1.4375
1.5
1.5625
1.625
1.6875
1.75
1.8125
1.875
1.9375
2.0625
2.1875
2.3125
2.4375
2.5625
2.6875
2.8125
2.9375
3.0625
3.1875
3.3125
3.4375
3.5625
3.6875
3.8125
3.9375
4.4375
4.9375
5.4375
5.9375
6.4375
6.9375
7.4375
7.9375
8.9375
9.9375
10.9375
11.9375
12.9375
13.9375
14.9375
15.9375
19.9375
23.9375
27.9375
31.9375
39.9375
47.9375
55.9375
63.9375
95.9375
127.9375
191.9375
255.9375
511.9375
1023.9375
4095.9375
-4096.0625
-1024.0625
-512.0625
-256.0625
-192.0625
-128.0625
-96.0625
-64.0625
-56.0625
-48.0625
-40.0625
-32.0625
-28.0625
-24.0625
-20.0625
-16.0625
-15.0625
-14.0625
-13.0625
-12.0625
-11.0625
-10.0625
-9.0625
-8.0625
-7.5625
-7.0625
-6.5625
-6.0625
-5.5625
-5.0625
-4.5625
-4.0625
-3.9375
-3.8125
-3.6875
-3.5625
-3.4375
-3.3125
-3.1875
-3.0625
-2.9375
-2.8125
-2.6875
-2.5625
-2.4375
-2.3125
-2.1875
-2.0625
-2
-1.9375
-1.875
-1.8125
-1.75
-1.6875
-1.625
-1.5625
-1.5
-1.4375
-1.375
-1.3125
-1.25
-1.1875
-1.125
-1.0625
-1.03125
-1
-0.96875
-0.9375
-0.90625
-0.875
-0.84375
-0.8125
-0.78125
-0.75
-0.71875
-0.6875
-0.65625
-0.625
-0.59375
-0.5625
-0.546875
-0.53125
-0.515625
-0.5
-0.484375
-0.46875
-0.453125
-0.4375
-0.421875
-0.40625
-0.390625
-0.375
-0.359375
-0.34375
-0.328125
-0.3125
-0.296875
-0.28125
-0.265625
-0.25
-0.234375
-0.21875
-0.203125
-0.1875
-0.1796875
-0.171875
-0.1640625
-0.15625
-0.1484375
-0.140625
-0.1328125
-0.125
-0.1171875
-0.109375
-0.1015625
-0.09375
-0.08984375
-0.0859375
-0.08203125
-0.078125
-0.07421875
-0.0703125
-0.068359375
-0.06640625
-0.064453125
-0.0634765625
-0.062744140625
-0.06256103515625
-0.0546875
-0.054443359375
-0.0537109375
-0.052734375
-0.05078125
-0.048828125
-0.046875
-0.04296875
-0.0390625
-0.03515625
-0.03125
-0.02734375
-0.0234375
-0.015625
-0.0078125
0
0.0078125
0.015625
0.0234375
0.03125
0.0390625
0.046875
0.0546875
0.0625
0.0703125
0.0859375
0.1015625
0.1171875
0.1328125
0.1484375
0.1640625
0.1796875
0.1953125
0.2109375
0.2265625
0.2421875
0.2578125
0.2734375
0.2890625
0.3046875
0.3203125
0.3359375
0.3515625
0.3671875
0.3828125
0.3984375
0.4140625
0.4296875
0.4453125
0.4765625
0.5078125
0.5390625
0.5703125
0.6015625
0.6328125
0.6640625
0.6953125
0.7265625
0.7578125
0.7890625
0.8203125
0.8515625
0.8828125
0.9140625
0.9453125
1.0078125
1.0703125
1.1328125
1.1953125
1.2578125
1.3203125
1.3828125
1.4453125
1.5078125
1.5703125
1.6328125
1.6953125
1.7578125
1.8203125
1.8828125
1.9453125
2.0703125
2.1953125
2.3203125
2.4453125
2.5703125
2.6953125
2.8203125
2.9453125
3.0703125
3.1953125
3.3203125
3.4453125
3.5703125
3.6953125
3.8203125
3.9453125
4.4453125
4.9453125
5.4453125
5.9453125
6.4453125
6.9453125
7.4453125
7.9453125
8.9453125
9.9453125
10.9453125
11.9453125
12.9453125
13.9453125
14.9453125
15.9453125
19.9453125
23.9453125
27.9453125
31.9453125
39.9453125
47.9453125
55.9453125
63.9453125
95.9453125
127.9453125
191.9453125
255.9453125
511.9453125
1023.9453125
4095.9453125
-4096.0546875
-1024.0546875
-512.0546875
-256.0546875
-192.0546875
-128.0546875
-96.0546875
-64.0546875
-56.0546875
-48.0546875
-40.0546875
-32.0546875
-28.0546875
-24.0546875
-20.0546875
-16.0546875
-15.0546875
-14.0546875
-13.0546875
-12.0546875
-11.0546875
-10.0546875
-9.0546875
-8.0546875
-7.5546875
-7.0546875
-6.5546875
-6.0546875
-5.5546875
-5.0546875
-4.5546875
-4.0546875
-3.9296875
-3.8046875
-3.6796875
-3.5546875
-3.4296875
-3.3046875
-3.1796875
-3.0546875
-2.9296875
-2.8046875
-2.6796875
-2.5546875
-2.4296875
-2.3046875
-2.1796875
-2.0546875
-1.9921875
-1.9296875
-1.8671875
-1.8046875
-1.7421875
-1.6796875
-1.6171875
-1.5546875
-1.4921875
-1.4296875
-1.3671875
-1.3046875
-1.2421875
-1.1796875
-1.1171875
-1.0546875
-1.0234375
-0.9921875
-0.9609375
-0.9296875
-0.8984375
-0.8671875
-0.8359375
-0.8046875
-0.7734375
-0.7421875
-0.7109375
-0.6796875
-0.6484375
-0.6171875
-0.5859375
-0.5546875
-0.5390625
-0.5234375
-0.5078125
-0.4921875
-0.4765625
-0.4609375
-0.4453125
-0.4296875
-0.4140625
-0.3984375
-0.3828125
-0.3671875
-0.3515625
-0.3359375
-0.3203125
-0.3046875
-0.2890625
-0.2734375
-0.2578125
-0.2421875
-0.2265625
-0.2109375
-0.1953125
-0.1796875
-0.171875
-0.1640625
-0.15625
-0.1484375
-0.140625
-0.1328125
-0.125
-0.1171875
-0.109375
-0.1015625
-0.09375
-0.0859375
-0.08203125
-0.078125
-0.07421875
-0.0703125
-0.06640625
-0.0625
-0.060546875
-0.05859375
-0.056640625
-0.0556640625
-0.054931640625
-0.05474853515625
-0.046875
-0.046630859375
-0.0458984375
-0.044921875
-0.04296875
-0.041015625
-0.0390625
-0.03515625
-0.03125
-0.02734375
-0.0234375
-0.01953125
-0.015625
-0.0078125
0
0.0078125
0.015625
0.0234375
0.03125
0.0390625
0.046875
0.0546875
0.0625
0.0703125
0.078125
0.09375
0.109375
0.125
0.140625
0.15625
0.171875
0.1875
0.203125
0.21875
0.234375
0.25
0.265625
0.28125
0.296875
0.3125
0.328125
0.34375
0.359375
0.375
0.390625
0.40625
0.421875
0.4375
0.453125
0.484375
0.515625
0.546875
0.578125
0.609375
0.640625
0.671875
0.703125
0.734375
0.765625
0.796875
0.828125
0.859375
0.890625
0.921875
0.953125
1.015625
1.078125
1.140625
1.203125
1.265625
1.328125
1.390625
1.453125
1.515625
1.578125
1.640625
1.703125
1.765625
1.828125
1.890625
1.953125
2.078125
2.203125
2.328125
2.453125
2.578125
2.703125
2.828125
2.953125
3.078125
3.203125
3.328125
3.453125
3.578125
3.703125
3.828125
3.953125
4.453125
4.953125
5.453125
5.953125
6.453125
6.953125
7.453125
7.953125
8.953125
9.953125
10.953125
11.953125
12.953125
13.953125
14.953125
15.953125
19.953125
23.953125
27.953125
31.953125
39.953125
47.953125
55.953125
63.953125
95.953125
127.953125
191.953125
255.953125
511.953125
1023.953125
4095.953125
-4096.046875
-1024.046875
-512.046875
-256.046875
-192.046875
-128.046875
-96.046875
-64.046875
-56.046875
-48.046875
-40.046875
-32.046875
-28.046875
-24.046875
-20.046875
-16.046875
-15.046875
-14.046875
-13.046875
-12.046875
-11.046875
-10.046875
-9.046875
-8.046875
-7.546875
-7.046875
-6.546875
-6.046875
-5.546875
-5.046875
-4.546875
-4.046875
-3.921875
-3.796875
-3.671875
-3.546875
-3.421875
-3.296875
-3.171875
-3.046875
-2.921875
-2.796875
-2.671875
-2.546875
-2.421875
-2.296875
-2.171875
-2.046875
-1.984375
-1.921875
-1.859375
-1.796875
-1.734375
-1.671875
-1.609375
-1.546875
-1.484375
-1.421875
-1.359375
-1.296875
-1.234375
-1.171875
-1.109375
-1.046875
-1.015625
-0.984375
-0.953125
-0.921875
-0.890625
-0.859375
-0.828125
-0.796875
-0.765625
-0.734375
-0.703125
-0.671875
-0.640625
-0.609375
-0.578125
-0.546875
-0.53125
-0.515625
-0.5
-0.484375
-0.46875
-0.453125
-0.4375
-0.421875
-0.40625
-0.390625
-0.375
-0.359375
-0.34375
-0.328125
-0.3125
-0.296875
-0.28125
-0.265625
-0.25
-0.234375
-0.21875
-0.203125
-0.1875
-0.171875
-0.1640625
-0.15625
-0.1484375
-0.140625
-0.1328125
-0.125
-0.1171875
-0.109375
-0.1015625
-0.09375
-0.0859375
-0.078125
-0.07421875
-0.0703125
-0.06640625
-0.0625
-0.05859375
-0.0546875
-0.052734375
-0.05078125
-0.048828125
-0.0478515625
-0.047119140625
-0.04693603515625
-0.0390625
-0.038818359375
-0.0380859375
-0.037109375
-0.03515625
-0.033203125
-0.03125
-0.02734375
-0.0234375
-0.01953125
-0.015625
-0.01171875
-0.0078125
0
0.0078125
0.015625
0.0234375
0.03125
0.0390625
0.046875
0.0546875
0.0625
0.0703125
0.078125
0.0859375
0.1015625
0.1171875
0.1328125
0.1484375
0.1640625
0.1796875
0.1953125
0.2109375
0.2265625
0.2421875
0.2578125
0.2734375
0.2890625
0.3046875
0.3203125
0.3359375
0.3515625
0.3671875
0.3828125
0.3984375
0.4140625
0.4296875
0.4453125
0.4609375
0.4921875
0.5234375
0.5546875
0.5859375
0.6171875
0.6484375
0.6796875
0.7109375
0.7421875
0.7734375
0.8046875
0.8359375
0.8671875
0.8984375
0.9296875
0.9609375
1.0234375
1.0859375
1.1484375
1.2109375
1.2734375
1.3359375
1.3984375
1.4609375
1.5234375
1.5859375
1.6484375
1.7109375
1.7734375
1.8359375
1.8984375
1.9609375
2.0859375
2.2109375
2.3359375
2.4609375
2.5859375
2.7109375
2.8359375
2.9609375
3.0859375
3.2109375
3.3359375
3.4609375
3.5859375
3.7109375
3.8359375
3.9609375
4.4609375
4.9609375
5.4609375
5.9609375
6.4609375
6.9609375
7.4609375
7.9609375
8.9609375
9.9609375
10.9609375
11.9609375
12.9609375
13.9609375
14.9609375
15.9609375
19.9609375
23.9609375
27.9609375
31.9609375
39.9609375
47.9609375
55.9609375
63.9609375
95.9609375
127.9609375
191.9609375
255.9609375
511.9609375
1023.9609375
4095.9609375
-4096.0390625
-1024.0390625
-512.0390625
-256.0390625
-192.0390625
-128.0390625
-96.0390625
-64.0390625
-56.0390625
-48.0390625
-40.0390625
-32.0390625
-28.0390625
-24.0390625
-20.0390625
-16.0390625
-15.0390625
-14.0390625
-13.0390625
-12.0390625
-11.0390625
-10.0390625
-9.0390625
-8.0390625
-7.5390625
-7.0390625
-6.5390625
-6.0390625
-5.5390625
-5.0390625
-4.5390625
-4.0390625
-3.9140625
-3.7890625
-3.6640625
-3.5390625
-3.4140625
-3.2890625
-3.1640625
-3.0390625
-2.9140625
-2.7890625
-2.6640625
-2.5390625
-2.4140625
-2.2890625
-2.1640625
-2.0390625
-1.9765625
-1.9140625
-1.8515625
-1.7890625
-1.7265625
-1.6640625
-1.6015625
-1.5390625
-1.4765625
-1.4140625
-1.3515625
-1.2890625
-1.2265625
-1.1640625
-1.1015625
-1.0390625
-1.0078125
-0.9765625
-0.9453125
-0.9140625
-0.8828125
-0.8515625
-0.8203125
-0.7890625
-0.7578125
-0.7265625
-0.6953125
-0.6640625
-0.6328125
-0.6015625
-0.5703125
-0.5390625
-0.5234375
-0.5078125
-0.4921875
-0.4765625
-0.4609375
-0.4453125
-0.4296875
-0.4140625
-0.3984375
-0.3828125
-0.3671875
-0.3515625
-0.3359375
-0.3203125
-0.3046875
-0.2890625
-0.2734375
-0.2578125
-0.2421875
-0.2265625
-0.2109375
-0.1953125
-0.1796875
-0.1640625
-0.15625
-0.1484375
-0.140625
-0.1328125
-0.125
-0.1171875
-0.109375
-0.1015625
-0.09375
-0.0859375
-0.078125
-0.0703125
-0.06640625
-0.0625
-0.05859375
-0.0546875
-0.05078125
-0.046875
-0.044921875
-0.04296875
-0.041015625
-0.0400390625
-0.039306640625
-0.03912353515625
-0.03125
-0.031005859375
-0.0302734375
-0.029296875
-0.02734375
-0.025390625
-0.0234375
-0.01953125
-0.015625
-0.01171875
-0.0078125
-0.00390625
0
0.0078125
0.015625
0.0234375
0.03125
0.0390625
0.046875
0.0546875
0.0625
0.0703125
0.078125
0.0859375
0.09375
0.109375
0.125
0.140625
0.15625
0.171875
0.1875
0.203125
0.21875
0.234375
0.25
0.265625
0.28125
0.296875
0.3125
0.328125
0.34375
0.359375
0.375
0.390625
0.40625
0.421875
0.4375
0.453125
0.46875
0.5
0.53125
0.5625
0.59375
0.625
0.65625
0.6875
0.71875
0.75
0.78125
0.8125
0.84375
0.875
0.90625
0.9375
0.96875
1.03125
1.09375
1.15625
1.21875
1.28125
1.34375
1.40625
1.46875
1.53125
1.59375
1.65625
1.71875
1.78125
1.84375
1.90625
1.96875
2.09375
2.21875
2.34375
2.46875
2.59375
2.71875
2.84375
2.96875
3.09375
3.21875
3.34375
3.46875
3.59375
3.71875
3.84375
3.96875
4.46875
4.96875
5.46875
5.96875
6.46875
6.96875
7.46875
7.96875
8.96875
9.96875
10.96875
11.96875
12.96875
13.96875
14.96875
15.96875
19.96875
23.96875
27.96875
31.96875
39.96875
47.96875
55.96875
63.96875
95.96875
127.96875
191.96875
255.96875
511.96875
1023.96875
4095.96875
-4096.03125
-1024.03125
-512.03125
-256.03125
-192.03125
-128.03125
-96.03125
-64.03125
-56.03125
-48.03125
-40.03125
-32.03125
-28.03125
-24.03125
-20.03125
-16.03125
-15.03125
-14.03125
-13.03125
-12.03125
-11.03125
-10.03125
-9.03125
-8.03125
-7.53125
-7.03125
-6.53125
-6.03125
-5.53125
-5.03125
-4.53125
-4.03125
-3.90625
-3.78125
-3.65625
-3.53125
-3.40625
-3.28125
-3.15625
-3.03125
-2.90625
-2.78125
-2.65625
-2.53125
-2.40625
-2.28125
-2.15625
-2.03125
-1.96875
-1.90625
-1.84375
-1.78125
-1.71875
-1.65625
-1.59375
-1.53125
-1.46875
-1.40625
-1.34375
-1.28125
-1.21875
-1.15625
-1.09375
-1.03125
-1
-0.96875
-0.9375
-0.90625
-0.875
-0.84375
-0.8125
-0.78125
-0.75
-0.71875
-0.6875
-0.65625
-0.625
-0.59375
-0.5625
-0.53125
-0.515625
-0.5
-0.484375
-0.46875
-0.453125
-0.4375
-0.421875
-0.40625
-0.390625
-0.375
-0.359375
-0.34375
-0.328125
-0.3125
-0.296875
-0.28125
-0.265625
-0.25
-0.234375
-0.21875
-0.203125
-0.1875
-0.171875
-0.15625
-0.1484375
-0.140625
-0.1328125
-0.125
-0.1171875
-0.109375
-0.1015625
-0.09375
-0.0859375
-0.078125
-0.0703125
-0.0625
-0.05859375
-0.0546875
-0.05078125
-0.046875
-0.04296875
-0.0390625
-0.037109375
-0.03515625
-0.033203125
-0.0322265625
-0.031494140625
-0.03131103515625
-0.02734375
-0.027099609375
-0.0263671875
-0.025390625
-0.0234375
-0.021484375
-0.01953125
-0.015625
-0.01171875
-0.0078125
-0.00390625
0
0.00390625
0.01171875
0.01953125
0.02734375
0.03515625
0.04296875
0.05078125
0.05859375
0.06640625
0.07421875
0.08203125
0.08984375
0.09765625
0.11328125
0.12890625
0.14453125
0.16015625
0.17578125
0.19140625
0.20703125
0.22265625
0.23828125
0.25390625
0.26953125
0.28515625
0.30078125
0.31640625
0.33203125
0.34765625
0.36328125
0.37890625
0.39453125
0.41015625
0.42578125
0.44140625
0.45703125
0.47265625
0.50390625
0.53515625
0.56640625
0.59765625
0.62890625
0.66015625
0.69140625
0.72265625
0.75390625
0.78515625
0.81640625
0.84765625
0.87890625
0.91015625
0.94140625
0.97265625
1.03515625
1.09765625
1.16015625
1.22265625
1.28515625
1.34765625
1.41015625
1.47265625
1.53515625
1.59765625
1.66015625
1.72265625
1.78515625
1.84765625
1.91015625
1.97265625
2.09765625
2.22265625
2.34765625
2.47265625
2.59765625
2.72265625
2.84765625
2.97265625
3.09765625
3.22265625
3.34765625
3.47265625
3.59765625
3.72265625
3.84765625
3.97265625
4.47265625
4.97265625
5.47265625
5.97265625
6.47265625
6.97265625
7.47265625
7.97265625
8.97265625
9.97265625
10.97265625
11.97265625
12.97265625
13.97265625
14.97265625
15.97265625
19.97265625
23.97265625
27.97265625
31.97265625
39.97265625
47.97265625
55.97265625
63.97265625
95.97265625
127.97265625
191.97265625
255.97265625
511.97265625
1023.97265625
4095.97265625
-4096.02734375
-1024.02734375
-512.02734375
-256.02734375
-192.02734375
-128.02734375
-96.02734375
-64.02734375
-56.02734375
-48.02734375
-40.02734375
-32.02734375
-28.02734375
-24.02734375
-20.02734375
-16.02734375
-15.02734375
-14.02734375
-13.02734375
-12.02734375
-11.02734375
-10.02734375
-9.02734375
-8.02734375
-7.52734375
-7.02734375
-6.52734375
-6.02734375
-5.52734375
-5.02734375
-4.52734375
-4.02734375
-3.90234375
-3.77734375
-3.65234375
-3.52734375
-3.40234375
-3.27734375
-3.15234375
-3.02734375
-2.90234375
-2.77734375
-2.65234375
-2.52734375
-2.40234375
-2.27734375
-2.15234375
-2.02734375
-1.96484375
-1.90234375
-1.83984375
-1.77734375
-1.71484375
-1.65234375
-1.58984375
-1.52734375
-1.46484375
-1.40234375
-1.33984375
-1.27734375
-1.21484375
-1.15234375
-1.08984375
-1.02734375
-0.99609375
-0.96484375
-0.93359375
-0.90234375
-0.87109375
-0.83984375
-0.80859375
-0.77734375
-0.74609375
-0.71484375
-0.68359375
-0.65234375
-0.62109375
-0.58984375
-0.55859375
-0.52734375
-0.51171875
-0.49609375
-0.48046875
-0.46484375
-0.44921875
-0.43359375
-0.41796875
-0.40234375
-0.38671875
-0.37109375
-0.35546875
-0.33984375
-0.32421875
-0.30859375
-0.29296875
-0.27734375
-0.26171875
-0.24609375
-0.23046875
-0.21484375
-0.19921875
-0.18359375
-0.16796875
-0.15234375
-0.14453125
-0.13671875
-0.12890625
-0.12109375
-0.11328125
-0.10546875
-0.09765625
-0.08984375
-0.08203125
-0.07421875
-0.06640625
-0.05859375
-0.0546875
-0.05078125
-0.046875
-0.04296875
-0.0390625
-0.03515625
-0.033203125
-0.03125
-0.029296875
-0.0283203125
-0.027587890625
-0.02740478515625
-0.0234375
-0.023193359375
-0.0224609375
-0.021484375
-0.01953125
-0.017578125
-0.015625
-0.01171875
-0.0078125
-0.00390625
0
0.00390625
0.0078125
0.015625
0.0234375
0.03125
0.0390625
0.046875
0.0546875
0.0625
0.0703125
0.078125
0.0859375
0.09375
0.1015625
0.1171875
0.1328125
0.1484375
0.1640625
0.1796875
0.1953125
0.2109375
0.2265625
0.2421875
0.2578125
0.2734375
0.2890625
0.3046875
0.3203125
0.3359375
0.3515625
0.3671875
0.3828125
0.3984375
0.4140625
0.4296875
0.4453125
0.4609375
0.4765625
0.5078125
0.5390625
0.5703125
0.6015625
0.6328125
0.6640625
0.6953125
0.7265625
0.7578125
0.7890625
0.8203125
0.8515625
0.8828125
0.9140625
0.9453125
0.9765625
1.0390625
1.1015625
1.1640625
1.2265625
1.2890625
1.3515625
1.4140625
1.4765625
1.5390625
1.6015625
1.6640625
1.7265625
1.7890625
1.8515625
1.9140625
1.9765625
2.1015625
2.2265625
2.3515625
2.4765625
2.6015625
2.7265625
2.8515625
2.9765625
3.1015625
3.2265625
3.3515625
3.4765625
3.6015625
3.7265625
3.8515625
3.9765625
4.4765625
4.9765625
5.4765625
5.9765625
6.4765625
6.9765625
7.4765625
7.9765625
8.9765625
9.9765625
10.9765625
11.9765625
12.9765625
13.9765625
14.9765625
15.9765625
19.9765625
23.9765625
27.9765625
31.9765625
39.9765625
47.9765625
55.9765625
63.9765625
95.9765625
127.9765625
191.9765625
255.9765625
511.9765625
1023.9765625
4095.9765625
-4096.0234375
-1024.0234375
-512.0234375
-256.0234375
-192.0234375
-128.0234375
-96.0234375
-64.0234375
-56.0234375
-48.0234375
-40.0234375
-32.0234375
-28.0234375
-24.0234375
-20.0234375
-16.0234375
-15.0234375
-14.0234375
-13.0234375
-12.0234375
-11.0234375
-10.0234375
-9.0234375
-8.0234375
-7.5234375
-7.0234375
-6.5234375
-6.0234375
-5.5234375
-5.0234375
-4.5234375
-4.0234375
-3.8984375
-3.7734375
-3.6484375
-3.5234375
-3.3984375
-3.2734375
-3.1484375
-3.0234375
-2.8984375
-2.7734375
-2.6484375
-2.5234375
-2.3984375
-2.2734375
-2.1484375
-2.0234375
-1.9609375
-1.8984375
-1.8359375
-1.7734375
-1.7109375
-1.6484375
-1.5859375
-1.5234375
-1.4609375
-1.3984375
-1.3359375
-1.2734375
-1.2109375
-1.1484375
-1.0859375
-1.0234375
-0.9921875
-0.9609375
-0.9296875
-0.8984375
-0.8671875
-0.8359375
-0.8046875
-0.7734375
-0.7421875
-0.7109375
-0.6796875
-0.6484375
-0.6171875
-0.5859375
-0.5546875
-0.5234375
-0.5078125
-0.4921875
-0.4765625
-0.4609375
-0.4453125
-0.4296875
-0.4140625
-0.3984375
-0.3828125
-0.3671875
-0.3515625
-0.3359375
-0.3203125
-0.3046875
-0.2890625
-0.2734375
-0.2578125
-0.2421875
-0.2265625
-0.2109375
-0.1953125
-0.1796875
-0.1640625
-0.1484375
-0.140625
-0.1328125
-0.125
-0.1171875
-0.109375
-0.1015625
-0.09375
-0.0859375
-0.078125
-0.0703125
-0.0625
-0.0546875
-0.05078125
-0.046875
-0.04296875
-0.0390625
-0.03515625
-0.03125
-0.029296875
-0.02734375
-0.025390625
-0.0244140625
-0.023681640625
-0.02349853515625
-0.01953125
-0.019287109375
-0.0185546875
-0.017578125
-0.015625
-0.013671875
-0.01171875
-0.0078125
-0.00390625
0
0.00390625
0.0078125
0.01171875
0.01953125
0.02734375
0.03515625
0.04296875
0.05078125
0.05859375
0.06640625
0.07421875
0.08203125
0.08984375
0.09765625
0.10546875
0.12109375
0.13671875
0.15234375
0.16796875
0.18359375
0.19921875
0.21484375
0.23046875
0.24609375
0.26171875
0.27734375
0.29296875
0.30859375
0.32421875
0.33984375
0.35546875
0.37109375
0.38671875
0.40234375
0.41796875
0.43359375
0.44921875
0.46484375
0.48046875
0.51171875
0.54296875
0.57421875
0.60546875
0.63671875
0.66796875
0.69921875
0.73046875
0.76171875
0.79296875
0.82421875
0.85546875
0.88671875
0.91796875
0.94921875
0.98046875
1.04296875
1.10546875
1.16796875
1.23046875
1.29296875
1.35546875
1.41796875
1.48046875
1.54296875
1.60546875
1.66796875
1.73046875
1.79296875
1.85546875
1.91796875
1.98046875
2.10546875
2.23046875
2.35546875
2.48046875
2.60546875
2.73046875
2.85546875
2.98046875
3.10546875
3.23046875
3.35546875
3.48046875
3.60546875
3.73046875
3.85546875
3.98046875
4.48046875
4.98046875
5.48046875
5.98046875
6.48046875
6.98046875
7.48046875
7.98046875
8.98046875
9.98046875
10.98046875
11.98046875
12.98046875
13.98046875
14.98046875
15.98046875
19.98046875
23.98046875
27.98046875
31.98046875
39.98046875
47.98046875
55.98046875
63.98046875
95.98046875
127.98046875
191.98046875
255.98046875
511.98046875
1023.98046875
4095.98046875
-4096.01953125
-1024.01953125
-512.01953125
-256.01953125
-192.01953125
-128.01953125
-96.01953125
-64.01953125
-56.01953125
-48.01953125
-40.01953125
-32.01953125
-28.01953125
-24.01953125
-20.01953125
-16.01953125
-15.01953125
-14.01953125
-13.01953125
-12.01953125
-11.01953125
-10.01953125
-9.01953125
-8.01953125
-7.51953125
-7.01953125
-6.51953125
-6.01953125
-5.51953125
-5.01953125
-4.51953125
-4.01953125
-3.89453125
-3.76953125
-3.64453125
-3.51953125
-3.39453125
-3.26953125
-3.14453125
-3.01953125
-2.89453125
-2.76953125
-2.64453125
-2.51953125
-2.39453125
-2.26953125
-2.14453125
-2.01953125
-1.95703125
-1.89453125
-1.83203125
-1.76953125
-1.70703125
-1.64453125
-1.58203125
-1.51953125
-1.45703125
-1.39453125
-1.33203125
-1.26953125
-1.20703125
-1.14453125
-1.08203125
-1.01953125
-0.98828125
-0.95703125
-0.92578125
-0.89453125
-0.86328125
-0.83203125
-0.80078125
-0.76953125
-0.73828125
-0.70703125
-0.67578125
-0.64453125
-0.61328125
-0.58203125
-0.55078125
-0.51953125
-0.50390625
-0.48828125
-0.47265625
-0.45703125
-0.44140625
-0.42578125
-0.41015625
-0.39453125
-0.37890625
-0.36328125
-0.34765625
-0.33203125
-0.31640625
-0.30078125
-0.28515625
-0.26953125
-0.25390625
-0.23828125
-0.22265625
-0.20703125
-0.19140625
-0.17578125
-0.16015625
-0.14453125
-0.13671875
-0.12890625
-0.12109375
-0.11328125
-0.10546875
-0.09765625
-0.08984375
-0.08203125
-0.07421875
-0.06640625
-0.05859375
-0.05078125
-0.046875
-0.04296875
-0.0390625
-0.03515625
-0.03125
-0.02734375
-0.025390625
-0.0234375
-0.021484375
-0.0205078125
-0.019775390625
-0.01959228515625
-0.015625
-0.015380859375
-0.0146484375
-0.013671875
-0.01171875
-0.009765625
-0.0078125
-0.00390625
0
0.00390625
0.0078125
0.01171875
0.015625
0.0234375
0.03125
0.0390625
0.046875
0.0546875
0.0625
0.0703125
0.078125
0.0859375
0.09375
0.1015625
0.109375
0.125
0.140625
0.15625
0.171875
0.1875
0.203125
0.21875
0.234375
0.25
0.265625
0.28125
0.296875
0.3125
0.328125
0.34375
0.359375
0.375
0.390625
0.40625
0.421875
0.4375
0.453125
0.46875
0.484375
0.515625
0.546875
0.578125
0.609375
0.640625
0.671875
0.703125
0.734375
0.765625
0.796875
0.828125
0.859375
0.890625
0.921875
0.953125
0.984375
1.046875
1.109375
1.171875
1.234375
1.296875
1.359375
1.421875
1.484375
1.546875
1.609375
1.671875
1.734375
1.796875
1.859375
1.921875
1.984375
2.109375
2.234375
2.359375
2.484375
2.609375
2.734375
2.859375
2.984375
3.109375
3.234375
3.359375
3.484375
3.609375
3.734375
3.859375
3.984375
4.484375
4.984375
5.484375
5.984375
6.484375
6.984375
7.484375
7.984375
8.984375
9.984375
10.984375
11.984375
12.984375
13.984375
14.984375
15.984375
19.984375
23.984375
27.984375
31.984375
39.984375
47.984375
55.984375
63.984375
95.984375
127.984375
191.984375
255.984375
511.984375
1023.984375
4095.984375
-4096.015625
-1024.015625
-512.015625
-256.015625
-192.015625
-128.015625
-96.015625
-64.015625
-56.015625
-48.015625
-40.015625
-32.015625
-28.015625
-24.015625
-20.015625
-16.015625
-15.015625
-14.015625
-13.015625
-12.015625
-11.015625
-10.015625
-9.015625
-8.015625
-7.515625
-7.015625
-6.515625
-6.015625
-5.515625
-5.015625
-4.515625
-4.015625
-3.890625
-3.765625
-3.640625
-3.515625
-3.390625
-3.265625
-3.140625
-3.015625
-2.890625
-2.765625
-2.640625
-2.515625
-2.390625
-2.265625
-2.140625
-2.015625
-1.953125
-1.890625
-1.828125
-1.765625
-1.703125
-1.640625
-1.578125
-1.515625
-1.453125
-1.390625
-1.328125
-1.265625
-1.203125
-1.140625
-1.078125
-1.015625
-0.984375
-0.953125
-0.921875
-0.890625
-0.859375
-0.828125
-0.796875
-0.765625
-0.734375
-0.703125
-0.671875
-0.640625
-0.609375
-0.578125
-0.546875
-0.515625
-0.5
-0.484375
-0.46875
-0.453125
-0.4375
-0.421875
-0.40625
-0.390625
-0.375
-0.359375
-0.34375
-0.328125
-0.3125
-0.296875
-0.28125
-0.265625
-0.25
-0.234375
-0.21875
-0.203125
-0.1875
-0.171875
-0.15625
-0.140625
-0.1328125
-0.125
-0.1171875
-0.109375
-0.1015625
-0.09375
-0.0859375
-0.078125
-0.0703125
-0.0625
-0.0546875
-0.046875
-0.04296875
-0.0390625
-0.03515625
-0.03125
-0.02734375
-0.0234375
-0.021484375
-0.01953125
-0.017578125
-0.0166015625
-0.015869140625
-0.01568603515625
-0.01171875
-0.011474609375
-0.0107421875
-0.009765625
-0.0078125
-0.005859375
-0.00390625
0
0.00390625
0.0078125
0.01171875
0.015625
0.01953125
0.02734375
0.03515625
0.04296875
0.05078125
0.05859375
0.06640625
0.07421875
0.08203125
0.08984375
0.09765625
0.10546875
0.11328125
0.12890625
0.14453125
0.16015625
0.17578125
0.19140625
0.20703125
0.22265625
0.23828125
0.25390625
0.26953125
0.28515625
0.30078125
0.31640625
0.33203125
0.34765625
0.36328125
0.37890625
0.39453125
0.41015625
0.42578125
0.44140625
0.45703125
0.47265625
0.48828125
0.51953125
0.55078125
0.58203125
0.61328125
0.64453125
0.67578125
0.70703125
0.73828125
0.76953125
0.80078125
0.83203125
0.86328125
0.89453125
0.92578125
0.95703125
0.98828125
1.05078125
1.11328125
1.17578125
1.23828125
1.30078125
1.36328125
1.42578125
1.48828125
1.55078125
1.61328125
1.67578125
1.73828125
1.80078125
1.86328125
1.92578125
1.98828125
2.11328125
2.23828125
2.36328125
2.48828125
2.61328125
2.73828125
2.86328125
2.98828125
3.11328125
3.23828125
3.36328125
3.48828125
3.61328125
3.73828125
3.86328125
3.98828125
4.48828125
4.98828125
5.48828125
5.98828125
6.48828125
6.98828125
7.48828125
7.98828125
8.98828125
9.98828125
10.98828125
11.98828125
12.98828125
13.98828125
14.98828125
15.98828125
19.98828125
23.98828125
27.98828125
31.98828125
39.98828125
47.98828125
55.98828125
63.98828125
95.98828125
127.98828125
191.98828125
255.98828125
511.98828125
1023.98828125
4095.98828125
-4096.01171875
-1024.01171875
-512.01171875
-256.01171875
-192.01171875
-128.01171875
-96.01171875
-64.01171875
-56.01171875
-48.01171875
-40.01171875
-32.01171875
-28.01171875
-24.01171875
-20.01171875
-16.01171875
-15.01171875
-14.01171875
-13.01171875
-12.01171875
-11.01171875
-10.01171875
-9.01171875
-8.01171875
-7.51171875
-7.01171875
-6.51171875
-6.01171875
-5.51171875
-5.01171875
-4.51171875
-4.01171875
-3.88671875
-3.76171875
-3.63671875
-3.51171875
-3.38671875
-3.26171875
-3.13671875
-3.01171875
-2.88671875
-2.76171875
-2.63671875
-2.51171875
-2.38671875
-2.26171875
-2.13671875
-2.01171875
-1.94921875
-1.88671875
-1.82421875
-1.76171875
-1.69921875
-1.63671875
-1.57421875
-1.51171875
-1.44921875
-1.38671875
-1.32421875
-1.26171875
-1.19921875
-1.13671875
-1.07421875
-1.01171875
-0.98046875
-0.94921875
-0.91796875
-0.88671875
-0.85546875
-0.82421875
-0.79296875
-0.76171875
-0.73046875
-0.69921875
-0.66796875
-0.63671875
-0.60546875
-0.57421875
-0.54296875
-0.51171875
-0.49609375
-0.48046875
-0.46484375
-0.44921875
-0.43359375
-0.41796875
-0.40234375
-0.38671875
-0.37109375
-0.35546875
-0.33984375
-0.32421875
-0.30859375
-0.29296875
-0.27734375
-0.26171875
-0.24609375
-0.23046875
-0.21484375
-0.19921875
-0.18359375
-0.16796875
-0.15234375
-0.13671875
-0.12890625
-0.12109375
-0.11328125
-0.10546875
-0.09765625
-0.08984375
-0.08203125
-0.07421875
-0.06640625
-0.05859375
-0.05078125
-0.04296875
-0.0390625
-0.03515625
-0.03125
-0.02734375
-0.0234375
-0.01953125
-0.017578125
-0.015625
-0.013671875
-0.0126953125
-0.011962890625
-0.01177978515625
-0.0078125
-0.007568359375
-0.0068359375
-0.005859375
-0.00390625
-0.001953125
0
0.00390625
0.0078125
0.01171875
0.015625
0.01953125
0.0234375
0.03125
0.0390625
0.046875
0.0546875
0.0625
0.0703125
0.078125
0.0859375
0.09375
0.1015625
0.109375
0.1171875
0.1328125
0.1484375
0.1640625
0.1796875
0.1953125
0.2109375
0.2265625
0.2421875
0.2578125
0.2734375
0.2890625
0.3046875
0.3203125
0.3359375
0.3515625
0.3671875
0.3828125
0.3984375
0.4140625
0.4296875
0.4453125
0.4609375
0.4765625
0.4921875
0.5234375
0.5546875
0.5859375
0.6171875
0.6484375
0.6796875
0.7109375
0.7421875
0.7734375
0.8046875
0.8359375
0.8671875
0.8984375
0.9296875
0.9609375
0.9921875
1.0546875
1.1171875
1.1796875
1.2421875
1.3046875
1.3671875
1.4296875
1.4921875
1.5546875
1.6171875
1.6796875
1.7421875
1.8046875
1.8671875
1.9296875
1.9921875
2.1171875
2.2421875
2.3671875
2.4921875
2.6171875
2.7421875
2.8671875
2.9921875
3.1171875
3.2421875
3.3671875
3.4921875
3.6171875
3.7421875
3.8671875
3.9921875
4.4921875
4.9921875
5.4921875
5.9921875
6.4921875
6.9921875
7.4921875
7.9921875
8.9921875
9.9921875
10.9921875
11.9921875
12.9921875
13.9921875
14.9921875
15.9921875
19.9921875
23.9921875
27.9921875
31.9921875
39.9921875
47.9921875
55.9921875
63.9921875
95.9921875
127.9921875
191.9921875
255.9921875
511.9921875
1023.9921875
4095.9921875
-4096.0078125
-1024.0078125
-512.0078125
-256.0078125
-192.0078125
-128.0078125
-96.0078125
-64.0078125
-56.0078125
-48.0078125
-40.0078125
-32.0078125
-28.0078125
-24.0078125
-20.0078125
-16.0078125
-15.0078125
-14.0078125
-13.0078125
-12.0078125
-11.0078125
-10.0078125
-9.0078125
-8.0078125
-7.5078125
-7.0078125
-6.5078125
-6.0078125
-5.5078125
-5.0078125
-4.5078125
-4.0078125
-3.8828125
-3.7578125
-3.6328125
-3.5078125
-3.3828125
-3.2578125
-3.1328125
-3.0078125
-2.8828125
-2.7578125
-2.6328125
-2.5078125
-2.3828125
-2.2578125
-2.1328125
-2.0078125
-1.9453125
-1.8828125
-1.8203125
-1.7578125
-1.6953125
-1.6328125
-1.5703125
-1.5078125
-1.4453125
-1.3828125
-1.3203125
-1.2578125
-1.1953125
-1.1328125
-1.0703125
-1.0078125
-0.9765625
-0.9453125
-0.9140625
-0.8828125
-0.8515625
-0.8203125
-0.7890625
-0.7578125
-0.7265625
-0.6953125
-0.6640625
-0.6328125
-0.6015625
-0.5703125
-0.5390625
-0.5078125
-0.4921875
-0.4765625
-0.4609375
-0.4453125
-0.4296875
-0.4140625
-0.3984375
-0.3828125
-0.3671875
-0.3515625
-0.3359375
-0.3203125
-0.3046875
-0.2890625
-0.2734375
-0.2578125
-0.2421875
-0.2265625
-0.2109375
-0.1953125
-0.1796875
-0.1640625
-0.1484375
-0.1328125
-0.125
-0.1171875
-0.109375
-0.1015625
-0.09375
-0.0859375
-0.078125
-0.0703125
-0.0625
-0.0546875
-0.046875
-0.0390625
-0.03515625
-0.03125
-0.02734375
-0.0234375
-0.01953125
-0.015625
-0.013671875
-0.01171875
-0.009765625
-0.0087890625
-0.008056640625
-0.00787353515625
-0.005859375
-0.005615234375
-0.0048828125
-0.00390625
-0.001953125
0
0.001953125
0.005859375
0.009765625
0.013671875
0.017578125
0.021484375
0.025390625
0.033203125
0.041015625
0.048828125
0.056640625
0.064453125
0.072265625
0.080078125
0.087890625
0.095703125
0.103515625
0.111328125
0.119140625
0.134765625
0.150390625
0.166015625
0.181640625
0.197265625
0.212890625
0.228515625
0.244140625
0.259765625
0.275390625
0.291015625
0.306640625
0.322265625
0.337890625
0.353515625
0.369140625
0.384765625
0.400390625
0.416015625
0.431640625
0.447265625
0.462890625
0.478515625
0.494140625
0.525390625
0.556640625
0.587890625
0.619140625
0.650390625
0.681640625
0.712890625
0.744140625
0.775390625
0.806640625
0.837890625
0.869140625
0.900390625
0.931640625
0.962890625
0.994140625
1.056640625
1.119140625
1.181640625
1.244140625
1.306640625
1.369140625
1.431640625
1.494140625
1.556640625
1.619140625
1.681640625
1.744140625
1.806640625
1.869140625
1.931640625
1.994140625
2.119140625
2.244140625
2.369140625
2.494140625
2.619140625
2.744140625
2.869140625
2.994140625
3.119140625
3.244140625
3.369140625
3.494140625
3.619140625
3.744140625
3.869140625
3.994140625
4.494140625
4.994140625
5.494140625
5.994140625
6.494140625
6.994140625
7.494140625
7.994140625
8.994140625
9.994140625
10.994140625
11.994140625
12.994140625
13.994140625
14.994140625
15.994140625
19.994140625
23.994140625
27.994140625
31.994140625
39.994140625
47.994140625
55.994140625
63.994140625
95.994140625
127.994140625
191.994140625
255.994140625
511.994140625
1023.994140625
4095.994140625
-4096.005859375
-1024.005859375
-512.005859375
-256.005859375
-192.005859375
-128.005859375
-96.005859375
-64.005859375
-56.005859375
-48.005859375
-40.005859375
-32.005859375
-28.005859375
-24.005859375
-20.005859375
-16.005859375
-15.005859375
-14.005859375
-13.005859375
-12.005859375
-11.005859375
-10.005859375
-9.005859375
-8.005859375
-7.505859375
-7.005859375
-6.505859375
-6.005859375
-5.505859375
-5.005859375
-4.505859375
-4.005859375
-3.880859375
-3.755859375
-3.630859375
-3.505859375
-3.380859375
-3.255859375
-3.130859375
-3.005859375
-2.880859375
-2.755859375
-2.630859375
-2.505859375
-2.380859375
-2.255859375
-2.130859375
-2.005859375
-1.943359375
-1.880859375
-1.818359375
-1.755859375
-1.693359375
-1.630859375
-1.568359375
-1.505859375
-1.443359375
-1.380859375
-1.318359375
-1.255859375
-1.193359375
-1.130859375
-1.068359375
-1.005859375
-0.974609375
-0.943359375
-0.912109375
-0.880859375
-0.849609375
-0.818359375
-0.787109375
-0.755859375
-0.724609375
-0.693359375
-0.662109375
-0.630859375
-0.599609375
-0.568359375
-0.537109375
-0.505859375
-0.490234375
-0.474609375
-0.458984375
-0.443359375
-0.427734375
-0.412109375
-0.396484375
-0.380859375
-0.365234375
-0.349609375
-0.333984375
-0.318359375
-0.302734375
-0.287109375
-0.271484375
-0.255859375
-0.240234375
-0.224609375
-0.208984375
-0.193359375
-0.177734375
-0.162109375
-0.146484375
-0.130859375
-0.123046875
-0.115234375
-0.107421875
-0.099609375
-0.091796875
-0.083984375
-0.076171875
-0.068359375
-0.060546875
-0.052734375
-0.044921875
-0.037109375
-0.033203125
-0.029296875
-0.025390625
-0.021484375
-0.017578125
-0.013671875
-0.01171875
-0.009765625
-0.0078125
-0.0068359375
-0.006103515625
-0.00592041015625
-0.00390625
-0.003662109375
-0.0029296875
-0.001953125
0
0.001953125
0.00390625
0.0078125
0.01171875
0.015625
0.01953125
0.0234375
0.02734375
0.03515625
0.04296875
0.05078125
0.05859375
0.06640625
0.07421875
0.08203125
0.08984375
0.09765625
0.10546875
0.11328125
0.12109375
0.13671875
0.15234375
0.16796875
0.18359375
0.19921875
0.21484375
0.23046875
0.24609375
0.26171875
0.27734375
0.29296875
0.30859375
0.32421875
0.33984375
0.35546875
0.37109375
0.38671875
0.40234375
0.41796875
0.43359375
0.44921875
0.46484375
0.48046875
0.49609375
0.52734375
0.55859375
0.58984375
0.62109375
0.65234375
0.68359375
0.71484375
0.74609375
0.77734375
0.80859375
0.83984375
0.87109375
0.90234375
0.93359375
0.96484375
0.99609375
1.05859375
1.12109375
1.18359375
1.24609375
1.30859375
1.37109375
1.43359375
1.49609375
1.55859375
1.62109375
1.68359375
1.74609375
1.80859375
1.87109375
1.93359375
1.99609375
2.12109375
2.24609375
2.37109375
2.49609375
2.62109375
2.74609375
2.87109375
2.99609375
3.12109375
3.24609375
3.37109375
3.49609375
3.62109375
3.74609375
3.87109375
3.99609375
4.49609375
4.99609375
5.49609375
5.99609375
6.49609375
6.99609375
7.49609375
7.99609375
8.99609375
9.99609375
10.99609375
11.99609375
12.99609375
13.99609375
14.99609375
15.99609375
19.99609375
23.99609375
27.99609375
31.99609375
39.99609375
47.99609375
55.99609375
63.99609375
95.99609375
127.99609375
191.99609375
255.99609375
511.99609375
1023.99609375
4095.99609375
-4096.00390625
-1024.00390625
-512.00390625
-256.00390625
-192.00390625
-128.00390625
-96.00390625
-64.00390625
-56.00390625
-48.00390625
-40.00390625
-32.00390625
-28.00390625
-24.00390625
-20.00390625
-16.00390625
-15.00390625
-14.00390625
-13.00390625
-12.00390625
-11.00390625
-10.00390625
-9.00390625
-8.00390625
-7.50390625
-7.00390625
-6.50390625
-6.00390625
-5.50390625
-5.00390625
-4.50390625
-4.00390625
-3.87890625
-3.75390625
-3.62890625
-3.50390625
-3.37890625
-3.25390625
-3.12890625
-3.00390625
-2.87890625
-2.75390625
-2.62890625
-2.50390625
-2.37890625
-2.25390625
-2.12890625
-2.00390625
-1.94140625
-1.87890625
-1.81640625
-1.75390625
-1.69140625
-1.62890625
-1.56640625
-1.50390625
-1.44140625
-1.37890625
-1.31640625
-1.25390625
-1.19140625
-1.12890625
-1.06640625
-1.00390625
-0.97265625
-0.94140625
-0.91015625
-0.87890625
-0.84765625
-0.81640625
-0.78515625
-0.75390625
-0.72265625
-0.69140625
-0.66015625
-0.62890625
-0.59765625
-0.56640625
-0.53515625
-0.50390625
-0.48828125
-0.47265625
-0.45703125
-0.44140625
-0.42578125
-0.41015625
-0.39453125
-0.37890625
-0.36328125
-0.34765625
-0.33203125
-0.31640625
-0.30078125
-0.28515625
-0.26953125
-0.25390625
-0.23828125
-0.22265625
-0.20703125
-0.19140625
-0.17578125
-0.16015625
-0.14453125
-0.12890625
-0.12109375
-0.11328125
-0.10546875
-0.09765625
-0.08984375
-0.08203125
-0.07421875
-0.06640625
-0.05859375
-0.05078125
-0.04296875
-0.03515625
-0.03125
-0.02734375
-0.0234375
-0.01953125
-0.015625
-0.01171875
-0.009765625
-0.0078125
-0.005859375
-0.0048828125
-0.004150390625
-0.00396728515625
-0.001953125
-0.001708984375
-0.0009765625
0
0.001953125
0.00390625
0.005859375
0.009765625
0.013671875
0.017578125
0.021484375
0.025390625
0.029296875
0.037109375
0.044921875
0.052734375
0.060546875
0.068359375
0.076171875
0.083984375
0.091796875
0.099609375
0.107421875
0.115234375
0.123046875
0.138671875
0.154296875
0.169921875
0.185546875
0.201171875
0.216796875
0.232421875
0.248046875
0.263671875
0.279296875
0.294921875
0.310546875
0.326171875
0.341796875
0.357421875
0.373046875
0.388671875
0.404296875
0.419921875
0.435546875
0.451171875
0.466796875
0.482421875
0.498046875
0.529296875
0.560546875
0.591796875
0.623046875
0.654296875
0.685546875
0.716796875
0.748046875
0.779296875
0.810546875
0.841796875
0.873046875
0.904296875
0.935546875
0.966796875
0.998046875
1.060546875
1.123046875
1.185546875
1.248046875
1.310546875
1.373046875
1.435546875
1.498046875
1.560546875
1.623046875
1.685546875
1.748046875
1.810546875
1.873046875
1.935546875
1.998046875
2.123046875
2.248046875
2.373046875
2.498046875
2.623046875
2.748046875
2.873046875
2.998046875
3.123046875
3.248046875
3.373046875
3.498046875
3.623046875
3.748046875
3.873046875
3.998046875
4.498046875
4.998046875
5.498046875
5.998046875
6.498046875
6.998046875
7.498046875
7.998046875
8.998046875
9.998046875
10.998046875
11.998046875
12.998046875
13.998046875
14.998046875
15.998046875
19.998046875
23.998046875
27.998046875
31.998046875
39.998046875
47.998046875
55.998046875
63.998046875
95.998046875
127.998046875
191.998046875
255.998046875
511.998046875
1023.998046875
4095.998046875
-4096.001953125
-1024.001953125
-512.001953125
-256.001953125
-192.001953125
-128.001953125
-96.001953125
-64.001953125
-56.001953125
-48.001953125
-40.001953125
-32.001953125
-28.001953125
-24.001953125
-20.001953125
-16.001953125
-15.001953125
-14.001953125
-13.001953125
-12.001953125
-11.001953125
-10.001953125
-9.001953125
-8.001953125
-7.501953125
-7.001953125
-6.501953125
-6.001953125
-5.501953125
-5.001953125
-4.501953125
-4.001953125
-3.876953125
-3.751953125
-3.626953125
-3.501953125
-3.376953125
-3.251953125
-3.126953125
-3.001953125
-2.876953125
-2.751953125
-2.626953125
-2.501953125
-2.376953125
-2.251953125
-2.126953125
-2.001953125
-1.939453125
-1.876953125
-1.814453125
-1.751953125
-1.689453125
-1.626953125
-1.564453125
-1.501953125
-1.439453125
-1.376953125
-1.314453125
-1.251953125
-1.189453125
-1.126953125
-1.064453125
-1.001953125
-0.970703125
-0.939453125
-0.908203125
-0.876953125
-0.845703125
-0.814453125
-0.783203125
-0.751953125
-0.720703125
-0.689453125
-0.658203125
-0.626953125
-0.595703125
-0.564453125
-0.533203125
-0.501953125
-0.486328125
-0.470703125
-0.455078125
-0.439453125
-0.423828125
-0.408203125
-0.392578125
-0.376953125
-0.361328125
-0.345703125
-0.330078125
-0.314453125
-0.298828125
-0.283203125
-0.267578125
-0.251953125
-0.236328125
-0.220703125
-0.205078125
-0.189453125
-0.173828125
-0.158203125
-0.142578125
-0.126953125
-0.119140625
-0.111328125
-0.103515625
-0.095703125
-0.087890625
-0.080078125
-0.072265625
-0.064453125
-0.056640625
-0.048828125
-0.041015625
-0.033203125
-0.029296875
-0.025390625
-0.021484375
-0.017578125
-0.013671875
-0.009765625
-0.0078125
-0.005859375
-0.00390625
-0.0029296875
-0.002197265625
-0.00201416015625
-0.0009765625
-0.000732421875
0
0.0009765625
0.0029296875
0.0048828125
0.0068359375
0.0107421875
0.0146484375
0.0185546875
0.0224609375
0.0263671875
0.0302734375
0.0380859375
0.0458984375
0.0537109375
0.0615234375
0.0693359375
0.0771484375
0.0849609375
0.0927734375
0.1005859375
0.1083984375
0.1162109375
0.1240234375
0.1396484375
0.1552734375
0.1708984375
0.1865234375
0.2021484375
0.2177734375
0.2333984375
0.2490234375
0.2646484375
0.2802734375
0.2958984375
0.3115234375
0.3271484375
0.3427734375
0.3583984375
0.3740234375
0.3896484375
0.4052734375
0.4208984375
0.4365234375
0.4521484375
0.4677734375
0.4833984375
0.4990234375
0.5302734375
0.5615234375
0.5927734375
0.6240234375
0.6552734375
0.6865234375
0.7177734375
0.7490234375
0.7802734375
0.8115234375
0.8427734375
0.8740234375
0.9052734375
0.9365234375
0.9677734375
0.9990234375
1.0615234375
1.1240234375
1.1865234375
1.2490234375
1.3115234375
1.3740234375
1.4365234375
1.4990234375
1.5615234375
1.6240234375
1.6865234375
1.7490234375
1.8115234375
1.8740234375
1.9365234375
1.9990234375
2.1240234375
2.2490234375
2.3740234375
2.4990234375
2.6240234375
2.7490234375
2.8740234375
2.9990234375
3.1240234375
3.2490234375
3.3740234375
3.4990234375
3.6240234375
3.7490234375
3.8740234375
3.9990234375
4.4990234375
4.9990234375
5.4990234375
5.9990234375
6.4990234375
6.9990234375
7.4990234375
7.9990234375
8.9990234375
9.9990234375
10.9990234375
11.9990234375
12.9990234375
13.9990234375
14.9990234375
15.9990234375
19.9990234375
23.9990234375
27.9990234375
31.9990234375
39.9990234375
47.9990234375
55.9990234375
63.9990234375
95.9990234375
127.9990234375
191.9990234375
255.9990234375
511.9990234375
1023.9990234375
4095.9990234375
-4096.0009765625
-1024.0009765625
-512.0009765625
-256.0009765625
-192.0009765625
-128.0009765625
-96.0009765625
-64.0009765625
-56.0009765625
-48.0009765625
-40.0009765625
-32.0009765625
-28.0009765625
-24.0009765625
-20.0009765625
-16.0009765625
-15.0009765625
-14.0009765625
-13.0009765625
-12.0009765625
-11.0009765625
-10.0009765625
-9.0009765625
-8.0009765625
-7.5009765625
-7.0009765625
-6.5009765625
-6.0009765625
-5.5009765625
-5.0009765625
-4.5009765625
-4.0009765625
-3.8759765625
-3.7509765625
-3.6259765625
-3.5009765625
-3.3759765625
-3.2509765625
-3.1259765625
-3.0009765625
-2.8759765625
-2.7509765625
-2.6259765625
-2.5009765625
-2.3759765625
-2.2509765625
-2.1259765625
-2.0009765625
-1.9384765625
-1.8759765625
-1.8134765625
-1.7509765625
-1.6884765625
-1.6259765625
-1.5634765625
-1.5009765625
-1.4384765625
-1.3759765625
-1.3134765625
-1.2509765625
-1.1884765625
-1.1259765625
-1.0634765625
-1.0009765625
-0.9697265625
-0.9384765625
-0.9072265625
-0.8759765625
-0.8447265625
-0.8134765625
-0.7822265625
-0.7509765625
-0.7197265625
-0.6884765625
-0.6572265625
-0.6259765625
-0.5947265625
-0.5634765625
-0.5322265625
-0.5009765625
-0.4853515625
-0.4697265625
-0.4541015625
-0.4384765625
-0.4228515625
-0.4072265625
-0.3916015625
-0.3759765625
-0.3603515625
-0.3447265625
-0.3291015625
-0.3134765625
-0.2978515625
-0.2822265625
-0.2666015625
-0.2509765625
-0.2353515625
-0.2197265625
-0.2041015625
-0.1884765625
-0.1728515625
-0.1572265625
-0.1416015625
-0.1259765625
-0.1181640625
-0.1103515625
-0.1025390625
-0.0947265625
-0.0869140625
-0.0791015625
-0.0712890625
-0.0634765625
-0.0556640625
-0.0478515625
-0.0400390625
-0.0322265625
-0.0283203125
-0.0244140625
-0.0205078125
-0.0166015625
-0.0126953125
-0.0087890625
-0.0068359375
-0.0048828125
-0.0029296875
-0.001953125
-0.001220703125
-0.00103759765625
-0.000244140625
0
0.000732421875
0.001708984375
0.003662109375
0.005615234375
0.007568359375
0.011474609375
0.015380859375
0.019287109375
0.023193359375
0.027099609375
0.031005859375
0.038818359375
0.046630859375
0.054443359375
0.062255859375
0.070068359375
0.077880859375
0.085693359375
0.093505859375
0.101318359375
0.109130859375
0.116943359375
0.124755859375
0.140380859375
0.156005859375
0.171630859375
0.187255859375
0.202880859375
0.218505859375
0.234130859375
0.249755859375
0.265380859375
0.281005859375
0.296630859375
0.312255859375
0.327880859375
0.343505859375
0.359130859375
0.374755859375
0.390380859375
0.406005859375
0.421630859375
0.437255859375
0.452880859375
0.468505859375
0.484130859375
0.499755859375
0.531005859375
0.562255859375
0.593505859375
0.624755859375
0.656005859375
0.687255859375
0.718505859375
0.749755859375
0.781005859375
0.812255859375
0.843505859375
0.874755859375
0.906005859375
0.937255859375
0.968505859375
0.999755859375
1.062255859375
1.124755859375
1.187255859375
1.249755859375
1.312255859375
1.374755859375
1.437255859375
1.499755859375
1.562255859375
1.624755859375
1.687255859375
1.749755859375
1.812255859375
1.874755859375
1.937255859375
1.999755859375
2.124755859375
2.249755859375
2.374755859375
2.499755859375
2.624755859375
2.749755859375
2.874755859375
2.999755859375
3.124755859375
3.249755859375
3.374755859375
3.499755859375
3.624755859375
3.749755859375
3.874755859375
3.999755859375
4.499755859375
4.999755859375
5.499755859375
5.999755859375
6.499755859375
6.999755859375
7.499755859375
7.999755859375
8.999755859375
9.999755859375
10.999755859375
11.999755859375
12.999755859375
13.999755859375
14.999755859375
15.999755859375
19.999755859375
23.999755859375
27.999755859375
31.999755859375
39.999755859375
47.999755859375
55.999755859375
63.999755859375
95.999755859375
127.999755859375
191.999755859375
255.999755859375
511.999755859375
1023.99975585938
4095.99975585938
-4096.00024414062
-1024.00024414062
-512.000244140625
-256.000244140625
-192.000244140625
-128.000244140625
-96.000244140625
-64.000244140625
-56.000244140625
-48.000244140625
-40.000244140625
-32.000244140625
-28.000244140625
-24.000244140625
-20.000244140625
-16.000244140625
-15.000244140625
-14.000244140625
-13.000244140625
-12.000244140625
-11.000244140625
-10.000244140625
-9.000244140625
-8.000244140625
-7.500244140625
-7.000244140625
-6.500244140625
-6.000244140625
-5.500244140625
-5.000244140625
-4.500244140625
-4.000244140625
-3.875244140625
-3.750244140625
-3.625244140625
-3.500244140625
-3.375244140625
-3.250244140625
-3.125244140625
-3.000244140625
-2.875244140625
-2.750244140625
-2.625244140625
-2.500244140625
-2.375244140625
-2.250244140625
-2.125244140625
-2.000244140625
-1.937744140625
-1.875244140625
-1.812744140625
-1.750244140625
-1.687744140625
-1.625244140625
-1.562744140625
-1.500244140625
-1.437744140625
-1.375244140625
-1.312744140625
-1.250244140625
-1.187744140625
-1.125244140625
-1.062744140625
-1.000244140625
-0.968994140625
-0.937744140625
-0.906494140625
-0.875244140625
-0.843994140625
-0.812744140625
-0.781494140625
-0.750244140625
-0.718994140625
-0.687744140625
-0.656494140625
-0.625244140625
-0.593994140625
-0.562744140625
-0.531494140625
-0.500244140625
-0.484619140625
-0.468994140625
-0.453369140625
-0.437744140625
-0.422119140625
-0.406494140625
-0.390869140625
-0.375244140625
-0.359619140625
-0.343994140625
-0.328369140625
-0.312744140625
-0.297119140625
-0.281494140625
-0.265869140625
-0.250244140625
-0.234619140625
-0.218994140625
-0.203369140625
-0.187744140625
-0.172119140625
-0.156494140625
-0.140869140625
-0.125244140625
-0.117431640625
-0.109619140625
-0.101806640625
-0.093994140625
-0.086181640625
-0.078369140625
-0.070556640625
-0.062744140625
-0.054931640625
-0.047119140625
-0.039306640625
-0.031494140625
-0.027587890625
-0.023681640625
-0.019775390625
-0.015869140625
-0.011962890625
-0.008056640625
-0.006103515625
-0.004150390625
-0.002197265625
-0.001220703125
-0.00048828125
-0.00030517578125
-6.103515625e-05
0.00018310546875
0.00091552734375
0.00189208984375
0.00384521484375
0.00579833984375
0.00775146484375
0.01165771484375
0.01556396484375
0.01947021484375
0.02337646484375
0.02728271484375
0.03118896484375
0.03900146484375
0.04681396484375
0.05462646484375
0.06243896484375
0.07025146484375
0.07806396484375
0.08587646484375
0.09368896484375
0.10150146484375
0.10931396484375
0.11712646484375
0.12493896484375
0.14056396484375
0.15618896484375
0.17181396484375
0.18743896484375
0.20306396484375
0.21868896484375
0.23431396484375
0.24993896484375
0.26556396484375
0.28118896484375
0.29681396484375
0.31243896484375
0.32806396484375
0.34368896484375
0.35931396484375
0.37493896484375
0.39056396484375
0.40618896484375
0.42181396484375
0.43743896484375
0.45306396484375
0.46868896484375
0.48431396484375
0.49993896484375
0.53118896484375
0.56243896484375
0.59368896484375
0.62493896484375
0.65618896484375
0.68743896484375
0.71868896484375
0.74993896484375
0.78118896484375
0.81243896484375
0.84368896484375
0.87493896484375
0.90618896484375
0.93743896484375
0.96868896484375
0.99993896484375
1.06243896484375
1.12493896484375
1.18743896484375
1.24993896484375
1.31243896484375
1.37493896484375
1.43743896484375
1.49993896484375
1.56243896484375
1.62493896484375
1.68743896484375
1.74993896484375
1.81243896484375
1.87493896484375
1.93743896484375
1.99993896484375
2.12493896484375
2.24993896484375
2.37493896484375
2.49993896484375
2.62493896484375
2.74993896484375
2.87493896484375
2.99993896484375
3.12493896484375
3.24993896484375
3.37493896484375
3.49993896484375
3.62493896484375
3.74993896484375
3.87493896484375
3.99993896484375
4.49993896484375
4.99993896484375
5.49993896484375
5.99993896484375
6.49993896484375
6.99993896484375
7.49993896484375
7.99993896484375
8.99993896484375
9.99993896484375
10.9999389648438
11.9999389648438
12.9999389648438
13.9999389648438
14.9999389648438
15.9999389648438
19.9999389648438
23.9999389648438
27.9999389648438
31.9999389648438
39.9999389648438
47.9999389648438
55.9999389648438
63.9999389648438
95.9999389648438
127.999938964844
191.999938964844
255.999938964844
511.999938964844
1023.99993896484
4095.99993896484
-4096.00006103516
-1024.00006103516
-512.000061035156
-256.000061035156
-192.000061035156
-128.000061035156
-96.0000610351562
-64.0000610351562
-56.0000610351562
-48.0000610351562
-40.0000610351562
-32.0000610351562
-28.0000610351562
-24.0000610351562
-20.0000610351562
-16.0000610351562
-15.0000610351562
-14.0000610351562
-13.0000610351562
-12.0000610351562
-11.0000610351562
-10.0000610351562
-9.00006103515625
-8.00006103515625
-7.50006103515625
-7.00006103515625
-6.50006103515625
-6.00006103515625
-5.50006103515625
-5.00006103515625
-4.50006103515625
-4.00006103515625
-3.87506103515625
-3.75006103515625
-3.62506103515625
-3.50006103515625
-3.37506103515625
-3.25006103515625
-3.12506103515625
-3.00006103515625
-2.87506103515625
-2.75006103515625
-2.62506103515625
-2.50006103515625
-2.37506103515625
-2.25006103515625
-2.12506103515625
-2.00006103515625
-1.93756103515625
-1.87506103515625
-1.81256103515625
-1.75006103515625
-1.68756103515625
-1.62506103515625
-1.56256103515625
-1.50006103515625
-1.43756103515625
-1.37506103515625
-1.31256103515625
-1.25006103515625
-1.18756103515625
-1.12506103515625
-1.06256103515625
-1.00006103515625
-0.96881103515625
-0.93756103515625
-0.90631103515625
-0.87506103515625
-0.84381103515625
-0.81256103515625
-0.78131103515625
-0.75006103515625
-0.71881103515625
-0.68756103515625
-0.65631103515625
-0.62506103515625
-0.59381103515625
-0.56256103515625
-0.53131103515625
-0.50006103515625
-0.48443603515625
-0.46881103515625
-0.45318603515625
-0.43756103515625
-0.42193603515625
-0.40631103515625
-0.39068603515625
-0.37506103515625
-0.35943603515625
-0.34381103515625
-0.32818603515625
-0.31256103515625
-0.29693603515625
-0.28131103515625
-0.26568603515625
-0.25006103515625
-0.23443603515625
-0.21881103515625
-0.20318603515625
-0.18756103515625
-0.17193603515625
-0.15631103515625
-0.14068603515625
-0.12506103515625
-0.11724853515625
-0.10943603515625
-0.10162353515625
-0.09381103515625
-0.08599853515625
-0.07818603515625
-0.07037353515625
-0.06256103515625
-0.05474853515625
-0.04693603515625
-0.03912353515625
-0.03131103515625
-0.02740478515625
-0.02349853515625
-0.01959228515625
-0.01568603515625
-0.01177978515625
-0.00787353515625
-0.00592041015625
-0.00396728515625
-0.00201416015625
-0.00103759765625
-0.00030517578125
-0.0001220703125
