7.365372079294381e-04
5.172318603028164e-04
1.589249757144579e-03
4.810152260052309e-04
6.833914246287545e-04
4.324920571717676e-04
6.923690537021363e-04
8.845096148845357e-04
1.471510044252237e-03
7.610451147338976e-04
1.210712624466734e-03
7.477578371697179e-04
3.895406245769539e-04
5.265241538219303e-04
4.427109278164501e-04
6.454532117632695e-04
1.529967308234310e-03
5.507400172756515e-04
4.786102709178474e-04
5.551809665377492e-04
6.028412978232231e-04
7.601396820528560e-04
4.363980497857038e-04
9.505147935328720e-04
9.131365027398323e-04
5.999115386644443e-04
6.785871452431353e-04
5.107783971038994e-04
8.213337727066116e-04
8.190963722876211e-04
5.227839786445676e-04
5.309780483435579e-04
1.272416301676894e-03
8.923479896276297e-04
5.722636678674413e-04
9.990995652694422e-04
9.148428324982552e-04
1.447301841326047e-03
3.129606888663220e-04
3.383564081087376e-04
1.050877919587470e-03
3.912404063237790e-04
3.731507467220521e-04
2.777149452563313e-04
7.093576622918946e-04
4.221635322636148e-04
3.565101612195615e-04
8.490616534610363e-04
3.733399453920008e-04
6.613149085316830e-04
9.328056163908605e-04
1.278186938678514e-03
6.859105936299736e-04
1.479655964333041e-03
1.432760661802980e-03
3.322100044527228e-04
4.801238629806324e-04
1.330864522507870e-03
4.143800895524070e-04
7.743702851820780e-04
5.425311871323679e-04
9.104393029988444e-04
1.670754724431657e-03
4.384009474967690e-04
3.259904980253283e-04
5.246554155284613e-04
7.094710984554234e-04
1.003975990063500e-03
1.514242236324040e-03
1.505654214652166e-03
4.792534086272450e-04
1.086947785210562e-03
4.446642685605543e-04
6.532525678496847e-04
4.664818452958084e-04
1.069804204298075e-03
5.484169689695740e-04
1.008905400512929e-03
2.282230769199415e-04
6.445893825419075e-04
1.291303261918240e-03
4.294488795499697e-04
3.029212344569858e-04
9.581883115064471e-04
8.317247788239663e-04
3.733248108820241e-04
2.667762214432032e-04
4.779949931053245e-04
4.594360312149645e-04
4.201919520179895e-04
6.728459879442122e-04
1.165264765084844e-03
1.105937567156087e-03
9.313260351130509e-04
1.372481533386755e-03
1.330680379712352e-03
1.064862529679974e-03
1.243793082333542e-03
1.343568677981056e-03
6.305217573046589e-04
4.111900821856563e-04
6.373213722160459e-04
1.285736656674105e-03
5.315733617642651e-04
4.641504942733078e-04
1.339026526532216e-03
8.389525911975252e-04
1.040078314855610e-03
4.877621937702349e-04
7.354717392937832e-04
8.486303700841102e-04
8.283701586801059e-04
5.623944105410469e-04
6.910998788257941e-04
5.807159894648819e-04
7.587899052407812e-04
3.050486256520695e-04
5.276149719679981e-04
3.312557641557912e-04
1.520603371763412e-03
8.785547472358231e-04
1.201556577702204e-03
2.919242684463196e-04
1.183499875402216e-03
1.179487838017214e-03
5.819393242770072e-04
7.783026424251155e-04
6.973484655693243e-04
1.022944301237852e-03
1.977057537841755e-03
9.799047387605245e-04
6.052959121524941e-04
8.167132087299226e-04
1.414950017025103e-03
5.751612329652454e-04
9.686251938244373e-04
9.495399178112946e-04
1.046493419467378e-03
7.341089027011436e-04
4.173550768987784e-04
2.401359426261324e-04
6.287865886804013e-04
3.345832188967708e-04
9.100797384355097e-04
7.274191145848464e-04
1.114271612093532e-03
8.674327146890046e-04
1.107708005031501e-03
5.788590636860619e-04
7.604504402346936e-04
1.157516590543085e-03
6.614898477758795e-04
9.733000061999649e-04
6.811130308465494e-04
7.109064751007051e-04
6.596887502098412e-04
1.125220293523938e-03
1.308361325272899e-03
1.513248774978827e-03
1.022764828134254e-03
4.113803081129605e-04
3.135307485185397e-04
4.167324218177114e-04
6.371332252221167e-04
1.434971728602078e-03
8.273820362306233e-04
3.718862757592543e-04
5.426901169151588e-04
8.371189403953113e-04
8.913036932947295e-04
1.340843513361558e-03
1.136065979625192e-03
7.078672406594533e-04
1.007725096315669e-03
3.185627684178740e-04
7.357241881224240e-04
1.132412933062502e-03
1.185564960847195e-03
1.776694904194194e-03
4.382690158563297e-04
1.135023627199222e-03
7.590454465926887e-04
9.845531403120012e-04
8.245193451879712e-04
6.526514316929257e-04
5.387821310768970e-04
7.870096657113986e-04
7.012588655168856e-04
5.112872696001355e-04
4.054802339725168e-04
5.599740671566435e-04
5.546076740418207e-04
1.097150083768153e-03
9.981967090738825e-04
5.269420070807919e-04
5.629788947184737e-04
1.588516120445744e-03
7.208262910711491e-04
7.044976859333815e-04
1.041688264444034e-03
1.093849774400375e-03
1.705329861221840e-03
6.494927940282142e-04
9.979683842636486e-04
6.292195992566735e-04
1.229015832899298e-03
6.704413496276453e-04
8.560640112862887e-04
4.982278298925346e-04
8.120247341470131e-04
1.471006867061522e-03
8.468064143161896e-04
6.980514984462146e-04
6.325261167279905e-04
4.264899449506456e-04
5.375715766988826e-04
7.027709929814184e-04
1.583421123566523e-03
1.295458637559145e-03
1.555877041976223e-03
4.215323731439112e-04
8.310078451337203e-04
3.231660315877754e-04
5.668544836392610e-04
9.968124621290606e-04
4.853639042244470e-04
2.500773834328557e-04
9.042875962595196e-04
7.127609346546067e-04
1.690956091854854e-03
1.087938790496210e-03
1.277214657660073e-03
9.602647523934368e-04
7.473632047705475e-04
5.343177212338752e-04
9.621081832241606e-04
3.137705222938414e-04
7.425705283258253e-04
5.743809657376810e-04
3.115172406699480e-04
5.538786001509637e-04
6.479958790269833e-04
3.534340101186148e-04
6.032741634245423e-04
5.951311389910632e-04
8.685915980037205e-04
5.107234818204551e-04
1.192143420574710e-03
6.924369642087877e-04
8.766730495685766e-04
1.076165004029380e-03
8.779582516947478e-04
4.193673318979719e-04
1.585616032178235e-03
4.799965546596598e-04
6.685713680586935e-04
5.073992531780610e-04
4.681928231393218e-04
9.461313218425020e-04
2.413996553396688e-04
8.162608946396499e-04
1.039736352521233e-03
1.020596438889477e-03
3.522122877497375e-04
2.791955434269542e-04
1.203357356950168e-03
3.065292129949098e-04
8.404616330345048e-04
8.729442039134719e-04
4.488591330547751e-04
1.129652888504697e-03
7.929010617908142e-04
5.802488106720218e-04
4.766081958491498e-04
7.116490596694317e-04
6.491578147469341e-04
8.347201776105821e-04
6.674869524450860e-04
1.023062928588544e-03
8.233976014969888e-04
5.534679917050492e-04
9.851380781001359e-04
3.856698972580326e-04
8.208866591934815e-04
7.034612873233143e-04
5.495891565714860e-04
1.297068221047478e-03
2.685813341642767e-04
7.043214584067542e-04
5.323136181581286e-04
9.083070052761349e-04
1.195439510906213e-03
4.460725888686203e-04
6.167045107285388e-04
5.079459265098633e-04
1.682995184290329e-03
6.069839858950732e-04
4.195524074428147e-04
7.162940597945631e-04
3.843380274627450e-04
6.619109757248116e-04
8.371506440890155e-04
2.295890315843382e-04
8.192778085848625e-04
6.311968203118846e-04
7.834175064478586e-04
2.603828312904041e-04
6.057716510843519e-04
6.999038477801735e-04
1.595118524045064e-03
4.018373159712360e-04
1.467441449471550e-03
1.018460412112965e-03
4.368214029471131e-04
8.429499172586798e-04
3.731148063847701e-04
4.438355291564299e-04
1.295171643052872e-03
8.864701810572494e-04
3.191443147602339e-04
3.583334949759818e-04
1.074513245622956e-03
1.014266273824071e-03
9.090021730534142e-04
4.882179112867786e-04
1.659377287507503e-03
3.577402895597965e-04
4.672753520863273e-04
1.273117364073571e-03
4.270534816918369e-04
9.335591863492724e-04
8.246172602307141e-04
1.421611233188059e-03
6.913588107477417e-04
1.269363376759616e-03
1.540951326778358e-03
9.611803387684925e-04
8.035507852663909e-04
9.873971785407066e-04
3.785254187931102e-04
7.925882490803999e-04
5.714764753278669e-04
3.110055882537990e-04
4.812008885915628e-04
3.098768076160870e-04
5.368192742387687e-04
1.108692275710670e-03
6.065360418715847e-04
4.929738967232597e-04
7.793044300211336e-04
1.080813057597441e-03
3.411776847944640e-04
5.877690430182973e-04
8.450572156451139e-04
8.825101205990996e-04
5.872148086649534e-04
6.189641374754813e-04
7.671576477807445e-04
1.298476293901516e-03
1.262482701504278e-03
5.390120175051232e-04
3.840623786648860e-04
1.457797996478089e-03
1.120449574097744e-03
1.059639515070693e-03
1.170824890969527e-03
1.573688357049639e-03
5.478627685346366e-04
5.401023064894538e-04
4.657349792393205e-04
9.929882706262527e-04
1.071729736971273e-03
6.675567425787905e-04
4.398113564303502e-04
2.637919357201729e-04
1.051086433120398e-03
9.522573602928580e-04
8.210013314291350e-04
7.249591103343812e-04
7.625736597159608e-04
8.420448770697621e-04
6.312744034999691e-04
6.303731924345704e-04
1.154855945761577e-03
1.139485469771084e-03
4.650439310097229e-04
3.243381740272354e-04
5.482950873819747e-04
3.171701363890382e-04
4.472546402858199e-04
3.120482475027622e-04
3.007840887461791e-04
1.497526615004929e-03
4.269574418974708e-04
1.143637111776411e-03
1.133947719495971e-03
5.645784999351512e-04
9.201591601135402e-04
4.488582157544047e-04
1.271172084098817e-03
2.925225321145850e-04
5.498720219487507e-04
5.013214967402736e-04
3.055632001848392e-04
8.108796637136918e-04
5.403103163092080e-04
1.269859409987823e-03
9.981530019252563e-04
6.507662156224460e-04
8.950519894700597e-04
2.657378749111752e-04
1.040799036057227e-03
3.433933034559117e-04
2.819538551673034e-04
8.104245874334275e-04
7.998608908171230e-04
1.056057949374107e-03
9.213230487863394e-04
8.227009627821243e-04
3.821470884370717e-04
1.439835031139356e-03
1.213943218758316e-03
8.854639644770544e-04
1.041420884813480e-03
2.136260900211147e-04
1.482554764891502e-03
6.667829336381015e-04
6.320762862845722e-04
1.107709370370211e-03
1.100209466760165e-03
4.588922330757310e-04
9.080912557022803e-04
5.881442972838810e-04
3.954919820546494e-04
5.959046021372263e-04
1.161133394612797e-03
6.296672710000058e-04
2.863741682339376e-04
9.189106088987106e-04
9.112627742110335e-04
5.332352613213834e-04
1.395914066096670e-03
1.123321528496485e-03
5.160707092597611e-04
5.923685238164853e-04
1.442725521900680e-03
1.470205203097403e-03
1.071136423971535e-03
9.061843662286229e-04
3.040973846032718e-04
3.495193215473611e-04
4.969949067059406e-04
1.370563844266535e-03
7.610169314004830e-04
3.662720317066821e-04
1.231303630218539e-03
7.773111185753875e-04
3.375538913489278e-04
1.186087493697825e-03
5.839843013333236e-04
1.100959953578779e-03
4.714313359092110e-04
4.666958346299209e-04
3.718361880725502e-04
6.764144090042563e-04
4.773546859649032e-04
1.367905677138393e-03
1.323904805145611e-03
2.869789643182022e-04
3.751862950327189e-04
4.948056902511278e-04
7.933328228918119e-04
4.562128553651933e-04
4.020456600712419e-04
5.376830679382778e-04
4.124341493207044e-04
4.121003057464681e-04
5.812154840123737e-04
3.094843045307563e-04
1.203737818983333e-03
6.238462556624986e-04
9.591136930856190e-04
1.284656527953496e-03
9.620911973285270e-04
9.436782964521195e-04
1.059240014833833e-03
5.743441791945774e-04
7.252398793299436e-04
8.380790881049037e-04
2.596123993941011e-04
4.021841025729323e-04
9.859498787786406e-04
4.016750683209516e-04
7.263650296444297e-04
9.416940942266706e-04
6.507381658387496e-04
6.506076353917697e-04
9.348931694163091e-04
1.471187648245037e-03
9.217329769723585e-04
1.061165264782115e-03
8.490061450333382e-04
1.572172376451279e-03
9.364224457528002e-04
6.697296970811246e-04
5.250839158759308e-04
7.365950464096555e-04
4.022414922028423e-04
1.290380688109251e-03
2.755646975636501e-04
1.228509357254937e-03
8.234494203929891e-04
5.164135452328970e-04
1.591746305193203e-03
1.164721875628107e-03
7.886840687793089e-04
2.406137098568361e-04
8.975562683099145e-04
8.677616541944342e-04
9.437799901551146e-04
8.437295170653086e-04
6.927455980744158e-04
9.613396969555439e-04
4.309714730996383e-04
6.939392421183413e-04
4.263151145100418e-04
4.402395567076153e-04
1.236826704138541e-03
4.490870334645105e-04
3.972080244969431e-04
1.219561765847648e-03
4.627571638516031e-04
9.555833193876618e-04
1.124607564028979e-03
4.612644562253605e-04
9.120196290489857e-04
9.648340991473748e-04
1.539128602022676e-03
2.581319602057840e-04
3.264062297923380e-04
4.699509166928505e-04
6.413066348924250e-04
5.960544250890070e-04
9.080207843309468e-04
6.759737257522933e-04
7.976602402417401e-04
4.326546728669635e-04
5.774090357539092e-04
8.697565652029065e-04
1.283417132351267e-03
4.482307853733174e-04
5.501660593950331e-04
6.915436739094557e-04
2.254046380798380e-04
8.568755072203998e-04
1.189456726792053e-03
9.898234148504126e-04
4.532688086568826e-04
8.173905734562622e-04
1.110954466703858e-03
7.159298496393369e-04
6.271440682067500e-04
4.010048891074164e-04
4.516703725393575e-04
9.186559797520993e-04
5.980685337883747e-04
3.930088466422388e-04
5.233421711966978e-04
8.078943902190007e-04
9.483768083886130e-04
4.432243664333609e-04
4.240920910906194e-04
1.023854804765761e-03
3.412197885882086e-04
8.084486472666855e-04
2.586648179398175e-04
4.019919646888003e-04
1.723895150867261e-03
4.016748829486481e-04
3.829032107310116e-04
4.660328770599612e-04
3.921070398011133e-04
7.091079549750203e-04
3.850874230969672e-04
6.115849210522098e-04
6.233941312388692e-04
4.760591561465382e-04
1.152480005956903e-03
7.219818747481926e-04
6.558671852032078e-04
1.142853423306668e-03
1.221909269573069e-03
7.559449158415292e-04
1.091492740480903e-03
2.754113668792515e-04
5.100010362474967e-04
1.167249502082160e-03
8.918679263504089e-04
1.074701251991312e-03
3.381023193453034e-04
5.770385441039344e-04
8.408648515063293e-04
5.469889558566419e-04
8.155503607369169e-04
5.293925351036639e-04
9.264876969792462e-04
1.367509846201568e-03
8.733531670181566e-04
1.094084032722663e-03
3.335428705524475e-04
1.088433992315089e-03
9.211130388361415e-04
5.156283092715614e-04
9.712306141564123e-04
1.192282325747591e-03
7.724010847301526e-04
5.335519438782420e-04
7.598071443059274e-04
5.592642470096650e-04
8.039501987329219e-04
6.019010397376927e-04
9.622603321445997e-04
8.619872199657554e-04
8.491312150207394e-04
3.488408402915432e-04
5.978599996976024e-04
4.373563024756702e-04
1.527009497223523e-03
6.385649623267191e-04
2.737954686624875e-04
3.582854533665202e-04
1.051586900282165e-03
7.810761406709901e-04
7.605954849096412e-04
7.921762688748880e-04
4.224809982774775e-04
6.766344947770806e-04
6.251078095440270e-04
1.015769030135919e-03
8.984395634866621e-04
2.679984920786597e-04
9.945838706735145e-04
9.166169315611372e-04
1.150730425851396e-03
4.413607469375277e-04
1.627246553880928e-03
9.242157478273760e-04
4.465264463472089e-04
9.207520322614037e-04
6.384680038339795e-04
1.010447621583760e-03
4.715767794534161e-04
3.096197579964598e-04
5.765374769462284e-04
4.911153070787384e-04
1.045365446460277e-03
6.976743783415639e-04
1.017110597071009e-03
6.089978594902880e-04
9.309193327813800e-04
6.595219150635779e-04
1.686343360578785e-03
1.420208944716020e-03
3.645365328761789e-04
9.991254314746156e-04
5.718245030669766e-04
3.595551746732433e-04
5.689445442610688e-04
1.155032724843077e-03
1.067917275708284e-03
9.206486980929775e-04
8.998694342296156e-04
1.187935397719845e-03
4.270441248767833e-04
7.541161687522305e-04
5.432982687436687e-04
4.640189528545363e-04
2.244332577012082e-04
9.663287037892632e-04
4.418682270624465e-04
1.850159564413600e-03
3.421074851509553e-04
4.978281395005022e-04
8.672969657721077e-04
6.894840540545141e-04
6.478998765314080e-04
3.706716919716296e-04
1.017497988521745e-03
1.402141396952690e-03
1.008893348494944e-03
8.024575108484809e-04
5.326832863668967e-04
7.945139022103190e-04
4.880692579778507e-04
1.402263465380060e-03
3.102534921913151e-04
3.861208547548968e-04
7.374783138050903e-04
6.700264360971247e-04
3.124218557450685e-04
1.120126109191615e-03
1.132348450579251e-03
1.614836828926038e-03
9.019168888237004e-04
8.586195789323969e-04
1.152189096193165e-03
9.828600303693794e-04
8.747116904143854e-04
7.654663984435392e-04
9.206741917320062e-04
9.997528144771498e-04
5.372974182140795e-04
7.962027294953828e-04
6.604153898002328e-04
1.360129403904060e-03
9.336792394951761e-04
7.520751753934988e-04
4.855103979306743e-04
8.295590577890957e-04
9.299138657570596e-04
4.576141043261588e-04
1.768075139898898e-03
1.126046487557849e-03
9.570919020195427e-04
4.584158162935130e-04
6.781193137674374e-04
1.134498372259579e-03
7.888152480756880e-04
7.751086949979594e-04
7.385672001967991e-04
8.621508184920666e-04
1.015121072564362e-03
7.582725932151254e-04
3.468642005984056e-04
6.557634790685222e-04
4.317305288464799e-04
8.485423269317073e-04
1.352918579983273e-03
7.465093440450086e-04
1.647188191955080e-03
8.987656694602370e-04
9.876130699624397e-04
1.282758227205267e-03
5.838019774889891e-04
4.197144413293388e-04
5.130989389445599e-04
9.844603456005538e-04
9.936047886725022e-04
5.415052268764940e-04
8.835103332515425e-04
1.275344302499615e-03
4.057456305972261e-04
5.277068554469698e-04
1.096878546307055e-03
9.721566529938036e-04
1.117294091376727e-03
5.786587441424778e-04
8.499730861819501e-04
3.577613046687627e-04
3.812206543489695e-04
1.126222919747646e-03
7.779013409726957e-04
1.311158889140929e-03
3.296673304560675e-04
3.120682309777071e-04
1.208271438873015e-03
3.619806784844360e-04
6.415453275901816e-04
6.034017991960626e-04
5.777140476237608e-04
9.813496723775678e-04
6.939643153788369e-04
7.510630083985558e-04
5.168214085055008e-04
7.016981882514552e-04
4.825832860358523e-04
1.148426028061444e-03
9.741158231511230e-04
8.612778121876107e-04
1.056274039280813e-03
8.755799115791026e-04
7.950701549552918e-04
5.932855577281340e-04
6.599152552198612e-04
6.959515165437162e-04
1.363560179662789e-03
1.027528279168719e-03
1.254881016343194e-03
7.235638382558659e-04
1.126880197406642e-03
4.523069373522019e-04
4.344284873692170e-04
1.207096596193261e-03
3.798233233572616e-04
7.794473377315855e-04
1.000150285951216e-03
7.704010761204797e-04
2.396146581972185e-04
9.995172463692988e-04
3.239108081728794e-04
1.231618352977508e-03
7.611476520708730e-04
9.365845240039464e-04
3.826714060737384e-04
5.681058996830632e-04
3.224259071950753e-04
5.973061091253902e-04
5.716418941525492e-04
3.985017393937690e-04
1.173269808661645e-03
3.183141129779065e-04
9.775400493565911e-04
1.603017338652935e-03
8.043998457600223e-04
9.482619762737378e-04
4.247837822013903e-04
3.691015593088724e-04
4.685404004609861e-04
7.045933835666645e-04
7.279494995860026e-04
2.704975582939433e-04
1.149478504135661e-03
3.625580709143204e-04
7.211979252009329e-04
6.335690676497572e-04
5.961066314630202e-04
1.261844226589323e-03
5.233594202905643e-04
1.492702128198512e-03
5.071577164800030e-04
9.964396334329001e-04
9.270315297437240e-04
7.697204271269462e-04
3.059804709535258e-04
1.004487831127569e-03
3.185121636146991e-04
1.044172522695766e-03
2.223881189220028e-04
5.034933446504434e-04
1.308876505031661e-03
6.789782469678891e-04
7.692404968736862e-04
3.600004357758620e-04
5.299714103830247e-04
8.199823482146350e-04
9.817446143629432e-04
1.251419826207423e-03
9.748789113044751e-04
3.681923227089953e-04
5.006517982698363e-04
7.700092180014274e-04
6.273671374725416e-04
8.342238782418358e-04
8.306996570544935e-04
2.539305969580000e-04
3.952573584733565e-04
1.494913985926194e-03
8.530122581621410e-04
9.970549779192647e-04
1.128394991008154e-03
1.040427667990733e-03
1.546969775058461e-03
1.468388742449428e-03
6.560764578370504e-04
5.685159174870007e-04
2.795151794821024e-04
8.283553610022947e-04
3.508292633081909e-04
3.446999378128582e-04
8.665778066983074e-04
7.094924136844408e-04
4.812304560153824e-04
1.521098055569326e-03
6.921546628626230e-04
3.683430667879476e-04
1.254762084141563e-03
1.015017279871627e-03
3.296870873001335e-04
1.441633756707935e-03
8.542938117383248e-04
3.923710454460421e-04
7.180166277480839e-04
1.283206477383907e-03
1.209156067270332e-03
6.657728963777274e-04
9.150058684258481e-04
1.116610542699357e-03
3.098051533674129e-04
7.075191044405712e-04
1.635847214962123e-03
4.072445052385235e-04
1.016947747525301e-03
8.936284042662933e-04
3.708885576728405e-04
1.109282178444911e-03
7.442626013976622e-04
1.479782508129141e-03
7.739256444826903e-04
4.109192196699819e-04
6.711644338428965e-04
8.080943493905817e-04
5.539193027201759e-04
3.500385807024918e-04
5.007782676581584e-04
6.753777246435765e-04
8.296365395809706e-04
1.071117619628430e-03
3.988051941641380e-04
1.183238718623050e-03
9.831286309043481e-04
4.537625600209184e-04
1.747706326484911e-03
8.945989230861335e-04
1.025745312674831e-03
9.561120538529321e-04
1.192672218324122e-03
5.003048441194081e-04
1.169626499692067e-03
4.521395350636301e-04
8.651718735652668e-04
1.176322797427849e-03
8.854153487617051e-04
1.172242315021796e-03
8.230199193745152e-04
6.708309538121785e-04
9.331311099685366e-04
7.280417032702342e-04
7.524832076020916e-04
4.863918675115699e-04
1.134471124383243e-03
6.982602484270988e-04
1.406152482310275e-03
1.664979201310401e-03
2.606484107840191e-04
9.159459418010931e-04
2.698797586952022e-04
9.678912676412373e-04
1.044611874574848e-03
5.272246199868280e-04
1.146385186332088e-03
6.082259650324948e-04
5.702293505866715e-04
1.261983788481802e-03
1.059831133960921e-03
6.685108793568864e-04
5.888574195245177e-04
1.063220170181676e-03
2.987503284801714e-04
7.182896477323301e-04
4.423995627486989e-04
6.275357336824314e-04
1.582994874268322e-03
3.012574477486810e-04
1.225970774886259e-03
1.134614946570819e-03
1.018902972712660e-03
1.443117426058488e-03
3.677934465912043e-04
7.267019227594005e-04
1.101094786855699e-03
5.176020407852675e-04
1.310903601943235e-03
7.840556041355472e-04
5.034949445495720e-04
1.275761685960566e-03
7.006559226763055e-04
9.594315469021731e-04
5.913394565338047e-04
8.650755075323936e-04
5.894624370691408e-04
1.282697815903502e-03
3.207413593012226e-04
3.585021162369056e-04
7.345650967824509e-04
9.883531944768621e-04
9.427855258079492e-04
4.407593789224687e-04
5.454204420367695e-04
1.554666241359422e-03
4.794807639982806e-04
1.150509562612147e-03
7.541488408884347e-04
1.189895693353345e-03
1.860218697994765e-03
6.062935747793885e-04
1.453009022165896e-03
2.684932955122428e-04
1.177886185516135e-03
4.959247837964152e-04
3.755165453010753e-04
1.404010040941085e-03
7.564229073657260e-04
1.078426370664704e-03
1.261333242848389e-03
4.304837001912256e-04
1.116990966155176e-03
1.038536648766670e-03
9.075075011372940e-04
4.390195799681152e-04
7.496086123169663e-04
1.601355013800035e-03
1.181961581844491e-03
4.790062566221004e-04
3.478878981118183e-04
1.210476849872926e-03
6.634088626265079e-04
1.327603592785226e-03
1.236523705255266e-03
5.030352997493486e-04
8.476434275517574e-04
4.784120761082614e-04
6.142918387467657e-04
4.152029825682675e-04
2.905160947411493e-04
1.071474969912378e-03
8.825304915865927e-04
7.316625664621273e-04
4.462470765025787e-04
9.277997350854632e-04
1.056527011078279e-03
1.304711193446763e-03
7.505837855563787e-04
1.121578293768970e-03
4.080425439806270e-04
4.702386270169366e-04
7.915012811429683e-04
1.011772131403915e-03
4.978848505392684e-04
6.872395612144780e-04
1.288218365164994e-03
4.251006728093264e-04
9.177243789250378e-04
6.480822280207019e-04
8.425133874923208e-04
8.621644890861653e-04
4.673561214664097e-04
7.254216928192864e-04
4.329451757767800e-04
5.759228051343830e-04
4.145894178422356e-04
9.250274355217013e-04
1.276512538425428e-03
3.137876926139847e-04
4.956679634454937e-04
1.351583036828265e-03
8.085914423873587e-04
1.267842157544875e-03
1.919326130656223e-03
6.087553375397634e-04
5.527943637771249e-04
4.462049081547801e-04
1.160765327357035e-03
1.048725483587473e-03
7.246670984915780e-04
8.727027257923819e-04
8.339052719949934e-04
4.676031933739069e-04
3.261121524795635e-04
1.211959355852583e-03
5.151357967704044e-04
1.058772175035505e-03
1.009525685039896e-03
1.010967159895707e-03
8.508974150443810e-04
3.945683750754668e-04
9.170819811476212e-04
7.636048854123422e-04
6.614419604531710e-04
3.487728708189459e-04
1.415083226094866e-03
1.058401353595784e-03
8.090864862715797e-04
9.550107343664806e-04
1.122482326557084e-03
4.218578226159856e-04
6.113035589663260e-04
1.098646214666047e-03
1.086587493356400e-03
4.314772649742137e-04
7.555843025467443e-04
1.297180441139620e-03
8.825050432120507e-04
6.155195607651194e-04
1.123396403016806e-03
6.744474448051493e-04
7.162503179978948e-04
9.299882034196295e-04
6.928005542774002e-04
3.567188315013484e-04
4.484004099832415e-04
1.097189766801342e-03
8.812782279161620e-04
4.330569787752158e-04
7.502761792231846e-04
5.479710299932238e-04
5.735240734056831e-04
3.757880881486508e-04
1.182901665246099e-03
6.652126514974958e-04
8.023617959860318e-04
9.437232071089176e-04
5.535966224532068e-04
6.713790017033544e-04
5.965532613774275e-04
6.533653502879527e-04
6.368975696933776e-04
4.131403735379339e-04
6.122782122744574e-04
5.029785373967621e-04
1.111771965055246e-03
5.189697555401005e-04
1.182038926252432e-03
3.922927578029236e-04
9.416365351590087e-04
2.169067811399814e-04
1.174014471943062e-03
9.453709215773249e-04
5.961468326008057e-04
1.000089223763955e-03
1.349410303521355e-03
1.164638486562482e-03
3.116069841140827e-04
1.319391326227408e-03
3.156908431928016e-04
1.151735544253951e-03
4.826707825345858e-04
6.007597249237738e-04
5.453144221100084e-04
8.759424183270516e-04
7.372915216736825e-04
5.843431031619231e-04
1.103547153234526e-03
5.454634446221597e-04
1.135715770628860e-03
3.641876692541877e-04
9.250843229269858e-04
4.097332906682528e-04
2.912187461414306e-04
1.263455861799536e-03
1.317183347984779e-03
5.505323823564170e-04
5.279541186808876e-04
4.706935605021220e-04
4.292896763902499e-04
2.475938177129999e-04
7.567092239903299e-04
8.312179724837544e-04
9.600823930837243e-04
2.573702727121746e-04
5.699655564156358e-04
4.874875152028915e-04
7.117452619129295e-04
4.838441631250938e-04
5.320866837767603e-04
5.125307676290204e-04
4.038709521246810e-04
3.194822543045188e-04
8.789412060860338e-04
6.667446318827134e-04
2.101997255938234e-04
1.535325822035222e-03
3.202536649284532e-04
6.043836037127074e-04
2.782873341973054e-04
2.940035990855285e-04
4.720304865575604e-04
6.777061823060760e-04
8.024237746728786e-04
1.131788826295400e-03
1.125961828095159e-03
1.134143178046054e-03
2.633812451717946e-04
8.832031312108416e-04
8.917182028972631e-04
8.567274224171523e-04
1.059005539195143e-03
3.647412892959947e-04
1.124200264208621e-03
4.679399353483236e-04
7.961715473435713e-04
4.409710534824761e-04
7.370053202803091e-04
1.062704564378769e-03
7.973581964835742e-04
3.159312843742825e-04
4.414757149993439e-04
7.309896755457973e-04
6.688078956196247e-04
2.790895669691587e-04
8.954103916331598e-04
4.563313676686360e-04
8.580225319036667e-04
4.893821704371887e-04
8.906307383978213e-04
4.237894685034840e-04
1.292052457430004e-03
4.186948650042784e-04
1.282754997287236e-03
8.801810817273450e-04
8.954244056964311e-04
7.232990590459312e-04
1.466503064621185e-03
4.623418360067083e-04
3.816185784286416e-04
3.340250755183105e-04
4.887758240502593e-04
6.160072885468967e-04
1.032600984544073e-03
3.997235673302080e-04
1.100135448658316e-03
2.312760852523955e-04
3.398593975518494e-04
9.494252306638921e-04
5.310573684531165e-04
8.890613521536871e-04
7.194821100033977e-04
1.421702605673826e-03
4.637678783453232e-04
1.217178809901178e-03
4.676241741748372e-04
5.047638897761532e-04
4.867019553810200e-04
1.157312736271893e-03
6.775113018919366e-04
1.288177820575872e-03
1.164588807051192e-03
1.572839205231413e-03
4.592970950411740e-04
8.149706569196588e-04
1.466047535231901e-03
4.974663916839824e-04
9.092524519252061e-04
9.949587409446581e-04
5.242695489504431e-04
9.745335692794492e-04
1.143478633953703e-03
6.503323641614620e-04
6.654100683377865e-04
5.529492662809247e-04
4.048982674242007e-04
3.587046397069504e-04
5.792316204646720e-04
6.366572614658311e-04
1.647424285732994e-03
6.244972819084369e-04
9.224362389832874e-04
5.137589355102922e-04
7.288886464753470e-04
9.359116520869477e-04
5.131255086101372e-04
3.321110796157984e-04
6.339233339255404e-04
1.080721058335980e-03
8.072374250259527e-04
4.413729744568349e-04
5.273867673942409e-04
4.511059530578466e-04
9.236504614707155e-04
1.303740661005335e-03
9.627345202925660e-04
1.068641508379899e-03
6.637416498208735e-04
3.595507987606289e-04
7.150264341438492e-04
1.138117545706449e-03
6.112567632148226e-04
1.128229779852252e-03
4.547084286961235e-04
1.320602930744151e-03
2.810365402047268e-04
8.782468156148249e-04
1.082605070217030e-03
1.048941319713219e-03
9.049547807362536e-04
5.733345467001966e-04
1.702657625120992e-03
8.514065475530616e-04
1.367013582209927e-03
7.070747254057810e-04
4.812477880728903e-04
6.487296997597802e-04
5.835806887788508e-04
1.112625246877715e-03
1.180712491022630e-03
3.842170818318640e-04
7.376210620898119e-04
9.059272831147729e-04
3.985660878324404e-04
3.352940514591596e-04
4.256077513095243e-04
7.022353393919522e-04
1.259381422703622e-03
1.046449231984439e-03
8.388645511679754e-04
7.579737951379552e-04
3.762347615737515e-04
4.778746223590647e-04
6.204024658174412e-04
7.721739071548858e-04
1.221092931095915e-03
3.400688710821924e-04
7.671059619939518e-04
1.019847845403793e-03
9.017320835575272e-04
8.309437164300898e-04
2.333801716370466e-04
7.969136602024869e-04
6.975661787788819e-04
6.690418067941735e-04
3.565184026392049e-04
8.277089298026084e-04
5.731334860058710e-04
1.332216864730842e-03
4.012085856694012e-04
9.630467627285765e-04
1.012601050131396e-03
1.009482811838469e-03
5.770090318660310e-04
1.117647308371474e-03
4.782221948509569e-04
8.412371812350384e-04
9.145368614618070e-04
1.307103735468851e-03
3.558850222826418e-04
3.811552966943833e-04
1.185855621540510e-03
5.846995454410949e-04
6.122349551268031e-04
1.763818750995576e-03
7.767775143065778e-04
4.995882389250849e-04
2.509304678451825e-04
9.592142355206893e-04
5.181757505848998e-04
4.928776567106050e-04
5.880115249324110e-04
4.291119637774188e-04
5.266043778334054e-04
4.362908767924905e-04
6.314048045108789e-04
1.377690988591870e-03
3.813338508291212e-04
1.193511878549878e-03
5.105711013038793e-04
4.404559648884157e-04
6.815283760292421e-04
8.881449007949495e-04
1.286709669412698e-03
4.962581308047054e-04
1.026757106613446e-03
5.109312442986535e-04
4.404487497028968e-04
5.954639608520628e-04
3.056800317739335e-04
4.053169890349606e-04
1.105183193593104e-03
1.608941996005903e-03
1.033172558245509e-03
5.117542088073897e-04
1.076582378787444e-03
6.587489740042203e-04
5.349401146621322e-04
4.520369338814687e-04
5.285337883082063e-04
1.016551708641251e-03
5.532041465045291e-04
7.265264621371362e-04
1.149741444994367e-03
9.145516502415657e-04
1.378260188166708e-03
9.487764391793588e-04
3.207079840152953e-04
6.087783964327455e-04
8.366127696818040e-04
1.426665049303891e-03
1.149949492112683e-03
7.007036542187282e-04
1.418865723598012e-03
9.970122127347333e-04
1.025095918513402e-03
4.440952071983159e-04
6.536835209518253e-04
6.752590862622843e-04
4.995042418386493e-04
6.837928519233407e-04
5.558762596096477e-04
8.447154297627402e-04
7.093698350663256e-04
1.225054076928791e-03
8.011337940613688e-04
9.880817640961208e-04
8.012795518075108e-04
7.883302381921113e-04
7.253859454942382e-04
6.073514934605326e-04
1.194086865047411e-03
9.451047108524174e-04
8.302889906013132e-04
1.147991618707138e-03
4.297512874617629e-04
1.395789305272464e-03
1.153376108112660e-03
6.756653014986126e-04
1.064868730807357e-03
4.607597017639158e-04
5.294355501689096e-04
1.214013064612289e-03
1.147118788901634e-03
4.497083847856805e-04
8.252897918875740e-04
3.427937183654090e-04
4.199062288136647e-04
9.217701525840210e-04
9.448366498995899e-04
3.327121104709873e-04
8.938501664000505e-04
4.592699051405035e-04
9.969382305552307e-04
3.670040779984260e-04
4.117978417825729e-04
1.059320319344647e-03
9.848191344659898e-04
7.858250650712969e-04
6.141887156922881e-04
5.513104153984975e-04
9.552134860216111e-04
1.397866131077532e-03
1.523779363376102e-03
1.220458932309695e-03
8.347233559773236e-04
9.433224558117766e-04
7.724708086289745e-04
1.252901949392373e-03
2.834046870432307e-04
1.488246807536587e-03
7.657388603115075e-04
5.991706463741491e-04
7.600098640909883e-04
2.310545780884466e-04
8.739953925816367e-04
1.212365001711682e-03
1.281568821430751e-03
1.189069088369055e-03
1.745642430437305e-03
9.687164971896296e-04
8.583843370809296e-04
3.726224232903240e-04
8.699499701933801e-04
7.006273031688530e-04
7.165245075356760e-04
4.773490766660698e-04
4.235768211577475e-04
1.068080783926479e-03
4.047082133242474e-04
4.052257876376514e-04
8.943831514492513e-04
1.453855714424294e-03
6.190386190965802e-04
3.774169222978751e-04
9.190715121573699e-04
1.142683903908894e-03
9.344747460938319e-04
4.602259150402233e-04
3.005521376976120e-04
9.321855490364722e-04
1.147672122922004e-03
8.210262937584710e-04
8.146801709865148e-04
9.519692013444511e-04
7.661146598674497e-04
1.257777613013835e-03
5.516646415889329e-04
6.029754292878315e-04
1.119429237581735e-03
7.730873704324930e-04
1.363787574857488e-03
9.136362832281444e-04
4.718193727859035e-04
1.534953960256815e-03
3.777330931403747e-04
5.678607547165990e-04
5.506092839219508e-04
7.283889760424322e-04
7.479472728358312e-04
2.931049338060134e-04
1.326453473272576e-03
7.129765252335142e-04
9.031832884623259e-04
8.603958028776191e-04
7.258335442088759e-04
7.377109229159156e-04
1.630699300565038e-03
8.513665957840076e-04
5.461428611424109e-04
6.694073535479806e-04
1.322547239922693e-03
8.728524802950890e-04
3.313838061829395e-04
6.706601202666626e-04
4.016302225586097e-04
3.576364410464559e-04
5.365581034502470e-04
3.340539225948237e-04
1.042971835929656e-03
4.561161402022094e-04
1.312647599205977e-03
5.114359518393837e-04
5.483624434445472e-04
6.668936544594106e-04
1.222715993500059e-03
6.309764706907313e-04
1.242594619802447e-03
2.836740019153130e-04
1.405067413990789e-03
2.409634106722052e-04
6.899466803505110e-04
8.936125521337910e-04
4.792078295278255e-04
6.977792549737083e-04
4.983561413273772e-04
7.019676063337533e-04
1.557695636745572e-03
1.129122789419320e-03
2.536712147237496e-04
6.841332184991188e-04
5.360351412481370e-04
9.713989007867048e-04
8.360122024763141e-04
9.577135611733840e-04
1.152644512202703e-03
1.325219158585918e-03
7.082801412987221e-04
7.376987245477744e-04
1.005701508546212e-03
4.166627720236972e-04
1.244225237251660e-03
4.154978918710540e-04
1.353588418394355e-03
2.432503769426694e-04
3.712714797160454e-04
1.179072895356847e-03
6.020876301814602e-04
1.515457947387942e-03
5.095911650972499e-04
8.075154120346466e-04
8.636268290759633e-04
3.455879938098382e-04
1.151978038241776e-03
1.023708851099436e-03
1.072424630810861e-03
8.359990204439738e-04
7.503956653291580e-04
4.194428103525035e-04
3.348189126372796e-04
3.909122699725527e-04
2.513525027775793e-04
1.571301646421244e-03
7.616567354856217e-04
8.656470315218899e-04
2.808612899871557e-04
9.068218414884816e-04
4.642897392564118e-04
7.312414325966747e-04
5.786615585207685e-04
3.211785612030837e-04
9.146364776527162e-04
1.191263615673694e-03
1.028216107982165e-03
3.364638978553072e-04
9.633984056593521e-04
6.209157598617433e-04
3.014868512731604e-04
1.284205567182337e-03
1.401328765303744e-03
7.286377000777949e-04
1.083680018579594e-03
5.414745849135881e-04
1.375706090728032e-03
8.649919290942051e-04
5.327716960344222e-04
1.434117010798818e-03
1.594462116265825e-03
4.172500255942310e-04
1.344905845100467e-03
5.829170457972600e-04
4.194050151439324e-04
4.062220123744825e-04
2.435689329615814e-04
9.104110051852054e-04
1.002537019502870e-03
1.107281327281086e-03
9.339689966528246e-04
2.874608037163381e-04
3.385241498520934e-04
8.644168632452169e-04
3.458143761863701e-04
6.364743182549811e-04
1.165866744066536e-03
3.770728103794073e-04
5.849844233291441e-04
7.569548534824579e-04
9.382358386955979e-04
7.635478312322814e-04
8.048641854635502e-04
3.859907886966467e-04
9.090209992764314e-04
1.283950676225324e-03
8.119667538733828e-04
5.672011791458854e-04
2.757006810614064e-04
1.067278069535795e-03
2.622052403400405e-04
6.875622176143280e-04
5.234664679205996e-04
2.966878734334519e-04
3.314767376653569e-04
1.157970022493947e-03
1.394218477648405e-03
1.048049891597996e-03
8.174665528073038e-04
6.934301783014674e-04
6.882322780880813e-04
7.904971341581267e-04
1.583794793825219e-03
9.493059927651453e-04
6.405909314111529e-04
4.407602980609918e-04
7.720907580506845e-04
1.062385267807860e-03
7.170675536642498e-04
2.668421641984199e-04
1.479070493685064e-03
3.960441502999392e-04
9.382662703593956e-04
9.541419710399716e-04
1.573332275461257e-03
6.379989210479469e-04
6.611171836322456e-04
1.143105275722782e-03
7.323007491419160e-04
5.714825143219619e-04
1.457494938567032e-03
1.513961185434582e-03
3.327122823415001e-04
3.542892571394268e-04
3.991851177149721e-04
7.705559613665284e-04
1.347089092929150e-03
4.896993000847711e-04
1.190570140944130e-03
1.069470528806174e-03
9.545448302483894e-04
2.505405079604677e-04
7.981501719034961e-04
1.678656866425570e-03
2.965885413776998e-04
9.665564557217564e-04
2.362574598521053e-04
6.236723184076116e-04
1.529706703805497e-03
8.085157385063157e-04
8.062755668983305e-04
5.743374419959686e-04
1.070589858228930e-03
1.203752182947592e-03
5.348857543129286e-04
5.402119048078152e-04
1.253619817972387e-03
4.669461957889732e-04
2.593142370914612e-04
4.385816332746281e-04
4.531327771584511e-04
1.032790876960101e-03
5.084540588391922e-04
1.390034016878210e-03
8.351053260955378e-04
9.744508932863804e-04
3.734891862285217e-04
6.627959774453390e-04
1.008890297713306e-03
8.308507935242814e-04
6.255201234698476e-04
1.081995494818919e-03
7.669543055808992e-04
1.023205050809462e-03
5.990947721057529e-04
7.553728288791099e-04
6.152679687793539e-04
8.075886350310230e-04
7.858245084973018e-04
8.829302816179840e-04
8.737946867712933e-04
8.176991370644814e-04
8.554316858927738e-04
6.268592200510040e-04
3.096884334353221e-04
8.972255461834337e-04
3.886046810201723e-04
1.052792521556275e-03
9.373621435657462e-04
3.685989505417027e-04
1.016421606275296e-03
1.173880757325541e-03
1.152036047012005e-03
6.184844128012093e-04
3.665666562718029e-04
5.218823572388369e-04
6.282700037118454e-04
1.680197860983021e-03
6.118787165453835e-04
8.545668990493807e-04
5.830984056266128e-04
5.369743418183235e-04
5.013559245260583e-04
1.295217290436261e-03
9.281206048569444e-04
2.661018524021574e-04
8.715270519844008e-04
1.035556894169557e-03
1.003312948112226e-03
4.092691308545439e-04
1.022778116530919e-03
5.212388154995654e-04
1.079301588241259e-03
5.378413510510497e-04
8.459438016292690e-04
5.649610863221670e-04
5.922288966302507e-04
1.076166929420203e-03
4.397303288241717e-04
6.825076631356388e-04
7.190616993638086e-04
1.158205361804910e-03
8.799637156176281e-04
3.265171526523868e-04
4.088050953233349e-04
8.159384650683832e-04
6.212935418304642e-04
5.139163517754654e-04
9.998273139154687e-04
8.867154887050561e-04
1.158399792186793e-03
1.082107490039746e-03
3.277428073353157e-04
4.106688523942413e-04
5.194153349035161e-04
3.924426770159504e-04
2.670495687745829e-04
6.623006936600257e-04
8.643262148443035e-04
6.853431633003116e-04
3.092958518167167e-04
1.040964448375342e-03
1.370758155430344e-03
1.172098840640318e-03
2.515356879554232e-04
2.800257218230390e-04
1.293544923301516e-03
1.308637870261749e-03
1.359524423367211e-03
1.065112539800738e-03
9.167121986359741e-04
4.826492067093824e-04
6.097955329339823e-04
3.042485475898296e-04
1.242748899442591e-03
1.095353105136396e-03
1.061925065981272e-03
1.017597096052521e-03
1.006197216594376e-03
9.273455694341593e-04
1.194903226683328e-03
6.625949772392818e-04
6.541643432858600e-04
6.065915910722148e-04
9.708664624156951e-04
6.389662022823623e-04
1.481844643310791e-03
1.068174318803121e-03
4.332777977732709e-04
1.175587234583895e-03
8.030632594825937e-04
4.032037246807012e-04
1.514506872924654e-03
1.256070890385355e-03
1.379010978410503e-03
4.785193898229789e-04
1.469964648208939e-03
6.067926369687629e-04
7.360603267742629e-04
3.389501127220883e-04
5.791530838732627e-04
4.756961689352425e-04
1.634382767616972e-03
1.058267591098751e-03
1.449228793685724e-03
8.609172499818644e-04
1.111511957329781e-03
7.069564619769286e-04
6.538570469451664e-04
4.091407154477656e-04
3.623743454617997e-04
1.081610657284046e-03
9.135590755695613e-04
7.959419257285258e-04
5.487728645035745e-04
5.244881847627922e-04
9.559562832182509e-04
6.058255165823465e-04
8.975463677899562e-04
2.750574577677319e-04
6.662477246566524e-04
4.537547327191744e-04
1.035120078874400e-03
4.499741154140802e-04
3.366406585514078e-04
1.062761194857483e-03
6.511151299224045e-04
4.159947993363328e-04
9.700298901842438e-04
9.077368403026485e-04
9.959992805093692e-04
3.274356610603426e-04
5.786195489582657e-04
6.732329456735370e-04
2.654345794248626e-04
1.231154227908483e-03
8.445552371526908e-04
7.052739690661884e-04
8.874356010666244e-04
3.946143516491385e-04
5.670138507702384e-04
8.413274878546476e-04
3.982452720877537e-04
1.571857542446115e-03
1.628157367314273e-03
1.231253192887173e-03
3.718413743441910e-04
2.647846436838599e-04
7.064495994691274e-04
3.972626634124112e-04
5.996657757266870e-04
9.163857274048267e-04
2.372895281273661e-04
1.830751754788711e-03
1.175561541655881e-03
9.167158893237138e-04
7.824908598235571e-04
4.650675329735013e-04
5.488008070628510e-04
6.578722535460341e-04
5.953487332669192e-04
2.884523732362736e-04
4.081788878573026e-04
8.820024400829127e-04
9.654945328703443e-04
4.832598058148955e-04
1.010590879342095e-03
6.895730170661727e-04
9.709676598936644e-04
1.009372737157296e-03
8.785047831509449e-04
1.473680903944570e-03
7.422601991628744e-04
1.087459924473267e-03
5.257978916021266e-04
9.029561721720707e-04
4.812480562150749e-04
1.087903799268731e-03
7.612175822297397e-04
5.209241285304151e-04
4.062924899995334e-04
3.742576206123094e-04
9.766464486402108e-04
7.417160551962365e-04
9.068929280427456e-04
4.806797014053766e-04
6.403027462260262e-04
9.448484463927109e-04
9.390035587364977e-04
3.241274889427760e-04
7.838240813810198e-04
1.779774876388453e-03
5.579242507476893e-04
8.708727995620190e-04
8.449388406792371e-04
4.854717001474656e-04
1.082602581715732e-03
4.988143251519646e-04
1.034747164345992e-03
1.849775256834271e-03
1.081088790719728e-03
1.089828142281848e-03
5.763476646046809e-04
1.117872809431044e-03
1.192901346759750e-03
6.023156613338572e-04
1.227311506138713e-03
5.136849193137544e-04
5.866270349673230e-04
4.680798833455514e-04
1.588100262293486e-03
3.638507091748812e-04
4.950095893719274e-04
5.208583360339684e-04
2.178242249683299e-04
7.815319257496681e-04
7.800940113854556e-04
1.061887744138045e-03
9.720570611345390e-04
6.527141498767823e-04
9.334957119105985e-04
6.983684505521317e-04
9.670651928428771e-04
9.678495540288578e-04
9.047943691711574e-04
3.235646838321086e-04
4.524266939744114e-04
1.008561389065226e-03
5.005227221863712e-04
6.255143601410822e-04
6.951104006065886e-04
5.636310525756160e-04
7.262245502471034e-04
7.870596364846557e-04
3.569628151189323e-04
5.509783738445158e-04
5.747709902999388e-04
8.501331838291540e-04
1.216788313344913e-03
1.403640150821250e-03
9.333731941740526e-04
1.113568081005212e-03
9.919152878391667e-04
8.080337707691632e-04
5.318796973503867e-04
2.970588727181027e-04
9.924293726829253e-04
4.181682068528271e-04
3.805676381368174e-04
1.759814677503538e-03
7.970568215514694e-04
5.310215338474749e-04
3.938396123632136e-04
4.965729518955583e-04
1.015160944304773e-03
6.631716429282917e-04
1.007884157456489e-03
2.634167474053787e-04
4.894631196896811e-04
1.178345213490360e-03
4.030391096444640e-04
9.364549240291431e-04
2.978134511907154e-04
1.003651531796970e-03
6.986265971280659e-04
7.848555951744655e-04
7.040982292668286e-04
1.390743351931055e-03
6.273237038907233e-04
3.889229000195672e-04
1.236444633971013e-03
5.110905370491405e-04
9.013261494745115e-04
2.796478723275547e-04
8.279023297616317e-04
4.843682712605874e-04
7.407778723278404e-04
1.078837281388251e-03
9.033004341448463e-04
6.924297761798461e-04
1.214202847797713e-03
4.335435801862230e-04
5.738473489405713e-04
6.729170460160902e-04
8.854072806767027e-04
4.229790146134243e-04
5.515596519439015e-04
6.034054721149487e-04
1.050278373848916e-03
3.500213676273734e-04
4.019245419297473e-04
1.145971229377815e-03
5.475092705420066e-04
5.758983793750870e-04
1.158619713071422e-03
4.826665667033994e-04
1.046462925941058e-03
9.488688946267302e-04
5.852366195474586e-04
7.827739199467180e-04
9.577559352917287e-04
3.004872354268427e-04
1.230880503940931e-03
4.681110114293462e-04
1.243772121873924e-03
6.695029550394700e-04
7.716181987342328e-04
9.676574886448152e-04
1.460755806358628e-03
7.548388764567151e-04
4.676166844476450e-04
8.367865278252904e-04
3.594685047250360e-04
1.561569666808512e-03
1.067633298381450e-03
2.336854329325902e-04
8.030987483412843e-04
9.895332460616035e-04
1.314101575232384e-03
5.680285398294409e-04
1.093003398177130e-03
1.135903409850132e-03
8.547501233009637e-04
1.334320359952154e-03
8.487513098131318e-04
7.695291370261904e-04
6.891065956867289e-04
2.221055750024776e-04
3.932180351534778e-04
1.050310381769400e-03
1.142662121261399e-03
6.731058216408923e-04
9.451622513128081e-04
5.996778541488108e-04
5.486581713282717e-04
1.247918542938977e-03
5.945846024941795e-04
5.809531618764979e-04
1.586647966564215e-03
6.713536353852550e-04
1.044118855853990e-03
9.569576854537213e-04
9.286732502716262e-04
3.759993014673075e-04
1.033983196523601e-03
1.280493725053370e-03
9.413739149484489e-04
3.603446647343548e-04
8.722535053739419e-04
5.702539943905354e-04
1.240850937883030e-03
1.101296505496634e-03
6.144119718644401e-04
4.886562087433415e-04
1.005080468542471e-03
1.069912656582358e-03
1.184951500476718e-03
8.615942691825929e-04
8.007071511774242e-04
4.397006641714296e-04
4.192985184405607e-04
6.016297621676686e-04
1.078755449641487e-03
1.260019457098820e-03
5.553703424874291e-04
4.757706066717850e-04
4.266384813345222e-04
9.286640342820606e-04
7.523963105830682e-04
7.206085954083919e-04
7.539989615361837e-04
1.223341726499996e-03
1.339811240247467e-03
3.878218876964360e-04
7.094170706981512e-04
1.130621711246259e-03
2.746749349271657e-04
3.869613266262929e-04
1.423944475917395e-03
8.079044728680257e-04
8.108385800237419e-04
1.017266666282940e-03
1.425024688519146e-03
9.769038921418460e-04
1.421666457562470e-03
1.158765777689099e-03
4.410492538114420e-04
5.266881966529683e-04
1.137809619145250e-03
2.473343663182394e-04
3.289875413123548e-04
1.095886085885829e-03
4.068380109605865e-04
8.115113610263632e-04
5.472093546821064e-04
5.883536614919177e-04
7.286647252992099e-04
1.061958348463842e-03
8.158196441368657e-04
8.254333908607357e-04
1.295149730176760e-03
9.906664554084343e-04
1.272048841803158e-03
2.936700679230380e-04
1.271684910627661e-03
7.266388421506881e-04
3.410216996322172e-04
1.054774078441882e-03
3.176184298948844e-04
8.324671915678959e-04
6.863527995700991e-04
7.498026757408252e-04
9.535000451414470e-04
1.215501540284420e-03
9.700199112547286e-04
1.071842177302799e-03
2.400680500599439e-04
6.944809094030791e-04
1.189253311547121e-03
8.082118705383396e-04
5.165075067358350e-04
4.336315083621449e-04
4.433155937416236e-04
9.517721211157445e-04
3.350399737159567e-04
5.571348698275058e-04
6.747504027579613e-04
1.140382989898720e-03
8.766349276361738e-04
6.828980844150205e-04
1.156423670602202e-03
5.386760095551920e-04
6.150481367832513e-04
6.594439868981478e-04
4.309658047384292e-04
7.159455725539877e-04
1.219094254936487e-03
5.196379479511435e-04
1.264004146410036e-03
8.439264833111843e-04
4.731155551153070e-04
1.605113536160161e-03
5.724388844074995e-04
1.119702003533542e-03
1.108968318930066e-03
5.070044896931948e-04
4.275692527370374e-04
2.896473362748263e-04
2.650184838078728e-04
7.276004668126117e-04
3.789047406120773e-04
5.643598567333616e-04
2.676281835642179e-04
8.371531041190373e-04
6.046497094163519e-04
5.905360482189487e-04
2.536142858050802e-04
1.302418489914529e-03
5.758336691776415e-04
6.682870600653844e-04
5.794780491673583e-04
5.227030444810981e-04
1.295379364527169e-03
8.717742942050975e-04
6.320635803529060e-04
5.939901390579585e-04
3.014159687574624e-04
3.739849717575539e-04
4.226733270251847e-04
3.498137840819793e-04
2.632073063043014e-04
9.643312789550289e-04
9.132797133898938e-04
6.149482107067120e-04
1.275676328060289e-03
8.115577523214632e-04
1.367306695532844e-03
6.083806194187029e-04
3.132743561479262e-04
5.407114422684426e-04
8.280802413029025e-04
7.538236415236474e-04
7.868084491005009e-04
1.571671976130995e-03
1.006588757413106e-03
6.381704040208201e-04
1.142453028509818e-03
1.302945712428386e-03
6.579578015113301e-04
1.280994580787106e-03
5.993921489033405e-04
1.295103605683351e-03
9.676262389684710e-04
7.543781012292434e-04
8.147501342563202e-04
6.881564511458400e-04
1.102710561825173e-03
4.872990899951740e-04
1.522052760091177e-03
9.969405258046862e-04
9.752196202340016e-04
4.319946920761934e-04
4.518092859960908e-04
6.067218090305827e-04
1.158340177359898e-03
9.381278015951939e-04
1.401425287251731e-03
2.833671524186828e-04
8.360140506749693e-04
4.067170349636374e-04
2.383021441949868e-04
4.320930979603715e-04
3.953144080565711e-04
6.210158454380431e-04
6.427198267867714e-04
2.891016645885310e-04
4.361579208272019e-04
1.281036924019125e-03
4.782093948344876e-04
7.555358727194621e-04
6.676573267712595e-04
7.927010269288907e-04
3.178479923941239e-04
1.015834623313472e-03
4.202987076976805e-04
1.186455091336525e-03
7.925315973714540e-04
4.692200135319357e-04
5.463810390217799e-04
7.728708894570700e-04
1.327129684292154e-03
9.277664394015076e-04
7.073096738928988e-04
3.335243367384811e-04
3.961900297643200e-04
4.658077062841419e-04
1.278611504458680e-03
1.444058966388540e-03
5.493417726103098e-04
8.179794223102002e-04
8.562368393974990e-04
9.193657226503265e-04
8.042824735414423e-04
4.460207911956298e-04
4.301510756496434e-04
9.752007048267550e-04
1.322370826661615e-03
1.047487251692735e-03
4.921704297558262e-04
2.881028745139005e-04
1.285388718487874e-03
4.418937613076446e-04
6.120499812873372e-04
9.326682151069539e-04
6.441861839866021e-04
1.169415337576950e-03
7.061990991094537e-04
3.359052493192519e-04
9.233014263036888e-04
8.610245948985867e-04
5.777260250161776e-04
1.876111767031389e-03
2.912222253185750e-04
5.522160634512022e-04
9.367109246845562e-04
3.039354348839053e-04
6.218227685402392e-04
7.984438737673579e-04
1.188773855623295e-03
4.948963162713000e-04
1.238620124013732e-03
1.068694744227519e-03
7.538691908275018e-04
5.747750586205469e-04
6.361326821750241e-04
9.469642297861222e-04
4.200522297016198e-04
3.714458492754890e-04
9.309744181833228e-04
5.643841218676518e-04
8.874902565127595e-04
1.444251150105157e-03
2.168888254385240e-04
8.566422552489973e-04
2.718015660317527e-04
6.792826815772739e-04
8.699392414216636e-04
2.195911413316555e-04
1.125681204592556e-03
4.728892489064762e-04
5.125808995834632e-04
3.283585105788495e-04
9.651846207552884e-04
1.045364852666126e-03
1.180880951652620e-03
1.097829143536779e-03
6.114967517478270e-04
4.059364953504720e-04
1.065150507359995e-03
6.737018165791765e-04
4.473216871300450e-04
3.276518775400435e-04
4.908132356268083e-04
2.972950260021009e-04
5.428177535347163e-04
1.123065540761264e-03
1.022005117722447e-03
4.851021870196724e-04
5.555808890386387e-04
4.644582267048349e-04
4.643623687832853e-04
1.830141972745784e-03
5.870297874803335e-04
1.486508563193493e-03
8.601231579101576e-04
2.889189573118268e-04
1.079898248526058e-03
3.954669175291105e-04
8.800372455415007e-04
4.194167711209876e-04
1.259527650777858e-03
9.907860012495517e-04
1.061366655639192e-03
4.512490878990620e-04
4.220797411706387e-04
7.381305618578324e-04
9.413950434697164e-04
1.566888425535381e-03
3.427411720459376e-04
2.962482493015855e-04
7.200577489677295e-04
9.494515040069354e-04
2.445597481828290e-04
1.787994239431992e-03
1.052829840131735e-03
4.475130346017622e-04
8.040549381759543e-04
6.555329901676289e-04
1.271378829643773e-03
1.467466033619897e-03
4.906931171702927e-04
3.585740227457802e-04
4.765933999522477e-04
2.796549064585977e-04
1.221185370155909e-03
8.820939326873821e-04
1.608035507155194e-03
1.018096125505228e-03
7.327739566496504e-04
8.613166796771514e-04
1.187216718720416e-03
1.169735814959731e-03
9.651531554041139e-04
4.269467465269802e-04
6.734624954911354e-04
6.527594478057474e-04
9.621278988499436e-04
8.839710818464478e-04
9.613052166091975e-04
7.290427562307004e-04
4.479047829700931e-04
1.020022596288975e-03
7.495803091752775e-04
9.487395904490227e-04
9.113083112090945e-04
1.049807869798999e-03
7.109878669235921e-04
1.177046313996930e-03
6.548970911393150e-04
1.139403849742687e-03
3.993359907907476e-04
1.194838637195579e-03
9.030488448193027e-04
9.642849820565452e-04
9.431010176143472e-04
1.207421377489839e-03
5.607452735204687e-04
6.513662751550710e-04
7.318045940632881e-04
3.511236728691110e-04
4.027779775083154e-04
7.032070518232473e-04
1.101409922923881e-03
7.241283110389117e-04
5.983462572243993e-04
5.473621042906513e-04
7.409067865551872e-04
5.574102973565719e-04
8.235710372365652e-04
9.308963055670904e-04
1.188348259535311e-03
2.987402427550393e-04
7.794173021156690e-04
7.070062912575900e-04
1.691995205091679e-03
4.134879018803667e-04
8.078820553231853e-04
7.422247326456104e-04
1.306947764559205e-03
1.479076970624538e-03
4.880909427690429e-04
5.450984033681729e-04
2.590140870185340e-04
4.093905195556287e-04
6.713198324073072e-04
3.516254267951636e-04
8.082499082359413e-04
6.267476185739666e-04
5.984187815595899e-04
6.456559393362185e-04
6.052165828480487e-04
1.462159091486188e-03
9.187954875624841e-04
1.210102341962513e-03
6.845737989123207e-04
5.132541765495854e-04
6.096751018460186e-04
6.226077870624198e-04
1.672343598640155e-03
4.771113683379240e-04
1.139503827298276e-03
8.872362803888695e-04
9.214012201291015e-04
1.388947880002891e-03
6.929636778908626e-04
5.430958789655751e-04
1.054497521078435e-03
9.171153181298529e-04
6.326436630658102e-04
7.082101126544757e-04
2.292598555493830e-04
6.657380828748630e-04
9.391552222129845e-04
8.105371396840281e-04
8.544004150539430e-04
4.645346040988829e-04
6.798516515780094e-04
1.012324131038648e-03
8.123993463214916e-04
1.067691551089670e-03
1.606139062526111e-03
1.093998623910213e-03
3.904334560107768e-04
3.206185098822798e-04
7.741199869818516e-04
3.052762234323505e-04
6.201564851297531e-04
1.261370077146599e-03
8.902558534299650e-04
1.727589623008294e-03
2.687079424546125e-04
4.799919737936362e-04
3.541548597210018e-04
2.705215810615015e-04
9.438877023544045e-04
1.089571470146753e-03
2.972653543474806e-04
4.918809614799464e-04
5.905548149924165e-04
3.150781928287261e-04
6.484941967104998e-04
5.993036666115992e-04
8.735628921533068e-04
1.106392107938838e-03
1.076505447503930e-03
5.859070172099222e-04
4.328187350201643e-04
1.068337849338397e-03
9.387603204958530e-04
5.100510044592305e-04
1.336082090299451e-03
1.310961980078446e-03
6.982769817104643e-04
3.046092760419975e-04
3.884049237989201e-04
1.017411604982717e-03
5.964952015789206e-04
9.346925540065676e-04
3.991692875595568e-04
8.056052204247049e-04
3.077345538378116e-04
1.102526167063001e-03
8.782814276631396e-04
9.213368351112471e-04
1.402456554023967e-03
3.588468595349391e-04
1.038799123140923e-03
5.160864049837718e-04
1.132223759939486e-03
1.040006567786653e-03
1.893019284971226e-03
5.303134893363220e-04
1.588070822755642e-03
3.316853506584613e-04
9.155236844949800e-04
1.071907926706295e-03
9.668909302059257e-04
1.331132523848000e-03
1.098364811212753e-03
1.051821843552547e-03
1.115274198542431e-03
8.043795219362268e-04
1.178182335101530e-03
5.367112958666053e-04
2.810519089743122e-04
1.123381155673805e-03
4.770737706021638e-04
8.054880722312080e-04
3.958805556774488e-04
7.566177115934489e-04
1.004584608365538e-03
8.775727322292918e-04
4.148567154399663e-04
9.463610856168487e-04
5.751624905083200e-04
3.092908342331937e-04
7.706433422648806e-04
1.006714434730232e-03
9.326984051503520e-04
5.942782808021119e-04
2.359337222484533e-04
1.140184260255128e-03
9.374630910708534e-04
1.267972898104211e-03
9.835401008142773e-04
2.403620472734382e-04
9.638885551795863e-04
3.593839351682680e-04
5.248412136542224e-04
3.740250501287120e-04
9.741689666706512e-04
1.555159284527209e-03
3.881187718164458e-04
6.159974198620983e-04
9.599600085558170e-04
1.396398497247972e-03
7.651156511103832e-04
1.243269432095299e-03
7.038371344726863e-04
1.482715224589240e-03
5.348603440216596e-04
6.560525143520161e-04
1.491320731990421e-03
3.356536233028113e-04
2.719454125689038e-04
2.322310855633592e-04
2.864279252236689e-04
4.416935002330751e-04
4.391322685686516e-04
8.807202732895103e-04
1.092323676530142e-03
1.091938993218449e-03
5.159170826734081e-04
9.785728185485465e-04
5.851856749277738e-04
6.131393587983161e-04
4.061874192053156e-04
3.497352783305677e-04
1.179588653333124e-03
5.752852502275740e-04
4.501087866714255e-04
5.974085308128312e-04
2.566274351052855e-04
1.080441662023269e-03
9.272372181785304e-04
3.272414435298629e-04
1.375270154317168e-03
6.508108721818590e-04
9.876703232105280e-04
8.897918910249454e-04
9.744603524498717e-04
2.342839903068302e-04
7.343897399965871e-04
7.245006556402928e-04
1.215189895660510e-03
6.951366309233279e-04
2.940051145291069e-04
4.278644924272940e-04
8.531283476883818e-04
2.215499229717826e-04
3.590002452725127e-04
1.193046810595748e-03
7.384463097173028e-04
9.623098844926303e-04
1.061821845969356e-03
4.269094924664855e-04
7.070449265527273e-04
7.151068351881889e-04
1.395370212046597e-03
9.327275510967116e-04
1.154256737662358e-03
6.824236306295227e-04
8.085076904309965e-04
5.994265180830244e-04
6.356993412441360e-04
2.615516337086786e-04
8.926847492621579e-04
3.858437383702871e-04
1.262095638727162e-03
1.048375278063726e-03
5.653953769146050e-04
1.075542568486897e-03
3.513541038420658e-04
6.864964406039542e-04
6.429187459475942e-04
1.365350460265706e-03
1.078224620652047e-03
6.072624283873803e-04
1.348901206073406e-03
3.263142936341403e-04
5.318886091040646e-04
5.173192176875711e-04
4.182795893882213e-04
1.098578952305520e-03
2.763173225961600e-04
3.371968703005016e-04
5.141633283349285e-04
4.629683314606087e-04
9.112983307746961e-04
3.414630226988314e-04
1.303058855173598e-03
1.064464276857148e-03
3.162587325195407e-04
5.969580376435871e-04
1.000188580257294e-03
1.051603201610597e-03
5.628811851094100e-04
4.670393107446065e-04
8.114376431611296e-04
8.829421526158710e-04
1.135049051034808e-03
5.525997123542846e-04
8.770223803786592e-04
3.086785797318592e-04
1.212241593812216e-03
8.946357529535881e-04
3.243525726460163e-04
7.117227743782508e-04
4.573248469526357e-04
1.044737992732513e-03
4.619806566296787e-04
2.613912270638136e-04
4.493515397530190e-04
5.182695788833289e-04
5.307058320272887e-04
3.495407122943036e-04
9.815803332781743e-04
3.376700584770686e-04
8.254888602809546e-04
3.496762602974132e-04
4.924242180068944e-04
6.806781924724576e-04
3.684273745509170e-04
1.086676120016688e-03
2.293450625233927e-04
2.854803582843689e-04
5.974907371682292e-04
1.023722966018165e-03
3.950426323060434e-04
9.017194485789746e-04
1.050182435908203e-03
3.059669715991930e-04
1.281322903997108e-03
1.018484004119143e-03
7.042084762731093e-04
3.477735499871936e-04
3.855785801070502e-04
7.533921698031712e-04
1.172608652778865e-03
4.966047519153197e-04
6.994798844606775e-04
7.765010390281837e-04
6.491089889868973e-04
7.770772899690588e-04
3.084604259008834e-04
6.070609477361862e-04
1.665859221319157e-03
2.944771134847876e-04
3.951549875276358e-04
1.310277287936478e-03
5.763846353029518e-04
4.231850298454134e-04
7.849407328960619e-04
7.881886229109775e-04
7.970581127149140e-04
4.209728854944619e-04
1.093084835171012e-03
1.426221709270225e-03
4.099962467333895e-04
8.599945863289009e-04
1.825800082892181e-03
4.725770741097165e-04
9.304841785555554e-04
3.516244838066099e-04
1.454664738193182e-03
2.509239367282105e-04
4.078422007120216e-04
3.560518584487174e-04
6.887138662779600e-04
1.159231650121890e-03
4.252040530387974e-04
5.133704624137081e-04
6.327673407062138e-04
1.236050717274052e-03
1.519493442777135e-03
7.889738795637633e-04
7.920007335575099e-04
8.652508079830398e-04
8.798927692512644e-04
1.035490359317439e-03
9.353336537402275e-04
1.161774464864350e-03
5.674511304110310e-04
9.100806833685804e-04
7.765545125345548e-04
4.491574040609461e-04
4.943139110375393e-04
2.753685542694107e-04
8.021453503631022e-04
4.607348005202091e-04
3.581955532665911e-04
4.843329978158030e-04
3.686991577028520e-04
8.329063242919635e-04
1.084627342788829e-03
3.698896238250075e-04
4.311298973730417e-04
4.399496241896732e-04
1.323222635037436e-03
1.271954531864909e-03
2.445167816647439e-04
8.161318553767920e-04
1.085250739536818e-03
4.110301148357278e-04
1.051232040986102e-03
7.939424823008997e-04
4.300593382012942e-04
4.734707547424544e-04
9.513547017142611e-04
9.407347879095733e-04
3.131123467872759e-04
1.147375819264073e-03
6.510474288008112e-04
8.856217698018744e-04
5.734565034720473e-04
1.566429298891627e-03
3.663361729751395e-04
7.570355915548502e-04
5.231749474364425e-04
3.636191402021761e-04
4.779449075694247e-04
8.775306822671713e-04
6.674422739522054e-04
7.416727721596228e-04
1.128227652730812e-03
6.980540476286916e-04
5.934288123492650e-04
7.863410113527298e-04
3.197444944632159e-04
4.456520742647756e-04
8.169393930428749e-04
2.668332661759093e-04
3.029345708777735e-04
4.955275468631815e-04
3.521839238590294e-04
3.002387249503104e-04
2.571914187368561e-04
1.141662292789467e-03
8.937388799514312e-04
2.661061642385964e-04
4.287837143561515e-04
6.504262477790184e-04
6.735619918810115e-04
6.738658306697893e-04
1.195124421249552e-03
7.433492041738795e-04
5.456108327158365e-04
4.773509537712130e-04
1.219027720117305e-03
8.825668836758096e-04
1.345068589645891e-03
5.685976564199765e-04
5.380403098871037e-04
4.861958248677336e-04
6.972829329388503e-04
1.007989214139398e-03
2.666395689056783e-04
5.263517958284463e-04
4.919237906983573e-04
5.728649853287645e-04
7.949534768132735e-04
5.691172095982681e-04
2.491234968523759e-04
4.763474124778811e-04
1.030117352046233e-03
6.019774462452119e-04
3.824915670541347e-04
5.370266524501396e-04
9.855758965909810e-04
1.074218443469525e-03
1.221559562886391e-03
1.267004127366340e-03
7.811507570700439e-04
8.149390245446006e-04
1.338781979609446e-03
3.325882268856614e-04
3.480265930023760e-04
4.306257441028967e-04
8.230212196361648e-04
6.588834017951954e-04
8.578144480831311e-04
5.932252845383086e-04
2.668125010300037e-04
9.892835223998780e-04
1.008775910606524e-03
4.025323464657250e-04
3.993488916028428e-04
3.142533803937644e-04
1.023023726982891e-03
1.108698610210731e-03
7.200418945521880e-04
4.301947008116499e-04
1.065007312947828e-03
9.597465987691298e-04
3.747143397932121e-04
9.801887412123232e-04
6.435174354112387e-04
1.115511462037286e-03
4.839602243189633e-04
4.995686854322793e-04
6.620692889994348e-04
1.109496330797190e-03
7.892483451156325e-04
2.078932992354874e-04
1.073912470139383e-03
1.257959841341528e-03
6.869774771451391e-04
6.343952661722981e-04
9.370834186046668e-04
3.500293657258252e-04
3.690723132625775e-04
7.837770840500443e-04
1.003989971170491e-03
1.329085946756602e-03
8.204306592633985e-04
4.220910236571478e-04
6.404365699472497e-04
5.548092599362754e-04
4.650034657382634e-04
5.904816628425481e-04
6.497494593033698e-04
3.217979733769553e-04
3.082523024500676e-04
8.543866974292480e-04
4.407403168801257e-04
8.981082880632941e-04
4.028448650772884e-04
1.068655226684165e-03
7.516513604026905e-04
7.607566620647626e-04
9.736479389128395e-04
1.114198214213089e-03
4.356426937223967e-04
5.394347741983189e-04
9.843200003050389e-04
2.948825900352916e-04
3.864493234382321e-04
4.419140024140857e-04
7.814727974964041e-04
2.462326538295705e-04
6.200845377208909e-04
1.094797444384136e-03
4.839007557544700e-04
4.792291826309428e-04
6.971056280535906e-04
7.467572436670815e-04
8.665779407912171e-04
1.108129007339033e-03
5.283898967106688e-04
4.068371288748540e-04
7.080112118126110e-04
8.337243354530422e-04
8.427184468976999e-04
2.354876528319928e-04
1.017794474747075e-03
2.701985648178713e-04
6.341076781125503e-04
8.878028973079350e-04
2.547416738330328e-04
6.161804555659267e-04
1.023548164320520e-03
3.244437074777631e-04
9.244590325910417e-04
7.287631721760687e-04
4.218808395409827e-04
1.151157322303263e-03
4.080097163512573e-04
1.474855957885109e-03
8.778486694790707e-04
7.962787074945561e-04
3.272059298002224e-04
6.886342378450626e-04
1.035153435043976e-03
4.381704446191486e-04
8.031930102707815e-04
6.409645467087520e-04
1.358772355645176e-03
4.742865905091532e-04
6.019440365151164e-04
4.237588115115478e-04
5.334132608417407e-04
7.929886597526089e-04
9.446054124860439e-04
1.108018695681361e-03
6.961963525510028e-04
3.470755620815186e-04
3.092479392796778e-04
7.317487926814866e-04
5.332851714274509e-04
1.608956358790686e-03
4.138471596094031e-04
1.265181771785239e-03
5.247925615167463e-04
6.887035298138730e-04
3.876670432397777e-04
5.393169007241532e-04
6.824415111977479e-04
7.488553690936366e-04
1.185354206393596e-03
5.445902473295793e-04
1.191045093516033e-03
3.259999474429291e-04
3.316906973457033e-04
5.607856710512193e-04
1.133442030502950e-03
1.342932058699839e-03
1.164821867415344e-03
1.150121636839602e-03
3.570296856124224e-04
1.011079039531271e-03
6.486014614750458e-04
8.670010338433911e-04
8.828452178385598e-04
9.759137748783155e-04
9.985749071678505e-04
2.641505783692156e-04
5.321781402785613e-04
5.257856428131954e-04
6.397440878334879e-04
7.026623921944932e-04
1.148635526525153e-03
1.499133649145115e-03
6.417256150228336e-04
1.059533393390977e-03
1.074967933775257e-03
7.880909523120704e-04
5.587804625014723e-04
5.691277896778660e-04
6.822246820696756e-04
9.594523315825267e-04
1.046665430130519e-03
9.660047506706512e-04
4.131315188437694e-04
4.427610241346591e-04
7.740205274699387e-04
1.070135677775309e-03
8.614224153366357e-04
1.120355627775374e-03
9.182385870135121e-04
5.244603533149187e-04
3.040272585875667e-04
6.076680821400964e-04
5.636181611499187e-04
3.744472106077255e-04
1.139745040731109e-03
5.835695713323109e-04
3.944947553620079e-04
3.259799754387422e-04
1.070436390562833e-03
3.176093888395595e-04
1.231741872858424e-03
9.974194221486819e-04
1.019483892631659e-03
7.572293408811679e-04
7.837942606247390e-04
6.845872863856595e-04
1.282024477631264e-03
3.626528933941326e-04
1.060023877182217e-03
9.722604898933716e-04
1.065460087191168e-03
8.961567409551808e-04
1.080153993040679e-03
5.763450825133609e-04
2.622306069089333e-04
3.675575340477205e-04
7.069359171257567e-04
4.517003855994780e-04
1.060348973247398e-03
6.773946080258846e-04
9.028746162518855e-04
4.961368268345486e-04
3.423045565215173e-04
4.932266032890853e-04
1.065037131930887e-03
1.175294716033290e-03
8.904143331936245e-04
1.026497352392262e-03
1.217957705200295e-03
5.308860351459078e-04
1.175528098581300e-03
8.654479217568182e-04
9.595347779272777e-04
4.841969793142601e-04
7.618525962290511e-04
8.382866341002965e-04
1.017153874849719e-03
6.374590117838965e-04
8.151048084306591e-04
9.849463073196730e-04
6.284051905744657e-04
5.751646891893609e-04
7.714596521326767e-04
1.853889632052434e-03
2.802561374994963e-04
1.601985957736363e-03
9.930240007747298e-04
8.745829813818647e-04
6.571825896038155e-04
1.137404099985376e-03
3.261814776579838e-04
7.791647529438693e-04
1.273112012603913e-03
1.087809085798216e-03
7.368021043311248e-04
1.683328143157104e-03
5.471109262982000e-04
1.334125710193970e-03
1.752019640587016e-03
1.706460549416759e-03
2.802190872131399e-04
3.039798029701574e-04
7.729872160037819e-04
9.943791336894825e-04
1.110554764232260e-03
8.812802083753086e-04
8.546845749824119e-04
2.943063244728317e-04
8.344287146491750e-04
5.199722183813510e-04
6.252600661405020e-04
1.191516544429398e-03
5.944280934293542e-04
7.692345852109914e-04
9.555130205761124e-04
6.414211667693211e-04
1.096371708817556e-03
4.131997304716038e-04
3.914527099836539e-04
6.008969818246744e-04
1.210802396797086e-03
1.058955169959371e-03
8.800897778545276e-04
9.368982132060308e-04
1.010999740300703e-03
2.163765072961372e-04
1.057523156934671e-03
3.264187216723885e-04
2.999894556507089e-04
1.251663437844300e-03
1.345401195031130e-03
1.217627392132048e-03
9.563966017131673e-04
7.874820808233153e-04
1.564476495856018e-03
3.840812147940335e-04
4.539793839185794e-04
8.447541596971386e-04
5.936621619528307e-04
8.340840662584828e-04
4.902637146451395e-04
4.048023307822990e-04
9.528795175390912e-04
5.288695261834488e-04
6.291262137816589e-04
7.314515117660344e-04
8.156855388792028e-04
7.317954364912704e-04
5.611841663645675e-04
9.926669951286053e-04
8.855843250732569e-04
4.550063283984334e-04
7.392875422618357e-04
1.053356922025241e-03
1.778806707614634e-03
2.670095619775630e-04
4.640274078404849e-04
1.271361147243634e-03
1.092046271521824e-03
9.285318206008449e-04
4.914610548063866e-04
7.672939804040525e-04
7.502819418966945e-04
4.030216956989029e-04
1.079229634584048e-03
7.738716972362268e-04
9.316800980890315e-04
1.256268927824829e-03
1.033409827519180e-03
1.067793507413247e-03
6.802571587714201e-04
2.829261499255643e-04
1.029404610917593e-03
1.040052449496556e-03
1.142986067346731e-03
8.420356983992526e-04
3.955375945843718e-04
6.431772279753434e-04
6.992577489669709e-04
1.017250936948965e-03
8.850510133190285e-04
7.880617131958272e-04
1.147978229223734e-03
2.347778488000056e-04
6.935699576300586e-04
1.398416569248700e-03
1.022343936304172e-03
9.082837364245428e-04
1.200233811933521e-03
7.505449177595039e-04
3.722833169729428e-04
2.725037243906271e-04
3.384304988861299e-04
2.566335271664570e-04
5.271980636325374e-04
7.729502209736956e-04
3.724418718693481e-04
1.137746354014765e-03
7.458841591536465e-04
1.062435269551227e-03
1.059135190598680e-03
8.711241288227496e-04
1.532964834023689e-03
1.449608076533494e-03
9.800957913234001e-04
1.839748191665142e-03
1.043350023371829e-03
8.109976646884245e-04
5.120590353469986e-04
2.598935197062526e-04
9.010214239361322e-04
7.528633828215194e-04
5.425455271634234e-04
7.312256050949978e-04
5.962777753064433e-04
7.102691188263773e-04
4.572986918089711e-04
3.365322404264976e-04
1.337089447233042e-03
3.365818347624849e-04
9.494243993776885e-04
4.492910900514854e-04
1.262595545594066e-03
3.135848725052876e-04
5.401763893140030e-04
7.904116897903667e-04
7.042421224876753e-04
1.312777848407618e-03
4.662369301797089e-04
1.225021616183683e-03
1.028909043358064e-03
1.378788411922411e-03
6.033840456712527e-04
4.073764035492079e-04
7.673221245373204e-04
9.783368184577434e-04
5.921995417267715e-04
4.495802137093257e-04
1.020117544748443e-03
1.254910444387994e-03
7.746977041096027e-04
4.004056467061084e-04
1.134573853467375e-03
6.469128794857999e-04
9.216823245741827e-04
9.622822545395279e-04
7.751751713268534e-04
1.016238590478799e-03
4.769330757614696e-04
6.254815229523207e-04
6.900040967343009e-04
9.049381192227370e-04
5.753735625246560e-04
6.837297862921879e-04
1.125960061371018e-03
1.317672498515412e-03
8.929382095638352e-04
6.445042025007948e-04
7.717444749005060e-04
4.165719055088682e-04
1.172868077741307e-03
9.267942964718634e-04
5.880649279132206e-04
6.987681653624431e-04
9.978378782215351e-04
8.708164061418513e-04
7.197498546960042e-04
7.983216852658503e-04
4.679145745715137e-04
1.241363078777028e-03
4.924056768070786e-04
2.558882961949575e-04
1.210088336759713e-03
4.890759956404377e-04
1.040335806538754e-03
1.054721485774088e-03
6.746955389668776e-04
7.137015267610048e-04
4.671467705029492e-04
1.166195004849001e-03
8.907084353728655e-04
9.984604182234420e-04
1.257510164513888e-03
9.042088938890970e-04
5.635449212844412e-04
9.257571797924903e-04
1.190836406165663e-03
1.050102638806994e-03
7.266379898265638e-04
5.926936419629517e-04
9.322244352192143e-04
4.220863226023984e-04
5.223910415504149e-04
4.734914403481020e-04
5.493371151303975e-04
3.138290396281691e-04
1.077420224816225e-03
1.379543569685409e-03
6.216476914827586e-04
8.266417017645012e-04
5.569750374849686e-04
1.162642685895945e-03
3.702946382127446e-04
8.654390717496173e-04
9.942317000290780e-04
9.947051821323945e-04
3.181394355594636e-04
6.851857289324383e-04
4.270059491548655e-04
3.314985756641826e-04
6.388671600446327e-04
7.234644201083901e-04
1.249035108354424e-03
3.583050040432079e-04
4.748400179652475e-04
4.926232055529738e-04
6.573815346295314e-04
1.653803347665649e-03
7.224116168766531e-04
1.076595254806583e-03
4.634014061369675e-04
8.291686212840479e-04
1.217480429257899e-03
1.198261416009785e-03
8.059645728900541e-04
9.786314854580023e-04
2.309189901384882e-04
9.728897196079921e-04
9.950579810175364e-04
9.931597444007899e-04
6.763827227842074e-04
1.156103362701241e-03
7.713850622153379e-04
1.133938758593319e-03
7.233203064233007e-04
5.373550900568647e-04
1.060452844271079e-03
3.224329928890111e-04
5.393000567190340e-04
4.075681026991667e-04
9.710944338209919e-04
1.716886375601437e-03
5.416245564239771e-04
1.040346053928984e-03
4.585050643569842e-04
1.227352069692163e-03
9.123327985441807e-04
3.606213651973201e-04
7.571301824588080e-04
8.678039194998703e-04
1.024563052258853e-03
3.244303511538059e-04
6.849933412834229e-04
7.428477688454450e-04
9.569682353134956e-04
9.038011876768013e-04
5.550414133765801e-04
9.480354664037154e-04
7.719073624106918e-04
6.287997571088262e-04
7.578871427338181e-04
3.538586598818283e-04
1.066950134628688e-03
4.250656040918044e-04
9.105536687891722e-04
8.324749534468762e-04
1.029338402007508e-03
5.874623123759196e-04
1.850641571938585e-03
7.896250546629690e-04
5.409101687819981e-04
8.750348480512285e-04
9.042655950526638e-04
1.096786319299756e-03
2.614757519748759e-04
1.034089071458063e-03
1.032749226985768e-03
6.602261093469696e-04
6.225215998068962e-04
5.763347411276788e-04
8.446258165075079e-04
7.737938086397963e-04
4.193537551812959e-04
1.110927373658392e-03
8.732452589574586e-04
8.286440753563160e-04
4.891437906401463e-04
7.387439485111724e-04
3.113774881350922e-04
7.914035781102366e-04
4.735507163838197e-04
5.473182394153920e-04
6.883954774682346e-04
1.522098312940329e-03
7.143778098011337e-04
2.842453909727886e-04
3.141783933634669e-04
8.104713574028754e-04
1.197397034512087e-03
1.108204500008004e-03
1.275509766384461e-03
9.253719953443490e-04
5.532104897514848e-04
1.268623462792757e-03
2.291474882751906e-04
5.794858900497679e-04
1.178354467735205e-03
3.333650643835170e-04
4.175366274050504e-04
1.176000043210730e-03
1.186519502017898e-03
1.103956441598655e-03
4.990939570708296e-04
8.908629983495910e-04
1.233849524196510e-03
5.828955951954894e-04
9.797548822484629e-04
5.297604018837055e-04
2.614088118846519e-04
7.455855611480239e-04
1.204708810755161e-03
7.495762200079135e-04
1.953648393213400e-03
8.328535167073528e-04
9.423517143051671e-04
1.063919148019049e-03
8.070444841845693e-04
6.240096308074845e-04
3.458892932777745e-04
1.250834544888566e-03
3.201346520901642e-04
2.801418409153260e-04
1.740890474609894e-03
4.027886111585318e-04
5.804482478854136e-04
1.238911299629244e-03
4.011511815186618e-04
9.870618822898339e-04
1.114183972959704e-03
6.185680102291424e-04
1.171583681281044e-03
7.299770885066342e-04
1.592630390741512e-03
2.744593880963632e-04
1.334138421627765e-03
3.883414484528184e-04
4.680259793213956e-04
9.933616200216017e-04
7.487739933664688e-04
9.655278994421073e-04
4.005279201214966e-04
4.067131061678289e-04
2.236163797880753e-04
5.779434899040269e-04
8.670921163849776e-04
1.273792491209536e-03
2.307024912648787e-04
4.835152231481931e-04
7.783895630766134e-04
8.303819007394255e-04
9.294557205192925e-04
4.922487919789834e-04
9.332032963785262e-04
5.588532950525904e-04
2.982751929285340e-04
5.782416327362338e-04
2.909861811085109e-04
6.365777274037954e-04
8.424704608194626e-04
1.553304068796788e-03
5.079762274174974e-04
5.234462447174890e-04
4.822009386358077e-04
1.038621808100053e-03
1.085940222734580e-03
3.870870053136946e-04
5.365038255740911e-04
2.631749838101116e-04
1.122315025738493e-03
4.830872423197485e-04
7.402565225568861e-04
2.545252905857145e-04
9.328255530285227e-04
1.135383738619396e-03
1.079347255589131e-03
1.305681799584699e-03
6.733435125837897e-04
6.651416643600296e-04
8.786416557762895e-04
8.330855928741105e-04
2.883773048546571e-04
1.188903541897043e-03
4.704210901532252e-04
2.676962763688754e-04
8.287457194141377e-04
9.520061487218157e-04
2.978444989501475e-04
1.580871531800636e-03
4.941654802341445e-04
5.893940175253840e-04
1.034253903316187e-03
4.957183676510183e-04
4.779153467481141e-04
4.374530629902277e-04
8.306678896580924e-04
9.665558454636900e-04
7.705074549503286e-04
7.350960457606171e-04
1.067309666918749e-03
4.084151179261135e-04
5.126944650624050e-04
7.577940894187500e-04
3.580618199388646e-04
5.272531382921120e-04
2.631810461864193e-04
1.119729877618742e-03
9.715495148172358e-04
9.035382745096429e-04
8.255844401501477e-04
1.126990632810846e-03
1.401350250318496e-03
1.294205663687775e-03
3.843849927570096e-04
1.044862545713598e-03
7.933282090793593e-04
1.291582927442658e-03
1.038511259117818e-03
1.118742869619037e-03
1.101240891811637e-03
5.900382485684256e-04
4.211356267109214e-04
5.488052281222085e-04
6.583886570164451e-04
8.250283838998909e-04
3.584251957357124e-04
1.647642834481390e-03
8.293364265272814e-04
9.504374950023179e-04
7.541359264917818e-04
3.839243180680330e-04
1.076410857925618e-03
5.481269481711730e-04
6.876193492212998e-04
3.181301708634359e-04
9.305983169360418e-04
4.514668890951469e-04
1.702517006257832e-03
5.877638180267976e-04
1.046800256144376e-03
7.725352085701154e-04
1.111665696653494e-03
1.463411942791649e-03
6.283472190428931e-04
7.075429277052272e-04
9.575401957837706e-04
4.429223751451808e-04
9.656719573350472e-04
7.511856068631139e-04
4.401870523266593e-04
1.347144968401683e-03
1.031996428784323e-03
2.543302940171918e-04
6.071488749029153e-04
6.767633032653588e-04
8.612209091284033e-04
7.193809349425815e-04
4.956297316027658e-04
5.985782260119743e-04
1.319518057878228e-03
4.859402192059895e-04
7.012598403231987e-04
6.667531163805935e-04
7.858261172889330e-04
4.312573531927469e-04
8.955716094546366e-04
4.137208727501635e-04
8.294019990164512e-04
3.156561347508019e-04
6.521756081647370e-04
1.029297229846174e-03
1.134538536635455e-03
1.237585156865144e-03
4.549542122828707e-04
6.324710180694681e-04
1.962109299372396e-03
2.093145116704670e-04
1.000900813303585e-03
1.309281662047125e-03
4.460943881106661e-04
1.238399434698898e-03
6.572084467763824e-04
4.455133956952015e-04
6.051750131053745e-04
1.018923556777530e-03
8.559093576359426e-04
9.591609139941427e-04
1.222730029049176e-03
1.332814560496249e-03
1.439711617989716e-03
9.267923020688546e-04
1.019479925460518e-03
3.442129789415218e-04
1.240336711198811e-03
6.049460764822763e-04
3.094759604103133e-04
7.802121741234552e-04
1.918666173270633e-03
1.148314307058132e-03
1.257901871302576e-03
4.666854504829082e-04
6.404012135188590e-04
1.514018971375549e-03
1.248668101531995e-03
5.401074001381256e-04
6.350107887960471e-04
1.148653133328462e-03
2.591894361850611e-04
2.976294096408142e-04
1.454693930670571e-03
1.010920818119455e-03
4.289405325076850e-04
9.347348912715002e-04
9.732679210013211e-04
4.227485329740514e-04
1.567028762497172e-03
1.001193200374551e-03
1.195668904876056e-03
3.977514339370881e-04
3.194031873143154e-04
2.769520837788285e-04
1.228158203500673e-03
7.700963380732068e-04
1.299985792428675e-03
1.080670425375535e-03
1.111842785791242e-03
2.839951574346175e-04
5.349697452722643e-04
7.320993774666356e-04
7.513522057308452e-04
1.136491625702367e-03
3.521064761108108e-04
3.135209174188918e-04
4.348325174961425e-04
8.391211919590016e-04
1.865758867444158e-03
1.192079640821770e-03
4.415614664826232e-04
1.506342757665793e-03
1.087913161759492e-03
6.976580369872064e-04
4.233934446303675e-04
9.577205702807664e-04
4.147111094938160e-04
2.955709423148278e-04
4.977720127693054e-04
1.032276930194160e-03
6.855522728769776e-04
3.261137027065964e-04
1.005823342698905e-03
1.208054555612387e-03
9.890899790716639e-04
1.006427330619089e-03
3.382858216699429e-04
4.317587632472577e-04
4.274182251163119e-04
1.083682405080061e-03
1.223558501081566e-03
9.580026535328461e-04
5.880148553791420e-04
6.473026144924815e-04
4.797517372518563e-04
1.094911957244091e-03
7.645967627880907e-04
1.036120484973440e-03
1.331727100841038e-03
1.095499828761994e-03
2.829274824749594e-04
1.317364698677208e-03
4.020628863859415e-04
1.607729843682515e-03
8.182197806270340e-04
6.842538792500440e-04
2.442752123376411e-04
5.290886183317686e-04
8.241488295560523e-04
7.907238157397487e-04
3.623654997252720e-04
8.331949676817158e-04
7.395414006251457e-04
5.133617213355931e-04
2.323230333936616e-04
1.019185808196816e-03
5.665039023512372e-04
9.725437492919000e-04
3.840398043325305e-04
1.176296013638090e-03
3.024529135984517e-04
5.806730851785706e-04
2.992653857034582e-04
8.491746725907321e-04
7.473580469541647e-04
7.210896149184564e-04
2.249233880345083e-04
6.388610358577716e-04
2.096579124713848e-04
7.592735754025451e-04
3.313086067370132e-04
9.459559032122938e-04
1.058884412380098e-03
4.879294229736498e-04
7.535891263812657e-04
6.954148568174084e-04
4.317367667494652e-04
4.626454911066579e-04
4.275841690450379e-04
5.817263811260017e-04
8.033382421843155e-04
7.480277016664881e-04
4.573593637919765e-04
1.362220580894819e-03
4.472631407257891e-04
2.577677119103004e-04
1.165936161065482e-03
5.825652500645413e-04
1.366049544241237e-03
3.797898869472571e-04
7.424995195783276e-04
4.987218554869192e-04
4.349913130365599e-04
7.515967173863797e-04
4.426409431951393e-04
1.466987777858650e-03
6.736699753514222e-04
9.126714787282562e-04
1.495142695883114e-03
1.422345588144649e-03
7.784505895796032e-04
1.101156537574098e-03
6.200383650357270e-04
6.245554008965387e-04
3.131718592288352e-04
2.931062606550613e-04
5.815778272944255e-04
9.228537570538859e-04
5.604440726186514e-04
1.296933192844740e-03
7.170618699117665e-04
6.797016011513620e-04
9.270403378866120e-04
7.118885269570783e-04
4.138696705335257e-04
1.068664288657361e-03
1.443390808852886e-03
5.550152128512442e-04
9.408839526427555e-04
4.935695176993795e-04
1.126827882438681e-03
4.951872194004956e-04
1.071567746243742e-03
1.220351086943094e-03
4.034223493015187e-04
1.244909962335944e-03
3.684154062232362e-04
6.969232104078926e-04
7.101263746174354e-04
3.159535631789767e-04
3.472087393942143e-04
1.133980796760939e-03
8.775451313905058e-04
1.155586182265635e-03
1.006649250635564e-03
4.084575375982370e-04
3.397847846626373e-04
5.701850236488694e-04
1.080960515709516e-03
7.048545969388717e-04
7.060777484112753e-04
1.173151971775789e-03
3.344484890997176e-04
1.150159729869286e-03
8.332530071628398e-04
3.475278912877612e-04
5.551632467546041e-04
1.029611417512188e-03
9.535245367185394e-04
1.116200518940626e-03
8.504138694023746e-04
5.129457634014869e-04
6.951514911177936e-04
5.463306981955968e-04
3.230511408959047e-04
6.726366614798677e-04
6.431405948113254e-04
1.651874672765647e-03
1.060148608960950e-03
9.757891469013783e-04
4.185232293363549e-04
1.105449928241978e-03
5.489851350270203e-04
7.214251006979050e-04
1.227040321427770e-03
2.732020688556698e-04
6.820878235838272e-04
1.089419308400191e-03
6.520445545361807e-04
1.309995995083923e-03
1.001784817443627e-03
6.491174117261659e-04
5.543254062537882e-04
6.494550436407073e-04
2.290402990359003e-04
2.679295843611680e-04
1.060348772446502e-03
9.796230593986236e-04
1.651676556607237e-03
6.710260887182418e-04
1.229084338428517e-03
9.690200504914421e-04
8.270433019079029e-04
8.448568911680089e-04
7.720511690333864e-04
5.944737178603347e-04
9.059691152992973e-04
9.637252718112445e-04
2.351978143272203e-04
1.360698509220665e-03
1.123469729955124e-03
5.384290669308455e-04
6.028446524024365e-04
4.898165496906706e-04
1.119067837547738e-03
1.220504838980456e-03
2.461330699877939e-04
4.951955727288826e-04
9.516615087677227e-04
5.926199008752608e-04
5.903658768030685e-04
1.230491048642765e-03
3.126153809202209e-04
6.773965094820417e-04
7.573383390316376e-04
5.714946332459872e-04
1.312396509244222e-03
3.837797058319953e-04
1.029267979816078e-03
4.342475654892159e-04
4.971037880953372e-04
1.093362647207001e-03
5.240157654311507e-04
2.107714192352713e-04
1.201348022779795e-03
4.707366519976135e-04
8.562856027321784e-04
4.680705892564992e-04
9.817034128723674e-04
1.428083112635048e-03
5.817248804757668e-04
9.019716753395673e-04
1.224342192880952e-03
1.193988980903956e-03
1.375514152837769e-03
3.365085039201794e-04
9.241479757835448e-04
8.660229321650120e-04
3.665906374183366e-04
1.319866593625469e-03
6.901535218831555e-04
5.297988595128919e-04
1.148134463343033e-03
1.106590565978493e-03
4.850212268091003e-04
6.619004814670195e-04
1.157132385574553e-03
4.654947232439462e-04
6.207713195710351e-04
1.092523797532680e-03
4.752119158344289e-04
1.059886844131115e-03
8.522723004201326e-04
5.438942007655335e-04
7.532904731424922e-04
1.064472498089604e-03
7.042100263883683e-04
4.401804401945043e-04
2.695242236218148e-04
2.474655394322428e-04
1.028311540192688e-03
8.644019126542510e-04
4.550668414728660e-04
6.692387624084499e-04
1.294172453175643e-03
7.727596768634111e-04
1.941722466301051e-03
6.077593638173995e-04
3.032306576753066e-04
8.245996042241695e-04
6.690507163612323e-04
1.355482510830404e-03
3.637257040347243e-04
1.235253538036172e-03
4.684737939910669e-04
1.055959631828300e-03
8.642244620980586e-04
5.833524654684474e-04
9.841927217991485e-04
3.465379939156322e-04
1.230556672738229e-03
5.682766723832932e-04
7.430271918644528e-04
5.930577602291736e-04
8.241018624456411e-04
7.503538346452306e-04
1.146775662941577e-03
8.448478240202870e-04
9.156175462740363e-04
1.716177945029338e-03
5.916236520055422e-04
7.351690261958985e-04
3.044089946460348e-04
1.175744721425810e-03
6.080442827613888e-04
7.036987942101549e-04
6.999958400112777e-04
1.087150855785927e-03
4.057528406434510e-04
9.038554492072218e-04
6.638540961373990e-04
5.920848945365454e-04
4.835723520221642e-04
1.197572805649333e-03
7.195867590210752e-04
8.518854058422582e-04
1.189535486567214e-03
1.138763360729358e-03
7.942120605181516e-04
1.065217300212689e-03
4.630942842622623e-04
5.699755478033558e-04
5.089684248731243e-04
3.357250516848718e-04
4.877483512567317e-04
8.482016963407045e-04
1.125459671584395e-03
3.938262776724919e-04
1.475792579929082e-03
3.763311372684368e-04
1.096527181514426e-03
5.767288135497939e-04
8.156053029082533e-04
6.032010863972208e-04
1.594651783632684e-03
1.311586230756338e-03
7.577045112350431e-04
5.076795159959556e-04
2.883308470836289e-04
4.884978269424699e-04
3.067435692739779e-04
4.266126710768260e-04
4.721389516734547e-04
1.351882637878480e-03
6.271954621520420e-04
5.474807037491268e-04
2.657963598350191e-04
1.280387744886651e-03
7.872320572478055e-04
5.336397514625732e-04
9.144184224473533e-04
1.682120881128399e-03
2.625124250154256e-04
2.499141335221139e-04
1.039366768091078e-03
1.002218149053407e-03
7.940113160359575e-04
2.432537822935158e-04
1.215941140049302e-03
2.893412638268293e-04
2.696368198001952e-04
5.550288462961833e-04
4.947095584432741e-04
1.510064189669160e-03
5.126949139314827e-04
6.606379231566708e-04
1.153089561779824e-03
3.140417296316327e-04
8.694366036450912e-04
6.242117975492291e-04
9.389305349056267e-04
1.383137218393964e-03
1.189457074468178e-03
8.228515939600191e-04
3.235117020981272e-04
1.362275914460096e-03
5.198722065652980e-04
8.161894173646314e-04
6.044762858599609e-04
1.051582602954761e-03
3.708529753873823e-04
1.457425096758602e-03
7.579561243868946e-04
1.634893090002718e-03
5.344679049889251e-04
8.238130914195862e-04
5.266689496089298e-04
6.870128712210813e-04
6.768208385733570e-04
2.143416835244203e-04
9.236498591758070e-04
1.390118642091398e-03
6.562856280731605e-04
5.288894565864210e-04
3.085422140660676e-04
8.245936075321091e-04
3.164505171098028e-04
6.556850258229577e-04
1.479111719068814e-03
6.611395025665142e-04
2.434024703443697e-04
8.617871214852014e-04
6.937453303076453e-04
1.205376838630669e-03
3.077739554709587e-04
4.097184985033059e-04
7.287643419172996e-04
6.456611593948728e-04
1.199463230552939e-03
2.495443609570370e-04
3.408109358065767e-04
4.518256524323182e-04
9.483582267557282e-04
3.266073463708833e-04
6.729609065884353e-04
6.706474353442662e-04
6.187302060781824e-04
1.130462389768786e-03
1.068546399205524e-03
3.407668205939453e-04
2.299512379038569e-04
8.808013653371821e-04
1.197874060318620e-03
4.287516180978745e-04
1.524996909866879e-03
1.023667306315942e-03
6.105592806601671e-04
6.531794513599128e-04
9.735295573619522e-04
9.891232679150924e-04
1.519128480156043e-03
4.464579128138289e-04
1.003033269900880e-03
3.202832834565337e-04
1.453615412211613e-03
7.064124809931120e-04
4.677631520288778e-04
4.105007324887245e-04
4.509206432974998e-04
1.183876878894851e-03
5.849211254653629e-04
1.016761320084621e-03
2.776005005321286e-04
6.235439860621313e-04
3.676810278877437e-04
3.187092598879387e-04
3.053441977544952e-04
1.200565419222079e-03
6.774344067049509e-04
6.821158285806940e-04
3.040917753753736e-04
3.600788568344822e-04
6.653918202987669e-04
1.072726845389666e-03
5.923244731553288e-04
6.968799687246117e-04
8.789008926762518e-04
8.558207442091777e-04
4.620316299528580e-04
8.420567151251077e-04
5.316085665389040e-04
2.748372476701975e-04
8.850817777725671e-04
6.330115834211629e-04
9.415932436919875e-04
1.016340178876066e-03
7.460196868394774e-04
6.091095628866026e-04
4.835908663559827e-04
3.625180413152662e-04
5.217380990937694e-04
5.658328679133439e-04
5.079550465628933e-04
3.137259711337056e-04
3.737957264808350e-04
6.820701028060957e-04
1.049549257130778e-03
1.072430111468509e-03
5.869541313881470e-04
1.329780017890663e-03
6.395291064760901e-04
3.697032635461722e-04
7.699199086923781e-04
1.445692050420908e-03
4.930369988031332e-04
9.424335406761205e-04
3.583285058581499e-04
9.888737247271801e-04
1.004286331457001e-03
1.033168001348114e-03
1.078576823806220e-03
1.691212639281927e-03
5.666055515733021e-04
8.929173653830556e-04
3.164728849794690e-04
8.371186332362964e-04
3.367815422706590e-04
5.734722849318997e-04
5.790305449045281e-04
5.672724128646504e-04
6.165559158872223e-04
7.938499839640406e-04
8.369347836773057e-04
3.802547195097564e-04
5.322034621263721e-04
1.114521034999889e-03
6.765962751313216e-04
1.252509717755433e-03
6.109293919253039e-04
1.242399254111999e-03
1.103592457382576e-03
1.329167055230406e-03
1.160342354676674e-03
3.158085967202187e-04
3.670863995580611e-04
8.521646430962756e-04
7.788426609874311e-04
5.786647561233365e-04
1.000710442872450e-03
8.882459471542459e-04
4.038787856512312e-04
1.374841648461122e-03
8.696876783881197e-04
4.090335569595634e-04
1.159659177082113e-03
4.854382230160626e-04
3.163212927662116e-04
6.536038559025062e-04
5.931409834522741e-04
1.363165720302618e-03
8.785265056030676e-04
5.110188027131125e-04
1.019484085032173e-03
1.106142968467317e-03
1.339081658163056e-03
6.504218566659543e-04
6.713382048620342e-04
3.918651367114298e-04
6.722481537354846e-04
5.316793682237562e-04
4.291747040270027e-04
1.187813477915138e-03
1.127595262635175e-03
4.872040592348373e-04
1.260185930421938e-03
7.142992231270565e-04
4.760587414943056e-04
1.193858761353207e-03
3.896290339875727e-04
4.973682521558821e-04
6.253424085014309e-04
2.432813721087015e-04
8.200777372663865e-04
8.378510256443463e-04
9.842534191878533e-04
6.449276861093200e-04
1.248256839952758e-03
1.515153532914962e-03
2.646692437499600e-04
6.990799649125318e-04
9.289982681090716e-04
6.202025400080550e-04
7.957504378415653e-04
1.122967014746502e-03
1.476837436698207e-03
5.016783755443361e-04
3.640511345822102e-04
2.351258256838411e-04
6.122589464617401e-04
8.348813452903717e-04
1.284798361290816e-03
1.743599629406437e-03
2.690992447144602e-04
3.530449158492400e-04
2.906410367527382e-04
6.504230371380769e-04
7.182202686714582e-04
4.000847771659667e-04
4.170251004512288e-04
1.303979980767748e-03
1.478610404804847e-03
5.405086332732180e-04
1.091807139914355e-03
4.806301709152814e-04
2.446474541464455e-04
3.575911278769727e-04
1.224008141777944e-03
8.631315900690007e-04
1.143351089826826e-03
8.323452027523919e-04
2.362511403628194e-04
1.317655575736207e-03
1.028203711144445e-03
1.305814487160976e-03
1.423712563294625e-03
5.204896168111566e-04
4.489295555442234e-04
7.497272053119812e-04
4.709988081228959e-04
1.115183412379677e-03
1.107655497093516e-03
7.295615802988709e-04
1.121743131371897e-03
6.967793818066751e-04
4.909444081060423e-04
3.064675532505523e-04
1.496757530441704e-03
5.269521086725944e-04
8.514748275772982e-04
4.388653723112658e-04
3.321613865792768e-04
9.389645489660513e-04
4.070353471251685e-04
7.441889587191195e-04
8.589728114055649e-04
6.090543559362997e-04
9.063085146362891e-04
3.543147672849643e-04
3.226578041370994e-04
6.983171210404455e-04
5.558362587438608e-04
1.300350176169652e-03
7.255694578903772e-04
3.977193276659173e-04
2.770427674447950e-04
1.140118628248542e-03
4.621182676378492e-04
2.323158724137538e-04
1.110467437089613e-03
7.280429172914251e-04
5.634281321374804e-04
4.691786230663656e-04
1.244853717355010e-03
7.446896543644503e-04
3.796077175008070e-04
4.071037047533832e-04
5.162060367481076e-04
2.323248730453123e-04
6.385483844205041e-04
2.246971195985741e-04
1.012206778136896e-03
3.868715835661604e-04
6.140497442940627e-04
2.636456463203889e-04
1.129772981674442e-03
1.293389711190505e-03
1.830006200243156e-03
1.121032244522770e-03
3.951877239513358e-04
7.689412721383758e-04
1.346023022212402e-03
7.700618655134275e-04
1.483976292100772e-03
8.601335538118760e-04
1.129395576103204e-03
1.514923010576756e-03
9.062567592908912e-04
3.738390463952767e-04
3.036311832577921e-04
8.776408751922848e-04
8.285528859297464e-04
1.180620566301867e-03
7.552619490488099e-04
1.144908763991213e-03
9.935222296161973e-04
9.263892767625635e-04
1.131544486962725e-03
7.234086932456749e-04
6.103751239120920e-04
7.890557976588954e-04
3.652563103411457e-04
1.004913663500157e-03
3.283506132057126e-04
1.003081504897586e-03
1.392834752263251e-03
7.973222319408402e-04
1.073860282612158e-03
5.572796911855998e-04
1.227997576855160e-03
1.221614368190914e-03
1.268492647217981e-03
3.679998849246198e-04
7.121643823987315e-04
4.305831783933961e-04
1.184220413328991e-03
1.092159377141302e-03
4.696912087852764e-04
1.054056624926855e-03
4.434334369576599e-04
1.076252620412151e-03
1.744030323116939e-03
5.637535552913539e-04
6.377921026345241e-04
3.675224466651297e-04
3.568204938202604e-04
5.333282183174076e-04
7.577049491212895e-04
4.431831818841922e-04
4.327288141097815e-04
7.283723459250666e-04
1.664917742394179e-03
5.228927323999178e-04
6.799639200888735e-04
1.351260109252410e-03
3.712087706134470e-04
3.221905934345757e-04
1.356846389871843e-03
2.920399673849640e-04
6.924575391775139e-04
2.744582428758476e-04
1.318565822155622e-03
4.878315020281783e-04
3.790575193326683e-04
1.062122476041965e-03
7.826979530058087e-04
6.605963106435316e-04
1.114898539810927e-03
1.691771132500638e-03
1.256489356288958e-03
6.666399085245383e-04
6.318741025256864e-04
4.210971696138161e-04
4.355183108901211e-04
4.388443054045639e-04
9.201972751569647e-04
9.323679224099959e-04
7.607483171833130e-04
2.455836427083854e-04
1.050061628270160e-03
6.146993979804084e-04
4.649135947619386e-04
1.007311346714650e-03
4.888464494469972e-04
3.505927925933589e-04
4.618957421083479e-04
5.654306502137972e-04
7.656715331767782e-04
1.262135291887005e-03
6.922414006621925e-04
5.246817796570571e-04
1.319293623816324e-03
6.465797273829201e-04
7.124705129514789e-04
2.348694407093233e-04
1.111472837125185e-03
5.228396416464039e-04
4.238489050766990e-04
1.347077923563928e-03
4.267343641719359e-04
4.708723503199424e-04
3.318814051870900e-04
1.304556706842638e-03
4.384765646910563e-04
3.294771294865513e-04
9.618424745859652e-04
2.356621863650114e-04
7.103536941189624e-04
1.091229387687533e-03
4.728541861670595e-04
8.709732697729318e-04
4.902035228344803e-04
4.454261391822701e-04
1.484822933894836e-03
1.043132027378292e-03
1.239809525687424e-03
9.124602235336372e-04
6.784962347025855e-04
8.638494399206096e-04
5.050283025616209e-04
4.048365588761006e-04
9.906313069637349e-04
4.368112909157602e-04
1.103071079072887e-03
7.616955127765271e-04
3.922468983160508e-04
7.289999477827264e-04
4.120786536262652e-04
7.601643789638461e-04
9.119720073738348e-04
9.450626534007157e-04
1.657621012718192e-03
7.184982889079742e-04
4.076725511299020e-04
6.736226784902747e-04
3.830990283688544e-04
1.467278609808682e-03
6.313894331309890e-04
4.621511683535695e-04
6.494066853435441e-04
4.291402528116984e-04
9.219067959157377e-04
1.071774723530767e-03
1.170397859719263e-03
2.973777466419088e-04
5.286916293205740e-04
4.776295983700981e-04
2.578236256349608e-04
8.594622453273553e-04
2.732185838326585e-04
7.547434869962335e-04
2.639746392918843e-04
5.902805549017926e-04
3.790318499314252e-04
1.172637712006669e-03
1.064967941575345e-03
6.900528150873398e-04
6.090188281686743e-04
3.439170765583791e-04
9.327775501196383e-04
9.772357435605071e-04
2.413511220391201e-04
4.706833274528589e-04
9.433582196696022e-04
9.448993705219709e-04
4.770516259451437e-04
5.765499396448613e-04
6.173057711613366e-04
8.245868316432017e-04
1.227841287169433e-03
1.030789313821599e-03
8.407013718034256e-04
7.046164582392466e-04
5.198506609447557e-04
9.653196632046836e-04
1.308328411838564e-03
1.461207272600585e-03
5.261937080167328e-04
8.900617461572338e-04
3.582469133387950e-04
9.697044498972846e-04
7.366153917967586e-04
6.967962606500113e-04
3.000732680151668e-04
8.536600588104830e-04
9.233526558668700e-04
2.823206716947531e-04
3.351557142085453e-04
6.993358545458727e-04
7.544442736522701e-04
1.153436036092006e-03
4.435120639104174e-04
6.904487762899264e-04
4.389905729889238e-04
7.341470393912418e-04
1.026347004675577e-03
6.316359614443022e-04
5.270958630780760e-04
9.185067449884940e-04
1.132831687828754e-03
5.899537370848786e-04
4.419955162588926e-04
5.230822646750816e-04
3.510029966195806e-04
4.764744885189098e-04
1.617152166668939e-03
7.392607909816520e-04
9.520632121292553e-04
1.040805660517898e-03
4.293121718110198e-04
9.252398745618356e-04
5.214732380999748e-04
9.017763707376512e-04
7.374117287988738e-04
4.893516388059820e-04
3.466204905856999e-04
4.344534706871554e-04
5.023247381880375e-04
5.856067104784474e-04
2.798954674611787e-04
7.013969554605242e-04
6.715716355183585e-04
3.537091787149839e-04
8.475730781717912e-04
4.930548095236358e-04
1.144260042606956e-03
4.671911360756791e-04
5.825187667529310e-04
1.142097733098090e-03
9.111788231407418e-04
1.475839412325666e-03
6.397124326504775e-04
1.699219650592301e-03
1.302704770422642e-03
3.991081729640954e-04
1.135672401172823e-03
1.142031077364129e-03
5.190577797813369e-04
3.074961905672809e-04
1.404247633716902e-03
7.148906783880297e-04
1.351682990140527e-03
6.117628534740889e-04
1.007910954944016e-03
1.112239364901166e-03
4.699417265697196e-04
3.473312164157440e-04
5.206067301393884e-04
8.227335661555218e-04
4.463819446226936e-04
8.078206089758871e-04
5.830712476665874e-04
2.665241314942807e-04
4.895349999353712e-04
3.578102988730930e-04
1.539910071793656e-03
3.388453042089597e-04
1.649255180683298e-03
5.428901161576736e-04
5.605243140849677e-04
8.227146075364840e-04
5.769654880462374e-04
1.326421167016003e-03
5.121705691435803e-04
1.016320892208451e-03
1.183182626172417e-03
3.862485431729636e-04
1.189669845215482e-03
1.274445651844035e-03
2.310384780294874e-04
8.271319834837307e-04
6.394783793335677e-04
3.669963054507298e-04
1.086257527007475e-03
5.444167925572545e-04
1.120447218961699e-03
2.669461379924732e-04
1.391365635817663e-03
3.005293594593092e-04
1.680305293739197e-03
1.148075956656288e-03
1.617442841988428e-03
3.668372069164273e-04
3.930618488714609e-04
3.835719461416385e-04
7.278031129503346e-04
9.274945638325772e-04
9.113428988958280e-04
9.753925073351002e-04
7.194607826613220e-04
6.456499633648664e-04
4.573501478472534e-04
1.241582667334708e-03
1.045993708981895e-03
7.211401135155981e-04
9.518249940684100e-04
4.083519475273914e-04
5.890089027058057e-04
8.348740221932025e-04
1.373982443278265e-03
4.418947443844475e-04
1.156613688080708e-03
9.949024814029385e-04
5.749897723556007e-04
5.657563879756046e-04
1.047237241272225e-03
5.706381816980446e-04
1.146403677569814e-03
1.863451130052849e-03
8.985635522115219e-04
1.283261506630424e-03
6.393973537371810e-04
1.277278073985259e-03
1.568134693829942e-03
1.440427195129678e-03
1.312230255112748e-03
8.583258280771866e-04
2.922042713534797e-04
1.345830719913292e-03
3.368356817362680e-04
8.240223577235444e-04
1.089440235404303e-03
1.583802916377576e-03
6.019572875181158e-04
1.870298233834805e-03
9.744186750763491e-04
2.943636353681770e-04
7.209265480506890e-04
3.999446934313958e-04
1.235207578429036e-03
6.433714312906560e-04
1.517589456566811e-03
4.487027938999130e-04
6.892115148160712e-04
8.653048244600986e-04
5.595447959384481e-04
8.046389451194474e-04
8.427925433199386e-04
9.490912956260328e-04
5.383710482918323e-04
1.188225025449500e-03
9.657139900731828e-04
5.482582226589380e-04
9.851168743634680e-04
9.941400802594490e-04
3.356660061881782e-04
1.085130480283382e-03
4.106139220729860e-04
6.302361094661830e-04
4.679385782440147e-04
5.326356807733803e-04
5.517385987661579e-04
6.064272663088478e-04
8.817576668327140e-04
6.372201664935109e-04
1.548568195905444e-03
1.300987835067338e-03
5.147755975405475e-04
1.020547551658472e-03
3.220649264008743e-04
8.227295741615988e-04
5.221012112467888e-04
3.800043828671223e-04
1.280664133849724e-03
2.829211337305861e-04
1.233581712599198e-03
1.355245044737597e-03
3.280181937550658e-04
6.749500370317111e-04
2.666562980275372e-04
4.356825468550407e-04
1.918855089286275e-03
5.903154713639615e-04
1.633073656262290e-03
9.024161063565112e-04
4.299541535035090e-04
6.717022171219629e-04
9.394360371524925e-04
1.695214317618820e-03
1.042501748536584e-03
6.034235589961188e-04
1.306228961263374e-03
9.304005452844508e-04
9.006251533065437e-04
2.190716260338143e-04
1.229287622721521e-03
1.008154413700163e-03
4.699246585067880e-04
9.567814729673502e-04
1.115600793667590e-03
7.966221188692724e-04
5.274553212235539e-04
9.090427156213697e-04
8.517551799317362e-04
6.856532619025293e-04
6.546496167026975e-04
6.259224014524753e-04
5.504353187609752e-04
3.264648089846169e-04
8.842603177633656e-04
6.361063040637080e-04
6.585134910352804e-04
4.081396559971896e-04
7.790572658177953e-04
5.878584024844995e-04
1.200974525539850e-03
1.107053582674663e-03
7.503164634624432e-04
5.092768554276064e-04
5.592027003116984e-04
6.494529556923418e-04
4.585253466274442e-04
6.909301225085990e-04
8.690283444596252e-04
3.200756668080397e-04
1.373516172589110e-03
4.739399105902258e-04
7.826770466722564e-04
7.212320484731450e-04
2.938632816563969e-04
1.095307843953102e-03
6.406679791197872e-04
9.063727839056300e-04
5.292756946726942e-04
8.384249029130338e-04
1.494326467198830e-03
2.566634732508158e-04
8.889599085608404e-04
3.055099131595817e-04
1.507851760320293e-03
5.433663735075556e-04
5.170821669564455e-04
4.733367350593256e-04
9.616616802446661e-04
1.009325229960268e-03
4.901955947907966e-04
1.050278455802920e-03
5.836692896102511e-04
1.046060871667851e-03
9.201137482412943e-04
1.051017770244417e-03
1.293841827423637e-03
6.475379763072539e-04
3.579467267338928e-04
8.012402257957746e-04
9.636666173860584e-04
8.779732669484395e-04
1.241661610942846e-03
1.772284814494695e-03
1.201632559889110e-03
1.153339370383452e-03
8.074494108718551e-04
2.859960939714996e-04
3.199110892439195e-04
4.350978725808896e-04
1.207608135974751e-03
1.295577227208554e-03
6.569613988806873e-04
5.773903954783021e-04
9.811853393130478e-04
9.744012830083324e-04
8.855520048301358e-04
7.542623662669596e-04
6.984140771621089e-04
1.000303342570508e-03
3.964176899416199e-04
6.166691174313550e-04
1.058184644621252e-03
5.026033769219235e-04
8.571018952259185e-04
7.795530767381522e-04
1.006765125986200e-03
2.730324714735683e-04
2.665775671975352e-04
4.545409461616219e-04
8.626711517361423e-04
6.230958614024427e-04
3.268921018456288e-04
3.410173694599513e-04
1.649606918429063e-03
6.491254925937793e-04
9.645985413093037e-04
6.526048556600982e-04
1.072898543280427e-03
8.574112372295369e-04
4.034994901273666e-04
3.681631192381666e-04
3.693335344366170e-04
9.619116102464539e-04
2.593112893896057e-04
5.479511247079677e-04
5.779240113116182e-04
4.288865856972165e-04
5.830605622728637e-04
8.230817094917471e-04
1.093758886345407e-03
2.795742943936774e-04
7.107982663408721e-04
1.203531057767779e-03
3.504062988353195e-04
1.098221580749500e-03
1.165682580394187e-03
2.275412602145053e-04
1.222645166167210e-03
4.829475210880066e-04
1.652380201476556e-03
1.180119502775668e-03
5.215248362737097e-04
5.885068411188684e-04
9.765511453989850e-04
9.960323502644693e-04
8.022066499722075e-04
5.980006893957340e-04
1.305502317911306e-03
7.438650493981537e-04
9.727818585803186e-04
6.293065444738883e-04
4.953295207748553e-04
5.428650783847805e-04
5.619518569066032e-04
1.356339502390026e-03
2.895495492997434e-04
7.892040702878100e-04
3.697037448492595e-04
5.290415984378138e-04
4.329634461152930e-04
5.438915022744728e-04
8.902389102443491e-04
9.224770659642027e-04
2.144186415623737e-04
1.100916105535129e-03
7.995570309710980e-04
4.619950795858302e-04
9.148907129761538e-04
4.853464326367713e-04
1.662536205282478e-03
1.153000653127360e-03
8.995913951909058e-04
5.400222534150821e-04
4.018593340175537e-04
8.079267150683363e-04
9.664216286977365e-04
1.424862097892948e-03
7.308874482986889e-04
1.319975002987643e-03
8.974402023521285e-04
4.263187397072980e-04
1.058102541033095e-03
3.256483180023980e-04
1.337548160296023e-03
9.098663047991058e-04
6.624994579240390e-04
7.150224307591653e-04
1.003662847889928e-03
8.809673820782982e-04
5.574216478791113e-04
1.101980105696499e-03
1.532450302835674e-03
1.105290050361099e-03
8.977531019496110e-04
3.291555018011426e-04
3.524379335941187e-04
4.840920282253459e-04
6.704037975440114e-04
9.579618729598546e-04
1.366943560204445e-03
8.688865971501528e-04
4.381133617735516e-04
5.185470709946981e-04
1.057712270984639e-03
5.496848620857736e-04
3.899183868319993e-04
8.507279456791459e-04
4.076545835920952e-04
4.474531431196624e-04
5.717924998009255e-04
6.576723360058433e-04
5.960958583230574e-04
1.303583598420566e-03
1.038508556914857e-03
3.721397423036326e-04
1.168031748622812e-03
1.437089216252483e-03
8.050686614344753e-04
4.020621134215917e-04
1.876750692728458e-03
1.267991172868357e-03
1.170661460430051e-03
2.930765416163175e-04
4.891372921129295e-04
1.617841031221972e-03
2.555592622292720e-04
9.927381103863675e-04
5.704026509264650e-04
6.337209269218442e-04
5.666039471103726e-04
1.023811668995536e-03
3.385512256565713e-04
6.230738287316684e-04
3.241378156446780e-04
8.099113710411593e-04
9.878891635744691e-04
1.316415760318885e-03
6.454532235155105e-04
1.035225180913127e-03
6.579884611812249e-04
6.930766559305830e-04
1.002520025659763e-03
2.775575543791703e-04
7.750231035389015e-04
2.196189070224124e-04
4.239459018748890e-04
3.004910072642963e-04
1.034454427999135e-03
1.054572189203719e-03
7.104747653301896e-04
8.227062109506123e-04
5.723888909020479e-04
4.184883012037964e-04
1.330898505645650e-03
4.416998927981786e-04
1.334470661886077e-03
6.511563781990515e-04
5.594157857569424e-04
1.547791891226153e-03
1.462355405231759e-03
3.398042279732275e-04
7.554064305392244e-04
3.372078596653124e-04
1.235054344127062e-03
9.026716394866150e-04
4.243892402318257e-04
9.549477604276059e-04
1.051871389386749e-03
3.743610130071121e-04
1.135002237885460e-03
9.021792703609939e-04
1.154406763703905e-03
6.473909541806477e-04
1.121450783298047e-03
4.126323708678423e-04
1.074929791732802e-03
7.428007973864015e-04
5.295516468517844e-04
8.753650307421489e-04
1.122599421845690e-03
7.094456220003787e-04
1.112016138769337e-03
1.020772724937613e-03
3.280697826036149e-04
5.596505498595554e-04
1.206462516019603e-03
4.045501841362247e-04
9.618944218679157e-04
5.325304174480220e-04
2.513470714254653e-04
5.039520597679780e-04
5.480627100588523e-04
4.468327115999725e-04
7.320129163722373e-04
1.217553995159492e-03
1.284018304775493e-03
1.297246421347906e-03
9.448202646368600e-04
3.150473617446406e-04
8.863579735880042e-04
7.070881114053973e-04
3.026906986098593e-04
3.796241839720413e-04
9.491581913333617e-04
8.364865309456689e-04
7.524232759479834e-04
9.460681457301330e-04
1.299745835303402e-03
7.854388955273035e-04
1.232195222759786e-03
7.315087566181263e-04
7.729789654169444e-04
1.535964233927949e-03
1.153746898979318e-03
2.388057246133938e-04
6.477937738043236e-04
8.355034674878988e-04
1.031221968726287e-03
9.484189705432180e-04
7.556097342909516e-04
2.750109311161211e-04
2.944312028329737e-04
9.997998892973402e-04
8.088494613037935e-04
3.248900772206494e-04
5.202153331662087e-04
1.307282106987275e-03
1.526977777254031e-03
9.112775331683572e-04
3.403784913655868e-04
1.124639788513369e-03
1.122087219221246e-03
1.520542778810484e-03
8.366359789603985e-04
1.199407544515912e-03
3.464822348347482e-04
4.326154536056643e-04
7.604027141631407e-04
9.533038168775611e-04
9.790346873365041e-04
6.771585485812243e-04
9.485762447730768e-04
6.134890702469246e-04
7.080561445726267e-04
1.366491259493849e-03
7.094388558002941e-04
1.477924234602175e-03
1.545844942536258e-03
3.332337305584340e-04
9.240781677046447e-04
7.550199705953093e-04
1.551592779424610e-03
1.433845869599259e-03
4.725408352922587e-04
1.272738993680918e-03
1.333757980681433e-03
2.650682626928533e-04
1.202900834373200e-03
2.426967896509640e-04
1.022569719598732e-03
3.071746719425130e-04
3.845634188835784e-04
4.738926657526070e-04
1.345942012936658e-03
4.889728348464482e-04
3.542363214433037e-04
6.361610004723124e-04
1.029461368075706e-03
1.727857830774040e-03
1.195018840170647e-03
6.272930323986946e-04
5.244778462444188e-04
1.319576693725528e-03
5.531933554051885e-04
9.342027262322166e-04
6.672680315589177e-04
3.630272308256731e-04
9.820254297126514e-04
5.778079736704562e-04
8.256144683514477e-04
5.022737256905616e-04
1.715987026710162e-03
7.398850574540175e-04
8.054187985285174e-04
1.076466175356216e-03
6.554431790228786e-04
7.440917742475846e-04
1.473324643729864e-03
1.040350366044964e-03
1.075621354762217e-03
1.055149257441734e-03
5.832227684868593e-04
6.382335435254730e-04
6.705278506160267e-04
4.380195981448167e-04
1.545885250438714e-03
3.119580037334817e-04
3.457598633452105e-04
7.663581035824434e-04
7.214503902994252e-04
7.918897385298580e-04
2.086071600975918e-04
8.578827492982896e-04
4.595006548292566e-04
9.033754683849845e-04
1.012380914099850e-03
4.821271262302638e-04
3.680527632858235e-04
4.198317448665515e-04
3.402553640588193e-04
4.061553162157569e-04
1.095672054712401e-03
6.357740316614605e-04
1.428742272898696e-03
8.750469223642817e-04
7.440338892751052e-04
8.086884020176266e-04
9.480342310188216e-04
9.916205438933914e-04
7.113004905605554e-04
2.250246036583237e-04
3.344982417936391e-04
8.847138746170249e-04
7.978825700054001e-04
6.603861174701896e-04
1.331118763632118e-03
8.729037569770674e-04
3.385815775511079e-04
9.539631939202354e-04
1.042738318096511e-03
1.275043952328407e-03
1.098378251842226e-03
6.291898940006481e-04
8.300078818820461e-04
6.958280335944683e-04
3.959611785734087e-04
6.562195967236027e-04
9.783224032953125e-04
6.174801412870131e-04
8.934361920310571e-04
4.776778747990613e-04
3.395410451388973e-04
1.005541820886440e-03
8.265855131432153e-04
4.058999517684998e-04
9.276271444744436e-04
8.887422046388043e-04
8.901893172469442e-04
5.598162942405574e-04
7.490944160589120e-04
8.673358713042363e-04
7.077004251124402e-04
1.297656865154979e-03
3.257525315652672e-04
9.710070362914582e-04
5.353670305999843e-04
9.632834753819174e-04
1.275016102294112e-03
4.081486688159714e-04
2.657115078624878e-04
5.882134167737602e-04
1.375038233412738e-03
1.303234998571386e-03
6.826046084936159e-04
4.518630287205189e-04
1.032012020728481e-03
8.525288537257295e-04
5.760075902336903e-04
1.189578974977005e-03
1.103347221368472e-03
1.553710812747852e-03
2.295809936902437e-04
3.473127050230044e-04
5.427400537107859e-04
1.157045974449754e-03
4.448484087445221e-04
3.389711863435083e-04
3.216018524007858e-04
1.223402132996720e-03
9.076692071626543e-04
8.359191976928952e-04
3.705602115075373e-04
1.158918472348675e-03
3.617581707253967e-04
2.456112624804227e-04
1.388306818902437e-03
6.794923952018860e-04
5.201516507677340e-04
4.866505183749089e-04
1.290640072149296e-03
1.332495757175681e-03
9.656140503998744e-04
3.876709944137267e-04
2.330598528741292e-04
1.295533440039535e-03
1.241023483379661e-03
5.568959192141250e-04
9.807424285452812e-04
5.409559509936995e-04
1.711703128078111e-03
8.021750109519722e-04
1.725390177917064e-03
8.205324566663049e-04
2.965267871654210e-04
5.331341063114808e-04
9.551169717333861e-04
6.729670770588655e-04
4.610430563917637e-04
2.751913227882283e-04
8.788887415542173e-04
4.796994809281995e-04
1.435427762183539e-03
1.328297285426928e-03
4.559002719478453e-04
1.602099178104186e-03
2.049748371643055e-04
1.435100807242587e-03
1.723915257594980e-03
7.917752664339407e-04
9.240248379402921e-04
1.414904004761346e-03
3.608664592901370e-04
8.878863913717842e-04
3.746344003199981e-04
1.070784158782101e-03
2.823239166366116e-04
1.280606939956674e-03
4.981144437705026e-04
3.383238753457608e-04
2.997388417934682e-04
2.638725708902491e-04
4.077343144557162e-04
1.222196978696350e-03
1.369095609267646e-03
2.977656572402306e-04
1.052262972773318e-03
8.625143524944809e-04
1.393151975345449e-03
6.545324542662136e-04
1.117700653387879e-03
1.143321363638814e-03
2.808922501989767e-04
9.777724057127360e-04
2.890094193340723e-04
6.738209195589202e-04
7.904638957644697e-04
9.263347900713773e-04
2.290420583039328e-04
5.500503549756457e-04
4.130710898863197e-04
3.802281815244164e-04
9.551893183078987e-04
1.113938403779204e-03
4.321931486272448e-04
4.799963873741771e-04
7.946670410573689e-04
1.413737221383684e-03
4.944531098442147e-04
3.538548239517723e-04
1.179407781145837e-03
1.669298434017250e-03
3.166471619175197e-04
3.177533279091046e-04
6.570991924268365e-04
4.670058953126862e-04
4.558581343819121e-04
8.115198134906329e-04
5.576312664074753e-04
8.575262606986413e-04
8.991134222232415e-04
1.182739784673601e-03
8.844680002077391e-04
7.661126930295760e-04
7.631790532005021e-04
1.186284765904729e-03
5.097773906154754e-04
7.657335560826207e-04
5.137104972244498e-04
4.311735816391918e-04
2.483851875437068e-04
1.332271852698692e-03
2.225122402277569e-04
3.549631075635251e-04
1.385526413334399e-03
1.102731292652143e-03
8.295696509596912e-04
1.474647642578563e-03
7.151518600862771e-04
6.543913790047655e-04
8.323298112365382e-04
1.290481329832285e-03
8.505848842783133e-04
1.032759709266266e-03
1.000046312366907e-03
4.767994972992933e-04
3.461908647978824e-04
8.826401243560819e-04
8.395367402398842e-04
5.134242433567513e-04
5.172728912626185e-04
7.644240952513827e-04
6.903330193304927e-04
1.298059714529710e-03
1.126190363660570e-03
1.430284019794257e-03
4.130921556059608e-04
3.042535196021880e-04
4.297107677916035e-04
7.405908603480373e-04
3.409137992291424e-04
9.627924272103921e-04
5.334753649173950e-04
1.657420258008044e-03
8.128599775757320e-04
7.530501502142958e-04
1.037222356452986e-03
7.877095091883993e-04
1.031980128437510e-03
7.191032637134415e-04
5.963312739254504e-04
5.380326890549105e-04
1.191794572551010e-03
7.284076732670892e-04
4.667639386907364e-04
7.935770909224856e-04
1.261479580137942e-03
6.287822409585802e-04
2.385579679872064e-04
3.448236504947789e-04
5.661331060289476e-04
1.133857144403401e-03
7.291536663341679e-04
5.414975079473243e-04
9.931198444680881e-04
1.024261502331751e-03
8.904892420325954e-04
1.058583353729797e-03
5.542474075751871e-04
4.793421883664618e-04
9.430919273440860e-04
1.029732430088699e-03
5.974301977642582e-04
1.745717503178289e-03
6.132401768851932e-04
5.165266061118475e-04
7.474329097496009e-04
4.272238952796905e-04
1.098328711380843e-03
4.078455875016926e-04
4.802731253190619e-04
9.695416952317462e-04
7.873699255105457e-04
7.485961347394376e-04
1.076598174307929e-03
9.250684783771829e-04
6.740461454481566e-04
4.338995189874054e-04
2.921537533500818e-04
2.329374135127129e-04
6.934298925980341e-04
8.630821784072099e-04
4.661297039666033e-04
1.063468955723914e-03
5.299720314098607e-04
1.099662622846579e-03
4.174823200543355e-04
4.416682533649558e-04
3.209633758609690e-04
3.198578426758847e-04
3.611599560496690e-04
1.479716954252551e-03
3.218852067183676e-04
1.472367351993321e-03
1.044901166525205e-03
3.704479472601322e-04
1.038291702081119e-03
4.177716021803880e-04
7.758898311144579e-04
8.765128853053367e-04
8.742850147894482e-04
1.053484789255245e-03
9.461670797340236e-04
7.328875732806036e-04
6.879404103371894e-04
8.765305946167126e-04
8.493885055914861e-04
1.099173402394239e-03
1.125622625841239e-03
8.022001799383216e-04
7.409584917230879e-04
3.617771262528459e-04
1.028567188528483e-03
2.670201574806954e-04
5.191049852019049e-04
6.792955962101970e-04
6.616782789777371e-04
7.836815502815291e-04
9.402479203960738e-04
7.437498613045456e-04
1.025585114046340e-03
4.021610265949852e-04
3.860938817671633e-04
1.377826444723354e-03
1.572060653493231e-03
9.437826154493624e-04
1.171097972633958e-03
1.259802507738357e-03
1.783302457759717e-03
5.885058379116711e-04
3.575974894544911e-04
1.046699859447803e-03
1.096531276065948e-03
2.460984320234743e-04
5.972282803072262e-04
9.072161191829851e-04
1.207070355382715e-03
6.700537789858672e-04
2.750906026841782e-04
1.064757316465047e-03
6.919589955517824e-04
5.504639541567756e-04
7.367664104577676e-04
4.966121754954641e-04
4.454087994789517e-04
9.952903842542534e-04
7.995260809849224e-04
5.669399055775148e-04
1.101945794122901e-03
4.874546330393021e-04
5.299028449972697e-04
9.232138550839873e-04
5.886539206647639e-04
8.531975651660596e-04
1.300064680235557e-03
1.180351909709145e-03
9.648231624248159e-04
1.390268527600351e-03
6.339669354063837e-04
7.648557109215034e-04
3.803753007081138e-04
1.389500567551030e-03
9.299792984692268e-04
1.279329462852946e-03
6.943879816556670e-04
6.935666569816586e-04
5.931472482807628e-04
8.439764979837115e-04
1.349223559937867e-03
9.668796570134617e-04
2.995855583394786e-04
6.229291639582612e-04
1.346374426099982e-03
1.275338774051960e-03
1.661431006495336e-03
1.329542091977234e-03
6.018476181525410e-04
7.583014310167695e-04
9.973826480091930e-04
4.233305338399925e-04
7.346506736542740e-04
2.812564149588356e-04
2.338572813761144e-04
1.337313854108704e-03
7.955899226990334e-04
1.253373961498104e-03
5.164858539831134e-04
1.801845610306181e-03
1.086058147620560e-03
1.602552291839902e-03
5.207286084313524e-04
6.651765885793985e-04
6.813584689808167e-04
9.352008001966705e-04
1.031130313489181e-03
8.167085004169859e-04
9.430294870127494e-04
6.762562463089945e-04
3.876293585981587e-04
8.290077369944292e-04
1.227639901890047e-03
1.052191007187284e-03
7.646826793212475e-04
4.705260906259229e-04
3.061422893053145e-04
9.364568500744865e-04
3.867119011757355e-04
4.954893972013149e-04
2.673952987500120e-04
3.399189132573147e-04
5.162183239535150e-04
6.133913643451782e-04
3.149639537710152e-04
2.853997338024309e-04
1.243891996573643e-03
7.066583634312998e-04
7.736992115821960e-04
5.721302505302427e-04
3.330192493577642e-04
8.751366925522884e-04
9.400938951952104e-04
1.083830978906789e-03
1.030550787005914e-03
5.511156913548373e-04
1.234262072955579e-03
2.841720237921768e-04
2.828534519769509e-04
1.168862050244949e-03
3.492980125638247e-04
9.973451976457834e-04
4.182990433011147e-04
1.043794678337472e-03
8.551632742417063e-04
4.843518049234552e-04
2.502628932912133e-04
3.529367035545044e-04
1.266119955332255e-03
1.774535232980514e-03
1.200023620671676e-03
6.708484764441745e-04
1.143325435226711e-03
1.848013566753231e-03
7.933859439258148e-04
4.550717299722842e-04
9.436365821844710e-04
4.007302931280009e-04
7.793421322432072e-04
4.993239960694415e-04
9.155075849399381e-04
6.940215943045888e-04
1.330001621641514e-03
2.960793661406714e-04
3.770890468774316e-04
1.095559041540909e-03
1.475937319641439e-03
3.041322176020797e-04
9.406045010528436e-04
5.984854906722680e-04
3.841343680817433e-04
6.373751551203525e-04
1.269812202756750e-03
7.756073936743910e-04
8.847823780783757e-04
5.614509905689496e-04
1.635644860325303e-03
1.198335184588208e-03
2.732670573451324e-04
1.112026017429569e-03
6.889400968666281e-04
1.340538982031476e-03
1.157706710010555e-03
6.153912101786531e-04
4.562620332428366e-04
5.262910784769206e-04
1.055285617706144e-03
7.780182584161694e-04
8.405393289910166e-04
3.726644813201606e-04
3.766271020331516e-04
4.347402160329399e-04
6.813683242181663e-04
6.701601543206298e-04
7.084281714288931e-04
3.481292792387834e-04
1.156061079780924e-03
9.079186157633389e-04
3.407066129415192e-04
8.172390321905547e-04
3.516077002667957e-04
1.041059901585702e-03
5.293115017014501e-04
1.157436568967859e-03
5.570635078123701e-04
5.044591318771182e-04
1.095307335168557e-03
6.257309622753658e-04
4.479153959275248e-04
9.902479027477881e-04
1.442297390542768e-03
4.328073599379830e-04
4.565256412974139e-04
9.306261262714027e-04
7.046758283590722e-04
9.710760409324072e-04
1.223293293655233e-03
5.771241959367014e-04
1.007207648527776e-03
7.662382303821806e-04
1.305296585565366e-03
9.763242925513448e-04
2.825539339120228e-04
5.736565744049378e-04
4.190995882892330e-04
5.164568763850071e-04
2.213529921383795e-04
5.545410640877459e-04
7.714517391030239e-04
1.253176624544472e-03
2.122148793899528e-04
1.066174590757003e-03
9.142736191803496e-04
1.040116358100610e-03
4.012795113151403e-04
1.076291760917999e-03
5.363525324753029e-04
1.025288780877922e-03
9.553459701091933e-04
8.323918157977701e-04
5.102498547575970e-04
1.934680540440170e-03
6.076185949486138e-04
7.080734385086887e-04
1.051157219858016e-03
1.451104700016279e-03
3.475732200645565e-04
7.065469863341502e-04
1.149276328390208e-03
8.063795549848286e-04
4.636436267461746e-04
1.074448839768207e-03
1.134434857737842e-03
6.370717319634114e-04
9.637205141045670e-04
7.255455998640489e-04
5.715897910126787e-04
2.780704143642196e-04
1.148959429961759e-03
1.084592543448140e-03
1.671913199993331e-03
9.446323419171898e-04
4.830863254701335e-04
8.180747165646800e-04
1.117345032736568e-03
1.656705068930267e-03
5.203646115398315e-04
9.151659391656794e-04
9.591698431909685e-04
7.651297131009751e-04
1.258078404815689e-03
5.911295386180772e-04
7.987549100059999e-04
4.438960392699493e-04
4.164138937532337e-04
4.421005919592136e-04
9.665531375382207e-04
5.545462159353758e-04
7.548238097866223e-04
4.585898868683587e-04
1.332950516258728e-03
6.829485128968260e-04
6.922694674170674e-04
1.215351444719250e-03
2.337699522259183e-04
8.166892841418380e-04
7.807844839279229e-04
9.460403449789031e-04
1.072060304518214e-03
4.583459965815870e-04
1.005086476161111e-03
7.796522965845864e-04
9.374224378479795e-04
7.315872004774462e-04
3.801267527513792e-04
7.586042916293371e-04
3.872062200304540e-04
8.141422226959738e-04
7.690886757111351e-04
3.979421485717363e-04
3.081568661054166e-04
6.530022303299001e-04
7.154336636840809e-04
5.570058995439347e-04
1.017311055707021e-03
2.967046726366402e-04
3.808523329042826e-04
2.964157502281904e-04
3.592060911637533e-04
5.896727494633626e-04
1.001558196649892e-03
2.409101416005465e-04
1.003243046845482e-03
4.674677325392724e-04
4.720853974017845e-04
4.567635049255555e-04
8.645258923238043e-04
6.028140670483800e-04
1.266634724314474e-03
7.006423658036292e-04
4.074920812363438e-04
1.539061932875594e-03
1.001472075756703e-03
1.075093963542807e-03
9.861012346380545e-04
8.012373935200347e-04
1.404671919635690e-03
1.303127509739544e-03
4.621214718732130e-04
5.763913826032236e-04
1.267207119397832e-03
2.229177546934011e-04
4.595989610117377e-04
1.776833995204435e-03
5.288167712991197e-04
1.085372614516835e-03
1.227278993040606e-03
7.639208391408374e-04
1.573729928303537e-03
4.190461775071337e-04
9.341167578792253e-04
8.402433267618660e-04
7.060047622610947e-04
4.232255609688578e-04
5.271423436386455e-04
9.745791113802776e-04
3.574910460823034e-04
4.793747278171687e-04
1.617954453782207e-03
9.641100050196969e-04
1.083717699105329e-03
4.045888793130131e-04
4.955727870993040e-04
2.476178847809810e-04
2.682657382713516e-04
1.091484021868240e-03
1.258700882345640e-03
4.895505003084667e-04
3.980566393999849e-04
5.710624996865811e-04
3.212491428335739e-04
7.305268512450868e-04
5.494922722966369e-04
3.635475343231527e-04
3.494589578310306e-04
5.050167499298606e-04
5.061009264026731e-04
8.197994349672112e-04
4.927071067332409e-04
6.273653963152638e-04
8.875134545011876e-04
4.654755954658740e-04
3.383076972634479e-04
8.912858291132179e-04
3.312491050843352e-04
9.702986280359198e-04
6.894614553969727e-04
1.051049978586631e-03
1.084504860345332e-03
6.102697781354186e-04
5.362247173978533e-04
3.680608934554883e-04
1.162092211765990e-03
1.018016797875507e-03
4.870787479700127e-04
1.102654233145774e-03
1.682962637362490e-03
6.726084855771812e-04
6.855192299238431e-04
6.231835292178295e-04
8.407174034891901e-04
1.029592777005946e-03
9.823580450704949e-04
3.767202754527654e-04
4.211036614623138e-04
6.862769104095366e-04
1.342002776066299e-03
6.123044496229631e-04
9.907183663543217e-04
2.194142577357440e-04
1.020770003737575e-03
3.388283106162054e-04
1.041306305960759e-03
6.835901894479874e-04
1.227115558501300e-03
1.048636403684086e-03
5.224069071070541e-04
1.067428734149484e-03
4.277854793637923e-04
1.222758123554465e-03
4.003902459125051e-04
8.235196769247573e-04
7.351525092881062e-04
9.264128187519273e-04
9.635805341381367e-04
8.695922645885811e-04
6.212896763781810e-04
2.808256693688235e-04
6.323827808318210e-04
1.264900335183132e-03
3.678790121962698e-04
1.662076059592815e-03
5.745232514157365e-04
1.051758270295041e-03
9.781166203619344e-04
7.871439952408774e-04
8.178637755182063e-04
8.242563894968377e-04
1.336979677377733e-03
1.264223954174003e-03
1.790743747827507e-03
5.077824937796845e-04
3.305583874442312e-04
1.232758535696035e-03
4.137580107550405e-04
8.518269723883380e-04
7.309325796701219e-04
7.629858619690032e-04
8.548264587852337e-04
5.464604789110099e-04
1.128207257360005e-03
3.136055135677719e-04
6.113637934112163e-04
9.028781877318517e-04
1.020576688915277e-03
4.761190151330563e-04
3.642465930548083e-04
4.908057083084940e-04
5.057716953602871e-04
7.819474012403044e-04
8.736280581680687e-04
8.525941740778173e-04
1.252666613541555e-03
8.549976770979969e-04
9.038965490058668e-04
9.531920722084183e-04
4.268593329879235e-04
6.531306845689695e-04
1.001769518064155e-03
6.879735289266859e-04
7.757726068914338e-04
6.800183224013288e-04
2.282573011114158e-04
2.614520506697232e-04
7.183553025383515e-04
1.132951117306159e-03
9.252429080576353e-04
7.486830916565332e-04
7.397355643093459e-04
9.748857632634445e-04
1.690272854248414e-03
6.324655190080302e-04
1.444486344232707e-03
7.328910567909137e-04
1.027654434111002e-03
9.297569669420095e-04
8.997799736468390e-04
6.402960006228050e-04
9.285761727990034e-04
3.730992913475330e-04
2.263620560069269e-04
9.454051691734286e-04
4.703434024654299e-04
6.237938437207728e-04
4.111998227331724e-04
7.050993351569967e-04
3.523505379963324e-04
1.494742090926492e-03
9.481347193714795e-04
1.124456124868182e-03
7.041075987189102e-04
1.118223113182260e-03
6.969205166279961e-04
4.778727733896207e-04
5.616553900975243e-04
1.092447743992774e-03
3.657556054849863e-04
8.385747933407193e-04
5.445298537109686e-04
7.075465656948413e-04
5.502860551766203e-04
3.365896786554891e-04
7.300666398059067e-04
5.057320113977132e-04
5.062250979977046e-04
1.490563182521151e-03
1.075190309668057e-03
1.075700992599734e-03
6.390464835475360e-04
5.424032598303269e-04
7.637363749837115e-04
7.869891891888912e-04
4.103053830814609e-04
6.174378082163907e-04
3.170237675117714e-04
7.244182993782752e-04
3.797171106807204e-04
5.351048957580429e-04
6.932076171640490e-04
3.475791194372243e-04
1.130713411841132e-03
5.376619752656041e-04
7.766453740191582e-04
3.791105482006612e-04
8.568618897521693e-04
4.854374084245417e-04
3.860333809825920e-04
2.652008299711739e-04
4.315585441404475e-04
8.620445384429614e-04
1.050189973121229e-03
7.410328734996259e-04
9.955541530680451e-04
7.389168394433039e-04
6.131684153195863e-04
5.475952593562006e-04
8.977298616616813e-04
4.946619315762146e-04
8.106421608375149e-04
9.306095483739154e-04
1.610504271213112e-03
4.686245196877997e-04
7.845040000549993e-04
4.879121837170838e-04
4.894821267596545e-04
1.043435193656685e-03
1.032990301682468e-03
4.587225450535194e-04
7.452108957355208e-04
1.289257866519060e-03
3.114580834840734e-04
3.402180566967790e-04
7.351117390476222e-04
1.122135021909350e-03
8.127449057676554e-04
6.646145570071580e-04
7.749503051814738e-04
7.820542962066448e-04
2.877111939643685e-04
6.387915384323699e-04
4.163613238081228e-04
3.839405077295622e-04
8.077925412596025e-04
5.781418449954083e-04
2.897713225439465e-04
1.667404179243629e-03
3.029155024079308e-04
1.543581659281350e-03
8.886053478307184e-04
7.320513223011998e-04
7.597733771146462e-04
5.121866920925907e-04
4.625078208648109e-04
8.028710580007320e-04
1.381635991210988e-03
8.487926142967897e-04
6.388718951331968e-04
1.063762983043595e-03
3.649290936499571e-04
1.038448285439593e-03
6.211607578617759e-04
6.948540210738527e-04
7.908848055893237e-04
7.841914541506493e-04
1.566843664831135e-03
1.587071652467745e-03
1.262763870682910e-03
3.948268230954071e-04
7.808384828874872e-04
1.308988064322512e-03
3.490915889735996e-04
7.322540528258196e-04
8.780360075834263e-04
5.168356741514198e-04
1.329328116806747e-03
1.683087355327758e-03
1.627904651006410e-03
5.234801508759465e-04
9.441066473663657e-04
7.141579014990313e-04
4.217303011350489e-04
9.723858367945498e-04
2.424336853186566e-04
1.061360895758907e-03
8.600083709580362e-04
4.074153567660964e-04
1.208862324337906e-03
6.671601189099021e-04
2.510512098549981e-04
4.787790095677879e-04
3.542812562808054e-04
3.840502363031427e-04
8.540338405845901e-04
4.793320184331284e-04
4.268518327065521e-04
6.907965916692656e-04
7.887485891847211e-04
1.128386157786585e-03
8.564923593656353e-04
1.108546010065345e-03
5.829691516577716e-04
3.633408955132849e-04
1.416653551176783e-03
7.212763159220574e-04
8.664990935831414e-04
7.785336589875201e-04
1.221281641216681e-03
2.810938466022778e-04
2.427402015934383e-04
5.790515898814824e-04
7.201534053680499e-04
1.131673382253736e-03
8.641419252544201e-04
3.759806885003338e-04
8.037657830769832e-04
8.733993660660967e-04
3.611834303363765e-04
1.094091127076884e-03
1.071195743060883e-03
4.628288794258600e-04
9.317088316435226e-04
1.237742750178589e-03
2.279808121808379e-04
6.150638362359421e-04
5.619900446260349e-04
4.836636889270847e-04
6.720229242868516e-04
6.208947353021192e-04
4.995396419474208e-04
6.330869452475760e-04
6.067474189685140e-04
2.720505421304318e-04
9.251179457956174e-04
7.834447346151310e-04
1.119511477794239e-03
1.155820671253321e-03
6.569883909965909e-04
1.382239147401508e-03
3.013668374015475e-04
3.888698604325094e-04
5.933128512916081e-04
1.108034338694515e-03
4.264876753540586e-04
3.897752569863543e-04
5.951402935393214e-04
5.093249335226817e-04
1.014146954470593e-03
1.012506301796151e-03
7.857111416131906e-04
7.832696268969807e-04
5.315838224357752e-04
2.249848923475043e-04
1.264797878666454e-03
1.455764842114536e-03
3.218599248510116e-04
1.142186404626671e-03
5.310682525718424e-04
7.174901110226081e-04
6.047087151900960e-04
1.145985052257110e-03
4.891987406531206e-04
6.113357338133865e-04
6.485454394442576e-04
1.471879108924158e-03
4.365138881030899e-04
3.135604191356801e-04
8.987204093925329e-04
1.178127073237029e-03
1.156714776124977e-03
8.410171741342064e-04
1.033458135174787e-03
2.826660834706884e-04
4.359044417257286e-04
3.959043638143699e-04
7.960399954667088e-04
7.985965805039756e-04
5.595741219064801e-04
1.309991945316069e-03
8.423252024426636e-04
1.117925107811163e-03
5.350725834312426e-04
9.673488220443172e-04
9.287189540525186e-04
5.857140280624883e-04
4.370868216372638e-04
6.853243525943718e-04
8.759339613522042e-04
3.657695031299792e-04
3.958776271705441e-04
4.983213951840894e-04
8.444494483778713e-04
6.816022465849117e-04
7.156346423681215e-04
6.935996224146626e-04
1.088973048714388e-03
5.286958529136169e-04
4.489829942836692e-04
3.808738265219054e-04
7.826365801499945e-04
5.521273872950878e-04
5.865006746696161e-04
1.105946310970831e-03
5.910247983089810e-04
1.018639486958441e-03
4.824578023463413e-04
1.094861057890978e-03
5.177725943782642e-04
4.682529205498815e-04
1.046559852079487e-03
6.115223773945530e-04
2.628537939990819e-04
1.129379435584957e-03
4.785104906717240e-04
5.001739108042190e-04
4.275533517242797e-04
1.028869116844621e-03
6.716830917550556e-04
4.209066442875592e-04
1.004716579060345e-03
6.778281846288774e-04
1.425883858913893e-03
1.196818559472514e-03
8.670232820432531e-04
5.832899649711880e-04
8.459549957366987e-04
9.005540366617739e-04
4.420489974151750e-04
8.820080618486868e-04
1.364070589884895e-03
1.593664174479651e-03
5.046732007593668e-04
8.794102564750920e-04
1.819360977169569e-03
1.352010501306950e-03
2.259379554955451e-04
6.772354373897856e-04
6.511408162063865e-04
9.406396908021289e-04
1.207804352395083e-03
3.154919063299943e-04
1.163190439731231e-03
5.762338340052360e-04
1.011392731336146e-03
6.250820361624277e-04
7.506736486156166e-04
1.149410939267491e-03
9.528012636045249e-04
4.398066918629432e-04
4.577181232235284e-04
6.611078152492680e-04
9.479382885169954e-04
1.242598404201392e-03
3.638476373045987e-04
1.022516515900040e-03
7.384123870056664e-04
6.377858086024542e-04
1.120600478975096e-03
6.774005234540699e-04
1.076106158601352e-03
9.677790851224117e-04
2.963377351921980e-04
8.670458771856353e-04
4.448891779794596e-04
1.069352335649842e-03
3.391098689623219e-04
1.113595331727120e-03
5.829792694344520e-04
5.188849224945393e-04
1.056934979830011e-03
1.309182645661174e-03
7.881245450181827e-04
7.576106770414237e-04
1.043862055415723e-03
6.456914973327430e-04
7.662564897004218e-04
9.567105720318145e-04
4.145423895854439e-04
5.216428880502553e-04
9.400916831961729e-04
1.408430400305035e-03
8.752113586860447e-04
1.233771070280857e-03
3.523610432248975e-04
1.263680719710844e-03
7.826576311185678e-04
8.428964404051031e-04
6.541800635578336e-04
3.276517161254910e-04
1.167569121404923e-03
1.015489512588152e-03
6.806045718437421e-04
9.651286875052593e-04
8.199296996016815e-04
8.327397360591254e-04
3.377956093570687e-04
9.297169437877224e-04
8.107679983166725e-04
7.443379939648033e-04
9.057093544353906e-04
1.126966738162096e-03
1.211570869332184e-03
8.091678221861631e-04
8.827110122155387e-04
9.535760829409649e-04
4.133094726784956e-04
7.407968280674791e-04
3.260752210441529e-04
1.344739715020250e-03
5.126905278031421e-04
5.805126889415136e-04
2.848341209789920e-04
3.804689345981453e-04
1.189966927062214e-03
1.054052597396919e-03
1.203557548985102e-03
6.546644794651081e-04
2.575752554349501e-04
8.818336660739763e-04
4.370562831591693e-04
1.230881343830445e-03
2.365307568758380e-04
8.917493568088065e-04
1.027798762549644e-03
7.978164415220809e-04
4.632480131269755e-04
5.761457934579696e-04
7.063965905224055e-04
6.024426479365934e-04
7.989102731621469e-04
6.148168359712777e-04
1.228854666759495e-03
5.792151668504037e-04
4.184845280423900e-04
1.030561249428618e-03
4.773824782126847e-04
8.627906860925060e-04
4.241027726645419e-04
8.925058062434688e-04
9.953649823812663e-04
9.050940070571121e-04
4.126108040769544e-04
6.201390072492407e-04
1.362465118948981e-03
6.766153367899558e-04
8.529149820974795e-04
5.198357762863735e-04
9.854887333815066e-04
6.453172400922697e-04
6.696172462980036e-04
4.009053692143479e-04
1.116311504760319e-03
1.260999818476253e-03
1.007959788678473e-03
9.400354402787838e-04
3.817877763713542e-04
1.135538668730422e-03
5.424494851103824e-04
1.195874082865988e-03
7.180602135684222e-04
6.430951381158178e-04
1.192874204954286e-03
9.644667404000130e-04
1.180028068273527e-03
2.959250347763506e-04
9.759595759809806e-04
8.071094835708724e-04
7.552219073760980e-04
5.927575378875225e-04
9.692841774856696e-04
7.056875024392491e-04
4.990317038520143e-04
6.160690305265851e-04
1.285850440825522e-03
4.116117744685753e-04
7.647722415564798e-04
8.456322585057471e-04
6.861788137048632e-04
3.681020840980185e-04
8.344017581183768e-04
1.587235665502706e-03
8.392402673655297e-04
3.541095057933361e-04
6.681849130029968e-04
6.719537221545146e-04
5.640851526343317e-04
4.196015832325849e-04
7.116517099278474e-04
3.324328364392649e-04
7.500985140809135e-04
8.018289545880660e-04
1.630473700277696e-03
8.934803728585756e-04
7.505500722611612e-04
1.429704403281284e-03
8.501117462861648e-04
6.273155732147196e-04
1.265964445174385e-03
3.615013479627522e-04
5.382351214911797e-04
1.479820846416522e-03
1.386446330810858e-03
8.199686532752985e-04
1.489279130611957e-03
8.889596877228845e-04
7.129527993312594e-04
5.638744197644196e-04
1.116971935816998e-03
1.052811341346026e-03
3.663734111309146e-04
7.888637720872181e-04
1.794282569302851e-03
2.972575933618581e-04
3.828951957940506e-04
3.532479911821022e-04
5.253450770188770e-04
7.784259198698411e-04
2.283246519466217e-04
4.295104358977500e-04
9.091012712271966e-04
9.004935654164028e-04
9.344753258117239e-04
8.261908029826325e-04
3.949674615474598e-04
6.916916693235509e-04
1.006637304729365e-03
5.957991826317279e-04
1.236537006223388e-03
3.831853559351947e-04
1.055662026894187e-03
1.392073259222375e-03
1.028441332422966e-03
9.150306213292314e-04
9.970226755544841e-04
7.271813180912106e-04
5.767514629525973e-04
6.645939794196060e-04
3.255554066308858e-04
9.511029364938882e-04
2.412045974248039e-04
7.601369919345596e-04
2.348655426186609e-04
5.527529410590314e-04
8.191652162235045e-04
4.219132298329498e-04
6.168551885481915e-04
8.374646039365723e-04
6.652771777542059e-04
1.352113899275568e-03
5.688962968487669e-04
3.793351116152440e-04
1.012598069908663e-03
1.046806333662634e-03
4.141390414853855e-04
3.437423444162419e-04
3.070501779171613e-04
1.256034327257086e-03
1.040844614447540e-03
4.418458337870519e-04
1.378541606718637e-03
1.436885201852613e-03
9.157088843768544e-04
5.974722837832482e-04
9.375977177498993e-04
1.423918765951668e-03
7.864827805076230e-04
4.626381887289275e-04
8.817060585542362e-04
3.670666192130801e-04
2.657351045740210e-04
6.308023983495010e-04
9.589754450405256e-04
5.008110171073276e-04
9.172536560201357e-04
1.464966202640493e-03
1.156029831463307e-03
1.066269524772854e-03
5.958347311181636e-04
9.442924161450042e-04
6.036131857269552e-04
1.089453888254724e-03
1.104635295807807e-03
7.909818934732527e-04
7.845714562862240e-04
4.972765756600307e-04
7.543683730891081e-04
3.277721280943481e-04
1.322688963936247e-03
3.399361608461946e-04
8.966495814671065e-04
8.780643744685410e-04
5.705135889295899e-04
4.894889533004576e-04
3.768372158805144e-04
8.846417555990629e-04
3.297258740902949e-04
2.770837828599129e-04
8.442074548291321e-04
8.080156514215299e-04
1.287413283379533e-03
6.379062017251722e-04
8.511997994489680e-04
7.257896973130037e-04
3.958687411828241e-04
1.385168493220456e-03
3.284565373440454e-04
1.279641863486354e-03
7.018697236936898e-04
1.101482261007506e-03
7.037973753203253e-04
8.617349002248459e-04
3.402675100046702e-04
2.117445372902075e-04
5.756163828719164e-04
8.856095508809828e-04
9.563661710090938e-04
6.539314077650795e-04
8.091945568125198e-04
9.813555885217909e-04
7.414228408818499e-04
5.524639148324821e-04
5.063566037502370e-04
1.057725847068489e-03
8.173340449114292e-04
1.193797027607294e-03
1.076089970313111e-03
8.105365356551107e-04
6.010419452590404e-04
9.745059659961991e-04
5.968560892468560e-04
1.032959573079031e-03
9.216325011960028e-04
1.026520050028809e-03
4.570950821196421e-04
9.801366286005492e-04
2.176262347814396e-04
1.170053211298242e-03
7.705225871727864e-04
3.245270721453363e-04
1.204860994603529e-03
3.743217454538139e-04
1.073217466704503e-03
8.691248505054599e-04
1.003856154774043e-03
5.440218089776385e-04
7.365796722452185e-04
1.088245894283079e-03
1.019110937071519e-03
4.899947528013756e-04
5.033718599117862e-04
1.098559986253743e-03
1.524376798883761e-03
8.461825551787038e-04
6.231746012889200e-04
1.003344080136739e-03
4.938157034431462e-04
4.676298309665379e-04
9.461830564731881e-04
8.188330799258569e-04
3.682184496827106e-04
1.059964945637507e-03
2.757056943105429e-04
2.621988414475428e-04
8.411624156066605e-04
7.577383415403599e-04
1.420188125995035e-03
1.319209754129904e-03
1.049611526052196e-03
1.663400612576224e-03
6.295765133727357e-04
1.611277514691681e-03
5.040454348896543e-04
1.081343608174775e-03
3.011280219803112e-04
6.467568243604914e-04
4.398987197535954e-04
1.594229718956113e-03
8.278168360914146e-04
1.004714907953319e-03
5.524373319855628e-04
1.184205785135551e-03
8.330122327048345e-04
8.540160748360217e-04
3.131405155748209e-04
6.847388864328839e-04
5.292178287028893e-04
1.014604747747713e-03
1.545797273040777e-03
9.113830280793077e-04
8.091748142099590e-04
8.361547133013997e-04
8.085606834485066e-04
4.510801262215612e-04
5.823257292286287e-04
3.143303837374341e-04
7.104693643596094e-04
1.028652736915047e-03
5.358268291045083e-04
1.147576429534805e-03
2.810120835275982e-04
3.259983437564727e-04
1.533440621030581e-03
1.387370436184034e-03
6.644227320947262e-04
5.122219994281978e-04
9.486370408812952e-04
1.257835256819057e-03
2.806025642714107e-04
4.777950813586110e-04
1.242423665223184e-03
1.591892797960072e-03
5.989912860893787e-04
9.471831764435779e-04
9.750241483210477e-04
7.920545268915920e-04
2.896566410182396e-04
1.106806260082349e-03
1.029533221530741e-03
2.955579162221164e-04
6.661134459997190e-04
9.675462526950568e-04
2.544406601415144e-04
5.918650742024746e-04
6.937177445268263e-04
1.323310036658367e-03
1.311592274116536e-03
8.784815567973608e-04
5.244851000368955e-04
1.011966876051749e-03
1.145645937704186e-03
8.366314176760650e-04
1.212381748697117e-03
4.413982781535734e-04
1.134300350289214e-03
2.433375415066572e-04
7.315562123595974e-04
5.888968403821640e-04
3.929680571716069e-04
1.032482483309232e-03
6.374417876767984e-04
6.386336996292389e-04
1.470704625332899e-03
1.069862507459802e-03
1.562156563883678e-03
7.107285048020150e-04
3.181491909425697e-04
1.051697495084923e-03
3.437328951936418e-04
7.324475057872782e-04
9.888275633464661e-04
5.252882274591862e-04
3.654618489716247e-04
1.325198492583239e-03
9.968261953611649e-04
2.253707407097147e-04
8.180452753647750e-04
1.058524635069862e-03
3.184633374355798e-04
4.429724121512665e-04
8.015294411828811e-04
3.475821045666286e-04
6.151244669349291e-04
1.388028044080719e-03
4.814452838945806e-04
3.459992681235967e-04
1.215790962495518e-03
1.118772018257440e-03
5.325955227651227e-04
3.130431246034682e-04
9.771293255159119e-04
7.706571165485412e-04
9.805949659117599e-04
9.722699314636837e-04
7.971132682962185e-04
3.052054087650837e-04
3.679893606243574e-04
3.377894612020360e-04
8.890374679085531e-04
8.166742701299751e-04
1.251907188894090e-03
7.931548453615626e-04
7.040111532694918e-04
1.495046626559903e-03
1.104085192384177e-03
9.651580988219739e-04
7.953106566247057e-04
1.109066051990101e-03
2.962154847093605e-04
5.511433100359600e-04
3.321669919007634e-04
6.411507620662814e-04
5.758601270308482e-04
8.652760939008514e-04
1.312114989661580e-03
6.169834128830993e-04
8.823130701521740e-04
1.223460806764770e-03
8.283659182793313e-04
9.568775071294363e-04
1.454993984212284e-03
4.300374452517404e-04
1.268437636338422e-03
1.313140001963034e-03
6.186147948074066e-04
1.067427589800982e-03
6.975808361977942e-04
1.084783322454183e-03
1.256947460501744e-03
1.418042592611633e-03
6.774277332531481e-04
3.706548781948058e-04
1.003847256812875e-03
7.156570998890395e-04
5.104200172624482e-04
2.592982417000319e-04
4.783393395225300e-04
7.144431034634814e-04
1.795393399354794e-03
5.943572139393585e-04
2.544978273371783e-04
9.379775675017285e-04
4.323700713364274e-04
7.584831400228999e-04
5.173584425071718e-04
6.088916743962841e-04
5.854606684726910e-04
6.703465315934470e-04
4.893875986055308e-04
3.863850633933794e-04
1.566763067544789e-03
4.395388173861313e-04
5.286425758634033e-04
1.162320727701407e-03
1.124017479354737e-03
1.110509401071073e-03
4.127449083604505e-04
1.434343702168513e-03
8.661508244448661e-04
1.321535828453103e-03
6.537544461631497e-04
8.910380104657017e-04
8.903287141055830e-04
4.735285098704792e-04
1.401087811280795e-03
2.296709181776282e-04
8.903077867437524e-04
1.180949385260638e-03
8.361475720533482e-04
4.899157244860708e-04
5.452028162403672e-04
3.728424716713942e-04
1.062408007402704e-03
1.583431679283682e-03
9.850411015806945e-04
3.903591219231791e-04
1.387462782176775e-03
8.074595347383599e-04
9.347166374289145e-04
4.198433311075332e-04
6.613203862138724e-04
4.288334850436322e-04
7.323520756106005e-04
9.046351517719743e-04
7.129799185378548e-04
1.279901522680523e-03
6.971535011097918e-04
4.116838716252356e-04
1.231510528822510e-03
7.567434304578477e-04
1.012834293768217e-03
9.088964691800648e-04
1.098493399291503e-03
7.093740432887029e-04
1.378068424672232e-03
6.483982547266021e-04
5.129199825668417e-04
3.554409639082555e-04
7.394807696008549e-04
7.029571318168696e-04
1.134662026200636e-03
6.017698904656706e-04
6.612170378190313e-04
5.106824605548147e-04
7.087108646417959e-04
9.166722289139692e-04
1.023922328752127e-03
6.187856377956792e-04
4.313528916150602e-04
4.113585231609223e-04
3.536705842137381e-04
4.183777515334870e-04
6.099119312420877e-04
9.602346262599399e-04
9.999566581354495e-04
6.170428946611564e-04
9.704163113463250e-04
9.924829320035271e-04
1.438640673816820e-03
8.345826083226390e-04
3.893175322314718e-04
9.022919916634004e-04
7.790416145982990e-04
2.213184306316343e-04
5.761727011572833e-04
2.656920894706391e-04
4.277174428517338e-04
5.733141291855070e-04
1.311243997673234e-03
1.417555056146610e-03
2.989148933796078e-04
7.693534180958655e-04
1.320871058065844e-03
3.811307388060762e-04
6.096635976213149e-04
6.909932212838883e-04
5.315923608751663e-04
7.668195363149460e-04
1.129177972420424e-03
6.614229917479461e-04
3.830424222854290e-04
6.629846666055198e-04
7.342432218778700e-04
1.245323886316457e-03
1.070019146524758e-03
1.360989193452894e-03
8.748335018027458e-04
1.224315823491175e-03
8.308270401107048e-04
4.295033362218512e-04
1.217880583495643e-03
1.648680988376876e-03
6.307139450279519e-04
6.312582135701535e-04
1.404485862827945e-03
3.140072071804701e-04
1.033587366338936e-03
4.776992408324656e-04
2.907812085806063e-04
9.714982468686671e-04
1.047442026367626e-03
3.867813473454123e-04
1.544422108979891e-03
1.009395878447482e-03
3.566251836082637e-04
4.592552989812006e-04
5.608292397396324e-04
7.360274343323167e-04
7.202036139796476e-04
1.341322190404741e-03
8.028691361581635e-04
5.659150868071016e-04
1.739665106632148e-03
1.239597272024695e-03
9.769405998610384e-04
7.972613735749920e-04
9.256798217091291e-04
1.308209826970746e-03
1.475466098223148e-03
1.060612452031360e-03
1.405844326828684e-03
1.540733901693168e-03
8.144854074899942e-04
6.577494714543096e-04
8.391675982390046e-04
1.001083206764727e-03
1.011658155653917e-03
8.541642425876196e-04
3.972321328103236e-04
3.718822201592291e-04
4.264693397230758e-04
9.498651005453091e-04
9.098575348563202e-04
8.261905667782471e-04
1.176067558390211e-03
7.355912063234287e-04
1.340499014899600e-03
1.122590466948029e-03
7.147525381178247e-04
8.568134009707991e-04
3.811724356195436e-04
4.014412715208327e-04
9.456315633311672e-04
1.010733975133016e-03
3.031804798323477e-04
1.272126259240419e-03
1.361732013888901e-03
1.009423814657746e-03
3.183914121373671e-04
1.326992110880245e-03
8.448464850072646e-04
7.445266296500278e-04
1.101089537850019e-03
1.605370292403442e-03
1.084729170400450e-03
9.523740662385368e-04
8.185144036699676e-04
5.829891539843480e-04
1.230032254776893e-03
1.002361019657660e-03
1.008603064544815e-03
7.096264182140863e-04
3.010719433552109e-04
9.640629475390003e-04
4.730744493213643e-04
6.807948254597981e-04
1.162918271446535e-03
4.453569990292256e-04
5.518487192259510e-04
7.590426790384758e-04
2.688761085092818e-04
6.318401046259736e-04
1.095197471073150e-03
1.149793973114356e-03
8.673058180561554e-04
4.418434820657521e-04
5.395520317956564e-04
4.370364960431802e-04
9.134755486079873e-04
8.011880382557162e-04
1.268192496728649e-03
5.870714652619496e-04
1.451806172300286e-03
1.603615305740410e-03
7.515444816203077e-04
7.458812123841126e-04
5.255771479124976e-04
1.185907586020165e-03
3.278620990623184e-04
4.585050180637858e-04
6.740223274700798e-04
7.419547683681891e-04
1.181197166744327e-03
1.093694737686372e-03
1.347447641708438e-03
3.385055621683065e-04
2.505898108721449e-04
3.555202595549438e-04
1.193833586858059e-03
7.396882808478440e-04
2.075132723363191e-04
3.639767366365967e-04
2.673990037991152e-04
3.202345838784341e-04
4.129466068146348e-04
1.102399986534287e-03
9.953448487169923e-04
6.244625730759843e-04
1.378751241029211e-03
1.295100193711581e-03
2.793451819782681e-04
6.511691009504903e-04
1.093845468508741e-03
1.248100266558948e-03
7.787270696849370e-04
1.081014352751218e-03
2.625242871631092e-04
4.854169214273801e-04
7.553702631266613e-04
2.360764243344367e-04
1.549457860316120e-03
5.137567989789600e-04
9.260749701608095e-04
3.470093283623043e-04
6.678917482707748e-04
6.027492441670760e-04
1.123846506535166e-03
1.119406227355288e-03
1.035733365021282e-03
4.061424436953115e-04
1.147311996035751e-03
7.257619730565261e-04
2.999053932665154e-04
6.767747347749724e-04
9.198918281280121e-04
5.444898844783638e-04
2.543179617197477e-04
8.098543405135057e-04
8.593007463790394e-04
9.671429212776943e-04
9.989980646177839e-04
2.113125255756967e-04
8.557317652732675e-04
6.231181576542523e-04
7.641354699564419e-04
8.126611608572632e-04
6.930979243843974e-04
9.083143674102083e-04
8.689680404536937e-04
1.024026185131644e-03
9.387391320067903e-04
9.757433907793293e-04
5.748375937321550e-04
9.932731694930258e-04
2.623715918335140e-04
1.054138027315411e-03
1.388792411981520e-03
6.044879923315481e-04
8.106604721908892e-04
3.738885013563437e-04
3.789662218733915e-04
6.927714836765899e-04
1.001883370449733e-03
3.842575778628395e-04
2.928751892297764e-04
1.746703420971939e-03
1.930988420089946e-03
4.934014348891658e-04
5.997109314229174e-04
9.492445444297849e-04
6.082870897215483e-04
2.923912501337896e-04
7.104626631922845e-04
6.289742662231336e-04
6.929694424981468e-04
9.412718275172492e-04
1.120850648649125e-03
3.108277609426563e-04
9.927855034454322e-04
1.075044445460922e-03
4.066656832554201e-04
1.224447028333593e-03
2.541395992937668e-04
6.647883775505660e-04
1.314861351663010e-03
1.095269613764690e-03
1.100937444758711e-03
6.718094236606894e-04
1.037162975114903e-03
4.697969910529122e-04
6.283471880558278e-04
4.073975694528837e-04
6.593266707939739e-04
2.266000746382949e-04
4.461103253044151e-04
2.973062377821726e-04
8.646363056164903e-04
5.666037362673147e-04
6.885863420208709e-04
1.073603607116159e-03
1.323837830821758e-03
4.542467893938151e-04
1.107207938292189e-03
1.562779933226041e-03
6.974430556534436e-04
1.214586115323177e-03
1.217793570715243e-03
1.542965994172780e-03
4.158404016786468e-04
6.288374633205284e-04
1.476535583849550e-03
7.181807656531051e-04
1.044060362221146e-03
3.011647183660092e-04
8.047731518257111e-04
7.941105401681745e-04
8.704200867014078e-04
1.450163593826069e-03
1.686672002779599e-03
1.180483925343435e-03
1.026743125882309e-03
1.016526224942636e-03
2.169311440065084e-04
6.768593836306824e-04
1.080719316748749e-03
5.395648990708019e-04
1.241985823530025e-03
1.061795980795974e-03
8.692628498837163e-04
2.820586678063675e-04
1.339116737143754e-03
8.219358445547601e-04
4.895011351078395e-04
7.508780069281861e-04
1.517721424572289e-03
1.277492155848593e-03
2.501683610568132e-04
8.733737009551940e-04
3.462422897016540e-04
6.547764448333489e-04
4.700620239989665e-04
1.131918809151611e-03
1.080617074612836e-03
9.237296124279546e-04
1.107018370404438e-03
2.354694881522521e-04
1.014119473010281e-03
2.439586312120070e-04
5.189686073225545e-04
1.876575573113962e-03
1.054716697421128e-03
3.013130900540777e-04
2.897965669232586e-04
1.208698846702342e-03
3.497514053735042e-04
1.665538138708958e-03
7.275300960458345e-04
9.557101099475749e-04
5.477257352739181e-04
2.743539277957730e-04
6.109876461385556e-04
9.589831699514965e-04
7.586509150107289e-04
3.056512094271879e-04
8.091354937269414e-04
1.214752081281989e-03
7.994816423774183e-04
1.037679905237554e-03
2.986015513616573e-04
2.989488449634382e-04
4.913693078213128e-04
1.052164894223369e-03
4.952830873172040e-04
4.375393458382772e-04
9.601090848453419e-04
4.014238963066967e-04
9.627484518778745e-04
8.411955982790056e-04
1.754990046401273e-03
1.021495171005529e-03
5.295293863490655e-04
3.566774433046344e-04
9.663042252934163e-04
7.112230999990695e-04
9.578875492328099e-04
1.042105016847317e-03
4.186506310139352e-04
6.592583140366992e-04
1.142417841576127e-03
3.708562268932957e-04
4.771340715992504e-04
8.765868419127834e-04
1.315509376365302e-03
1.321879396179992e-03
7.144631965759590e-04
6.583908527567369e-04
3.365595650054389e-04
5.502688600055435e-04
3.860418206014101e-04
2.950499000398357e-04
8.272311361939676e-04
7.461517228729349e-04
2.141869697030007e-04
7.000389230494763e-04
5.636802741840023e-04
9.487962133193516e-04
1.232112961366280e-03
4.044173622738369e-04
4.316050915204990e-04
7.848832724339586e-04
1.144581039990900e-03
8.572620045701319e-04
8.494071215641432e-04
4.874788271193331e-04
1.058192980707366e-03
6.774986149454632e-04
4.579972433562870e-04
5.352022243236018e-04
7.410760873311084e-04
1.219073705919443e-03
4.627954901120535e-04
5.460157110480214e-04
4.845871948284612e-04
5.488903370521408e-04
1.864752630706415e-03
1.125450229423972e-03
9.405758283297017e-04
1.098298861407872e-03
8.472477574919003e-04
9.197193885730241e-04
1.509912464595511e-03
4.121298521252765e-04
3.776571916850561e-04
1.015398962134148e-03
1.394383672579061e-03
7.645174824300349e-04
1.272615076505875e-03
8.462956982232734e-04
3.164388774036363e-04
1.170473247403817e-03
7.782369485114506e-04
4.232040447047181e-04
7.438372988554459e-04
1.547108103162163e-03
5.601447547187541e-04
5.638641328397542e-04
6.524262086476862e-04
6.948040478748929e-04
6.986084425669174e-04
7.409258995080564e-04
7.970179850129130e-04
1.321710381112536e-03
3.923234562184607e-04
9.202194175849948e-04
1.148322305427168e-03
4.717693817685763e-04
6.706870268005416e-04
9.640697954990618e-04
5.799959605753090e-04
2.266297239175472e-04
8.844750529484163e-04
1.511450692934200e-03
5.913930312290097e-04
5.639980602088004e-04
5.462441906842984e-04
1.293063362761039e-03
1.179578796369036e-03
1.359194957692325e-03
1.156762335785148e-03
1.356155778931063e-03
4.521070381146231e-04
6.688651736215068e-04
5.062510230191266e-04
1.307342196956086e-03
3.967732531181845e-04
4.926075955235523e-04
8.525249977485107e-04
7.502110183091508e-04
1.036197204162187e-03
1.008296552103080e-03
7.666831792521595e-04
5.208027219896895e-04
6.337178422785207e-04
4.309779410373018e-04
1.004628913451049e-03
6.465236716437590e-04
9.031292612566975e-04
7.935896871589624e-04
3.297664256694592e-04
9.383673675813493e-04
7.439557079298412e-04
4.958116677183368e-04
7.552950306210924e-04
1.505453197275821e-03
2.998073027296612e-04
2.469280791872687e-04
1.146357751051558e-03
3.624813943577864e-04
4.655369841408775e-04
9.091450579556607e-04
3.352146465885596e-04
1.209184364988390e-03
9.182150339750758e-04
2.144182188585237e-04
8.354423693535263e-04
7.929892388050208e-04
8.548382596154558e-04
1.058222574363247e-03
3.957191491657946e-04
6.892643321213675e-04
4.875017883334075e-04
1.102657348593587e-03
8.720007442993952e-04
1.029138078815608e-03
8.904472312392768e-04
1.768958069153456e-03
4.781649716919932e-04
4.877154039020495e-04
5.656460852444178e-04
8.517640558262487e-04
4.784246709139824e-04
3.653005991764757e-04
1.412028924389425e-03
1.144459594481650e-03
6.873166268264921e-04
3.116849980695591e-04
1.333171039407551e-03
1.065933971423147e-03
2.822162564918442e-04
6.944152527941902e-04
1.219440339534681e-03
1.118756899245287e-03
8.545292593721942e-04
2.098649157609898e-04
6.653745017600582e-04
1.781897711383851e-03
5.771731357410291e-04
1.213338674561266e-03
4.131836028127981e-04
8.980836258548172e-04
4.968510151074952e-04
8.075394687810327e-04
1.175498842473603e-03
1.114430280592940e-03
1.193652065399067e-03
1.172982827112773e-03
5.132594253362515e-04
1.086520272927571e-03
5.658654721178401e-04
5.637199734879560e-04
7.147426408767042e-04
6.212984778111627e-04
4.786637797123631e-04
5.226098005178837e-04
1.197085735501072e-03
9.248520197830648e-04
6.498048064989857e-04
1.137745539473193e-03
4.412134579805338e-04
8.923375534511660e-04
2.839256083416520e-04
9.067110577722471e-04
6.130001010472227e-04
3.566493345271699e-04
6.337523471297893e-04
5.059329901897004e-04
7.434929701496273e-04
5.504220490088967e-04
1.156962106285240e-03
1.163184892512587e-03
7.165681865054255e-04
4.564899163252700e-04
3.815840114034404e-04
4.761746624264897e-04
1.160678942517052e-03
6.139710491078994e-04
1.199003424222105e-03
3.957989519071579e-04
1.269768408295551e-03
4.484592076249595e-04
2.718654218793503e-04
7.285732638750368e-04
7.427272061999085e-04
3.664218365441438e-04
7.812053863425769e-04
1.182588207058398e-03
4.363995604586683e-04
9.898558939496751e-04
8.963965500983623e-04
6.372842450993714e-04
1.779100299315925e-03
7.454275487987418e-04
3.614146440803910e-04
1.285459251436546e-03
1.086050943958682e-03
1.173459119963580e-03
8.411787535192567e-04
9.366283130665010e-04
1.198100099287732e-03
6.719356343996281e-04
4.699049271347834e-04
1.184005821302555e-03
4.803292981065491e-04
6.566895768989713e-04
5.024346993214350e-04
5.312918659495132e-04
4.591458044444933e-04
7.441137527410899e-04
8.296118338834158e-04
6.192541105645047e-04
3.623806811431927e-04
1.086884699023243e-03
5.614287923435587e-04
4.293705590704026e-04
3.711301678897118e-04
1.106121952959520e-03
5.312476927794865e-04
3.715639650365316e-04
7.234965234507728e-04
5.562660622172510e-04
1.480792540181886e-03
2.816556761568798e-04
5.584222878807614e-04
6.522798482832648e-04
5.831929893389400e-04
6.916845157647064e-04
4.283669634569515e-04
2.281631088361823e-04
3.866483504056482e-04
1.036584355182505e-03
3.392136380659740e-04
6.393470598178715e-04
9.872830613359257e-04
1.199433956374206e-03
5.809107795579418e-04
1.410291142178624e-03
9.123268214488659e-04
2.822873628257575e-04
6.336268722720651e-04
8.959218624320663e-04
1.057362151614292e-03
1.120863342593016e-03
2.622243241999766e-04
4.197426551574870e-04
1.250398838794531e-03
1.156949941355289e-03
3.486286881235314e-04
8.622467803110649e-04
4.886085214406816e-04
9.023301452297199e-04
3.720639465807608e-04
9.794111571618592e-04
1.402679112217219e-03
1.294667169926917e-03
3.261423998400149e-04
5.795715339125485e-04
1.077151871749158e-03
4.419229414671348e-04
8.900320606885425e-04
4.418157434922422e-04
9.295596772483071e-04
5.416839408773353e-04
1.253898503531494e-03
6.334358477214030e-04
5.905774087227918e-04
9.346006222575398e-04
7.087416223467461e-04
6.230391471348159e-04
1.438449764319553e-03
4.306332290322626e-04
1.029126877062581e-03
2.474412511178092e-04
3.688561072140915e-04
1.374543245077111e-03
6.102866041951650e-04
9.933714809395220e-04
3.560830389783738e-04
7.441254085780773e-04
8.282417235772070e-04
6.356061624292398e-04
8.203054550063869e-04
6.771406060632426e-04
1.124658134858006e-03
2.917653160411945e-04
1.073016834981022e-03
1.269772216795419e-03
1.192272549958062e-03
1.422950148032780e-03
1.077555519125432e-03
8.829983280875149e-04
1.022163825937617e-03
3.756232315477848e-04
5.354508925635227e-04
1.028683964969189e-03
4.136525723678876e-04
3.112289336156015e-04
1.271736757464791e-03
8.027324807392679e-04
8.188803918295021e-04
5.293558601534067e-04
1.558242383014030e-03
9.985502374764629e-04
3.792970417609623e-04
9.370495384834012e-04
9.606830379304571e-04
4.001598321348762e-04
1.235611119769169e-03
5.872318734054082e-04
1.145711925990928e-03
8.084525984275507e-04
1.442052290296896e-03
7.901387230758528e-04
2.521676739310439e-04
3.859668696041681e-04
4.412039882634273e-04
3.253498645528582e-04
9.781875851658508e-04
1.238918723792387e-03
9.117883285626538e-04
8.436351760547165e-04
8.340012064576281e-04
1.174149993275806e-03
1.013952098969778e-03
6.111891944107521e-04
8.180509835077373e-04
3.989012917750478e-04
7.713625285548286e-04
9.309834300878664e-04
7.334103449356301e-04
2.581915953921413e-04
1.103127268847020e-03
8.832049601973886e-04
1.324812328845210e-03
5.676547742478153e-04
6.081694088807589e-04
1.068751930856635e-03
7.027437631107630e-04
4.753658152348653e-04
1.168072134026451e-03
1.245000636911238e-03
8.994609090187944e-04
3.824042052188376e-04
4.588539684447534e-04
6.662143667913473e-04
5.838790628929495e-04
5.562468963291917e-04
1.180904478103994e-03
9.958079940906894e-04
6.327372040270593e-04
4.218293845025678e-04
9.305860593308241e-04
7.473421868509507e-04
8.287594260691927e-04
8.648216237810810e-04
5.670310951000907e-04
1.166571192747065e-03
5.509340693879616e-04
1.050838225857654e-03
1.620971635760702e-03
1.195419075779778e-03
6.459079849294117e-04
1.164267785325163e-03
9.580133982614860e-04
9.169992081907122e-04
6.258412073622337e-04
1.146178954766039e-03
2.383522046410681e-04
8.932516001173789e-04
3.000129772993817e-04
5.554832140996699e-04
1.138520109775521e-03
6.474071811314636e-04
6.659947241032483e-04
1.127267243167204e-03
7.503780064450693e-04
5.087588619368783e-04
1.347987063836211e-03
5.050558907294428e-04
2.769464426686326e-04
3.486713296012749e-04
8.498472480495620e-04
9.862213937384906e-04
1.548550951862774e-03
8.794305657754484e-04
9.497088999705635e-04
1.702256019492424e-03
1.283692378206085e-03
9.724835519751802e-04
9.915244062438176e-04
5.565841362311717e-04
1.010709892095022e-03
4.328694686182157e-04
5.937492911732692e-04
4.653302477265977e-04
7.165810544879907e-04
1.231555323085820e-03
5.524944187738996e-04
8.658041972268622e-04
1.029122674666050e-03
5.575296121685742e-04
7.269720042798184e-04
4.131674671276701e-04
3.162815926212928e-04
9.165685887731255e-04
5.907751960016553e-04
4.507620178466115e-04
5.150755569160692e-04
9.984935668139038e-04
6.317639753897514e-04
3.730215885723240e-04
5.457605219215891e-04
4.872601201254531e-04
8.252154323646186e-04
3.199699147354250e-04
6.343157931216729e-04
6.002471849846859e-04
1.441103798049841e-03
1.103126332060062e-03
1.334207468852221e-03
1.161732943844211e-03
1.118940321546729e-03
6.139706687966928e-04
1.050305428751247e-03
1.068437655507739e-03
5.750694811294445e-04
1.046242912329306e-03
1.298685871842013e-03
1.038855233822899e-03
5.872791681155057e-04
4.188649774438692e-04
1.544888016556916e-03
4.595486729131772e-04
4.675148404250675e-04
4.846724658757061e-04
4.373487175944491e-04
5.490907605542258e-04
6.132593008201478e-04
4.910501844369804e-04
3.834636776561708e-04
5.552701447613562e-04
7.555094184290388e-04
9.384342945532460e-04
8.305100943208573e-04
8.414883908944432e-04
8.497413425685428e-04
6.777381667134967e-04
9.725703791609500e-04
6.531497133702379e-04
7.555142052254435e-04
4.848681956049431e-04
1.048324458916200e-03
4.877627730839262e-04
2.696749011490592e-04
5.236161515174982e-04
1.480751353279564e-03
1.446952104006442e-03
7.380932525255987e-04
5.086226185782357e-04
3.182985989541736e-04
5.272674329637814e-04
4.432603797970068e-04
7.190309001615063e-04
1.613156250361179e-03
9.487693103651653e-04
1.103328954733383e-03
4.398840979159058e-04
1.286177039806605e-03
6.500525776255385e-04
1.493589879851253e-03
7.807179223238709e-04
1.104379733999035e-03
1.199530858637095e-03
9.804098672438833e-04
6.859057854102256e-04
7.441183729081479e-04
1.047894625909936e-03
1.399765479359012e-03
1.030527102983229e-03
1.043171694577971e-03
7.159697931255017e-04
4.443148160165963e-04
1.117862235023174e-03
7.985006835768934e-04
1.105060100335521e-03
1.107651820788601e-03
8.988768867613238e-04
1.201576466143837e-03
4.770193811534435e-04
1.332828510140750e-03
8.461627600275868e-04
6.089069380391371e-04
2.717643443196944e-04
6.333342752117554e-04
4.250956217723457e-04
6.419655653616765e-04
8.039368396608586e-04
4.461169697537272e-04
4.505625682022722e-04
5.144383944176079e-04
4.868205052310820e-04
2.751290314662829e-04
7.284924730111323e-04
3.843457795817625e-04
1.008305705742310e-03
9.296025540342337e-04
6.475810784964904e-04
1.549935250885373e-03
4.399644472990415e-04
9.922403055543261e-04
1.287844507713124e-03
8.177401042038703e-04
9.332204399103844e-04
7.702988377201053e-04
6.964682112276970e-04
5.956135273923705e-04
9.561526197909831e-04
8.190239518983007e-04
1.093732750675830e-03
6.336876500710771e-04
5.576606682812996e-04
7.200105653299312e-04
9.328368135893678e-04
1.105639628139932e-03
1.083864703306388e-03
3.171886604378890e-04
7.901274299493772e-04
3.053921174905978e-04
3.352169073160262e-04
6.820129152958283e-04
5.790719508551269e-04
1.254204968785776e-03
2.715206390657251e-04
1.135522989368462e-03
6.971972535349453e-04
6.274355708385895e-04
1.094693745775013e-03
8.010980515752374e-04
8.414583905320528e-04
3.334067616724331e-04
2.925098405069456e-04
9.121765894407677e-04
8.062969038158557e-04
4.661817267301213e-04
6.262741409619899e-04
4.198413756293071e-04
3.917235404320064e-04
1.269997729027208e-03
7.840056678118819e-04
9.528902466570268e-04
1.241994302802863e-03
6.864234499360479e-04
7.148149199928068e-04
1.039685089120862e-03
3.553913785522505e-04
4.673036608259417e-04
9.819021235191999e-04
7.248988728412712e-04
9.841175458860808e-04
6.947712868411192e-04
4.333107773253237e-04
9.531079397337417e-04
2.700132434871684e-04
1.364378041735456e-03
6.675738036538864e-04
3.938034382612067e-04
9.310173712572139e-04
6.326230158118645e-04
1.124143046279884e-03
7.569507773301297e-04
4.196824459024546e-04
3.428347579362369e-04
2.798773103981442e-04
1.498490855725216e-03
5.950596019656037e-04
4.365277156846552e-04
9.095197427811848e-04
9.782771889406679e-04
6.338622232237451e-04
7.077187669024130e-04
8.727665609028481e-04
7.759851636017622e-04
3.997963502686792e-04
5.427789128772863e-04
1.315509340593924e-03
6.414875022454738e-04
8.733155244861884e-04
1.016108036125004e-03
1.053151529048835e-03
4.055509402871517e-04
9.005058640508311e-04
2.759290763016415e-04
1.097495688044181e-03
5.397745537381472e-04
4.955270513610979e-04
1.050289632836391e-03
3.486412922310683e-04
6.114067551085649e-04
5.818330088113539e-04
4.702904179450523e-04
1.279676992021076e-03
3.807717154777564e-04
1.122479241118306e-03
7.091053929438173e-04
5.970466766268247e-04
4.662413147424955e-04
6.966231967125717e-04
8.494008092401325e-04
3.571830842281672e-04
6.290580776369101e-04
6.093463310785908e-04
4.034921911858468e-04
4.561387206872256e-04
3.991550243728217e-04
7.754534545295467e-04
7.692676810102413e-04
3.154259634522233e-04
6.974385455945320e-04
4.935766083723437e-04
3.594774053305901e-04
1.630031446562051e-03
3.209998756695572e-04
8.959652789346137e-04
9.285917456791454e-04
7.888423838785822e-04
7.018827968375955e-04
1.319572852235266e-03
5.670952843861433e-04
1.038856435388895e-03
8.569328073891286e-04
1.231950223001729e-03
3.075245095521803e-04
1.071755338663548e-03
4.124660666187083e-04
5.627477429848483e-04
1.039411491646490e-03
4.343011147106673e-04
5.566800378097423e-04
1.219339501862657e-03
6.286210852677080e-04
6.834944582243460e-04
4.868867447439420e-04
1.788344135327094e-03
7.515189622958154e-04
2.501434816251532e-04
1.026791476847475e-03
1.369716812038723e-03
1.072272014895915e-03
3.751050180397346e-04
1.000098457163122e-03
1.074462332694288e-03
1.354230499096454e-03
7.810300348065602e-04
2.842577512753696e-04
7.723374344163147e-04
1.208426318505072e-03
8.058565376573300e-04
1.005577852218471e-03
6.135463478670398e-04
1.711764387493700e-03
2.997261310188414e-04
1.010323650639340e-03
1.353637220881564e-03
1.458316601015625e-03
9.545669262814279e-04
2.199258145083607e-04
6.592639714280799e-04
1.065225418177232e-03
6.336959388871624e-04
8.371012950941604e-04
1.038565002714427e-03
8.051699947895134e-04
8.896217857757582e-04
8.027618448593270e-04
5.283014047536539e-04
5.805216316816988e-04
3.689721229607203e-04
9.901075561102532e-04
1.770070535090575e-03
7.182805278838870e-04
8.396453933797047e-04
1.715879335903064e-03
8.909553438015071e-04
1.294828161610437e-03
2.631023291095879e-04
9.372636222806550e-04
1.077413939874032e-03
7.526583033228109e-04
3.548797407066146e-04
9.193701157154639e-04
1.529072333439658e-03
5.699240766607054e-04
1.076124941356588e-03
5.240777326967376e-04
7.021756920724694e-04
5.977772539699762e-04
1.295814269142162e-03
1.430404268761060e-03
4.003460053248683e-04
4.906384210779816e-04
8.817324582169263e-04
4.820721347774230e-04
1.287363217836431e-03
6.325219143468834e-04
5.686549830892923e-04
6.161482059603810e-04
2.640959702790064e-04
5.420112727461226e-04
9.070411533859866e-04
1.076836002736156e-03
1.180223919878391e-03
1.013803162328316e-03
1.590840957960894e-03
5.391193165847483e-04
4.906348655960812e-04
5.293603260790587e-04
5.924261677484632e-04
7.935803088478545e-04
1.333210956810847e-03
9.210614825894618e-04
7.131439609643923e-04
2.369550712279242e-04
7.545035218047389e-04
6.202649760261985e-04
5.080305867857517e-04
6.070867093265508e-04
1.509452158619924e-03
1.286324980934086e-03
5.501555449138089e-04
1.051478946263422e-03
3.593037053767351e-04
6.383492704618605e-04
4.621452595690577e-04
8.194922589825597e-04
9.025503571360133e-04
4.763386738456729e-04
7.748445659885365e-04
1.089735811468102e-03
8.938160584218046e-04
1.109098356700315e-03
1.652378843520975e-03
5.225936971496248e-04
9.042292328286584e-04
5.848966588296522e-04
7.024144432019034e-04
5.632042307907099e-04
1.029599839521822e-03
8.127299762512460e-04
5.283393820926002e-04
9.532065681989297e-04
2.568815772354057e-04
1.056655744349815e-03
9.991748770697174e-04
3.830046047443806e-04
3.134527504051616e-04
4.814748152196122e-04
8.591015039698356e-04
1.401251331435862e-03
8.106268511129712e-04
1.328547133713536e-03
1.227759583558668e-03
4.923286236784923e-04
8.884782527706914e-04
5.465727854597422e-04
3.760868375236598e-04
2.478972308344066e-04
7.793106435855103e-04
6.632087125343865e-04
3.901517396819454e-04
1.033617551219915e-03
3.020781406317676e-04
9.262494873409272e-04
6.574529574534464e-04
5.557584052874566e-04
1.410311136911054e-03
3.245297861144455e-04
8.944933472971248e-04
7.330588995885072e-04
6.005544453484470e-04
9.772560742303718e-04
1.624286517078285e-03
5.229349044791855e-04
3.029159106401877e-04
3.740418255631298e-04
2.764392444168083e-04
1.407369112417175e-03
2.716945175634129e-04
7.067818103995048e-04
7.654798588760902e-04
2.140358262240073e-04
7.863470789201072e-04
4.015275758951296e-04
5.909239678452674e-04
4.809603133748020e-04
4.953161125870589e-04
6.161883420048451e-04
2.849549450905713e-04
1.127723759372168e-03
7.559389172005642e-04
6.410977318612093e-04
3.504254369948564e-04
1.044242094410119e-03
3.581562042353209e-04
1.456472865897903e-03
7.522539334854708e-04
1.120010294388899e-03
4.367082114394349e-04
2.133917874240541e-04
1.275449098170918e-03
4.552407628416604e-04
5.694029099943439e-04
1.167317624964295e-03
3.777135086289090e-04
3.851160545736184e-04
6.145052926121062e-04
1.010856374233252e-03
7.330624848620574e-04
6.649913634074435e-04
2.818193788372259e-04
4.196092594992867e-04
1.102022114473168e-03
6.018472108581394e-04
3.291620235593036e-04
5.725646261807971e-04
4.448239638088188e-04
9.564071889690954e-04
8.203011695220061e-04
5.982760587456235e-04
3.616753676976783e-04
5.857777054285029e-04
1.366647550834279e-03
7.103200430826622e-04
1.038070136605637e-03
2.737941569502507e-04
1.387121810432608e-03
7.578479411296925e-04
1.046093750534813e-03
1.134313090597513e-03
8.322069578045807e-04
5.188833632330573e-04
8.472145464694916e-04
3.984350251945543e-04
6.348740270762489e-04
9.749528063725865e-04
5.322744431730132e-04
4.193575913613655e-04
9.100002920468190e-04
5.611281882201373e-04
6.024832638467242e-04
8.836739361714121e-04
5.020529685995270e-04
7.516786065517150e-04
3.227192885219586e-04
4.395127337288968e-04
1.258040024144649e-03
9.424216512140378e-04
3.458190233136616e-04
1.143649145858925e-03
2.528976974698459e-04
9.602255965716203e-04
5.267526300410141e-04
8.374783659102394e-04
1.171232153614226e-03
5.521509327487440e-04
9.680053846979702e-04
8.062991088495434e-04
6.880490853468558e-04
3.068474885505526e-04
1.149169234245161e-03
2.296036827154019e-04
9.972367482399813e-04
4.629320520974119e-04
3.310631644435347e-04
1.054113386365340e-03
4.478671820237133e-04
7.853625127726407e-04
4.636468382397414e-04
1.090495439911581e-03
3.565994576555443e-04
9.515472841508010e-04
8.497108241846754e-04
3.021064783026312e-04
3.828295398123410e-04
6.838794104154660e-04
2.483905755203637e-04
1.473790428722154e-03
5.163625125791645e-04
1.311728302791302e-03
6.274064787048714e-04
4.854470171890140e-04
9.199621008215049e-04
5.165880330002973e-04
1.394665492528463e-03
4.935363228116060e-04
8.627655350413944e-04
7.500437887742889e-04
5.814872702227115e-04
1.053096926521324e-03
4.922078264506769e-04
6.416436846546953e-04
9.123813539085537e-04
5.277990947814634e-04
1.159119904359754e-03
7.839852494392493e-04
6.643743085913052e-04
8.166307911311697e-04
8.419284259600986e-04
2.887670077580277e-04
2.846467802819023e-04
8.158922564933655e-04
3.598695754525065e-04
1.409205969117587e-03
8.677443373939320e-04
2.809431714186436e-04
1.389228015840054e-03
1.071066177384721e-03
2.506637132189917e-04
2.992887598439783e-04
1.045794336385652e-03
1.044066951350113e-03
1.021054073549993e-03
1.356552591541425e-03
7.069093317174023e-04
4.946347775140800e-04
5.576636087487782e-04
3.826075116510102e-04
8.340091574585432e-04
4.656902911729998e-04
8.754021752322248e-04
1.575580768048769e-03
9.620869231028194e-04
6.515119413903510e-04
4.069952684372189e-04
2.159948946503925e-04
1.132750745967749e-03
7.134919931263522e-04
1.169692466179126e-03
4.437159702843115e-04
1.514684600891967e-03
7.098099428436686e-04
5.423557267023213e-04
9.932329422801770e-04
6.882196254729795e-04
6.884902731345297e-04
9.504143699916670e-04
5.622430378686387e-04
9.958562230221717e-04
4.213469431430663e-04
1.153371359077511e-03
1.906286411935229e-03
2.253270781317151e-04
2.351612302884147e-04
8.250300435906140e-04
4.828085605085062e-04
7.492674364109780e-04
1.431762557067140e-03
1.464070443607851e-03
2.318804541605580e-04
1.129526189185799e-03
2.682954510069733e-04
1.063157013846823e-03
6.540305098283486e-04
2.249098727936737e-04
1.488559198222714e-03
3.110801935331296e-04
4.831892284821753e-04
2.220333170372105e-04
3.812897465728448e-04
1.099088823630385e-03
1.072783537637494e-03
6.856222692253576e-04
9.739651719404079e-04
1.617385525820564e-03
1.103190755346997e-03
4.955756414128473e-04
2.704473496656085e-04
3.087455153684316e-04
4.960450235340582e-04
9.039747146707443e-04
5.461174963312761e-04
8.971180336827308e-04
3.833782028606534e-04
3.846854181247879e-04
5.513950121347142e-04
3.534032287929318e-04
4.245041770931546e-04
6.691771323189740e-04
1.604165731521673e-03
3.179321480904683e-04
1.290642499717925e-03
4.210870046521229e-04
2.417487827228457e-04
9.121994428305120e-04
9.643568656772036e-04
5.481233808202407e-04
2.837972925814178e-04
4.587661079460256e-04
4.355277667791160e-04
7.828472491377432e-04
1.238830525541901e-03
1.062235508475721e-03
9.401709308572351e-04
1.546111998503776e-03
9.174243448363698e-04
3.542028847241171e-04
7.776959990711567e-04
1.089197669317051e-03
6.795595934978282e-04
3.830357239884722e-04
6.936565456336822e-04
7.422551371892990e-04
2.716354259529697e-04
7.787308281177705e-04
4.849226455583025e-04
9.626576639253492e-04
4.286368018585480e-04
1.188058069210352e-03
1.212971867705898e-03
4.529565002274743e-04
8.152993613110680e-04
6.149016041244128e-04
1.104119626625882e-03
1.102621344176710e-03
1.360764644379470e-03
3.962287262564993e-04
1.013797511742510e-03
1.605500834633170e-03
1.304074365261598e-03
4.202319036802726e-04
4.222357382711378e-04
5.805190944276821e-04
1.504403969398676e-03
7.058038182924838e-04
1.178206552089301e-03
1.341603318578573e-03
8.393719398233926e-04
7.624463702882119e-04
9.168869697147277e-04
8.489198803208180e-04
4.777122501123398e-04
3.233435393288985e-04
1.089474101704726e-03
2.535636435057611e-04
1.408063075942156e-03
7.568304262184566e-04
5.707552297779039e-04
8.787378215420933e-04
3.012757388013419e-04
6.942847075989502e-04
4.067560850905684e-04
9.919639458684096e-04
4.492186414139456e-04
4.989064588081721e-04
1.068228727505583e-03
1.106097039941944e-03
3.972549673742536e-04
1.147544223166918e-03
1.050761114573552e-03
9.514475711737236e-04
1.270868290281735e-03
8.099644148558116e-04
7.720588881252595e-04
3.762766406031727e-04
5.328868116322600e-04
6.589045262067135e-04
4.647618437548979e-04
4.190105887161304e-04
1.116689514007637e-03
3.286667273296357e-04
8.511751266970768e-04
2.934731446192470e-04
1.477634631511357e-03
3.099312730481668e-04
1.244635633330654e-03
9.251000904386610e-04
4.955729170336852e-04
1.220058416416144e-03
5.478132328416080e-04
8.688694572636722e-04
1.098322888034457e-03
1.024457271803366e-03
4.006398112347373e-04
1.110573919276470e-03
3.061173747610578e-04
1.106210319966216e-03
7.311397419402536e-04
1.464393710054793e-03
3.541667569278487e-04
3.814389211336985e-04
1.606519305294108e-03
9.229605052534472e-04
7.333326473069168e-04
2.834004046393364e-04
1.311426052990091e-03
3.439717605795213e-04
2.940886308670879e-04
5.337931355771060e-04
1.114718846715244e-03
1.097083328188259e-03
5.338105685401486e-04
2.269429041138334e-04
6.189381159566476e-04
1.179705305961286e-03
2.816171332958970e-04
4.732361297419763e-04
1.560803159571905e-03
1.197416422440208e-03
2.822982478144696e-04
6.361440982728397e-04
1.354955912458612e-03
4.159230395199034e-04
7.178693833727158e-04
1.579533367639908e-03
4.005897723796846e-04
3.270690860720544e-04
4.569603895705810e-04
5.045784793363011e-04
1.268586892407376e-03
6.543505999523915e-04
2.953103700324953e-04
9.273759835840303e-04
7.136181055958373e-04
6.214122471703220e-04
4.920649155319946e-04
9.194507995735547e-04
8.117864981676973e-04
4.108783025812770e-04
3.938043002124583e-04
4.922390947704101e-04
1.581142871114004e-03
6.147457584290826e-04
8.476104380201749e-04
6.095400364220380e-04
1.692065642742337e-03
6.530730190979128e-04
1.497070500679715e-03
7.395993800563696e-04
5.810750510341852e-04
1.003577547815378e-03
8.516205910652691e-04
1.113651229973494e-03
3.126301224526902e-04
9.298377618916771e-04
9.274203732507445e-04
5.791287348680552e-04
9.236527904848341e-04
1.127459977130632e-03
1.323697367514780e-03
1.639151565614476e-03
1.343003613295173e-03
7.002942404901675e-04
3.336291287936875e-04
8.467739666104925e-04
1.183881427958703e-03
6.830132876223722e-04
8.157258834449231e-04
1.025758772522102e-03
3.536393112337977e-04
7.179062176972425e-04
1.116222834472570e-03
5.315581473342257e-04
3.581580246821406e-04
3.471662139403986e-04
4.203524718947829e-04
9.876191444555410e-04
4.548020216975452e-04
8.973457593941911e-04
8.101392886555137e-04
2.038410096067577e-04
1.129724094431988e-03
1.465142916188572e-03
2.975204211666222e-04
2.084133011364366e-04
1.371152846792664e-03
1.272783270196102e-03
9.220717277071477e-04
8.697658297354537e-04
7.441028994152576e-04
9.510482358727524e-04
1.380535751511455e-03
8.578083605721333e-04
9.138215958648946e-04
5.313396140334944e-04
7.528617521058949e-04
8.070730886348983e-04
8.545064228364877e-04
1.086662627458291e-03
3.581318359167514e-04
1.298622692117015e-03
9.606516108088101e-04
3.757171249678938e-04
4.167725938876614e-04
4.123167485538520e-04
1.021314300912397e-03
1.175331373634173e-03
3.032815896133750e-04
1.094828178313214e-03
4.899801172254757e-04
3.511048464167737e-04
1.131001302294291e-03
1.185604266491280e-03
9.083479412117497e-04
4.452415796554081e-04
2.845285770939434e-04
4.264991860477792e-04
1.001880529983790e-03
3.425642653415069e-04
1.014055669765056e-03
1.555709146236459e-03
7.611907134471019e-04
2.741105806890592e-04
6.721154093414490e-04
9.937082506955104e-04
6.507198721106150e-04
6.017036485019997e-04
1.038898595181339e-03
1.133875298478085e-03
7.010389699094038e-04
3.954602584117727e-04
5.623460370535139e-04
7.072177892251090e-04
6.772186904405983e-04
1.253933017644233e-03
1.078533366521673e-03
8.642059959801547e-04
3.078576168821387e-04
4.776758956010880e-04
2.993652112782489e-04
7.531016938093762e-04
5.966650303778982e-04
3.286827188705358e-04
1.301518752238282e-03
1.244121340618059e-03
4.872671716088502e-04
7.634762405017020e-04
4.374277313700603e-04
1.001249897057187e-03
3.833163827025835e-04
1.125425112052647e-03
5.617105253659340e-04
5.444403829704492e-04
9.895786588347928e-04
9.080877447614510e-04
5.864796893689536e-04
6.975329428857960e-04
3.459388387700471e-04
7.968491365232909e-04
1.437669989388891e-03
8.204919309291686e-04
1.399770873181726e-03
9.300791596218511e-04
7.494839733867785e-04
1.256591628859900e-03
7.168802090031733e-04
9.907908259096168e-04
2.867696582477400e-04
2.169663508056371e-04
1.060158085068779e-03
3.293507995437421e-04
1.221425115057635e-03
6.541588678453302e-04
6.786202487644901e-04
1.105375088653244e-03
6.574422108050833e-04
1.273246073025459e-03
1.009226981303961e-03
9.885594071239730e-04
5.915078205249470e-04
1.394483992131205e-03
4.970308557209588e-04
4.735877785103666e-04
7.207440476033942e-04
7.251675239099881e-04
4.991934120334150e-04
2.705067752532456e-04
8.661699142943209e-04
7.501408436502180e-04
1.109899042340733e-03
1.003710353107851e-03
1.204507488587578e-03
1.038147642146942e-03
8.166487558250506e-04
1.358440546336716e-03
3.422534707010702e-04
5.858994475053040e-04
4.371697086821917e-04
3.646082340056483e-04
4.900734521864307e-04
1.462953324499467e-03
5.704494233341878e-04
9.209661733436777e-04
4.088101800572288e-04
6.863916625828059e-04
8.419779684598108e-04
7.785823274443503e-04
5.450828302920335e-04
1.363244935012166e-03
2.967123301736685e-04
1.137548580137844e-03
7.875446014854769e-04
8.199146297940320e-04
9.457795642404537e-04
8.522588506531707e-04
3.042714950539701e-04
6.940449535358300e-04
7.494393508151760e-04
3.786640748487031e-04
1.717061116127269e-03
1.005182263228931e-03
4.656470175671113e-04
7.402951744850438e-04
7.741520278102238e-04
8.934278911588544e-04
7.177639210769940e-04
8.976273435206945e-04
1.156141323545277e-03
5.327099061441955e-04
9.327582905958257e-04
1.281482716751717e-03
7.004653006167911e-04
1.256416298770541e-03
9.677742700700375e-04
7.855119395123294e-04
1.282701719086433e-03
5.934954566577804e-04
1.472592439095207e-03
4.421113788931942e-04
7.741495461335314e-04
2.695081141891772e-04
7.516314338343910e-04
1.328336829659386e-03
9.247899544482243e-04
1.082812379759865e-03
8.356470635089734e-04
3.637649345810729e-04
6.433458746432699e-04
5.180432282867002e-04
7.333547892873402e-04
9.029630618633149e-04
4.035478773164046e-04
1.366473307403347e-03
1.641357552864527e-03
7.899155855745146e-04
6.193464278177082e-04
9.207254755972249e-04
2.989926906686301e-04
7.542178369526804e-04
1.625850216378652e-03
5.883896364482473e-04
1.068781390714400e-03
1.157879089718918e-03
3.709692143146517e-04
2.446928827024493e-04
3.555534624850101e-04
6.551072710290845e-04
1.175240185062217e-03
2.460049970817531e-04
3.259319038743663e-04
2.998576646008859e-04
2.790937147888784e-04
2.508058824141152e-04
5.037646335493814e-04
4.896280319209528e-04
1.419835947296430e-03
9.862439900891861e-04
1.160229464545493e-03
8.571967006662806e-04
4.281538359778720e-04
1.269828651611284e-03
1.126595454664352e-03
1.197737404923850e-03
3.728552830673195e-04
1.421825637163797e-03
1.135877367361402e-03
6.700054011183721e-04
9.238799920403358e-04
2.758532888476641e-04
7.378945480953924e-04
5.514838150995411e-04
1.227164243820421e-03
1.114765801801657e-03
1.398757027922146e-03
1.153611706792531e-03
5.477969294996352e-04
9.969825724702758e-04
1.158156438115716e-03
1.100660060993792e-03
7.402519355343079e-04
1.351893636348628e-03
9.267632397293461e-04
8.755991793653388e-04
5.190854886116608e-04
1.541892543284530e-03
8.125893507219260e-04
1.120304719660756e-03
7.089410776357453e-04
6.746566202024994e-04
1.111105599398810e-03
4.801503095407049e-04
1.488637043228545e-03
3.338554025049064e-04
4.784585502960326e-04
5.513034106666969e-04
1.155963054352105e-03
1.134098018421847e-03
9.736813688475949e-04
4.522915601643277e-04
7.411087266259136e-04
7.771016762267754e-04
2.159251209141380e-04
1.472411389242618e-03
1.039412352985898e-03
8.329013325976636e-04
4.041845827591119e-04
1.187448439768812e-03
6.600919550299759e-04
1.145037591711260e-03
8.943306112131922e-04
1.024754915253930e-03
1.121162583428158e-03
5.523692485859757e-04
1.021083538503184e-03
9.345608463057045e-04
3.446033127031902e-04
8.708388198970421e-04
9.717159272801237e-04
2.329387025554940e-04
7.913202370549376e-04
7.262715392736066e-04
1.085743344291459e-03
3.650509777468246e-04
5.699165553314197e-04
1.015982033591508e-03
1.485828951763202e-03
3.332302530808873e-04
6.215090046012691e-04
8.717954095851815e-04
4.437124943598710e-04
7.422716476085461e-04
7.347832756297440e-04
4.850220296477989e-04
5.777067033879408e-04
4.815829269809938e-04
1.244827632859198e-03
5.674372328214528e-04
3.059364137453655e-04
2.504551124516979e-04
4.074848125409754e-04
3.625601927906855e-04
7.692844296544614e-04
6.739264971552047e-04
9.108568602806510e-04
1.061302323399144e-03
1.574789356924155e-03
1.242071346457881e-03
8.427910660466619e-04
9.681965539415072e-04
4.386751310983390e-04
1.233347810263661e-03
6.898568599670487e-04
9.603451273956828e-04
9.052454015612793e-04
1.122119327847559e-03
3.546985435611311e-04
9.149922385597373e-04
1.148631577942847e-03
9.099127369393116e-04
4.169523526535042e-04
6.704605747315909e-04
2.298903784264205e-04
5.140705815803861e-04
1.063566233803269e-03
1.168706035466361e-03
5.363114877874615e-04
3.151323697565396e-04
5.469741308054412e-04
1.123993279621141e-03
3.759201321332874e-04
5.084668311619182e-04
3.917359937680717e-04
1.418773157274727e-03
1.510382681193886e-03
6.962020697569810e-04
6.477569501656595e-04
1.365075825601803e-03
6.983792591433813e-04
5.443112313105120e-04
1.398969774176282e-03
4.603602207759230e-04
3.795148565512872e-04
8.844619343451072e-04
9.552038974031140e-04
7.782354888092570e-04
5.159017547386382e-04
1.128774403470615e-03
1.237984146493215e-03
9.889857821027987e-04
4.742575175496241e-04
7.925232148838002e-04
2.628300478567148e-04
7.472079201060816e-04
4.674802723532243e-04
1.197448965891587e-03
1.031066047566116e-03
4.717392096718701e-04
4.563584493946529e-04
4.111758378785501e-04
1.170934613659743e-03
3.509663003319368e-04
1.029709173420476e-03
8.820842361721166e-04
9.402089333609561e-04
1.577739610320044e-03
8.713849945074006e-04
5.319285321788892e-04
1.286387091580767e-03
6.751809870123472e-04
6.569448838936008e-04
1.202823540235573e-03
7.182744824242725e-04
1.293730719602464e-03
8.113369385420665e-04
3.679980711620920e-04
4.071501465008855e-04
1.015329243628748e-03
7.625996344389439e-04
1.248420557257974e-03
7.153021215197786e-04
5.649001278008593e-04
3.820460472375030e-04
5.705250204783128e-04
1.367642548212008e-03
6.195514770951674e-04
2.494510367789890e-04
2.353290513410634e-04
4.775449588348890e-04
1.557414336787325e-03
1.126241246156865e-03
7.862922780652780e-04
1.096730740383836e-03
3.064844089939567e-04
6.832319079218437e-04
5.388976622350845e-04
1.305900034147992e-03
4.518214835260322e-04
6.905412026348979e-04
1.021701441030733e-03
7.200284301036636e-04
8.916158620981556e-04
1.061883884323998e-03
7.916690993461329e-04
1.262901421798679e-03
5.560639897874748e-04
1.010433160300310e-03
4.111894345449039e-04
7.113626910011371e-04
1.382447467480071e-03
1.719137648165758e-03
9.369289784448890e-04
6.631169712531088e-04
1.159205477464156e-03
1.170665900570509e-03
7.053323518317766e-04
3.562410549313824e-04
3.846808735567746e-04
1.454822612458163e-03
1.373053640045843e-03
3.353740627081266e-04
3.976162627582343e-04
8.765350166077127e-04
5.532919917529752e-04
4.055135904545110e-04
5.581467271279666e-04
8.928193320560285e-04
9.240086071209507e-04
1.051020692884846e-03
1.013408675499055e-03
1.024400051798087e-03
1.748540159882971e-03
9.556642332362970e-04
4.997774499211514e-04
5.341452058204673e-04
8.717144622853651e-04
7.625897577986302e-04
4.713133564667427e-04
7.267767397934977e-04
1.044310802268995e-03
7.981148441732070e-04
4.439818027528910e-04
9.230716997025448e-04
5.999923214195148e-04
6.074600396334897e-04
1.525119213307093e-03
2.340732819188045e-04
1.184603521120992e-03
5.430162509803551e-04
1.168676744108741e-03
7.168965847863712e-04
6.886333635664771e-04
1.464147683751333e-03
5.067122117025960e-04
4.562913234322284e-04
6.220769367964070e-04
3.404290969234963e-04
2.853694114718523e-04
3.108245712576781e-04
1.086527592508108e-03
6.460691620528256e-04
9.556756021816755e-04
7.117651897612968e-04
2.588236901299247e-04
1.048519442656408e-03
9.637625471588290e-04
8.793560224303499e-04
1.017052072796374e-03
6.295236409611794e-04
3.533808181726933e-04
5.741898668620643e-04
7.572744234390940e-04
7.119830440852286e-04
1.324946944180379e-03
3.411740143606227e-04
9.087111996275002e-04
9.856880217764619e-04
6.191796603548252e-04
1.952394278263916e-03
1.023984879148867e-03
7.057541752251452e-04
7.090558420432716e-04
7.292336305787781e-04
1.021143053195332e-03
2.619545987652271e-04
1.210587388217624e-03
3.471361830878228e-04
1.132498927049294e-03
3.763820741630044e-04
1.871694406213089e-03
5.501632753213688e-04
9.389122470985047e-04
9.815030985184524e-04
6.081561638558899e-04
6.356643870564518e-04
1.198672532005767e-03
3.931547822874694e-04
8.572720873007949e-04
8.954878531172273e-04
6.324749885461403e-04
3.716565005941309e-04
6.004355708799789e-04
1.657819099345907e-03
9.955873893145542e-04
6.115348202507167e-04
6.821178310915872e-04
4.140058473522574e-04
5.610024999480670e-04
3.544935766108870e-04
1.433969542321669e-03
4.051828326126358e-04
4.847901109878033e-04
1.211983371408603e-03
6.325034924049846e-04
5.997242029267534e-04
1.224806706298185e-03
9.359920712810776e-04
5.529110607793224e-04
9.667043294181324e-04
3.068133516665380e-04
1.508006789371917e-03
7.563983767674235e-04
8.313200429435313e-04
7.216934598594004e-04
4.629185421157620e-04
1.046593005943132e-03
8.955593561220468e-04
3.704103075314241e-04
4.157312326329324e-04
1.080016932311626e-03
1.084429842978398e-03
7.428279817182466e-04
1.809343808441976e-03
7.323396552675731e-04
8.448085190509246e-04
8.339039024647885e-04
3.814022873543027e-04
1.086300265135300e-03
8.994391273816757e-04
6.192112741025663e-04
2.549720618583183e-04
1.256795583961918e-03
5.005415212087221e-04
3.969807989486693e-04
1.408375006611528e-03
9.127835248273304e-04
1.563519876383608e-03
4.086540066607396e-04
1.374443359442377e-03
5.199803723514827e-04
8.446607599171202e-04
7.483140734815628e-04
6.476815417603084e-04
1.001954629604782e-03
6.727986699945444e-04
1.153135029318751e-03
1.401880885012222e-03
2.474425095990321e-04
5.991597900121272e-04
1.074461650704882e-03
1.091272423220944e-03
2.626948225835954e-04
6.555395832854231e-04
7.131751978814954e-04
1.237311210985541e-03
1.115832304773433e-03
7.171190354597844e-04
5.211733072082900e-04
2.880903161890300e-04
7.774902386477511e-04
8.097575610238900e-04
1.060520811691756e-03
2.396278593338228e-04
1.128199411708999e-03
1.253759882774651e-03
9.722983097309942e-04
1.016384909447145e-03
1.056188322841431e-03
7.889997526900445e-04
2.421612207597854e-04
1.425998513095662e-03
1.021702326815396e-03
6.268029817861416e-04
6.537255015601048e-04
3.427174216395096e-04
3.128422130830585e-04
4.917546775289205e-04
9.719904749841439e-04
1.010886574319047e-03
8.831415436599961e-04
1.282851530840159e-03
1.242893530390178e-03
1.143725107867731e-03
1.094909126557140e-03
4.279872724932887e-04
7.767487297742709e-04
5.215738145212214e-04
4.340334581447463e-04
1.187534234976266e-03
9.497153350407192e-04
1.093103530343496e-03
4.652423246982269e-04
8.507069483537914e-04
6.004626987133070e-04
4.150025170946857e-04
3.265948350057349e-04
8.784837111124229e-04
9.065450333791388e-04
8.614376448726635e-04
6.647355919775717e-04
3.873536086535847e-04
1.183248994556738e-03
5.825678059334581e-04
7.384601909371535e-04
7.841345322096909e-04
3.025173591907092e-04
2.415869605381532e-04
7.515764116851230e-04
2.955785655745262e-04
5.033605879428562e-04
4.185222848670073e-04
5.612390721806043e-04
4.882900014608851e-04
1.107856465114487e-03
1.293237945229073e-03
1.062221387039344e-03
5.807178305092308e-04
6.003221995777336e-04
4.476007180041004e-04
5.919209946488037e-04
1.038915056426308e-03
9.089964761971275e-04
1.058285395819332e-03
7.177057506583203e-04
4.224160460139624e-04
9.929201348842956e-04
9.586258031188909e-04
9.995187485810049e-04
8.282048523649214e-04
8.045424260663866e-04
6.214028463889928e-04
9.060883548376383e-04
1.431342898038684e-03
1.291502536367751e-03
3.773821811619143e-04
8.666195415495211e-04
7.415934774573236e-04
8.553201434907554e-04
1.028022930559280e-03
5.815941360534198e-04
1.368743419542599e-03
1.237536960723471e-03
4.527431901282487e-04
5.533449438459691e-04
1.152677757474359e-03
1.534336940644723e-03
6.021204139944136e-04
3.712204594828291e-04
3.814693718915532e-04
5.051016912140320e-04
7.852635693294261e-04
6.073555105706387e-04
7.254832118167764e-04
3.917935672970873e-04
6.446980937160718e-04
1.227948905476074e-03
3.680665162671845e-04
8.404769783594459e-04
4.700408101918841e-04
1.552623280255313e-03
1.013545633737485e-03
1.016995278576081e-03
2.021237514872804e-04
5.079958524872711e-04
6.582754132676772e-04
3.453308439602135e-04
1.558961954122448e-03
9.696929850295118e-04
1.130723696531334e-03
3.972399697412195e-04
7.425233642108402e-04
8.307963629804596e-04
6.682265917435025e-04
7.892132021949258e-04
2.952697315449689e-04
4.837890176532603e-04
2.727627850284481e-04
3.581423638970941e-04
1.351092022702033e-03
1.098347074053822e-03
4.058174837731979e-04
6.446614311195254e-04
1.061832262155711e-03
1.897726176671718e-03
5.873108440969307e-04
3.437993554738806e-04
4.838197256790713e-04
1.092299641876124e-03
4.846858965367864e-04
1.460890618604974e-03
1.322181789970120e-03
3.072836545539222e-04
1.174761770847620e-03
5.296378724145191e-04
4.085280666852253e-04
8.316736760977457e-04
5.041485770355998e-04
8.444923391583477e-04
3.441898295297893e-04
7.326544179636120e-04
6.579147104098887e-04
4.958900383264229e-04
6.550414473355486e-04
1.394073880362504e-03
2.929248308835995e-04
8.469058978557013e-04
2.200766832459189e-04
6.509208791319623e-04
6.151980273996771e-04
1.439908092663891e-03
6.354647857706259e-04
2.934547682333907e-04
1.181138056920088e-03
1.224342558503754e-03
4.956256807625775e-04
3.010161121676233e-04
1.097907113371317e-03
8.661111196259674e-04
3.557914447242752e-04
3.964431561439690e-04
2.478884242782670e-04
8.367345472266698e-04
5.470564880739087e-04
2.670028862760295e-04
6.110673932095583e-04
5.699643632259870e-04
1.129092300271044e-03
6.056886121773692e-04
7.127813117804192e-04
1.009609920335132e-03
1.463902380503446e-03
1.213579225686577e-03
9.571581132057994e-04
4.468741208475672e-04
4.962854992130214e-04
6.489744741661490e-04
1.242405797600446e-03
1.182580029812889e-03
9.222538689572163e-04
9.950975597858994e-04
1.367216973753695e-03
4.669540986432984e-04
6.676859041081206e-04
7.799090997456491e-04
5.941315452907971e-04
1.220191903848308e-03
6.099148305799787e-04
1.346453188723824e-03
7.411849190469423e-04
3.037280566691510e-04
2.794450125022818e-04
1.528555418587682e-03
3.574176952867965e-04
1.034723985338044e-03
9.823549929850568e-04
1.046634905001350e-03
3.209378264108747e-04
5.725998659983847e-04
4.785293083468197e-04
1.014027750238959e-03
1.104552519417276e-03
3.822062959123384e-04
3.425045618154229e-04
4.626917873418815e-04
1.070603552050904e-03
1.876668645089671e-03
5.534065773159781e-04
4.236049371006112e-04
8.351698093849087e-04
1.204359748059854e-03
5.336602825654733e-04
2.988569818835774e-04
1.129395562969420e-03
5.429772994277183e-04
1.009442184467968e-03
1.090563290640047e-03
4.971407326902299e-04
2.396337833767795e-04
1.262231588181785e-03
5.302649952198435e-04
3.996002875259262e-04
4.513172414317828e-04
5.288538282494642e-04
8.837830517842135e-04
3.291330899806607e-04
5.293668726729060e-04
5.529392984143060e-04
2.856821220047204e-04
1.075192777305852e-03
3.012160736442168e-04
8.262925732783382e-04
3.122078869697831e-04
7.957971017124596e-04
2.675120011383218e-04
2.303542662784563e-04
9.571236181445981e-04
7.864033048940412e-04
1.589086325338593e-03
4.486756606986652e-04
2.298754030506687e-04
1.339366255680411e-03
1.002844719614277e-03
7.980865195826253e-04
4.407850481557396e-04
7.880008176011286e-04
3.917774639398703e-04
4.306802235584731e-04
6.918670555224823e-04
7.721774432918020e-04
6.991647118914612e-04
1.042835795987527e-03
9.524257447328696e-04
1.079675220823883e-03
9.105129628321712e-04
3.828349084628717e-04
8.187801462088932e-04
2.420520667112659e-04
8.281406671440758e-04
4.956148853131082e-04
5.192004378513514e-04
1.009679998365854e-03
1.425353027632769e-03
3.789451706575416e-04
8.741453812622492e-04
4.779640351168838e-04
5.746754136346773e-04
6.900486105140589e-04
5.357168276238328e-04
6.701866567647209e-04
5.381519092223388e-04
1.329699904886079e-03
1.569700623454859e-03
1.064879300963943e-03
7.749667164652085e-04
6.558647383354901e-04
1.242129854838025e-03
1.463434429810823e-03
3.883490173253402e-04
7.695087013324731e-04
5.067542860825551e-04
4.437881124146596e-04
7.472894760533163e-04
5.632558454059979e-04
1.174893998659218e-03
6.039961436726657e-04
1.513667235834465e-03
3.766309163287441e-04
9.705618533928353e-04
1.200323099802413e-03
1.744701023409334e-03
8.102597781413349e-04
1.117718749890918e-03
5.452229392510749e-04
6.882204174882606e-04
1.189951069802322e-03
2.589037789630640e-04
2.496511001244147e-04
5.745661222821291e-04
8.728174790298591e-04
8.050032653264835e-04
1.220255490172778e-03
8.238779250035412e-04
1.021303071952199e-03
9.082100970173568e-04
1.259597464946096e-03
2.426946930104883e-04
1.074922125108775e-03
1.042445071578855e-03
2.937410595411841e-04
8.559197252076638e-04
7.015333301157437e-04
1.060637806105341e-03
1.279926859924729e-03
9.776915687732435e-04
5.958695820901021e-04
5.785717647724803e-04
9.612960447936517e-04
2.546858625699697e-04
6.926740608730571e-04
8.909768021266412e-04
3.167205955056044e-04
9.673398708638478e-04
4.837666644124155e-04
8.226256565688890e-04
7.806141737097040e-04
3.284766122622224e-04
7.909249970056765e-04
1.107388047382125e-03
6.342868700532781e-04
5.605657296928373e-04
3.420229891989971e-04
9.162818857484114e-04
4.917156639256853e-04
1.373915010115964e-03
8.024467070960235e-04
9.998475413096365e-04
8.808935876152225e-04
7.600168313205207e-04
8.186077754372390e-04
5.693355261558993e-04
7.134968963396118e-04
3.442353514916046e-04
4.976983739627188e-04
6.562676714451280e-04
5.239017686536540e-04
3.022919614903050e-04
6.234001885733853e-04
5.370939000055026e-04
1.096288650999350e-03
1.201301613271728e-03
8.115978747417030e-04
1.110024882614264e-03
7.341717286005391e-04
7.076876954681498e-04
5.460762328384108e-04
5.794890348810797e-04
2.301787159731258e-04
1.079901159979338e-03
1.004014658514632e-03
1.176355700177745e-03
1.438749505134940e-03
4.998344098823273e-04
7.083730271198943e-04
1.052801795200712e-03
8.834639591338057e-04
1.057720500837919e-03
7.545158394692392e-04
6.990284234446411e-04
6.986953767511605e-04
3.543416721688134e-04
7.214049541257210e-04
1.005248408020488e-03
4.493426721375689e-04
3.615931723637697e-04
9.069204480652777e-04
9.862903680399829e-04
1.080995578273727e-03
4.126916343823884e-04
5.071608182570116e-04
5.622922922804798e-04
1.265189324175793e-03
1.291854391978567e-03
1.179761518549492e-03
4.158987294620871e-04
5.705545113668852e-04
8.271988163512857e-04
4.036364305516158e-04
7.234713104927626e-04
1.254567408477919e-03
6.367927931489532e-04
1.133806362046066e-03
3.856372784786447e-04
7.937069380483856e-04
4.275317598955561e-04
4.993781761252889e-04
1.498350537157910e-03
4.204324419668428e-04
4.835000839933901e-04
7.762729244616923e-04
1.314576312309955e-03
6.458753639775689e-04
1.370124731358450e-03
8.145733671818861e-04
3.992951189648661e-04
9.972768667258108e-04
7.198763509984262e-04
6.912777606381582e-04
5.804154356722378e-04
8.694671012911581e-04
5.421255474424748e-04
1.363609288220445e-03
6.432069224996072e-04
8.688511959826721e-04
7.787806256003674e-04
7.275745504629697e-04
5.069961215697348e-04
9.217006959134062e-04
7.118506846523896e-04
4.869955321327668e-04
9.902142859389684e-04
1.255459362601403e-03
2.995797552196755e-04
4.905223710492576e-04
9.389051774053791e-04
3.376606555031466e-04
1.164525388968894e-03
1.066482724002510e-03
3.702938581496392e-04
4.347929080644398e-04
6.940641940557628e-04
1.043906557234970e-03
7.351012212115229e-04
3.623133324292242e-04
1.104923165727342e-03
8.581796212957043e-04
1.293247835344875e-03
6.366453099360576e-04
1.475348918178127e-03
3.075336249440180e-04
7.006431049858262e-04
1.325078719572581e-03
7.877409284882596e-04
4.531257269254883e-04
1.480483199082262e-03
3.930009189009157e-04
4.759257503556597e-04
1.048087947309085e-03
6.665590206917913e-04
4.629735531072175e-04
8.607949038014350e-04
1.421955958739301e-03
9.402003982973480e-04
3.366061540406054e-04
5.820031968149918e-04
1.697005429759104e-03
9.705853764524434e-04
1.117602914433489e-03
7.393731474509442e-04
5.199320912704845e-04
8.279341691175053e-04
5.778098890852583e-04
7.627394251912861e-04
1.059241058018404e-03
3.871394688719319e-04
4.448523456980174e-04
7.742597445794524e-04
1.037069860723073e-03
8.270649411968696e-04
3.972098585436383e-04
1.235540404091872e-03
9.348353228689263e-04
1.170746318411046e-03
7.298761921380015e-04
8.709996092993355e-04
3.925760370779397e-04
7.723034037027240e-04
1.079826112703946e-03
1.224656028367828e-03
5.420693894789372e-04
4.125186656988463e-04
3.049900092301337e-04
6.125761736049532e-04
8.145613943101012e-04
8.231666529092173e-04
5.282505820161476e-04
8.982728284093995e-04
1.094174502254331e-03
4.683662212558041e-04
2.857647374404435e-04
9.219479569233366e-04
7.793097304826844e-04
7.701531802449627e-04
3.535397856167502e-04
3.472603255291060e-04
9.600407004611436e-04
3.662959273860883e-04
4.718999660487985e-04
8.502910894246737e-04
1.172193580103219e-03
1.167122032217752e-03
7.982505967602489e-04
4.610203499903735e-04
8.489847048780234e-04
1.589565681669360e-03
7.990092639635276e-04
5.595026858737624e-04
1.685900495781336e-03
9.451567412924963e-04
5.116615847731047e-04
2.138129495344988e-04
1.082987020080709e-03
2.950011040939034e-04
1.084099339932323e-03
7.525812859132753e-04
1.131063911083808e-03
5.327797083346116e-04
8.603103744952141e-04
4.342289718078148e-04
3.185659747864983e-04
3.925610047347789e-04
5.333173304175518e-04
1.221506027366772e-03
1.615722758290939e-03
4.054966569488543e-04
3.890192456315106e-04
7.026918510544121e-04
2.310001198146843e-04
1.590185496043361e-03
1.381074100031949e-03
1.064844869339268e-03
1.105767496039054e-03
4.462227065931607e-04
1.422643745570026e-03
6.119743965663488e-04
5.159474998088851e-04
6.325424590874721e-04
3.526026976292430e-04
6.381892499739068e-04
2.525847586400822e-04
3.818201137511355e-04
6.520055965837650e-04
1.030147965742973e-03
1.013495608813475e-03
1.120755910235642e-03
9.040875998310628e-04
1.477924246289499e-03
1.064283804801134e-03
9.982209448670951e-04
2.137301907630217e-04
4.640763120469800e-04
8.900924719110316e-04
5.381695460883267e-04
7.326745104215950e-04
4.147848149930463e-04
4.095396408669135e-04
3.983984227029871e-04
5.692833168739230e-04
1.264195609251554e-03
1.267796029299241e-03
7.084850438807808e-04
6.280466590704039e-04
2.756502187045611e-04
7.287441506839066e-04
1.054739584415235e-03
7.700298275850839e-04
5.177681929712145e-04
1.258298540757435e-03
7.991282476449709e-04
8.420554059207323e-04
5.993234823303768e-04
1.189847720526773e-03
4.702676286978733e-04
4.918513188109006e-04
8.919087872918378e-04
2.761844169899548e-04
1.491661943612776e-03
2.903975220179997e-04
9.258142090022583e-04
3.556108457054178e-04
1.038865069898520e-03
6.460628468668665e-04
1.029319700739257e-03
8.442159170923408e-04
6.887897011102508e-04
1.027606718338181e-03
4.137871278061839e-04
4.072390577258056e-04
5.932445857794730e-04
9.698549792832088e-04
8.271072683382894e-04
9.886471980694086e-04
8.377624514027874e-04
1.326348688033914e-03
9.194180449621130e-04
5.388462829178292e-04
5.868940263131751e-04
5.579948384848367e-04
7.320311945104610e-04
8.793219336818391e-04
9.300306600847649e-04
9.563025645998312e-04
3.246566822794653e-04
6.864042635541264e-04
1.116294169560683e-03
4.483501734886784e-04
6.179651926971876e-04
6.000685189420621e-04
7.387134923569644e-04
9.011388036849469e-04
8.413395479921045e-04
8.771751393558085e-04
2.981857168574051e-04
7.823077475557065e-04
5.372617533118240e-04
5.584789968775835e-04
3.836423634078921e-04
5.612951591762007e-04
2.886304627896120e-04
8.166890871018370e-04
1.086095560854924e-03
8.138007011824099e-04
1.050339487613473e-03
1.243008944628148e-03
1.003644053790828e-03
4.382895500830415e-04
3.588047583083227e-04
2.847268177673730e-04
9.771464963851523e-04
5.256123129910713e-04
1.306216281955100e-03
2.934344429626413e-04
1.001671204705587e-03
8.796375834464249e-04
5.017444597389819e-04
5.642601488251037e-04
7.938975929813548e-04
2.241601579617422e-04
2.570740352096721e-04
6.999692627073146e-04
1.528846929470274e-03
7.313754256771763e-04
1.845956386065920e-03
5.116747832245959e-04
4.552298108770652e-04
8.834812869588358e-04
4.888703540829179e-04
6.709958858823358e-04
7.667919522427399e-04
5.822102993815884e-04
1.772566602059096e-03
3.562965689667731e-04
3.064942030814612e-04
6.202184349621914e-04
3.078586704734919e-04
1.168320854005159e-03
3.882202642268719e-04
1.080728200624082e-03
5.236720190878425e-04
4.003158261516361e-04
3.562042226429036e-04
1.053937664353756e-03
6.873321916840831e-04
6.826356647321999e-04
6.993828066838171e-04
6.302536205466775e-04
7.453957030747598e-04
8.977427451689584e-04
1.418056247690519e-03
3.674900331488320e-04
1.073510094580961e-03
1.219607186620845e-03
7.376756124936215e-04
4.272701367128853e-04
1.104749887861861e-03
1.078976542998283e-03
5.122645086424160e-04
5.210059973628789e-04
3.731509321658961e-04
9.809176195463847e-04
7.279874576075296e-04
8.343534923103518e-04
4.451803577571595e-04
4.516536055972260e-04
8.081326631050697e-04
6.962048615077878e-04
6.356334086773606e-04
6.621721318727341e-04
1.134608284550318e-03
4.851577734770253e-04
7.436887040272798e-04
3.461392906350686e-04
9.643837537478187e-04
1.009326623605917e-03
6.372778223568403e-04
4.441084545542990e-04
1.339996786908216e-03
5.375715538588110e-04
6.469825305604406e-04
9.738736388803209e-04
7.773424940575157e-04
6.224968202392968e-04
1.062197144702575e-03
7.807875722732416e-04
5.930428664030024e-04
9.343704768570197e-04
2.860995470119082e-04
5.538633783487281e-04
5.837334972362447e-04
1.017576908601033e-03
4.719953797793564e-04
9.616730505813415e-04
7.945717402235469e-04
7.987517032883559e-04
1.690504187734374e-03
1.179388463634929e-03
2.788243579204603e-04
2.516073984959973e-04
6.344659104508033e-04
2.852133530306273e-04
1.223033059014175e-03
7.756793635991387e-04
3.941688371899621e-04
3.957432770433922e-04
4.254935050870515e-04
6.034083571121206e-04
5.469145145927165e-04
5.439982479405680e-04
7.995590992120959e-04
3.335363838070797e-04
1.005780200310862e-03
1.291271772761376e-03
2.602626833516323e-04
4.969731103314330e-04
6.295380020481888e-04
3.738790165421897e-04
6.336382717297357e-04
1.227015019287260e-03
6.602571357982522e-04
3.994668710718118e-04
1.167019106494063e-03
5.931216405959233e-04
9.681195610527428e-04
9.856222632568113e-04
5.928684474815017e-04
8.195877404479852e-04
1.222171953101134e-03
4.280802444602817e-04
1.042961140131477e-03
7.727052696455731e-04
4.233238684259460e-04
9.926365402985267e-04
1.252883816687872e-03
3.591868790014690e-04
3.215571176087925e-04
7.126001172121134e-04
7.993716614321550e-04
4.252600044536872e-04
8.028118701256784e-04
3.290194883052891e-04
2.185537074376926e-04
9.982821406265975e-04
1.494201178841564e-03
7.237349919694957e-04
6.864148285916651e-04
1.301496582843534e-03
8.738394426220033e-04
6.034903612430349e-04
3.094103393004823e-04
1.159169464714296e-03
4.807227155450823e-04
3.221563049247469e-04
3.035232879465362e-04
1.140348008254357e-03
6.591183681733527e-04
5.428777796911559e-04
6.874530105214317e-04
9.892613117621282e-04
6.667812134444207e-04
9.440215271093477e-04
1.305267488393253e-03
2.278378196149561e-04
4.500516090837672e-04
6.071072536222011e-04
4.028141143298503e-04
9.183822030978403e-04
8.560433842355327e-04
5.737695882514853e-04
1.155932622884232e-03
8.936269580933919e-04
6.559466049628289e-04
8.913764299543456e-04
1.354196148412302e-03
9.052036728217325e-04
3.370459320197745e-04
6.292200542054921e-04
8.436854498491814e-04
7.661618095898971e-04
2.815916397316126e-04
1.254886611363672e-03
1.231875077736596e-03
1.015993548551167e-03
1.072427321543798e-03
9.610323893795652e-04
4.679580214928507e-04
6.318316415372450e-04
8.243828705761596e-04
1.248464496264161e-03
5.607005482869596e-04
7.740857940884190e-04
5.909389230585167e-04
2.279967891706309e-04
5.212471932599791e-04
1.426033695325325e-03
2.886792485119604e-04
7.739445037965071e-04
1.035484028716228e-03
6.768877441660421e-04
9.582009338192511e-04
1.091305876838368e-03
1.083304554091010e-03
4.837026349502227e-04
3.242307991695116e-04
8.987430619770892e-04
1.211762402438101e-03
2.538090614629635e-04
7.372263401226338e-04
9.137215921425170e-04
1.679531416434380e-03
6.571834249571733e-04
5.886879609589719e-04
3.943993030094538e-04
4.944893691388611e-04
1.196008012630670e-03
9.313270107790669e-04
5.039234674103266e-04
9.412038432643265e-04
9.592445334382723e-04
1.006979483747508e-03
1.012471213727615e-03
2.766743713041755e-04
1.179572452270101e-03
1.214612617611232e-03
7.583222308347057e-04
6.635317476087286e-04
5.587716259725212e-04
3.660326087420060e-04
8.941852378027777e-04
9.229574719904961e-04
1.028735272355791e-03
4.141366352132369e-04
5.385521860835562e-04
2.794576313187538e-04
1.048824124243738e-03
9.186890838384133e-04
1.108619868868138e-03
3.254501002297746e-04
6.040959994332912e-04
1.039082326101220e-03
8.562124954952734e-04
7.351258082799791e-04
9.631038628159701e-04
9.670477978656924e-04
1.497625024877861e-03
8.604637756800668e-04
4.073296679572958e-04
4.071183220343519e-04
9.753897672695045e-04
5.265615239541754e-04
6.906039173449746e-04
7.741774750328603e-04
9.503972510369377e-04
4.994951639757919e-04
1.432437808779120e-03
1.112193803969751e-03
2.484673731112162e-04
1.130873602418238e-03
1.116721849323927e-03
7.541786777072595e-04
3.406681914191481e-04
6.873480115903540e-04
4.613911854507641e-04
3.038916407907980e-04
1.514502558678737e-03
6.191346425393926e-04
9.530636119644443e-04
9.322361353847674e-04
9.409881094919895e-04
2.962143542174521e-04
9.029265706778570e-04
4.533133671061099e-04
6.759243508808934e-04
1.392733064224091e-03
8.319846922919642e-04
8.312049750054468e-04
3.196639774460767e-04
8.829257486630313e-04
6.855411583624269e-04
9.502968878982456e-04
3.776670935132379e-04
2.961839462124235e-04
2.494994247088241e-04
6.125595250592721e-04
9.659838000450414e-04
8.440523199266983e-04
1.658630069156147e-03
1.113576565640891e-03
3.427631866469900e-04
7.113155922421002e-04
7.766011210084833e-04
1.065366350071430e-03
3.419611588619729e-04
6.601963429131081e-04
1.004785002741210e-03
3.338453821385282e-04
8.023435406418443e-04
2.200373649618088e-04
8.385628316618882e-04
1.306439579595446e-03
1.108203527829595e-03
1.314785500733928e-03
1.053553255262024e-03
5.020737627355856e-04
1.155929419174681e-03
5.054486602545205e-04
6.664912673979233e-04
2.720835050146038e-04
1.630917913271394e-03
6.079291958039255e-04
1.191669743785737e-03
1.178095412589632e-03
7.170597257766167e-04
3.216982709195836e-04
1.252632285238506e-03
5.315381237366227e-04
9.610162389146306e-04
3.449632796446547e-04
8.861746200816379e-04
4.252193146139721e-04
6.323069799694833e-04
9.912348818197371e-04
3.215393586991715e-04
8.391627504578894e-04
1.053191218949580e-03
9.056605263799810e-04
6.826242280824624e-04
6.734775697709602e-04
1.383513665231766e-03
2.353892112146043e-04
1.481128126618654e-03
3.168525788033559e-04
3.599172570055671e-04
6.041213730485987e-04
6.936987254277491e-04
7.127423469894803e-04
2.314235743418802e-04
7.674920712390886e-04
8.902033238870670e-04
1.060170897164928e-03
7.224669321768000e-04
6.215948090850889e-04
3.465034522019168e-04
3.366209572711834e-04
8.605901662283142e-04
6.372844766549101e-04
1.019908124522695e-03
3.235372861832090e-04
1.369780664433334e-03
8.846885317601754e-04
4.379333040745280e-04
7.580301780932483e-04
3.110264085089512e-04
6.927217201583593e-04
1.134934469056960e-03
9.234069514310321e-04
4.630348369604045e-04
9.320561113031604e-04
9.065722052573519e-04
1.008220493384544e-03
3.572347711818596e-04
3.390122506507625e-04
9.615923812907570e-04
4.298233660544714e-04
1.913023279962762e-03
3.942384969617394e-04
8.315239128701546e-04
7.175065896888296e-04
1.086022344299129e-03
4.531607499933475e-04
7.466335801437293e-04
1.252059134277555e-03
1.187257356131535e-03
1.132227330018762e-03
3.991717109806942e-04
3.622830449831171e-04
1.043377987768632e-03
6.982552393190005e-04
9.322797452092101e-04
4.093961671705054e-04
8.577323288699974e-04
4.442859695575683e-04
2.966176120715768e-04
7.431433189792627e-04
4.691781957389097e-04
9.258299561355790e-04
6.799745376153234e-04
6.033995672140306e-04
2.372402076226121e-04
4.224981967836298e-04
9.906446016493943e-04
1.062674363213839e-03
8.512781765549426e-04
3.293312495242745e-04
4.069495839608314e-04
7.578074086549970e-04
9.353491286304833e-04
6.600253250926022e-04
9.968673960177961e-04
1.282662438257685e-03
8.856365486788705e-04
1.070897896683360e-03
1.506320913350859e-03
8.430620543041142e-04
4.057133386716287e-04
3.932804668852314e-04
8.869781833542273e-04
1.015691263539423e-03
1.035935518039946e-03
1.250443348268208e-03
2.489132372614176e-04
3.756615454467082e-04
7.531627937034387e-04
1.155173690317258e-03
1.324724379868794e-03
4.958834372466538e-04
1.367778871769022e-03
4.368327073412675e-04
3.588376125595848e-04
5.598030530645279e-04
9.819479769120382e-04
3.524811641037072e-04
6.078813542888955e-04
3.606359383173858e-04
6.888711807277227e-04
1.041039666157682e-03
2.753638149222903e-04
1.712003782656087e-03
5.957557896214103e-04
1.064618602682445e-03
1.040984691593562e-03
8.655281128673778e-04
4.095539113504934e-04
5.124525043779434e-04
1.450747100600050e-03
1.121016502557266e-03
9.385845480407344e-04
3.001717991712579e-04
6.840880094814733e-04
8.129794254177794e-04
6.830166110359651e-04
4.185222879190823e-04
5.362728014467327e-04
7.841675735082096e-04
2.588903850492371e-04
4.139670195997590e-04
4.492452084147207e-04
1.052597513938971e-03
4.919528289708648e-04
9.491007601166125e-04
1.204573710393926e-03
3.573160400120943e-04
5.927991463078092e-04
9.508298207208837e-04
2.434357842036108e-04
3.030188825483167e-04
1.094338361823919e-03
4.985623797090831e-04
8.672141153225380e-04
4.107502097846450e-04
7.225892298755646e-04
5.225061992965683e-04
6.503641915674109e-04
7.561235116841274e-04
4.499441019953053e-04
1.224238184970466e-03
1.226486588398525e-03
9.647840964078583e-04
1.127406529846831e-03
4.101908147795580e-04
8.155872250076336e-04
7.507991739471461e-04
9.182337812271348e-04
3.693690003318119e-04
4.886245671630624e-04
1.139224263369108e-03
5.677386430873860e-04
1.524022270304612e-03
3.373446142945750e-04
5.499836679721265e-04
4.941637925537412e-04
1.563976507168735e-03
5.065865942723392e-04
9.489224648766277e-04
1.427235474472153e-03
1.399194648644927e-03
4.562213840409179e-04
9.101765371608117e-04
8.562953312614905e-04
8.425876142951403e-04
3.538750547024239e-04
1.092856141381556e-03
2.455324980866744e-04
4.636707262049830e-04
1.256699928199003e-03
4.741472364884556e-04
6.635523525632176e-04
1.055517063751204e-03
4.668757257077555e-04
9.885134427588438e-04
8.375237558290862e-04
1.070485302259444e-03
5.492022904631426e-04
5.123051026361833e-04
7.005075828347565e-04
6.468608008605560e-04
8.804301964523525e-04
8.795494712268074e-04
1.057602368212134e-03
8.492705725933313e-04
7.785290689021152e-04
5.687604290541706e-04
1.498252376357217e-03
7.397975619292932e-04
4.054377399770685e-04
8.077908265153901e-04
4.124799875651417e-04
7.692727103631189e-04
3.752353358881880e-04
7.959863555440761e-04
6.911622205009714e-04
2.842069436405307e-04
8.267354353283921e-04
5.151903486207983e-04
1.016818493229563e-03
7.035947811355347e-04
1.033755134032854e-03
4.187277008929025e-04
3.965717300847786e-04
1.223048969247204e-03
3.834060686170242e-04
5.210103960298488e-04
7.520979777321971e-04
6.334018715902477e-04
8.867143012562705e-04
6.575604733649372e-04
4.784729198892147e-04
6.832020256010709e-04
9.784672646201979e-04
1.073581472831959e-03
1.215111786832216e-03
4.783708242017499e-04
5.864897895929708e-04
1.053034583061941e-03
6.880355608021021e-04
4.316004114607441e-04
1.162225866331795e-03
5.316969866649580e-04
3.463672460889029e-04
1.475051704666809e-03
6.859495041086103e-04
1.424886403793862e-03
1.475175681635763e-03
1.021463966208705e-03
9.665862686843859e-04
1.110495611389054e-03
3.594848996859878e-04
4.365436041633355e-04
2.521967988646752e-04
8.417136498655669e-04
4.057151826093577e-04
1.065269312072333e-03
1.013600248343228e-03
8.125381567443374e-04
1.316235002870919e-03
3.324915525823524e-04
5.250208795290734e-04
9.418723506353346e-04
1.427316004390407e-03
4.747577251075373e-04
1.107504597693467e-03
1.153958081623695e-03
9.507751644067848e-04
8.413004376644889e-04
6.214993399546176e-04
1.066355818291084e-03
1.226656310910415e-03
4.222771757794435e-04
9.110268041863392e-04
8.425256414163880e-04
4.297685193056510e-04
1.439641888813700e-03
5.794834047457977e-04
3.352547083039250e-04
9.499018201004574e-04
1.006963595757368e-03
3.518055029737613e-04
7.928943534592130e-04
1.768215761961969e-03
2.492497474166529e-04
8.478335101732620e-04
4.633175654868609e-04
7.528967595991237e-04
3.557770938447525e-04
3.711598866114882e-04
1.256250139847921e-03
1.411288261616439e-03
3.277668042332356e-04
1.510840221748353e-03
1.808363403548569e-03
1.474699220175529e-03
1.023454815364285e-03
9.921490717628083e-04
8.947782549957285e-04
6.372039811954139e-04
1.269393680824174e-03
1.000388478281551e-03
1.030442271469383e-03
1.204348996904631e-03
6.698526906446733e-04
1.370594984501466e-03
8.655500428098757e-04
2.454868007120740e-04
9.869909075767649e-04
1.216618728927513e-03
7.793506868855535e-04
1.532317500449078e-03
5.890214376762748e-04
5.048407598830610e-04
4.352579466615329e-04
2.749257545040586e-04
4.317718936207354e-04
7.212104407401290e-04
6.970904132730825e-04
3.445888218190493e-04
8.524266871752577e-04
6.825856976634308e-04
1.680571696807028e-03
4.139264711918579e-04
1.350358123923037e-03
4.924500954963740e-04
1.179317987190511e-03
8.029718197549757e-04
1.000018777839565e-03
1.037683290941386e-03
1.055915634739076e-03
1.048858077654959e-03
2.585122770167553e-04
7.600999259777209e-04
1.083524429498413e-03
4.192636700837749e-04
3.013588344780377e-04
3.566358316551207e-04
8.907461105356955e-04
6.375222575992494e-04
7.524668608495316e-04
7.371534325216884e-04
6.230264116240587e-04
1.488923850400544e-03
1.040988851577089e-03
4.840607384609230e-04
3.281293447810393e-04
7.781584149748298e-04
3.478359672237004e-04
1.033344057354628e-03
9.225276562648375e-04
1.054528415016989e-03
1.130738384675143e-03
7.888457701116022e-04
6.729457220563848e-04
1.003589572470028e-03
9.384584536840006e-04
1.653662223231639e-03
8.653949255664104e-04
1.115515497352343e-03
4.087280706575415e-04
2.752587341607501e-04
8.322825914000774e-04
4.148474895618925e-04
4.338206182890529e-04
1.847874284810368e-03
6.961878898796739e-04
9.056884446452980e-04
3.477759109790832e-04
7.645060846719571e-04
7.629175794772900e-04
7.131372410228613e-04
7.878384238715914e-04
4.765933785400313e-04
6.960346760389985e-04
5.734400115081260e-04
2.664038168248803e-04
4.401904562940335e-04
6.518718538364885e-04
3.632484885830916e-04
1.461192556359946e-03
6.945933713570551e-04
1.226015586629046e-03
1.206943758732011e-03
4.396003159580711e-04
1.244206867926832e-03
1.035556274735199e-03
1.059159096728140e-03
6.313282415427209e-04
6.431045284322813e-04
1.078348640758891e-03
8.792829652509875e-04
7.644934881676208e-04
9.500533721478066e-04
1.030294732729311e-03
3.296416113053932e-04
9.191831302138232e-04
8.891202065408073e-04
8.653719281406836e-04
9.550944570832650e-04
8.594027820628154e-04
5.984025240894694e-04
8.194088390877121e-04
2.544920720270335e-04
9.160336770738832e-04
1.460994605965578e-03
4.278753388607079e-04
9.381895652199447e-04
8.853304804907459e-04
1.030192450186373e-03
4.279070329571951e-04
4.044113406521646e-04
5.508860833727142e-04
4.586407832205375e-04
4.240092822269911e-04
6.311797806172144e-04
7.281795306381858e-04
1.151440746890079e-03
8.049955439590143e-04
5.229840378298616e-04
1.159577280894496e-03
3.213414315583385e-04
8.350959758250967e-04
8.587410748022882e-04
3.471009108136588e-04
1.062952809157571e-03
1.258790121321234e-03
4.583885916280125e-04
4.171801381091846e-04
5.011252491057371e-04
4.009308518867057e-04
4.562958025541712e-04
6.284769093370581e-04
6.151043356434726e-04
7.016566617671606e-04
1.418206000457011e-03
9.813395402901589e-04
7.588132742204101e-04
1.209166737311227e-03
1.131187134152914e-03
1.130114053733337e-03
5.380418771193558e-04
6.128169132421439e-04
7.164885745123064e-04
4.484838060043116e-04
3.572677870346042e-04
1.258309291314769e-03
1.069008123639357e-03
6.266015243411931e-04
5.954599598993492e-04
6.330601975187683e-04
3.535810216930366e-04
1.375720036811744e-03
5.133793560038247e-04
8.495345822570119e-04
3.798570080317934e-04
4.404154095362464e-04
1.081353500668915e-03
6.933047652871421e-04
1.590230771587394e-03
1.142331375402906e-03
6.035135917068819e-04
8.109980784666681e-04
1.144343541488440e-03
2.586685968232986e-04
9.249378919540193e-04
6.420914229523868e-04
3.022141754586386e-04
7.322117632964557e-04
9.886760845854283e-04
5.391593378035039e-04
2.537560439344660e-04
8.784642351779787e-04
1.589844031329934e-03
8.212797045916971e-04
2.875066129668546e-04
1.282547745644265e-03
2.856190536725604e-04
1.225947921018063e-03
1.123863260606340e-03
9.791930212357210e-04
6.117430279246407e-04
9.639916611124822e-04
1.512568563373336e-03
5.513796712481019e-04
7.904278788520320e-04
9.892518185127296e-04
3.581812617977917e-04
1.584964447666841e-03
7.839501958313299e-04
6.067778349817128e-04
3.950670172565081e-04
1.482252652533916e-03
7.020224931296783e-04
5.514749991118594e-04
3.839956874734481e-04
4.900982174813554e-04
6.687541152947105e-04
2.717062116357054e-04
1.194240955062695e-03
8.634956679639501e-04
3.840225067401970e-04
2.539642366773097e-04
2.858346798734883e-04
7.823309434309049e-04
7.877018327323045e-04
6.778508099977869e-04
1.032037120783834e-03
5.765976731285246e-04
3.762167203850779e-04
1.202646147352569e-03
1.167275630240467e-03
3.631979847742193e-04
3.706714167335563e-04
2.784934049516008e-04
8.392891750659750e-04
1.263499319035043e-03
2.597538019467394e-04
9.060808453681570e-04
4.129556092660276e-04
1.785851539479044e-03
6.333981743543962e-04
7.366000371489040e-04
1.087089394772572e-03
4.542471978366629e-04
1.394052268193730e-03
4.676704671240762e-04
1.609317208670065e-03
8.677540000998887e-04
5.937493043174153e-04
9.449320799143836e-04
1.388724185833681e-03
6.581792279717396e-04
9.051186819638281e-04
1.178756795497749e-03
7.800396544728437e-04
8.302649955709125e-04
8.321587185903941e-04
6.072088583127605e-04
6.125487161396518e-04
6.596531806027949e-04
2.412587384118618e-04
4.437346147366069e-04
3.645484467805102e-04
8.390413656245825e-04
4.233818436516255e-04
4.103481863721454e-04
3.533417618431728e-04
8.817117079666021e-04
1.196575609828457e-03
2.854779505550093e-04
2.782987513570550e-04
9.568988356629687e-04
6.897249058273495e-04
4.728177211078913e-04
5.295453842918480e-04
9.814916196009952e-04
5.601086426401047e-04
4.909214854315808e-04
7.377850203834064e-04
6.465796054679017e-04
6.417060630578848e-04
1.101998410711418e-03
1.663560549728594e-03
7.223138314340670e-04
7.532120651215814e-04
5.568536498981834e-04
9.626231519910889e-04
4.060568841020252e-04
7.530818654062346e-04
9.056243099857278e-04
7.903556089307595e-04
8.287098752786371e-04
5.453858876639786e-04
2.937972731172601e-04
6.206970954831481e-04
7.648584298246339e-04
1.924564919418456e-03
9.334516704009756e-04
6.038905721620695e-04
2.682672120056915e-04
5.674232113026623e-04
1.156032823159451e-03
8.897961475727697e-04
1.040038536212291e-03
1.483036535356305e-03
1.218148860978701e-03
9.639114000877172e-04
9.816126537162007e-04
3.986584908947063e-04
1.368906694230065e-03
1.303463769727816e-03
1.142492630923279e-03
3.169919546744298e-04
1.849137044716849e-03
1.045688441415847e-03
1.409250636814011e-03
3.538575275297082e-04
6.280533053627893e-04
3.954282390651757e-04
4.402571604757561e-04
1.149185397406220e-03
3.630236648914654e-04
1.187858330597901e-03
1.227901246941547e-03
8.542828317678673e-04
1.089017567430922e-03
9.183234109023883e-04
4.724875865370869e-04
3.910317613991008e-04
9.329285957776145e-04
5.575418819287146e-04
6.882921283316217e-04
6.272234968595681e-04
6.656938914596878e-04
5.859773835453304e-04
6.612471804564419e-04
1.196928420792934e-03
1.484145260931992e-03
6.570091274052704e-04
1.384456935912445e-03
6.344151427046360e-04
9.215260159541098e-04
5.249567910241578e-04
4.974513401015895e-04
1.040227127892973e-03
5.027799710685464e-04
6.560348047858551e-04
1.150872863804514e-03
6.293144498039114e-04
9.228475333510584e-04
6.835971195297474e-04
1.191859057743876e-03
7.514670786873440e-04
4.244019783727222e-04
4.956099243179755e-04
9.052549088932300e-04
8.245460037284574e-04
8.713213603768963e-04
5.408070141718607e-04
1.353892023730536e-03
9.675548189986231e-04
1.403934126139761e-03
3.742009214978862e-04
4.674102349791615e-04
1.676346504327843e-03
1.012462067446444e-03
1.160528133523906e-03
1.356010858137761e-03
3.773299882230714e-04
7.291621605086593e-04
9.303968166476076e-04
1.280419040427354e-03
5.907887071508250e-04
1.394992469568302e-03
7.315165372175869e-04
1.243270761621014e-03
6.884574345081835e-04
1.019631262098780e-03
4.698607452528888e-04
7.243313697163000e-04
3.428580142065510e-04
6.077024257822902e-04
5.467245507542889e-04
4.471861561591653e-04
4.981197339211080e-04
2.352532291930127e-04
2.917084474044170e-04
1.068396825699695e-03
8.588047179825008e-04
2.589105882136478e-04
4.604544013828932e-04
7.995822594198073e-04
8.099968644179324e-04
1.376364630740936e-03
1.107948983117445e-03
5.761051534182505e-04
4.593613380689569e-04
6.694003793466706e-04
1.117341511409201e-03
1.155884599413223e-03
7.015627833604544e-04
6.312320218967838e-04
2.513777030496931e-04
8.717783939713259e-04
5.195481979772977e-04
1.308118346407477e-03
6.898975503458358e-04
2.778214609505993e-04
2.281133734177338e-04
8.800978561167554e-04
3.459380727024364e-04
6.350798702950338e-04
8.748825169369624e-04
1.181919021243612e-03
4.452131072972425e-04
9.184316455130668e-04
7.952676731112168e-04
1.121114070396269e-03
9.516630415054989e-04
9.433054715667892e-04
1.062131122430453e-03
1.067675838246808e-03
1.105534593607762e-03
9.134466630326403e-04
8.178977844385575e-04
1.358798692171154e-03
1.134605876916759e-03
1.055572570005943e-03
7.567066350902252e-04
3.362964821974875e-04
4.559047283533007e-04
1.146552941402520e-03
6.646898764265437e-04
8.400519985465522e-04
2.649434261507721e-04
9.197035128348701e-04
9.554342180703919e-04
2.403576955773516e-04
1.086721264884121e-03
9.403208126275987e-04
1.115538190481461e-03
1.745233785358344e-03
6.042888066957837e-04
8.853666569914876e-04
8.323073568459080e-04
6.967847060490085e-04
8.561650181584122e-04
4.276885307966508e-04
1.496813171868467e-03
1.098045410565547e-03
1.122834508940889e-03
1.792871701144254e-03
6.340280720616815e-04
7.628263094296836e-04
7.003006650970092e-04
2.837346383598040e-04
1.672289639285200e-03
3.302414326017142e-04
8.056542536699990e-04
7.881488482148296e-04
5.337552536681909e-04
1.086944084482865e-03
5.757045106208282e-04
1.139507245531056e-03
4.085723809760255e-04
6.530822966774832e-04
2.945102976284087e-04
3.302450005401091e-04
9.870848411018499e-04
1.303535316331439e-03
8.866756109478457e-04
8.107044670529252e-04
5.883300069388973e-04
4.837433854688475e-04
1.282143782507377e-03
9.216925880047912e-04
7.491761589085766e-04
2.471002252372061e-04
2.857351723170145e-04
7.353980139037064e-04
6.524918332720495e-04
5.800438283472685e-04
3.848350968122808e-04
3.580865225725184e-04
1.751441272910368e-03
1.059133411390692e-03
4.046616982128365e-04
5.154794949699406e-04
4.877439750418767e-04
4.431915913642524e-04
5.001056699833320e-04
6.001170056942306e-04
1.117209890438976e-03
1.469878857437979e-03
5.389510936044935e-04
6.617118602720883e-04
9.852847280964134e-04
4.797678793615906e-04
4.524072667771729e-04
5.262508403657681e-04
3.558610662580206e-04
6.148578816498466e-04
7.553766683492403e-04
1.743311944959397e-03
6.276840837836468e-04
5.720792722147174e-04
5.981667344946526e-04
2.252347743439361e-04
8.368685570808835e-04
1.321845510324825e-03
3.585604154156541e-04
4.571107157252749e-04
3.780076856356877e-04
3.651182610696087e-04
6.874959955362019e-04
8.545622831541957e-04
8.770160594990964e-04
2.977582453126222e-04
8.932767503170348e-04
1.148800818356608e-03
7.881752796569399e-04
4.689732223681931e-04
4.301557445659053e-04
1.295056010269761e-03
1.561150994311284e-03
8.907298344818850e-04
1.066333294433091e-03
7.941800117493890e-04
6.992399331612778e-04
4.063420776664277e-04
2.735149503239813e-04
8.878121406907910e-04
7.553832173994107e-04
1.459960372494857e-03
9.847946072782268e-04
5.352137509558642e-04
7.118861415399832e-04
7.932867490362107e-04
3.760345475215252e-04
4.362175991690330e-04
1.253833866804565e-03
8.081018881550414e-04
1.083483959431806e-03
8.316019719620820e-04
8.034462919673626e-04
5.228895953330877e-04
1.577134069559382e-03
7.006089044282321e-04
8.576461080996885e-04
3.519303036410505e-04
3.458060165815718e-04
1.142653695882749e-03
5.924285408947049e-04
6.086719208652240e-04
7.456136376118387e-04
5.044188327560024e-04
5.787678853369358e-04
1.185289194723832e-03
3.975173396684224e-04
8.750728666727291e-04
8.248707512271245e-04
1.145523598369524e-03
1.240651927286679e-03
8.408116768871033e-04
1.004183566163484e-03
3.866904887986907e-04
4.864301002666567e-04
6.223610852176967e-04
4.880857545984881e-04
9.601797675867396e-04
4.302280006303873e-04
2.684045382246031e-04
4.226599529626421e-04
1.171988881041797e-03
8.672592988581101e-04
1.081209171012255e-03
7.454672719042067e-04
1.216807571587578e-03
3.467856632271389e-04
1.654178937872587e-03
3.440619795025468e-04
8.934516560526187e-04
6.195813015397890e-04
9.216886616211213e-04
1.085572779677628e-03
1.154433484890950e-03
9.617359450427882e-04
4.030920249012161e-04
3.988172168759868e-04
5.670470292068594e-04
8.370344678010847e-04
5.880043322602697e-04
7.412154403580776e-04
2.893275079001034e-04
4.683858753297072e-04
8.504119691104354e-04
8.931348687587083e-04
6.949278590430298e-04
3.419053991930313e-04
6.763164894520569e-04
1.480398856892030e-03
1.261751085397025e-03
1.218845372373198e-03
5.745043169202793e-04
8.200564416881046e-04
1.041234279432725e-03
3.025836097891703e-04
5.103887645397079e-04
6.903588256399714e-04
3.008741484480144e-04
8.718250182799151e-04
7.385028126639295e-04
6.009217022982613e-04
3.561844526938608e-04
5.981937356961047e-04
2.592549181324290e-04
8.028028157212073e-04
7.097878661620992e-04
6.776056629686170e-04
1.272509081843153e-03
6.557108886274332e-04
3.839803924804510e-04
6.773110786141745e-04
5.149364674868583e-04
3.632211640671827e-04
1.198073988302042e-03
3.148186294044719e-04
5.475462992044252e-04
9.825161742701950e-04
6.703775741314777e-04
9.386942299462850e-04
7.352694818739944e-04
8.542912521010481e-04
1.123648179502853e-03
1.335430936293771e-03
2.379624878205276e-04
5.598142711629104e-04
3.272547199779812e-04
1.006820298240759e-03
2.664386859705656e-04
1.014429215388032e-03
7.909734963249622e-04
5.989450197312784e-04
1.056342119886646e-03
8.420103691825550e-04
1.037236954632281e-03
1.290354375059423e-03
5.268606409502934e-04
2.275245852857293e-04
4.555566349354265e-04
1.042207359153423e-03
1.904240882052905e-03
9.700397530603862e-04
6.902175363874994e-04
7.029823920530319e-04
1.120383826732723e-03
2.765625873121191e-04
7.540090287651735e-04
1.527784414851294e-03
5.177069921703062e-04
1.592544802178945e-03
1.264305402569418e-03
6.152855514307570e-04
5.369593672430141e-04
5.283344695575159e-04
1.098926035063605e-03
9.158583746970979e-04
1.791044994584604e-03
5.649587648457857e-04
5.903486443156839e-04
5.726598649843567e-04
1.053795415831775e-03
3.743080888143558e-04
1.576249377159197e-03
8.173709484521009e-04
1.589174460499203e-03
9.581436160791485e-04
3.604883977637596e-04
1.048112610188816e-03
1.048023034473698e-03
8.030372569298586e-04
6.923367286757981e-04
4.656612108608493e-04
1.260713498022710e-03
1.271964971905005e-03
9.894324021078296e-04
1.059791587205637e-03
9.148101972268006e-04
8.924678410409998e-04
3.707135645576388e-04
5.965679592524383e-04
6.192439084916781e-04
1.009508673580922e-03
1.063685891327634e-03
6.688529435180517e-04
5.448199305484637e-04
5.822532933664787e-04
1.005571391966072e-03
6.331652359839381e-04
6.258310010158436e-04
1.480193889359345e-03
6.075659471300203e-04
8.330554132386735e-04
8.746733907731891e-04
8.923975261123843e-04
1.164062274032115e-03
9.044088979396696e-04
5.845372412150239e-04
5.132316192592472e-04
6.114774071412393e-04
7.771696164151095e-04
4.496163131066071e-04
1.002481816670949e-03
1.943943490361430e-03
1.254541214835990e-03
1.034654882853719e-03
5.834997960918635e-04
2.597859651021341e-04
7.976114570120117e-04
1.297874117620750e-03
4.602655660107033e-04
5.930808773108529e-04
8.068828844193484e-04
6.248006403563342e-04
1.257162850660222e-03
6.215464171474352e-04
2.903972265258579e-04
6.389145955089527e-04
6.581390154873249e-04
1.103151210813935e-03
5.786828602726269e-04
1.305458904799834e-03
8.846221463707537e-04
6.354692439146077e-04
1.066280832974806e-03
2.829204415819461e-04
1.018447866598051e-03
7.073129327097790e-04
1.135266566163614e-03
1.010212307970813e-03
6.910487980756065e-04
4.358835341318501e-04
5.394524357207498e-04
7.528571744125316e-04
9.506877993396792e-04
1.165977986616339e-03
8.967350735464038e-04
9.543380877773394e-04
1.026056059861685e-03
6.619110318651761e-04
5.313188866724753e-04
6.669676964460432e-04
1.318388272439700e-03
1.216775074050972e-03
1.496196858880795e-03
6.938113866222736e-04
8.046043202467597e-04
1.058773079301362e-03
5.086691869677719e-04
1.228310356918748e-03
1.268189668474610e-03
7.642529990203921e-04
3.085772971771566e-04
1.056781012193643e-03
7.535476182357777e-04
5.618932040044993e-04
1.080786358398581e-03
3.990317568893168e-04
1.337669509232683e-03
2.447887935780403e-04
1.135948606958752e-03
3.181181408535421e-04
1.009885250229697e-03
1.438304253258800e-03
7.877668382209140e-04
3.579570034645051e-04
7.661151980525756e-04
4.092654380325397e-04
6.792616381196030e-04
1.027822845046399e-03
4.071339191932164e-04
8.511549983016994e-04
1.160563227506392e-03
6.654230236446273e-04
1.458266399643720e-03
5.976061363468354e-04
6.718920118949620e-04
6.415555918300464e-04
5.959376851489463e-04
6.674622606147804e-04
4.647189808772479e-04
8.953437198619182e-04
6.133785233960299e-04
4.834232698628756e-04
1.239333055818758e-03
6.629467645531148e-04
9.766361080359529e-04
3.479594491465877e-04
4.681737223140081e-04
1.318951261332167e-03
1.334162218447903e-03
1.634632999125154e-03
5.263793047984816e-04
2.086536108224263e-04
1.651144690235840e-03
1.039192703125555e-03
6.437348730899066e-04
1.064442617437837e-03
2.518720237237084e-04
1.223929039047724e-03
4.387595829989145e-04
6.107799885771317e-04
8.991679208552887e-04
9.480511658628788e-04
7.229459798265864e-04
5.737715235446487e-04
6.164756942049017e-04
3.868777770099413e-04
1.547640091013197e-03
3.894872027793453e-04
7.729087322560444e-04
2.372949579558240e-04
8.539931483777219e-04
1.149429714693375e-03
6.921295501155498e-04
7.543471162768121e-04
5.981552378831396e-04
2.222435472725897e-04
4.603397625047622e-04
1.708044036513197e-03
7.915938297650620e-04
4.627709873338881e-04
7.990594006168515e-04
3.082383078887972e-04
2.881364286462956e-04
4.374949877082001e-04
9.285681233076356e-04
1.402464766761482e-03
7.116588376136154e-04
1.227950383245512e-03
5.096488370850802e-04
2.917330203916109e-04
2.778951888983448e-04
7.107047371324297e-04
3.201963432775146e-04
1.174502021989651e-03
7.435560481275807e-04
1.500276174895443e-03
8.891265669019302e-04
1.086040150814527e-03
6.835833421462984e-04
6.977384854966017e-04
1.143067404048390e-03
5.122539040203978e-04
5.225251103359886e-04
6.716896909352506e-04
1.321924495185226e-03
5.538349273465409e-04
6.730440484747560e-04
8.846720923250933e-04
1.392366024856224e-03
8.949563548503456e-04
7.052558458307001e-04
1.486723107656809e-03
9.307369645407408e-04
1.659281263008266e-03
1.336282255917355e-03
7.411361624331924e-04
9.913231383282901e-04
7.686990789118706e-04
4.260160458162788e-04
1.067239221056098e-03
1.145633518180457e-03
6.877412112807500e-04
2.426113936173185e-04
3.072947316120038e-04
1.196403619101198e-03
9.216119712604288e-04
1.062062527073438e-03
6.461820005297812e-04
4.843655265203679e-04
5.881276869757286e-04
2.894255077022564e-04
7.437634743477138e-04
9.450654713927459e-04
1.197953407594581e-03
1.655191298788721e-03
4.806371943043788e-04
1.435112662509207e-03
9.200621256784793e-04
4.259224260451123e-04
9.724462989487923e-04
6.343780475038556e-04
3.540412248843865e-04
1.251703755235450e-03
1.217237454749676e-03
8.485712332174192e-04
9.786044477184406e-04
1.453689470801085e-03
7.609884680693894e-04
9.637739711116204e-04
1.344998002575568e-03
5.693202436557338e-04
1.087397447311653e-03
8.532444683881918e-04
5.738568279801922e-04
6.611607647701740e-04
1.263114374372020e-03
7.365380997332348e-04
8.146687385100147e-04
1.109140356733195e-03
9.362805721119889e-04
4.842066041934964e-04
5.660656012309194e-04
1.172352964113423e-03
1.126962398774214e-03
5.111367327713091e-04
2.377338931712930e-04
1.114495657588385e-03
6.567933530765993e-04
1.342142817357848e-03
7.016159301241511e-04
1.099230533219257e-03
1.033302308642428e-03
6.516800070132790e-04
1.308890507502392e-03
4.009951331644087e-04
6.220955653413760e-04
3.292803055327231e-04
1.275623195468297e-03
3.411839860188736e-04
5.492476906464458e-04
8.990469328304941e-04
1.012598038982082e-03
9.486738043356572e-04
1.668956748662411e-03
3.601402238851009e-04
4.056764523152234e-04
3.155624873663521e-04
1.440859764281001e-03
1.645042758016833e-03
4.854126959482903e-04
1.028286695627695e-03
6.580880189594290e-04
1.074629686078285e-03
1.059035076912807e-03
8.484440648653569e-04
3.781743244181689e-04
6.042858593292537e-04
1.238665523856234e-03
1.357229561938505e-03
5.145316929744022e-04
9.145960908673034e-04
9.871631044595017e-04
1.115891445756813e-03
1.184372667045620e-03
6.003242044254921e-04
3.728701766199620e-04
6.883395357417968e-04
1.204645273831309e-03
7.853181141614200e-04
8.957577061432572e-04
5.463347291347921e-04
8.529680914880239e-04
1.880766409506396e-03
9.516009937922192e-04
6.219835173700021e-04
3.305400641740714e-04
5.227309386256782e-04
6.749258511424994e-04
3.293826294119329e-04
5.496895000860099e-04
5.079934396818508e-04
1.342378892251385e-03
1.140807920328407e-03
6.305633658321643e-04
2.326694809393590e-04
1.012974724177503e-03
9.335353645336701e-04
8.059877711916875e-04
1.272515731407099e-03
5.638504491665961e-04
1.306739001372038e-03
7.142652412069165e-04
5.711650802859391e-04
4.773899887780538e-04
8.948805368672711e-04
5.302140352986789e-04
1.414068511349874e-03
1.392664346757340e-03
6.783655172697536e-04
7.878093986839254e-04
3.720287990081974e-04
4.280239164099237e-04
1.168540086383404e-03
4.023912414871964e-04
8.893873683246559e-04
1.373908658914018e-03
1.216217852588842e-03
4.284725430175936e-04
2.335615818960044e-04
8.704533797675239e-04
8.269349818381316e-04
1.824532860219156e-03
5.779923156325334e-04
1.287709153151720e-03
1.134329120436775e-03
3.180727710562076e-04
9.884419350376181e-04
6.745483564577469e-04
5.161195744847635e-04
2.283554958778747e-04
1.106601528990438e-03
9.952379888653977e-04
7.897149123080493e-04
1.156419908650348e-03
6.118913258444080e-04
4.740390695890059e-04
1.057255797781846e-03
1.264496409445680e-03
1.099009880914161e-03
3.728100012900315e-04
7.803838840521374e-04
4.694893578512603e-04
1.493448248486593e-03
4.310666467750007e-04
6.430731186097501e-04
9.960040123335233e-04
7.681035949996422e-04
4.172695624411427e-04
9.318877776222385e-04
6.470676610382529e-04
4.420020235089878e-04
7.232976954961947e-04
9.270128397640398e-04
5.801499072925617e-04
7.683482326803341e-04
1.489768600745198e-03
6.579206477723585e-04
2.404424734401512e-04
1.034627823382440e-03
4.682354075129496e-04
1.144026978934935e-03
8.738181410319022e-04
9.732749736190026e-04
7.414256826866535e-04
3.658131345904019e-04
9.100780599918664e-04
5.154411327376987e-04
4.962551610626273e-04
6.111427555135643e-04
1.566046238180377e-03
7.083456064532251e-04
9.529151676565561e-04
3.693014282515678e-04
6.360087392696260e-04
5.337194903635363e-04
5.387816413451871e-04
3.356882276786188e-04
1.999002608243787e-03
8.772034170511142e-04
7.130538971246888e-04
8.281308983060329e-04
9.981934930136760e-04
8.974885361251453e-04
1.068911416775752e-03
3.782500357403420e-04
8.832224125431454e-04
7.352573675703188e-04
3.523910133026907e-04
1.216922822704772e-03
9.528366599644059e-04
3.235234574878498e-04
7.255718331867903e-04
1.052871680804075e-03
1.306248524265042e-03
1.312183788007087e-03
4.725284014256093e-04
4.321849541314677e-04
3.414057081363843e-04
3.329519642590935e-04
1.003341124591884e-03
1.356836629877080e-03
1.122747636598856e-03
5.300901586515330e-04
5.561936401291686e-04
4.913434716127983e-04
2.991352110123578e-04
4.665485789021209e-04
1.062734741484439e-03
5.897182837852778e-04
7.993426834709831e-04
1.642848975440615e-03
1.048111829282764e-03
1.205483922292430e-03
5.292294837372183e-04
2.454889751193134e-04
6.875814767277474e-04
1.609772732578138e-03
7.074021990387017e-04
1.394601851953938e-03
3.682379990159066e-04
1.507281932247455e-03
6.329417587139575e-04
7.071534277747224e-04
1.036064301295848e-03
4.089875904126871e-04
6.351773838518882e-04
6.541982975482176e-04
1.290218501475180e-03
1.442791357591148e-03
4.499541599574473e-04
3.781623157222569e-04
2.753485824861620e-04
1.362757400684650e-03
1.178608090472409e-03
2.747060581069514e-04
1.253418875801786e-03
9.617471823374197e-04
1.212331078517525e-03
1.360838211455822e-03
5.844798070190174e-04
8.258337119895377e-04
8.617604213491025e-04
7.444890668150321e-04
5.939614919003992e-04
5.176874632489367e-04
1.174321824605712e-03
2.481258734068300e-04
4.851395054575263e-04
2.516780138191353e-04
8.340783334769377e-04
9.699860499541024e-04
2.687104735246385e-04
5.250763342471561e-04
2.945876846318524e-04
7.777439079673031e-04
8.053524475155767e-04
1.559038213283446e-03
7.879066240876750e-04
1.535334716456393e-03
9.539357436515718e-04
8.962165377039903e-04
6.172827424420638e-04
6.134066171069930e-04
9.736823508754370e-04
7.269600151923569e-04
6.671095837719645e-04
9.372365238967898e-04
4.743195206380042e-04
1.379970483971928e-03
6.236671370487699e-04
8.161297253588227e-04
1.251278074578562e-03
1.904421854542631e-03
1.396436571670468e-03
1.128273351573617e-03
5.777423758553681e-04
2.469310391633819e-04
8.319378478719584e-04
4.910238000393513e-04
6.082990757652855e-04
8.919434330892024e-04
6.555411728121780e-04
1.456063779391630e-03
9.433389902919992e-04
3.755976479035392e-04
6.843066506089351e-04
6.301385101781890e-04
1.026134036628744e-03
5.092409515051444e-04
1.110613708829910e-03
1.941669623357368e-03
7.078111320340083e-04
6.928603506853532e-04
6.541952765364441e-04
1.610011029568192e-03
5.145472315931093e-04
7.840928902194855e-04
1.297121758571213e-03
1.258583557957930e-03
4.912802885031683e-04
1.301858862047110e-03
9.817322763864547e-04
7.018555445177984e-04
6.341930437453339e-04
2.833640958089191e-04
6.259579583515737e-04
6.027122216482198e-04
7.110861025794528e-04
1.036006895422997e-03
1.017399665883912e-03
1.612385930763982e-03
4.654923843536576e-04
1.175686380685114e-03
1.263884364956124e-03
6.798227688850773e-04
1.601687293654439e-03
4.081281171396697e-04
1.485197786457811e-03
5.689795139510500e-04
6.927634414177137e-04
1.199105219745428e-03
5.575618632846532e-04
4.983868691590717e-04
6.548680154882679e-04
1.022334699900922e-03
5.055629084694331e-04
5.546343272735272e-04
8.412137256503656e-04
8.531490544096310e-04
3.542147918502553e-04
5.558320261414414e-04
4.243202763232268e-04
4.140859508799578e-04
1.831148623646293e-03
7.572270483650675e-04
5.779219134764890e-04
4.027761736756995e-04
3.574615566008995e-04
6.958264533218966e-04
1.106456703686070e-03
3.177225617976357e-04
9.169324695960353e-04
9.686138672677517e-04
1.276800962899278e-03
1.184230945469012e-03
6.455050165240464e-04
2.445673070857503e-04
1.106501266796953e-03
1.069507851293754e-03
3.158679657249113e-04
9.295206566106099e-04
5.888630630094487e-04
1.420350208172549e-03
9.315766548334265e-04
2.703184179853622e-04
7.909025498052863e-04
9.512616276109281e-04
7.629301169352091e-04
1.627932378450973e-03
6.673170572911989e-04
8.783187936664288e-04
3.411414928081648e-04
1.016676840894086e-03
3.762122855565455e-04
7.664441705113507e-04
6.387939537000047e-04
9.269260541120386e-04
8.409190946758392e-04
1.371716729895113e-03
1.000274573351077e-03
7.601583939192822e-04
2.926488681370892e-04
8.049199564354248e-04
8.112351833267383e-04
7.728980099660863e-04
5.015763921064484e-04
8.083026570986378e-04
4.454688731718218e-04
3.727211917191358e-04
3.183618773757261e-04
8.109700671745124e-04
3.918973082593092e-04
1.130076365015071e-03
1.197388201739328e-03
3.337633500071727e-04
7.332804269438375e-04
1.243984290270326e-03
6.929850898972636e-04
5.424216230717938e-04
1.317651966685195e-03
1.291478541376007e-03
8.723035695280051e-04
2.917118507519850e-04
3.812076922028264e-04
7.880666765115017e-04
2.904166366597652e-04
1.795308983707897e-03
6.508383903931187e-04
8.898844022891557e-04
1.695646525406259e-03
3.252948909888272e-04
6.699554589170701e-04
4.791650838852589e-04
2.938921452929254e-04
9.534698850589564e-04
5.180094042828609e-04
3.810958851994007e-04
6.530161222174949e-04
2.658728344987812e-04
8.841777585603136e-04
8.749250849742909e-04
1.027053856061012e-03
1.068176859185410e-03
8.000312678546242e-04
1.488062380394975e-03
3.939939543311856e-04
5.968302379652586e-04
1.190475396214725e-03
1.287907540775811e-03
2.597826603549695e-04
1.203585763163551e-03
4.450005000928379e-04
7.057877807851115e-04
7.854565235134903e-04
1.537577761616327e-03
1.197470827356505e-03
5.768337768460982e-04
9.064450879081579e-04
3.631618556229375e-04
7.502061944091211e-04
4.324672698602913e-04
5.906400614262893e-04
1.370210016997987e-03
2.665264357194535e-04
6.427327465334174e-04
6.916127809263202e-04
6.033273689426226e-04
6.084824480101143e-04
8.131563421115986e-04
5.861567428308521e-04
1.073917597738032e-03
2.383835809212586e-04
8.484147942544844e-04
6.518466202734036e-04
4.119005645038324e-04
1.766101991014955e-03
7.510452615877518e-04
1.113677670000452e-03
4.450646880927451e-04
3.519974839790032e-04
1.288038385909715e-03
5.791472056787333e-04
4.422483280999420e-04
3.090890698998377e-04
5.536966124612571e-04
1.581654366013565e-03
2.298729842486295e-04
9.900896878818042e-04
9.014173636007773e-04
1.591722290694878e-03
8.055655594309824e-04
1.102615849986865e-03
4.382893232980254e-04
5.815495450472419e-04
1.902014170639945e-03
3.363871649533275e-04
5.849576289754613e-04
6.746249108803766e-04
8.467387599803717e-04
1.091413670870866e-03
9.000307134176074e-04
4.916925219182727e-04
2.732369738756632e-04
1.189511464096535e-03
3.295907977457063e-04
3.532694332384007e-04
5.970428544217590e-04
3.565357799725770e-04
7.806709123350182e-04
1.174511467701489e-03
9.241313568993069e-04
2.678728518624629e-04
5.827069007221654e-04
1.045363271601394e-03
7.693586555275358e-04
1.019278161721516e-03
6.080270875278457e-04
6.021887735683929e-04
1.201050502386798e-03
3.278898720427334e-04
1.015354566361372e-03
1.086574650139562e-03
1.221260897000661e-03
1.171622862048301e-03
8.782329046941612e-04
8.386251119605484e-04
1.041699860879781e-03
7.662339015202728e-04
6.616902668426125e-04
9.589353595352705e-04
3.617210628773470e-04
8.467857499369856e-04
1.137589149235381e-03
4.773489610031600e-04
1.560552280666846e-03
4.439078637845602e-04
6.414855014414706e-04
8.879698959503263e-04
3.839811717656392e-04
6.621336898330640e-04
7.575526080480740e-04
1.049451769104747e-03
1.352266169661019e-03
6.940925477230818e-04
4.949685396159131e-04
6.451607532430318e-04
1.238309875089690e-03
1.089644697943059e-03
1.136590774435025e-03
1.042715637189713e-03
4.176715886170897e-04
3.781956895974092e-04
8.254422739250262e-04
8.727823890291798e-04
3.066933229287097e-04
3.027774900865426e-04
4.655350828509877e-04
3.062057942927168e-04
3.792056515361914e-04
5.802477669313490e-04
8.824695390897165e-04
1.392724514565208e-03
9.952938063179364e-04
6.684213606314622e-04
7.626169416825994e-04
1.195923931163661e-03
1.195718819478266e-03
3.450517559069795e-04
3.146216082480084e-04
7.222865274611860e-04
1.664297208294530e-03
3.731923814147074e-04
1.255395111024840e-03
8.914785740386093e-04
9.834746238210972e-04
1.072782722623464e-03
4.266129214156995e-04
1.086670746501922e-03
1.181767082286555e-03
7.708082015284304e-04
7.587836796580869e-04
1.065695886821827e-03
8.233089575927777e-04
9.613769467287926e-04
1.192057362727108e-03
5.319774689122689e-04
2.980739016954118e-04
5.369402165828551e-04
3.156695374925957e-04
9.826241025747439e-04
1.109304577670454e-03
4.777087243751174e-04
1.374636819824001e-03
7.819746582399990e-04
1.064794791059026e-03
7.627081506678583e-04
5.929538165036767e-04
5.293583867852158e-04
1.079860642678060e-03
2.901067490492694e-04
7.356426325112652e-04
4.056765109958265e-04
1.185591171929325e-03
8.734410127109649e-04
2.583906465657068e-04
9.809518326806576e-04
6.966612446603928e-04
3.112567888115227e-04
3.367353225811659e-04
7.018557822338383e-04
5.856187259304978e-04
4.238005162889132e-04
2.725882743128031e-04
1.255915075048747e-03
3.500732226135259e-04
1.615984461058620e-03
5.576042689452959e-04
1.140107245045892e-03
4.942793350034054e-04
5.279003589395073e-04
1.191403055273049e-03
8.523262115447718e-04
3.186056569535629e-04
8.340429299395343e-04
1.163043408584002e-03
4.130277356309935e-04
1.215575532982120e-03
6.696120845414168e-04
6.485543253876634e-04
2.683168132036371e-04
5.932791903936724e-04
7.829295045868048e-04
5.854393573696767e-04
7.980210341971442e-04
4.379219662473828e-04
1.568770209097301e-03
5.744456517678775e-04
7.162870086761026e-04
9.947691196978182e-04
3.633771013574030e-04
7.736384720931937e-04
8.935322008265119e-04
2.757222662968408e-04
5.983426191460099e-04
2.890126782658018e-04
5.088576864140514e-04
1.087321942459958e-03
6.162435435569100e-04
3.920013893077057e-04
2.439503903808673e-04
8.760621639237519e-04
8.351401744119805e-04
9.217908808039865e-04
7.349571040438519e-04
1.565446888411254e-03
1.016312964960113e-03
5.587453321963985e-04
8.041509368540209e-04
3.698815280391261e-04
4.747817254910838e-04
1.197031941514459e-03
1.393972649592740e-03
4.206608873294267e-04
5.021702853406636e-04
4.677120011748827e-04
7.796619245890976e-04
1.153707648694972e-03
9.586554410590398e-04
4.529718827392172e-04
1.002767890163110e-03
3.508039725853783e-04
1.041753766084876e-03
5.239744745549616e-04
1.081454286691089e-03
3.402117860481016e-04
1.262500685954179e-03
4.046012596335976e-04
5.203197614805713e-04
1.377004044584954e-03
4.076265149170350e-04
5.523212506358375e-04
5.355013150054025e-04
5.716737060496382e-04
8.388789028759789e-04
4.697221966573264e-04
3.980732390930476e-04
8.926502898891051e-04
2.521457662989168e-04
1.294238220530661e-03
1.158623255836125e-03
6.919996851095448e-04
1.516691235217784e-03
7.415936367841793e-04
7.100408001260538e-04
2.349033425126438e-04
5.723386818573703e-04
6.609126349394821e-04
1.243389875003718e-03
7.975966507934570e-04
8.531040120601607e-04
3.490554966219713e-04
3.760785847452885e-04
1.087047967679114e-03
6.264874226398247e-04
3.377662002074118e-04
6.084215567319165e-04
3.604228541957474e-04
9.426249854281640e-04
3.534480882651787e-04
2.739804508254437e-04
9.789642945178354e-04
4.887852218661169e-04
6.959400033882093e-04
7.655685408751163e-04
1.836695796318745e-03
7.430370079426273e-04
5.605477822460039e-04
1.167512479539290e-03
8.476440523835918e-04
8.970469807778846e-04
7.634199698521664e-04
7.037516766635913e-04
1.106869408922239e-03
9.481971327163661e-04
2.784762910664115e-04
1.005666644102444e-03
1.648077013288407e-03
5.575163066033353e-04
3.727177502643729e-04
6.753373678744914e-04
1.366943009452449e-03
3.710642998188917e-04
5.879536422281327e-04
7.773247986174475e-04
5.063878920518326e-04
5.352476116216329e-04
1.135299947697650e-03
1.466408735489441e-03
1.250568168915131e-03
4.790541229664010e-04
8.927637952895873e-04
4.603496657415155e-04
4.192985877217311e-04
4.664322245830265e-04
1.633497111188072e-03
1.064411097161276e-03
3.746592830435962e-04
1.177839412691623e-03
5.972318558095904e-04
4.436454066209763e-04
6.400483169770488e-04
1.002412811823150e-03
2.333343058884313e-04
7.132722715562638e-04
4.981266857011587e-04
6.642188114101411e-04
8.532362046537346e-04
8.967300932147362e-04
3.114989721410239e-04
4.875214371803052e-04
5.415854344223433e-04
1.199594578067825e-03
5.866731808170230e-04
8.213572596324612e-04
7.965642430765487e-04
5.774616920386051e-04
9.354991505331012e-04
8.011674314223546e-04
9.728964661305232e-04
3.301750615430912e-04
7.804073082677003e-04
5.221199699881314e-04
1.047488101352561e-03
5.729729876849535e-04
5.223658783783065e-04
4.308397678650717e-04
6.574265271461052e-04
8.221914795752980e-04
8.210425086322470e-04
2.890140349440677e-04
7.230092679240591e-04
7.910389801807691e-04
1.007105416061254e-03
1.014331661585326e-03
6.299181242851461e-04
1.299568535307282e-03
6.975803416337686e-04
2.353337867707459e-04
7.001749555465790e-04
1.229669732965357e-03
1.096435053684545e-03
1.253886545713618e-03
3.268964788492568e-04
1.349037992666819e-03
7.126614938380324e-04
1.171833360922143e-03
9.193687680484038e-04
1.946065158438020e-03
5.462953076529612e-04
5.461167283835697e-04
1.169596274014861e-03
7.923659802983800e-04
1.103487836499209e-03
1.056356304774193e-03
8.944177597099286e-04
1.223197131219688e-03
4.495831061932791e-04
4.588369562384576e-04
4.073862984604741e-04
1.136946677818827e-03
4.199746471891424e-04
1.304651765259874e-03
8.161203251090387e-04
6.174481845771016e-04
1.073887225971467e-03
3.129895349040267e-04
2.939053988181860e-04
1.074696142855011e-03
6.022649774376211e-04
9.732217888416233e-04
8.130471928456917e-04
5.183461779724734e-04
9.457090110743540e-04
3.064019054755094e-04
1.411723316076119e-03
3.599613616230614e-04
3.289101447280593e-04
4.272048138970059e-04
8.385322386250103e-04
7.616101658122912e-04
9.314473706956352e-04
1.188376675954015e-03
1.069999582073479e-03
3.516245193557475e-04
7.619477940746468e-04
1.050601414039842e-03
1.002541598237179e-03
1.031264303743805e-03
2.906427362017437e-04
4.349061589976673e-04
1.154723809686147e-03
1.246163846014324e-03
1.526783358650183e-03
3.688707528811684e-04
4.129216451303758e-04
9.944123555842667e-04
6.044833434938019e-04
6.693858641032772e-04
4.878441793491283e-04
3.806302120570602e-04
6.891703859424176e-04
7.573613945666346e-04
4.779628009163521e-04
9.589542906956667e-04
1.010743631711267e-03
2.913819388265979e-04
8.661215665668695e-04
7.440055885460561e-04
1.116001445815605e-03
3.643814453067057e-04
3.285009652190814e-04
7.073759574116018e-04
8.370603585735134e-04
1.045136525764512e-03
7.535237772232405e-04
1.032191069603978e-03
9.639049726962377e-04
8.410076863527653e-04
7.622839678014980e-04
1.000451753061733e-03
3.400732038749251e-04
7.456204110507285e-04
6.661549722550757e-04
1.089893646855753e-03
8.951814561456912e-04
3.240972960147021e-04
7.324020563725608e-04
9.871399521046824e-04
4.833913934668112e-04
9.938653407606771e-04
7.248097702742144e-04
1.204157537671738e-03
6.231802953580183e-04
4.744838603237976e-04
1.470849632806043e-03
8.123083970227258e-04
1.344603017915470e-03
5.656342034849299e-04
1.094006656320423e-03
5.421003177973501e-04
1.012389927814400e-03
5.909248143278689e-04
8.309023028139483e-04
7.551232853643840e-04
7.259381915250289e-04
1.075394238278076e-03
2.810953311816847e-04
6.410279972035808e-04
3.543565669707995e-04
3.169449602553529e-04
1.118277291960868e-03
3.536410001103870e-04
6.092393617478688e-04
3.913932758619576e-04
3.070156933661950e-04
5.224018212977141e-04
6.160024321515597e-04
4.407571577645055e-04
1.133608295270587e-03
9.479529231543511e-04
7.301538813744455e-04
3.287409449077105e-04
1.044040280235995e-03
5.386040934987309e-04
1.040417851864220e-03
2.932119760587258e-04
1.072569455965425e-03
1.011729968508034e-03
1.275874327661356e-03
4.253130483557961e-04
2.672460124506456e-04
3.851701293966667e-04
1.001492576389623e-03
1.348397315921670e-03
6.429444217641144e-04
1.351718864254965e-03
8.143632320484087e-04
1.410435682843744e-03
8.006394677088517e-04
1.390258747629236e-03
3.226640302315376e-04
9.022338423787736e-04
2.645229213688924e-04
1.046406070255404e-03
5.979442855646060e-04
1.037297758765267e-03
7.106608217383280e-04
1.748622218180999e-03
1.213241464550686e-03
2.611329851270867e-04
5.197679136084385e-04
4.222429972779657e-04
1.282569302960771e-03
7.620036221719895e-04
6.063610726975921e-04
3.985901711355018e-04
4.049128664990052e-04
8.054001326263039e-04
9.885202797503241e-04
1.094655141622952e-03
1.432516546870446e-03
8.647588319369514e-04
5.574824597938021e-04
3.316678556881541e-04
1.279106307352115e-03
1.447613374809273e-03
7.644559153138070e-04
4.232489150010023e-04
1.443311611335047e-03
8.510316604940163e-04
4.569004940155787e-04
5.801646405482226e-04
8.172865616254260e-04
1.108441500581847e-03
3.636921136072183e-04
3.647131312306880e-04
4.569813754779600e-04
5.412139289561738e-04
9.520474661800741e-04
2.603573132761319e-04
4.430640051834101e-04
1.319402348673801e-03
1.304317266131789e-03
1.372578136412356e-03
4.027524331428258e-04
1.880836350048204e-03
9.939933580831158e-04
9.763719058702284e-04
7.350720976071244e-04
1.009486739556561e-03
1.260537789154974e-03
5.316689207944556e-04
1.189978622627529e-03
5.656307309136173e-04
4.198537315947215e-04
1.110507827664307e-03
1.087285725248070e-03
9.908075923295242e-04
1.269669286171810e-03
2.951172507261204e-04
9.067975307820063e-04
5.844858052070253e-04
5.859639919068925e-04
6.805891940772437e-04
9.458861468423174e-04
9.537768393224755e-04
5.480441857907334e-04
9.944643780963364e-04
3.449753018624443e-04
8.004267126058156e-04
4.257202580210343e-04
5.185880772028463e-04
3.105431715530844e-04
9.722659949118044e-04
2.997620602578910e-04
6.933374437710856e-04
6.742666259604045e-04
6.310858715160405e-04
5.989197357847692e-04
3.451951049091212e-04
3.389265237221449e-04
9.519998183479005e-04
1.203047042332051e-03
9.936686003746023e-04
1.234143136428872e-03
3.188065891885190e-04
7.537503838944172e-04
1.460032901423823e-03
1.049902667567124e-03
1.177224017775415e-03
2.853125486529803e-04
5.630753414846523e-04
7.329276309033478e-04
5.909046226309064e-04
8.963995424102641e-04
4.978254202397775e-04
3.517738387498368e-04
3.020752116033505e-04
5.208665140127341e-04
5.526859633531742e-04
7.203583615361483e-04
5.748852344841976e-04
5.810769564053624e-04
1.122077441031526e-03
1.245734572107182e-03
5.744040857820893e-04
9.797645952001621e-04
1.186680733491241e-03
8.085858225630856e-04
1.023569473146512e-03
7.335945522280415e-04
4.377934919374426e-04
7.428053855622933e-04
8.146973606503322e-04
4.686874067661416e-04
4.723695889449740e-04
9.566876842580462e-04
5.517816619488476e-04
1.050073270299439e-03
2.588103415696193e-04
7.271123191679009e-04
5.660350607045643e-04
7.377501389680273e-04
6.550390172485442e-04
6.300846106062027e-04
8.232561194424989e-04
5.660496595535542e-04
7.671902836781071e-04
4.192818371373232e-04
6.382264612395847e-04
1.330319938239173e-03
7.696723049048485e-04
1.249433260268875e-03
3.111057474852050e-04
1.019630806701243e-03
2.995107994590989e-04
5.173503335526581e-04
1.159740392103328e-03
2.964320094442522e-04
8.638905040796450e-04
8.409184567682760e-04
3.823584229714607e-04
9.416453186071373e-04
5.200596421907536e-04
6.718289331229953e-04
1.944009428060888e-03
3.064807367363988e-04
1.109463561893211e-03
1.234992264384203e-03
1.798935312096508e-03
6.244366336389304e-04
9.073758260146835e-04
6.534464818156387e-04
1.080473088075257e-03
3.193216965122772e-04
6.547726915997567e-04
1.077547840986871e-03
8.890101492258213e-04
3.536267954006746e-04
7.078731060294392e-04
1.783680497192858e-03
7.349791324162656e-04
1.256341393434002e-03
1.109762581139149e-03
4.643861225222630e-04
6.826429275971189e-04
8.818360698863640e-04
2.203213633050806e-04
6.481023631924443e-04
3.154591555603987e-04
8.726442577202571e-04
8.010026220929392e-04
1.173618067774117e-03
3.931646400647972e-04
7.109977475729780e-04
2.474387658661065e-04
1.067147762550193e-03
1.019593455546734e-03
8.979082533306421e-04
9.607489246543487e-04
1.526291396282981e-03
4.975861927865837e-04
9.969939983924668e-04
3.421735925858335e-04
9.524436128005866e-04
9.044968428709684e-04
1.047940173350748e-03
5.756705958100203e-04
7.075840182542157e-04
1.184682589492910e-03
1.208978400957117e-03
2.570394908123392e-04
2.817187958967960e-04
3.533810104909548e-04
6.871713153018084e-04
4.064629536305829e-04
1.500680473976867e-03
2.849695327644968e-04
1.321209020863661e-03
4.895463987427487e-04
7.396835628964238e-04
9.008527324548125e-04
8.346786371488169e-04
9.405364683529057e-04
9.071662252966575e-04
1.022839946141811e-03
3.481561886436277e-04
1.064610986424120e-03
2.347597255026326e-04
1.272858612574127e-03
7.605851463289092e-04
1.339133864659990e-03
4.288229035853223e-04
4.376933679760803e-04
3.556916324454056e-04
9.591665564553321e-04
7.194223871703639e-04
1.681186817560621e-03
3.801736757893395e-04
9.592846210610162e-04
5.434925936155853e-04
7.682885780942259e-04
2.765356238802586e-04
3.333964290139035e-04
3.644855876178561e-04
6.194926075155494e-04
7.938647238108464e-04
3.320422139050241e-04
4.503500209769986e-04
1.462285125538572e-03
1.151870369198176e-03
1.108461162555850e-03
6.117445867092479e-04
1.376932800736270e-03
1.292894950049362e-03
3.894115482630733e-04
1.146677616503779e-03
5.631327022548229e-04
6.625821549293010e-04
9.761042727957536e-04
3.861707717126141e-04
1.620049388637699e-03
1.186537249292206e-03
5.224037360612621e-04
1.065556895397784e-03
7.624877640690050e-04
5.400512370025504e-04
6.880832900240390e-04
3.690100964038293e-04
3.500464702187030e-04
1.439389418031537e-03
1.142301742368930e-03
5.102334061195322e-04
5.032648050544446e-04
2.851088011234186e-04
5.347075023108026e-04
5.580701465951484e-04
8.534710843906197e-04
6.629677260601935e-04
1.329730375970443e-03
7.503484947428210e-04
6.573026053588637e-04
1.160628620130852e-03
2.791447217747574e-04
5.570035717437649e-04
5.931626457388239e-04
4.996847773881623e-04
1.041000116129678e-03
1.096115625953103e-03
5.548583684125987e-04
7.484237367750743e-04
9.019164643040061e-04
4.081055822664326e-04
1.078789516127623e-03
2.417114828015855e-04
2.828631132821412e-04
1.047909490543455e-03
3.664389291247576e-04
4.285937799067855e-04
5.827506681882625e-04
1.074205519745622e-03
4.901145499237780e-04
1.065804835007703e-03
2.575163541726376e-04
8.257049332783780e-04
6.072373721060586e-04
9.460525043024475e-04
2.615438269853180e-04
6.551072686957325e-04
9.639635856289101e-04
6.766798317716689e-04
8.566363102924177e-04
8.353979377565288e-04
7.824990936100539e-04
1.201005842655852e-03
8.247668033746572e-04
6.827504594059112e-04
1.079270079680826e-03
8.912979867324561e-04
8.519244482092374e-04
7.393409413216254e-04
6.679863608894642e-04
4.735949872468484e-04
1.030974845863552e-03
7.236203019812940e-04
1.297102653692221e-03
6.612153514246858e-04
5.345739553634938e-04
6.879198618181371e-04
6.667953574719842e-04
1.294171648653231e-03
1.835926639362332e-03
3.214282836159001e-04
5.628665532151165e-04
1.169021447579365e-03
3.493188003744590e-04
9.530479168895507e-04
6.453463480150133e-04
7.983705453920147e-04
6.385096774535214e-04
3.792024408229403e-04
1.021203948219447e-03
1.021641445461011e-03
7.494139323573485e-04
7.093367922299447e-04
1.333399330667925e-03
1.023173826271554e-03
6.291472104015092e-04
5.964920403313131e-04
9.004945415149121e-04
3.525956683980453e-04
4.730351530022925e-04
2.689210426216311e-04
1.363593701269909e-03
6.517143345003276e-04
4.203531027693992e-04
5.834996847527852e-04
2.873447032023786e-04
1.591386829701626e-03
2.358992513312015e-04
9.086353955685031e-04
1.094509647831743e-03
5.745562297643873e-04
6.907991473520275e-04
4.254387493530242e-04
5.936554330945903e-04
1.033466800717036e-03
6.612081280635201e-04
3.871635835839537e-04
3.987421725228882e-04
9.002571713989417e-04
4.968403938372137e-04
4.236695429944148e-04
8.731601979267740e-04
7.474658390333288e-04
5.817975751234855e-04
1.003851084574995e-03
7.203868137820091e-04
6.609907178007000e-04
6.796845114305112e-04
7.637960025650546e-04
3.522140122550947e-04
2.498416315844788e-04
4.994024291046617e-04
9.592898195240384e-04
3.810578623280979e-04
4.791233143351057e-04
3.475963968287008e-04
2.664031711760698e-04
1.154668275152651e-03
3.957195963132406e-04
1.154132294237055e-03
9.597213003149713e-04
1.099081223456195e-03
2.680982133467222e-04
8.194394361698668e-04
1.508301902854837e-03
4.646798029217964e-04
5.515383857494762e-04
4.758638968271997e-04
4.295850674971396e-04
1.305559311055324e-03
7.092031314222264e-04
1.152968959045345e-03
9.522239345130696e-04
7.999909734062194e-04
1.085371907848174e-03
1.113766786818022e-03
8.647563884966586e-04
4.744639972291277e-04
1.425616902995570e-03
6.182649872645212e-04
2.565617389692958e-04
4.680589980146153e-04
1.338668500979009e-03
1.132004739603075e-03
4.930277754614909e-04
5.877338265375422e-04
5.104442840744074e-04
1.102683018996714e-03
8.148936906449004e-04
5.443007298614849e-04
1.512070450954141e-03
5.882421949961069e-04
5.135785045088227e-04
8.422690158601377e-04
1.074902081856803e-03
5.712895343663387e-04
3.235906037975702e-04
7.408002225089603e-04
7.469786301997605e-04
4.038214444103578e-04
1.580118357497402e-03
7.296054725766671e-04
8.042051671686950e-04
3.707200823624751e-04
8.387993393450795e-04
4.375685218534690e-04
4.170483453704482e-04
4.668426593938705e-04
1.591252726158518e-03
1.370977975618762e-03
4.343263597846549e-04
1.175556219311540e-03
9.572583673785791e-04
1.121609044126884e-03
7.600896971165083e-04
3.165945668312414e-04
1.622366475433516e-03
7.840765907468487e-04
1.675117305266456e-03
1.223661867460059e-03
8.569924844294260e-04
4.177989965797996e-04
7.580489795531379e-04
6.429246529448883e-04
5.677839305097901e-04
1.637368397867192e-03
4.616723836970134e-04
5.468605842608708e-04
9.219235824651354e-04
7.079233347402075e-04
1.024217442893766e-03
1.106784357516942e-03
1.072933701162690e-03
7.802443096910065e-04
8.381456382626402e-04
5.461864258254092e-04
7.170491049700698e-04
8.978221005838417e-04
1.049112103681997e-03
7.891411393634590e-04
8.611372047613076e-04
3.332909210443543e-04
9.069785586008493e-04
7.524355443029555e-04
4.749372344524382e-04
1.129059424171258e-03
5.463683494538561e-04
1.276523115483986e-03
1.046193986930342e-03
5.877684405850362e-04
3.900274681420415e-04
3.796416134234000e-04
7.056117449211806e-04
1.191003955351880e-03
3.088532282427236e-04
1.476289608108902e-03
9.046197452744641e-04
3.623067169072564e-04
3.958805278310094e-04
7.236721063519308e-04
1.074327240375199e-03
3.825591407255741e-04
3.716169122439209e-04
3.350820529776021e-04
9.875271575943802e-04
6.226346951535228e-04
8.435496784134368e-04
4.913565445259277e-04
2.861512280899432e-04
1.082922418612426e-03
1.035717582840466e-03
5.746378717916356e-04
1.071977862622272e-03
3.807448985868605e-04
4.178230643631651e-04
7.540461284288452e-04
1.271922899920839e-03
1.011363807277170e-03
4.856579032070701e-04
6.369708791205857e-04
1.098380716814639e-03
8.248026708532751e-04
5.552029134476075e-04
1.343476446406422e-03
4.394244625060430e-04
5.820027345976561e-04
6.384583655316676e-04
1.197081311364581e-03
9.669163874015433e-04
8.752380416434907e-04
6.736386887250363e-04
5.172953341663598e-04
2.674508887468658e-04
2.971008803913918e-04
6.502809374862972e-04
4.299877723115904e-04
1.030094923983457e-03
2.582535399435694e-04
1.195647728086610e-03
1.454930472865268e-03
1.096525637661108e-03
2.677266145277243e-04
1.120920783914250e-03
2.800584915391713e-04
6.831672833785178e-04
8.131001758108710e-04
4.005329801222788e-04
6.056920799552553e-04
1.207995052747207e-03
4.312058310269808e-04
3.934180169090599e-04
1.813579014999610e-03
7.975460966935890e-04
1.061164636133570e-03
3.422081829394909e-04
9.436514167210714e-04
1.180329736230037e-03
4.368608429348177e-04
5.652729610199093e-04
8.904801319238064e-04
1.271907697997625e-03
7.552566382749904e-04
4.553760111516744e-04
5.229421082576064e-04
5.386791088581029e-04
5.161239679009793e-04
6.474027230923925e-04
1.867315277890014e-03
7.513195434075503e-04
9.824793104714414e-04
9.523379828628248e-04
1.015184512432912e-03
1.556866462036266e-03
4.252032871201008e-04
1.123374644895873e-03
6.640353936009311e-04
3.490262979329741e-04
6.232045038241715e-04
9.026355331933746e-04
8.321442727711921e-04
1.300609325445248e-03
3.173235887485915e-04
1.035426279173830e-03
5.502162304494547e-04
5.419617144995438e-04
1.076646351987785e-03
7.862006185558536e-04
6.817697130695119e-04
2.594313384986229e-04
3.438950473604563e-04
3.584597707247309e-04
6.914438800571487e-04
4.039503728365053e-04
3.094282207867507e-04
5.112684909397947e-04
5.578146066726946e-04
6.357600883979406e-04
1.333550730015963e-03
7.312550181305900e-04
6.680328687346136e-04
1.039674348059654e-03
1.169609011075310e-03
1.053239894792638e-03
8.622960084914333e-04
3.426239094260794e-04
6.558674050479575e-04
1.321811534094766e-03
8.532496261747316e-04
2.985284173794459e-04
1.038319555746935e-03
3.901059514417873e-04
7.462535505995003e-04
4.114450652719862e-04
9.777328263623542e-04
1.094721257084599e-03
8.997858511313013e-04
8.474949087196582e-04
3.496191558358789e-04
4.834143832094358e-04
1.305069537677472e-03
4.503488447384270e-04
8.593785818038557e-04
8.362727004580382e-04
8.203796590013413e-04
8.723322061875872e-04
5.513872089051098e-04
9.091362048579103e-04
9.390209487272629e-04
8.441987675109840e-04
7.970004459920915e-04
8.798536742946211e-04
3.809418798767075e-04
1.285263233813822e-03
5.671982741750717e-04
4.365664226735161e-04
6.363553961525802e-04
6.533586492905395e-04
3.267245721817268e-04
1.507330711861014e-03
8.078222808149124e-04
4.632233528826518e-04
9.766781766079788e-04
1.057262061546352e-03
4.103324135896977e-04
9.903727186633109e-04
7.933067821588812e-04
9.042297716269801e-04
7.930931391219873e-04
5.544362894672099e-04
1.361545411943636e-03
1.121647550036186e-03
6.758198161890870e-04
1.325798561667557e-03
6.194140626000738e-04
2.636504516607716e-04
5.496118328539765e-04
9.710704499255767e-04
4.582209566366356e-04
2.960105828182009e-04
1.005758369547837e-03
8.369715617623272e-04
4.760147190123361e-04
9.842217350752389e-04
9.664729717148060e-04
1.105720009306617e-03
3.621326734870528e-04
8.212972979601949e-04
8.987965376565463e-04
4.923986578186892e-04
8.339802122183057e-04
8.203600115131594e-04
9.911552820539280e-04
3.443852354020381e-04
1.019601057854868e-03
4.823018524029482e-04
3.858823838967930e-04
3.064371697714532e-04
5.630048055836801e-04
8.288940678846707e-04
6.349423956626554e-04
1.289960494429349e-03
5.013867828057479e-04
1.624412808158901e-03
8.213724349462553e-04
2.658026706962021e-04
8.800829493886705e-04
3.859435703004224e-04
5.356091543798675e-04
5.511582836375569e-04
4.924710890165835e-04
8.510805392694280e-04
2.699219830618655e-04
1.301656974062987e-03
1.322997687480307e-03
2.992705091513118e-04
9.783600303913964e-04
5.254260514728234e-04
1.165923214960406e-03
1.111538326017754e-03
2.511489138386586e-04
1.040291526954973e-03
7.258398280359150e-04
6.500711491773143e-04
9.844041202165810e-04
9.302364804188955e-04
9.204898289978013e-04
6.457592473416238e-04
4.109213575301325e-04
4.470797394499615e-04
8.543476938878028e-04
9.368429226302226e-04
1.191291970878384e-03
9.732634404148331e-04
7.512783361409191e-04
1.184146781894724e-03
1.093462996956070e-03
1.017992361682798e-03
7.661254323204716e-04
5.283897130234010e-04
7.646394206568582e-04
4.012924694381312e-04
1.078057475834093e-03
5.256175737472420e-04
8.700622184009388e-04
1.205307741988568e-03
1.475764079734224e-03
8.531524992889505e-04
6.354669280283247e-04
3.342285177640301e-04
6.522614407130652e-04
9.272077838321654e-04
1.076700793709347e-03
1.842328657836660e-03
1.183165803651318e-03
1.397783385833402e-03
4.450188466132313e-04
1.086428721863960e-03
8.459156663536346e-04
6.957431394282359e-04
9.271812979388378e-04
6.413450448335106e-04
5.409685431243207e-04
3.937746912500710e-04
2.744512461890526e-04
7.761832921339890e-04
8.723486779260970e-04
7.064645582263236e-04
7.926260926526463e-04
1.291151071972522e-03
1.870401530553600e-03
1.140487615497172e-03
7.977876185244705e-04
9.284271076074645e-04
7.536588035708814e-04
7.510054167576862e-04
8.985426623968368e-04
4.097220780184108e-04
1.129901488039883e-03
8.388836554087184e-04
1.379691779926408e-03
8.773051670279106e-04
1.428962475686634e-03
1.034817693847956e-03
8.726428637526989e-04
3.106442050892341e-04
7.081069664862343e-04
1.064689870216159e-03
2.263721800516079e-04
3.215531946130097e-04
1.180349888009392e-03
1.089368417779796e-03
3.134282191788657e-04
3.283762015613293e-04
8.754596011820011e-04
1.099852319526932e-03
1.837026439721744e-03
3.908138283073057e-04
5.253201732861296e-04
3.080045444068250e-04
1.505379154107772e-03
9.398031134950943e-04
8.223166040375218e-04
4.857600897633008e-04
4.708737988545839e-04
5.066054828902140e-04
3.197351403761973e-04
8.060126863428618e-04
4.367036335622676e-04
5.173091248225170e-04
8.683542852366433e-04
9.009500621749379e-04
5.870733525109584e-04
5.978714274111867e-04
4.974748480910167e-04
3.687687701589116e-04
4.981785285064507e-04
7.949515310677071e-04
3.198954246904495e-04
8.606424444181332e-04
5.019002865397149e-04
1.090475021366979e-03
9.820818333164895e-04
7.076418074974305e-04
9.266675590896471e-04
3.157482747697932e-04
1.276024234461048e-03
1.623212848320278e-03
9.739837118041934e-04
1.353736247181303e-03
2.209299061556433e-04
4.894297433575921e-04
1.122628396555001e-03
1.242324937242739e-03
2.036018831386144e-04
9.391197977825998e-04
1.471198996021159e-03
4.842223242299589e-04
3.185764956796118e-04
1.189832342233515e-03
1.025988742381872e-03
1.327166845509106e-03
9.873428322734405e-04
3.937399762880379e-04
7.648699351083916e-04
6.470413276815221e-04
7.272541476792008e-04
1.012732064614733e-03
1.503171775611606e-03
9.717976715553474e-04
3.185104778906534e-04
7.785036672899848e-04
1.041552421608713e-03
6.372964168194041e-04
7.080895571516894e-04
1.530777709146086e-03
7.640373799681280e-04
6.568338789647574e-04
1.603418087577312e-03
1.845325892987113e-03
5.079531220622695e-04
5.814229732930356e-04
3.457604978701604e-04
3.481367313735232e-04
1.094375957781753e-03
8.598229141690218e-04
6.911429762506672e-04
5.676521052175764e-04
9.283646117276516e-04
1.403156552490689e-03
5.141547787388025e-04
7.897964063450182e-04
7.180170415652832e-04
2.710992690915610e-04
8.210974174605946e-04
9.276167272042751e-04
8.936118789518058e-04
1.191395849355110e-03
6.597597380818809e-04
6.225185877298101e-04
9.241975498205879e-04
1.393127787986159e-03
7.905123193969251e-04
2.991610529860520e-04
7.192950855258917e-04
6.940368575850101e-04
3.785740498343634e-04
5.536664712088243e-04
4.419495295968249e-04
3.853825571943632e-04
5.995020970372873e-04
4.328878793670194e-04
1.126515634247827e-03
5.264997868504291e-04
5.397367202139903e-04
8.617480941762981e-04
8.494074759829835e-04
5.999873296067084e-04
9.397012395848149e-04
1.071212390368271e-03
9.823331944309355e-04
5.904885484012133e-04
5.896053947051338e-04
2.576578921537601e-04
9.562624044747023e-04
5.080694348434977e-04
1.502867505543209e-03
3.399069997780154e-04
5.762443448170800e-04
6.823781771324751e-04
2.574746029830543e-04
8.379806221150931e-04
9.489142949629303e-04
1.209066974795361e-03
1.272816538193802e-03
4.001930379653214e-04
5.049424435199237e-04
4.156280986689611e-04
9.796312119894398e-04
9.926954481911583e-04
8.227927318411303e-04
8.159078569346236e-04
1.174444865766899e-03
1.946397717950370e-03
1.191078864034117e-03
9.620900209563734e-04
1.075135600333579e-03
1.015492237715769e-03
7.272351144275662e-04
4.102818025358231e-04
7.534366377925181e-04
6.164978019289550e-04
3.646817584951409e-04
5.364955785596546e-04
8.279370349907175e-04
7.964361433667497e-04
1.377603631850672e-03
9.346432865083923e-04
7.070097261886116e-04
3.752825032695512e-04
6.222897302432588e-04
1.020741917029610e-03
3.091002980443527e-04
9.929914369592660e-04
4.727047480738902e-04
3.401945232374383e-04
7.978815429043225e-04
7.583412236044135e-04
3.320404432115201e-04
8.375490701888328e-04
9.778999929182448e-04
9.941089429317139e-04
6.477435076730664e-04
3.870511104965906e-04
1.286858051954709e-03
5.085539488960231e-04
8.961303526253886e-04
9.100011192902939e-04
2.318524596131877e-04
5.080621844925700e-04
1.058482998173052e-03
1.072868941198971e-03
1.150044512468794e-03
4.608700938213582e-04
1.100170947307866e-03
8.678441127191495e-04
7.265499751232328e-04
7.103022366673784e-04
8.538478683001615e-04
8.817195521853907e-04
8.597238341347172e-04
5.691352562967932e-04
3.761756208857651e-04
8.581005973073039e-04
1.120869821596874e-03
6.934829227858683e-04
7.724323031390569e-04
3.347965476787545e-04
9.839838553732782e-04
9.350772269577856e-04
8.850550836516864e-04
3.256398616332172e-04
1.651620897756940e-03
1.025317203560036e-03
1.147440979526781e-03
9.484114260639414e-04
8.586840790641794e-04
6.484365839813789e-04
4.868498562693279e-04
3.772306536469843e-04
7.835780439650787e-04
1.094938654031261e-03
4.566167345203672e-04
1.368059776618118e-03
1.634728936598183e-03
7.386660351391845e-04
3.818057526600834e-04
7.061125008650400e-04
3.489029450069150e-04
7.328821202432217e-04
3.616375524997588e-04
3.036771836836347e-04
7.424769726608715e-04
8.905421121479045e-04
1.377405122236955e-03
8.484049029175714e-04
8.868757950194090e-04
4.029701111575963e-04
1.168322633821063e-03
3.373892442400283e-04
5.970984165161559e-04
1.006352541710661e-03
2.357703805691040e-04
8.899411624287189e-04
8.146165683894835e-04
9.950982233541148e-04
6.489945583891279e-04
1.108170670700370e-03
1.159457772762836e-03
3.362954912184328e-04
4.605928681436061e-04
1.147610400695658e-03
5.553113735698237e-04
6.686106762490410e-04
7.907331044317801e-04
9.837159671912269e-04
9.926187709555802e-04
9.768567856213994e-04
4.802958554672047e-04
1.058657708105295e-03
4.875010975569755e-04
6.062708423493143e-04
1.417137150681087e-03
5.447558295753522e-04
3.214381111965336e-04
4.538389967690211e-04
1.057793412145532e-03
4.886396820202063e-04
3.693663705565458e-04
9.986062403330128e-04
6.715970580599747e-04
6.603225269913005e-04
3.335316835377239e-04
6.238940579657110e-04
1.058902224739940e-03
1.076189020964096e-03
9.755777261288778e-04
6.084767642999763e-04
6.927459976430609e-04
9.715051058912714e-04
1.026194533274535e-03
5.580723555005703e-04
7.361901074649905e-04
5.512193051049821e-04
7.753917848206111e-04
3.825204483734420e-04
8.424052187559306e-04
5.674918602294580e-04
2.637027993830341e-04
2.760926083406837e-04
7.542715563366977e-04
3.743375803361888e-04
4.494865837009549e-04
5.499867034980942e-04
4.340818859053828e-04
7.975026701120475e-04
9.350509921387167e-04
7.251249060818261e-04
4.682306184965541e-04
1.384998091844411e-03
6.876384062294457e-04
2.165618216047354e-04
1.616566945779354e-03
2.277871812771322e-04
3.609641752956872e-04
2.272712409166686e-04
4.064383370122444e-04
4.901118712738007e-04
1.045528783194511e-03
3.749526399891771e-04
6.939569101821154e-04
5.537345958464665e-04
7.634603664463703e-04
4.206975259020855e-04
8.416831637696649e-04
6.348847214844469e-04
3.182206107963602e-04
5.139747891331117e-04
8.481406653029541e-04
6.218028389550146e-04
1.431977035145313e-03
1.071195745268571e-03
8.494363589539612e-04
7.486209028144239e-04
1.270263549934443e-03
4.098652517332508e-04
3.224540241911501e-04
3.117398180172482e-04
6.732623556273474e-04
4.617101497334028e-04
5.966525908007725e-04
1.009635705855036e-03
6.156769417300736e-04
7.596612197606840e-04
3.562743348301562e-04
9.491054609415057e-04
6.021026283743756e-04
2.264370051194307e-04
9.479643126308943e-04
1.027076504935883e-03
2.976704423153924e-04
6.633751158018009e-04
1.096555204989427e-03
7.087019526377460e-04
5.847411743129522e-04
2.225804676245424e-04
8.933251529914468e-04
1.609685195255263e-03
9.930116254611534e-04
1.342234017719289e-03
5.203743678873058e-04
6.520812996456691e-04
5.082185922346957e-04
1.302947329306848e-03
1.544584807145454e-03
4.980659937794489e-04
6.832857566114621e-04
3.727742227008986e-04
8.955836164107355e-04
9.219254161248484e-04
7.259279756306840e-04
1.350454002414159e-03
5.219823357690602e-04
7.344913168375822e-04
5.465333338320664e-04
7.081748144160922e-04
1.363161134555996e-03
9.806875325479106e-04
4.483610501134720e-04
1.234386886862001e-03
1.020267840446349e-03
9.386089235028843e-04
9.249064255903791e-04
5.396829888510441e-04
7.843145482314926e-04
5.352641774132872e-04
2.905973260882534e-04
3.846456694979946e-04
6.360310790430979e-04
8.816008437335301e-04
3.680469673071388e-04
1.014046468486035e-03
4.682519305489673e-04
7.878492780852863e-04
8.674371055873170e-04
4.271926125588249e-04
3.585632477126956e-04
6.376559734297946e-04
4.933028221052258e-04
8.600659452992568e-04
3.047197046603992e-04
6.764791975786617e-04
2.743526629054583e-04
1.069410547792547e-03
8.545017074914473e-04
7.678698092888517e-04
1.091496735818223e-03
3.496154427395906e-04
3.031395218699631e-04
1.098990877489127e-03
5.307046208901864e-04
1.497130461177952e-03
9.308214019069530e-04
6.177898101774857e-04
3.023176807537282e-04
5.918728583006192e-04
7.660662884468637e-04
8.286586893712220e-04
2.957477730678031e-04
8.037132856332519e-04
4.191707804694605e-04
9.048878325978270e-04
7.608764003578928e-04
9.604406138551949e-04
8.492962638259265e-04
5.501345632493914e-04
5.206118907102648e-04
6.656402800806880e-04
1.442590406969511e-03
1.084217405780435e-03
3.693454634098629e-04
2.760394452312937e-04
6.119805810611849e-04
3.990951380826216e-04
1.123157011926109e-03
1.093528284502001e-03
1.901805850997526e-03
3.535419631262260e-04
6.797239679944134e-04
1.129954458262308e-03
4.745841813601759e-04
8.646719137729243e-04
6.576164167194423e-04
6.551835613433691e-04
5.072981921341913e-04
1.324385916902465e-03
3.563367325073190e-04
2.228454234311168e-04
5.773409085179856e-04
2.387914330238876e-04
4.703072987814968e-04
4.551278579002050e-04
1.010543823825839e-03
8.766572530862547e-04
1.043122994202854e-03
4.053303449877539e-04
1.365441730149742e-03
8.597631136345096e-04
1.012634928298348e-03
9.218283808889796e-04
1.080175445700827e-03
7.413097161624478e-04
6.990164589136068e-04
7.733219916774522e-04
9.816637501136251e-04
9.111266603921613e-04
5.909813434790453e-04
9.364724225930310e-04
1.115524564481071e-03
3.659105257698484e-04
7.314412241791489e-04
9.028171712638358e-04
3.347540248519760e-04
9.678282062523213e-04
6.206224488445613e-04
8.556351710670579e-04
3.630001363193960e-04
2.146730840127951e-04
4.333523015770630e-04
5.380049489390418e-04
7.981150350827943e-04
1.442481492465832e-03
6.924168084225125e-04
3.758568661854913e-04
9.207797347056455e-04
7.903735450428967e-04
1.381278729087872e-03
5.211406669880486e-04
4.711832421682825e-04
1.610218732604720e-03
8.926101947435173e-04
5.191985008187155e-04
1.281777917573773e-03
8.724210021263837e-04
6.454329571291626e-04
4.975877168236578e-04
1.033696148051979e-03
5.075312527724008e-04
7.082897896604876e-04
1.044819806529858e-03
5.880919714321745e-04
1.084788605835998e-03
9.617817375362743e-04
1.365592571652359e-03
1.767322777125630e-03
1.169114439428519e-03
1.167709589563213e-03
1.029719382529237e-03
9.418191323903030e-04
3.438522809497799e-04
5.841069462458616e-04
9.391304203321626e-04
4.497743211169816e-04
7.948632729857776e-04
1.132685088483827e-03
3.986790877151919e-04
1.332839887833301e-03
6.225035145986301e-04
3.201867735206403e-04
7.936095592412467e-04
8.266696270083820e-04
9.162986537706115e-04
5.357247499468607e-04
4.224262598595437e-04
1.330767407276055e-03
1.917681013893865e-03
2.759305792868906e-04
9.633743445807703e-04
8.300777196388760e-04
3.528301623578090e-04
1.346105816946370e-03
1.063526440926063e-03
1.053007442551409e-03
2.837374092075904e-04
8.818494858764121e-04
4.413728491729279e-04
1.558922932283414e-03
5.820478224596254e-04
7.143875514746367e-04
4.932029864076793e-04
1.108894830407202e-03
1.101577029999121e-03
6.758029766578740e-04
7.054021977832906e-04
3.480845241614437e-04
1.028498267956893e-03
7.715544406199339e-04
1.202551464194744e-03
9.887523046866636e-04
9.412625198308791e-04
5.866139945987499e-04
9.615174281354245e-04
7.439795904086016e-04
1.079040618192166e-03
2.646202966367273e-04
8.878825593366881e-04
8.970020727047931e-04
7.278215567339227e-04
5.714795162399305e-04
1.568985274053693e-03
1.250164117132628e-03
8.980214665118244e-04
3.417028968633629e-04
7.259725995978079e-04
1.227221001876914e-03
5.894574969132793e-04
3.856265529045526e-04
5.937654446245932e-04
8.837884765841369e-04
5.185382422263631e-04
8.274478905871188e-04
1.019912159081090e-03
2.347266675899645e-04
3.318000658886275e-04
7.441524025419771e-04
1.195749371675095e-03
9.472677927401084e-04
1.004785643077533e-03
7.311735689091322e-04
3.966215835200454e-04
3.391285880585720e-04
1.265830914823136e-03
6.141818436242465e-04
4.381824257618599e-04
1.108986325086757e-03
5.141409776614251e-04
6.859244484677137e-04
9.099858019027923e-04
1.423505616403728e-03
7.286574986602340e-04
8.188900210385321e-04
2.567565934994661e-04
4.979093999119384e-04
9.968940274780167e-04
1.002476275590598e-03
9.146618634732997e-04
9.777107099219341e-04
5.117991334108692e-04
9.935845720607276e-04
6.459255374453340e-04
4.498073231249838e-04
7.757396995760081e-04
1.326937365775235e-03
9.470481868097287e-04
6.473045657864800e-04
5.281470614485009e-04
3.187673385795151e-04
1.845290039058443e-03
2.744249754039690e-04
9.032313512091497e-04
4.654974619890720e-04
5.340127323915087e-04
8.071973647951268e-04
4.629945127441134e-04
3.524811707832784e-04
1.142614344829191e-03
6.886309134171814e-04
4.948763126903398e-04
4.550229151608762e-04
2.745862022197047e-04
4.599960426559096e-04
9.570822217963878e-04
2.871414984794997e-04
5.604220292925782e-04
4.017193622515868e-04
1.068279189022533e-03
2.703715828484504e-04
4.318108555112403e-04
2.921984514864482e-04
3.916454316247564e-04
4.258636193751946e-04
3.467740038238804e-04
9.314772412920606e-04
3.857382813594110e-04
5.687130778805607e-04
6.423349908893105e-04
6.416251241882032e-04
7.612245959757731e-04
1.267435809035815e-03
1.351077493801782e-03
3.331827592207360e-04
5.964956738854898e-04
5.814166851815149e-04
1.574219906160205e-03
8.055090443802777e-04
9.632954661583654e-04
1.143657049719560e-03
3.633524346100657e-04
3.909894193681471e-04
3.318101562592944e-04
6.678661454528239e-04
6.430369153518166e-04
5.957968517680486e-04
1.000956104826022e-03
1.029319618129887e-03
5.710553340487512e-04
6.676705812144659e-04
8.553259204297595e-04
1.167350456209224e-03
4.597861074461713e-04
1.133393272805815e-03
3.203244313872425e-04
4.817518028399234e-04
1.422169409169169e-03
1.213566281275356e-03
2.861077621968215e-04
4.605315247204825e-04
9.786336963365731e-04
9.271060830374573e-04
8.869550251835135e-04
6.160655179868761e-04
3.446524613694027e-04
9.880006072210650e-04
9.134392505869887e-04
1.546413049590831e-03
6.457888693951782e-04
1.409414648851732e-03
1.122388057457846e-03
1.150719911124392e-03
1.338830029507859e-03
5.422763734539233e-04
9.095597698861914e-04
5.455743557317085e-04
5.776285013678726e-04
5.664604563210918e-04
8.768006426845485e-04
2.686434927315769e-04
1.343493565066351e-03
8.509384233520829e-04
9.919917915284654e-04
1.083434965233068e-03
8.698857098759107e-04
1.008438757363649e-03
9.632785432007963e-04
4.080399221471715e-04
5.239116926165666e-04
3.426212519034136e-04
2.523816259779594e-04
1.195325822988882e-03
7.089713337259460e-04
2.869736861122493e-04
3.758124772773320e-04
4.989659859650217e-04
1.519683939906656e-03
1.167943025742446e-03
1.351789361241125e-03
7.833420060513687e-04
4.007702970728803e-04
1.576701786023580e-03
4.425987740895880e-04
2.375723265250100e-04
3.657283454333183e-04
9.629815783857921e-04
2.886413309280431e-04
9.829914571845644e-04
7.435053522763520e-04
8.483089573289780e-04
8.335191714268892e-04
8.586835083857058e-04
3.054424370973165e-04
1.088389692780566e-03
7.520739364013774e-04
1.859303024058356e-03
1.075812519404337e-03
2.631079182718220e-04
5.616652983829440e-04
9.196718207213858e-04
7.638724409810216e-04
6.091704536444042e-04
4.254275591314431e-04
4.387873768761859e-04
6.565707161716751e-04
7.717814105271866e-04
1.163923729533084e-03
6.551522367953119e-04
1.054066716817318e-03
2.917258850491198e-04
6.114865206477713e-04
9.735926722968314e-04
8.138341533096840e-04
9.226928840720019e-04
3.137762277927721e-04
3.763670344161037e-04
6.225472291515032e-04
1.107981923360633e-03
6.647894050957812e-04
8.801128890068358e-04
8.976566566215769e-04
1.011726699634801e-03
1.557790580978670e-03
1.020889419539583e-03
9.997703213799035e-04
4.125453021069353e-04
3.348315554182166e-04
1.084987194851229e-03
1.018629704815525e-03
5.985855428281238e-04
3.834592379294722e-04
3.772827593646646e-04
1.041825191054504e-03
7.859642968066273e-04
4.210948154960882e-04
8.710137348426023e-04
6.917267932455208e-04
8.883476932628749e-04
1.431863942565398e-03
8.113834537531485e-04
5.793984725315836e-04
3.798298905942821e-04
7.755467811396344e-04
8.295608984517696e-04
1.136082728891952e-03
2.692952610476094e-04
1.064192423456465e-03
3.378477213402441e-04
6.239178169638442e-04
2.987106053905480e-04
9.335692431480824e-04
5.121563913818289e-04
7.250027408539052e-04
7.623376359150384e-04
4.137854376174558e-04
1.157127113014517e-03
5.302593545725593e-04
2.409348685340451e-04
1.309988676005241e-03
6.631947687686707e-04
6.815058272415912e-04
4.883605635774288e-04
2.407403235202214e-04
1.506500001890674e-03
1.223627257207051e-03
9.244740163679387e-04
8.482992821697966e-04
8.982243856287743e-04
7.162454414990375e-04
1.121678794403522e-03
1.387572348364277e-03
3.453872128196641e-04
1.241688019043017e-03
1.200837672114247e-03
7.747320190864763e-04
3.947866870956437e-04
8.120474493991008e-04
4.332009399253752e-04
8.058204289625770e-04
1.635855025304191e-03
5.285900824336166e-04
8.172776872458043e-04
9.214955872214397e-04
8.881049898124677e-04
4.555588068775273e-04
7.206923017728553e-04
1.006619049747597e-03
2.584629571862828e-04
1.581806381041407e-03
2.330012877485756e-04
3.562183069376062e-04
5.892171430534044e-04
2.863370739119695e-04
3.624821212908045e-04
1.064407361657538e-03
1.465833316576955e-03
4.286138853694670e-04
4.471353475356974e-04
8.915886112938595e-04
5.426778236170659e-04
6.440112043225215e-04
3.220262989555874e-04
8.430316664031388e-04
5.340287571542836e-04
3.506971018986065e-04
1.444012891293249e-03
4.648342300351519e-04
7.047534283957315e-04
1.463625651336523e-03
1.528645142635517e-03
7.902551788583428e-04
1.267998852110727e-03
4.188356239391345e-04
4.728209620223560e-04
5.060425448876460e-04
2.760886866461012e-04
3.815357080636856e-04
8.421286111769232e-04
6.055570558199833e-04
3.851598916654400e-04
5.299165297674404e-04
9.777053870937658e-04
9.670891125011598e-04
9.387426456522181e-04
4.052664273432180e-04
1.060968824411442e-03
3.882172092783371e-04
2.735859365592490e-04
5.178140778475126e-04
6.418085923787096e-04
9.836048415691389e-04
1.613761533725512e-03
3.860687693118752e-04
4.799289465402547e-04
9.758821458088827e-04
1.192979304970102e-03
1.664862853720840e-03
2.311779315697099e-04
1.088696652121978e-03
7.376081441446993e-04
1.340361147336197e-03
1.138753725752741e-03
2.651093754625838e-04
7.772284611211989e-04
3.956059017585010e-04
6.724287005384252e-04
9.631676971624083e-04
1.613675215467768e-03
9.957879279803494e-04
9.979183923839855e-04
2.669395286015098e-04
1.425127817114260e-03
1.141943290952519e-03
1.201969744041779e-03
5.186727953319457e-04
4.091144367150431e-04
6.542133648701616e-04
4.808650839490942e-04
4.630086846923476e-04
1.064868923528128e-03
4.551995588427384e-04
5.588613089224886e-04
9.823650848685287e-04
1.465571674615471e-03
7.793006178457868e-04
3.053016943402129e-04
9.548897789773468e-04
4.667401579640672e-04
6.516425076310115e-04
1.077917630188416e-03
2.731523793935946e-04
2.419846953157583e-04
9.654586472970298e-04
4.611599227808013e-04
1.139825906721526e-03
2.858631452851110e-04
7.710040507540754e-04
8.501900308136467e-04
6.852087075716270e-04
6.883449722350006e-04
5.144592295001321e-04
9.071725488631235e-04
4.449347368186892e-04
7.244812221426208e-04
5.455082965554047e-04
3.989156022098041e-04
2.937778401225498e-04
5.524150587575794e-04
4.305582473621898e-04
6.413751596198482e-04
7.116449087702817e-04
1.118276429346698e-03
1.072540723170513e-03
9.220293700381766e-04
3.135857160218194e-04
7.223583936320929e-04
6.514642533324411e-04
8.994433984772796e-04
3.346080278446825e-04
5.747949064587024e-04
2.475687892822033e-04
1.070829741790130e-03
6.049718475938657e-04
9.444500313822483e-04
1.138725397747596e-03
1.029794971521303e-03
1.527316648326446e-03
3.125825064617590e-04
1.480833731335267e-03
1.538907708844569e-03
1.069535581650291e-03
7.387679555405569e-04
8.727380327968770e-04
4.948268439620123e-04
8.214861741326645e-04
9.624457430099574e-04
1.103356583914166e-03
1.765205015484440e-03
4.473477063504791e-04
1.293373953656749e-03
5.227396843675129e-04
3.228643681996337e-04
1.355082075542096e-03
8.629036291458838e-04
3.712465301104688e-04
1.328134230183110e-03
2.328786919192546e-04
1.273446043240626e-03
2.878588899017644e-04
1.407477723537380e-03
3.345027229502601e-04
9.492102754084204e-04
1.107560062370462e-03
2.264505231187977e-04
1.078129168464712e-03
1.100876573608589e-03
1.833195026305851e-03
4.152898879121945e-04
9.139749681164381e-04
1.151513188085447e-03
2.881747684001830e-04
3.196056965032326e-04
7.528735749787132e-04
9.372238732211742e-04
7.035118398235894e-04
9.498857205778889e-04
1.005290967192950e-03
9.803575865863895e-04
1.081795610558539e-03
9.356717490695159e-04
7.703052894695900e-04
3.234827551350526e-04
8.130279644412758e-04
2.195255318180157e-04
1.224614583011476e-03
1.053514987647186e-03
5.984999959765657e-04
1.068043181001984e-03
1.079436012802091e-03
3.260290867184966e-04
1.207391447020435e-03
7.403275213932205e-04
3.100247809411348e-04
6.076918805201642e-04
4.682022532468858e-04
8.230391794692331e-04
1.189942509153436e-03
8.109598196268566e-04
6.321495356954670e-04
4.342518479819704e-04
3.729880261312609e-04
4.543360979205883e-04
1.091762903920819e-03
9.348750391244103e-04
3.610229461930679e-04
4.985689460128111e-04
1.202839042592957e-03
5.246585803347605e-04
1.313553850427072e-03
3.291709075395657e-04
4.607658248313344e-04
9.134256839068408e-04
5.098406834101800e-04
8.868976582899878e-04
3.791811611056042e-04
6.609750097532765e-04
1.155392492710359e-03
8.804306332589519e-04
3.771600885413973e-04
4.830778770933725e-04
6.959099217560898e-04
9.377379198798274e-04
3.417878626111988e-04
4.513595900553612e-04
5.862906499515089e-04
4.537755763665509e-04
3.897100336562064e-04
3.601039399663278e-04
4.037353919243223e-04
4.843840373201265e-04
1.070757814327762e-03
8.469184437840790e-04
6.510231333175685e-04
1.340104507626440e-03
8.834032220686294e-04
3.691506603378163e-04
1.024329864081692e-03
8.972802958778785e-04
8.979373452918210e-04
9.681700478527480e-04
1.731819526645360e-03
7.742422016471706e-04
9.634819722869640e-04
6.554743558715479e-04
1.080680603774093e-03
3.173139189394722e-04
1.114397981379130e-03
7.624094115440662e-04
3.615607394234198e-04
9.308809646993858e-04
5.415459130100721e-04
5.779899816595517e-04
2.677674991947025e-04
9.215051204044015e-04
4.822064637104532e-04
4.749309772089326e-04
3.497148764039341e-04
6.551598467928964e-04
1.452756112320326e-03
4.983684249787357e-04
4.379892110631898e-04
2.862474797705874e-04
9.829276761856793e-04
9.215530929457205e-04
6.653169053372800e-04
6.159828091191780e-04
1.132833448535464e-03
5.653055442256798e-04
3.235990472775942e-04
1.030350845365032e-03
4.517365193236029e-04
1.136838181335420e-03
9.764705783409858e-04
1.010619730570638e-03
9.935629007024674e-04
3.050954856841094e-04
8.931418137487547e-04
4.062542717014835e-04
1.174641065700104e-03
4.930951863961143e-04
9.589998309529191e-04
1.672380684576744e-03
9.414474403912926e-04
7.025455895312515e-04
5.691848136347280e-04
7.504568202262749e-04
5.260387521490343e-04
6.271661309887787e-04
1.375988528428700e-03
1.103230159543123e-03
1.212520699365842e-03
7.033015645377505e-04
1.107710198355078e-03
2.900920840495469e-04
9.382160176319282e-04
6.966165539230590e-04
8.815240872947922e-04
9.660581081921537e-04
1.316105833076933e-03
1.419437932882295e-03
4.478914102379847e-04
1.796686707795588e-03
6.168066935001177e-04
1.149750053379200e-03
3.681357862604934e-04
3.831853671524381e-04
1.115880091223211e-03
1.073650084903150e-03
7.280619872857309e-04
7.822618340985059e-04
2.939273174914695e-04
1.812531858677357e-03
4.093269173614161e-04
3.139598118389265e-04
1.055123365326398e-03
3.190345069148211e-04
3.192917338121940e-04
6.130166688054668e-04
4.310411323968855e-04
5.105061455660321e-04
9.929919951865334e-04
7.240179171333128e-04
3.412515297235178e-04
1.176601379878659e-03
2.581437702394397e-04
8.596206795636030e-04
1.195867762973656e-03
5.846579349849430e-04
4.557517994140776e-04
3.358855886115283e-04
4.135410942506749e-04
1.082030833408084e-03
9.853869047065458e-04
3.528938615829667e-04
9.227369389224902e-04
8.656045304771546e-04
1.158946026587647e-03
1.284774253977186e-03
1.384333359352427e-03
8.310861010859035e-04
1.479173543127533e-03
8.595197483631025e-04
1.195881370590003e-03
1.666673100533217e-03
9.537586899595405e-04
4.761143972355963e-04
9.949771954300330e-04
5.830595072907111e-04
7.875232476684153e-04
5.207161931433152e-04
1.026175311273793e-03
1.854684499216271e-03
9.734966658434333e-04
2.800649957527368e-04
9.977864994114441e-04
1.006658576329156e-03
1.495441961073212e-03
4.952226515104538e-04
1.013698891833735e-03
7.928535407141252e-04
1.469821052290691e-03
5.986180279019619e-04
3.670069818239781e-04
7.995532299000458e-04
1.402914793285346e-03
5.238633559325960e-04
6.432652579604799e-04
9.536770755289392e-04
1.416068962952294e-03
7.847439177194699e-04
1.301655516897650e-03
4.435210384809157e-04
9.534979758341462e-04
9.487489422145793e-04
8.407232510086551e-04
4.615911129216719e-04
7.157497116319488e-04
8.370683414242516e-04
4.843699441270555e-04
6.040709592635621e-04
7.679578156135582e-04
1.284626772495374e-03
4.068009573241541e-04
1.460067459431924e-03
3.553149280027918e-04
6.357510603730578e-04
2.657625340169809e-04
1.346745767730244e-03
1.201447624301330e-03
1.436325213077210e-03
1.231453516300331e-03
7.850360147699555e-04
4.437909500269714e-04
5.008863057947801e-04
4.237666492699914e-04
7.389862621079916e-04
5.959768868267170e-04
2.955783533991382e-04
3.872072673098294e-04
9.028884277736705e-04
3.974568629016180e-04
8.623620968537277e-04
6.306213790026813e-04
4.123380900486414e-04
3.797423065610998e-04
9.304345474339366e-04
5.363850940844923e-04
7.103720698823125e-04
1.092385995683552e-03
9.594581719456496e-04
1.263979741129374e-03
1.654876779063444e-03
9.607380400343387e-04
3.759224342195840e-04
3.168190197467746e-04
1.537513509065156e-03
1.112367499862570e-03
1.009964060550539e-03
4.959996114813512e-04
4.512239213042626e-04
1.349533269388252e-03
8.354225012197866e-04
6.825103952119219e-04
7.432241396816890e-04
5.019938919988997e-04
2.663703424461834e-04
4.151696981065893e-04
5.427192274752628e-04
8.437425002215530e-04
9.163459898386528e-04
8.488689346909790e-04
1.437752232549336e-03
9.771890258982569e-04
1.210756209757473e-03
8.413110464693849e-04
1.310747585399025e-03
3.812224556713789e-04
7.228611549696122e-04
9.491557948252422e-04
3.673888688612223e-04
1.237285752934148e-03
6.453566447979957e-04
4.468745214790737e-04
1.173791250022290e-03
8.891921341586211e-04
3.372888674218883e-04
4.377721536167139e-04
3.344791380179971e-04
5.900469623842901e-04
1.006583160988114e-03
2.312073286896098e-04
1.088087734008215e-03
5.967164389823107e-04
1.136380822343029e-03
7.498750138994691e-04
8.740419302127427e-04
5.224927783885422e-04
1.294023293877667e-03
4.484148147726533e-04
1.471094342651862e-03
9.542629417491099e-04
9.191488470755816e-04
9.573535598250084e-04
5.962123542963547e-04
8.344531131156407e-04
8.417240772619659e-04
7.286596187621083e-04
9.009835997987633e-04
5.310379477499107e-04
4.324670992739393e-04
3.104196083517791e-04
1.474853141783481e-03
6.067276496228251e-04
3.025150652551997e-04
5.636968897938977e-04
7.066048232188295e-04
1.260235288685373e-03
7.972210327219910e-04
1.494205734283828e-03
7.666915225747895e-04
9.554007062478238e-04
5.847268500657509e-04
1.504144343924018e-03
3.552993797937836e-04
1.266759519367970e-03
2.202076736263267e-04
9.404957031951271e-04
9.565493776070046e-04
3.890967851665903e-04
7.558216643236480e-04
5.520610562736866e-04
8.446784029338293e-04
2.325760289667671e-04
6.403598787167756e-04
9.768655970702751e-04
5.089335094435000e-04
1.282259333619313e-03
1.081054208109656e-03
8.359449546155909e-04
1.106500610399874e-03
9.599061040309805e-04
1.021006425281356e-03
5.500856028221193e-04
3.433767112837497e-04
1.435082534641736e-03
9.277202908365111e-04
1.207002493082947e-03
3.702130277849246e-04
5.372676842137626e-04
3.899003524595666e-04
4.110382696531598e-04
3.670129395133828e-04
1.560228735015818e-03
1.728897860334982e-03
4.685024281073951e-04
6.790911844772651e-04
8.839514543192949e-04
4.499446165200729e-04
1.119531238589297e-03
1.239722330761303e-03
9.294895972878766e-04
7.557419791273439e-04
1.299146644464729e-03
5.809518960250160e-04
1.159357802438500e-03
3.344578518875005e-04
8.529622715383815e-04
7.597753092286853e-04
7.222105886698295e-04
2.913190596774981e-04
5.132382532506420e-04
1.148973714334682e-03
8.739694648413688e-04
7.074755630415314e-04
3.854646624763990e-04
2.923083081499518e-04
1.069339691829471e-03
3.553423777742172e-04
6.485633472214072e-04
5.906002072050281e-04
3.489592201669024e-04
5.273840398157805e-04
4.937149940057661e-04
6.031923293433219e-04
3.158468433467301e-04
6.415629403411068e-04
9.562946467494766e-04
1.306829293261764e-03
5.073451232702037e-04
6.507212025604426e-04
9.935901176121170e-04
1.072042587453195e-03
4.048929500881020e-04
1.214661188779846e-03
9.232071410757278e-04
1.007810755787174e-03
6.484826595469692e-04
6.150313027283218e-04
1.249560167617400e-03
1.602214850168619e-03
1.484866341751627e-03
2.682505627994638e-04
5.605378922421177e-04
3.942107336920229e-04
1.146639935061557e-03
1.157109722857532e-03
1.021804826223772e-03
8.516384252471755e-04
5.995842419692921e-04
6.364615403248639e-04
6.546070163575405e-04
1.031866615781959e-03
6.155822150243819e-04
7.918285586218987e-04
1.239730116482354e-03
5.653185908638244e-04
9.077677035210459e-04
6.544260382352965e-04
1.200613861271398e-03
5.208332858097412e-04
4.605246317389854e-04
6.689450270054664e-04
9.216872795395398e-04
4.654102553848508e-04
7.372498443591616e-04
3.246089706412446e-04
8.975138570298555e-04
6.037136959728109e-04
7.232568556069282e-04
3.203027029527160e-04
5.283731895921136e-04
5.801390498718330e-04
1.092632715235313e-03
5.761406239788749e-04
9.817176029966450e-04
1.241852462147587e-03
6.692013582610520e-04
8.212203088429402e-04
1.350065243442772e-03
1.423628086299140e-03
6.212657433870420e-04
4.166341828627658e-04
8.924877096531023e-04
7.283316781786593e-04
2.752789008092178e-04
7.518235112729091e-04
1.022181635078611e-03
6.193637097475945e-04
1.767985049765935e-03
5.370888875307796e-04
6.381721363678682e-04
9.003307154018590e-04
1.360639878352890e-03
4.610449688112967e-04
3.034326296761796e-04
4.656560899841450e-04
7.452431190275092e-04
1.346378193170052e-03
1.010349839961368e-03
8.722045632252066e-04
9.463793746652554e-04
1.463029444004642e-03
3.756177018215259e-04
1.171067653496231e-03
9.895222475766582e-04
5.116789315087829e-04
9.852142590985821e-04
1.096295399942669e-03
1.070897327534816e-03
7.307281739374596e-04
1.040549581079226e-03
7.402665798873170e-04
4.665262716285419e-04
6.200780289695330e-04
5.361596884245454e-04
1.392510770691173e-03
9.401043216140134e-04
1.606602841202748e-03
3.892174492751055e-04
3.790937439784483e-04
5.202302616352022e-04
7.147277769241899e-04
4.873241230238368e-04
1.181460264077743e-03
1.790603864269586e-03
6.534191451047260e-04
3.613393920315024e-04
6.234155590630004e-04
5.120129986137935e-04
9.891290560182623e-04
3.741961161875562e-04
1.109650903151212e-03
1.046258026952488e-03
3.084707779852689e-04
8.224334012222217e-04
5.470969331488708e-04
1.348271959806041e-03
5.601462061289556e-04
3.808784410611639e-04
1.129427568749615e-03
4.304849770850424e-04
4.194035892963126e-04
1.120088538657568e-03
5.551169374031909e-04
3.580298811320058e-04
4.436598004850584e-04
1.309752408201741e-03
3.929137636663684e-04
6.155095172895413e-04
1.095405067385602e-03
5.007951389729921e-04
6.541147928312441e-04
6.779538078198101e-04
4.866649744994854e-04
7.485848945821353e-04
8.264178015037066e-04
7.652289587496641e-04
1.034864769077595e-03
6.050777881358130e-04
1.123242166050446e-03
1.262724770947280e-03
4.829690541366593e-04
9.880546355716022e-04
7.955475314653595e-04
6.472027664023807e-04
9.129891090091872e-04
7.766879850287768e-04
3.415644118131796e-04
1.587406043607011e-03
1.485090781755921e-03
1.508366444472397e-03
1.167165186511962e-03
1.366526907502173e-03
4.443247095583723e-04
5.197713750785031e-04
1.082528795360197e-03
1.171330345220297e-03
7.500328498190054e-04
5.962880295310720e-04
8.581637460529817e-04
5.007256337622621e-04
1.543033747473514e-03
5.979362414164314e-04
3.352067561115756e-04
1.089191452653678e-03
6.012669747490815e-04
1.088200767220574e-03
1.074593137231734e-03
1.220332227433155e-03
5.099577905507465e-04
5.718263395211039e-04
6.509295276413418e-04
1.137875378416726e-03
1.036707948143981e-03
9.971313739650630e-04
2.507612386030932e-04
1.046613291119559e-03
3.852164556468599e-04
7.245614666082636e-04
3.670911626844369e-04
1.159141420843402e-03
7.016285651000343e-04
2.365707718908134e-04
7.504983055406432e-04
4.955009223510533e-04
5.224627672199618e-04
1.082790875291639e-03
8.294115299239583e-04
1.083521741207975e-03
7.419770555012889e-04
1.533903253226748e-03
8.760930028506640e-04
4.410807122204883e-04
6.558761841785691e-04
7.082570469776400e-04
1.273672819313443e-03
9.481414054089180e-04
9.477433044926516e-04
1.324038610231194e-03
9.564276290087107e-04
6.921103527260478e-04
4.336410909960134e-04
5.142804659088681e-04
1.136402433194257e-03
9.577340857482191e-04
1.125479855714525e-03
8.716986356157582e-04
5.083081362334343e-04
7.160899464964926e-04
7.998465927665006e-04
1.177487375376113e-03
3.099874078276165e-04
6.223387085543525e-04
3.325508788116090e-04
4.229159936058705e-04
4.094016846349197e-04
5.339526112630089e-04
6.486355032239207e-04
1.357327188738691e-03
1.204772938117810e-03
9.312591248088634e-04
8.004817132735184e-04
3.438584268746987e-04
6.023906961384978e-04
4.960228266880948e-04
1.071140509705264e-03
3.189972321805300e-04
3.967137374935803e-04
4.851353951114444e-04
2.297811673470139e-04
4.889454842469409e-04
1.345648600406679e-03
7.070530937505184e-04
8.183785301093013e-04
9.309253398434366e-04
7.377135887176566e-04
8.874276791592734e-04
1.178148949287808e-03
8.113128354515752e-04
9.093134658130385e-04
5.743868863598043e-04
1.259205371267837e-03
5.196248427530049e-04
1.058583383026207e-03
1.017388238600896e-03
7.611201444308788e-04
1.099875413368494e-03
4.955040185258323e-04
8.984766511924230e-04
3.709595929407252e-04
3.261369291606852e-04
1.303629848488017e-03
5.099783056982166e-04
8.718516476565471e-04
9.428822903771356e-04
1.644158183345586e-03
9.089961341856689e-04
6.675855197361656e-04
9.124559504332145e-04
7.811254424922495e-04
8.661300537969466e-04
7.324161578227547e-04
2.716863574535288e-04
1.348011793039638e-03
1.017023588537920e-03
6.613331406631313e-04
6.211682758561377e-04
8.562198461280760e-04
1.671403696377481e-03
8.396572576301262e-04
5.945260847804408e-04
1.531409357409674e-03
8.571609612293783e-04
9.675609622416466e-04
1.575128118236115e-03
5.837505495703817e-04
3.813871348790504e-04
8.516524775836504e-04
3.778026442850215e-04
1.308111746864677e-03
1.033927006972991e-03
1.453123064797549e-03
1.177199929973327e-03
1.376406789827922e-03
1.199604995835703e-03
5.722230276746510e-04
4.399084797352731e-04
9.941893598964663e-04
8.606193419540198e-04
9.985513833615425e-04
2.970897837215030e-04
7.877591302330154e-04
5.960739021311434e-04
1.301277216800375e-03
7.434105872302646e-04
3.550496749049337e-04
9.688775111834642e-04
8.366346346160903e-04
7.267755904667890e-04
1.073461789422965e-03
9.746250667485684e-04
2.947740313408508e-04
1.067189883428076e-03
2.286240231955444e-04
2.547385099686850e-04
8.420942074631517e-04
6.925375500797331e-04
5.667718786534175e-04
9.338727939482901e-04
1.652643594520722e-03
8.682767482205180e-04
6.062507018100456e-04
1.075133374776055e-03
6.213289064965191e-04
1.238616742639183e-03
8.572930980643664e-04
1.467394551103458e-03
6.635732232728604e-04
1.731673901269245e-03
8.583522757502718e-04
6.525821160243700e-04
7.896427760609417e-04
4.778228949161558e-04
3.309151198911754e-04
6.691195768445640e-04
2.343801963235138e-04
2.415658266649155e-04
1.025384777743177e-03
1.165531445302471e-03
1.249461975881444e-03
3.068930728293613e-04
1.091732143602646e-03
4.391936936779847e-04
9.500046983841918e-04
2.870762217179515e-04
2.777647247427396e-04
7.333419851223044e-04
9.249945874953985e-04
5.883792556699717e-04
7.203414814938264e-04
8.443365549815697e-04
1.179665870752983e-03
6.409405384945280e-04
3.064517084801734e-04
4.133184890741087e-04
3.622975424886453e-04
1.169641118872255e-03
1.041533652182010e-03
6.937446864748733e-04
4.131133777588028e-04
7.704706960221571e-04
9.959114971339754e-04
7.094043578644335e-04
3.633476796611148e-04
5.757614554453413e-04
9.666293292389537e-04
9.146454403233814e-04
3.372470891701214e-04
1.132607853913107e-03
7.094142646056549e-04
4.106647254741630e-04
9.785642630204304e-04
3.986682508171018e-04
7.628538493049304e-04
1.036132765869302e-03
5.321036180940253e-04
7.362542296927993e-04
4.997039716885087e-04
3.808374841990480e-04
1.136124810034479e-03
3.352858737401772e-04
9.509100860109589e-04
9.952999262202967e-04
1.066827431767955e-03
3.875899509492398e-04
5.714261452984578e-04
9.164806854979167e-04
2.525924774458434e-04
8.855559129168121e-04
1.621816303603409e-03
9.441900525131560e-04
6.255786627916758e-04
1.288999780947749e-03
6.569608450095632e-04
7.185647829157421e-04
5.424902835618121e-04
4.466133701856875e-04
3.321276226652891e-04
1.166469682974047e-03
5.269546802669615e-04
6.705989357238037e-04
8.699842771530967e-04
6.096634134557673e-04
3.509412416434580e-04
4.676989705771830e-04
8.671129542384830e-04
1.239163513678766e-03
6.499857095945215e-04
3.377864540198503e-04
9.761231005515409e-04
1.347311338890687e-03
1.042860009061601e-03
7.889791996787700e-04
8.508411688489426e-04
7.681984316161737e-04
1.026207163103713e-03
1.157082947494140e-03
8.106946413593340e-04
7.060677701558103e-04
1.067881296698084e-03
4.255550389121198e-04
1.117354620209102e-03
8.211036510654400e-04
1.193292590281581e-03
5.601966597574308e-04
6.975867470473766e-04
7.579333025254985e-04
3.664813936768418e-04
1.290846447392341e-03
3.844248724959889e-04
9.406624603883269e-04
3.199036949850748e-04
1.130311989914616e-03
5.560721369698158e-04
2.600224124115970e-04
5.681594537826865e-04
6.556020795778607e-04
3.344289998920241e-04
1.020738293427291e-03
9.139196381746751e-04
4.493012689956071e-04
8.820631607029647e-04
5.563882336520887e-04
4.677095502047909e-04
9.069728718633196e-04
1.385066242193365e-03
2.901503015408667e-04
7.376413702133341e-04
8.571966872671000e-04
7.556354463715460e-04
5.079411543481384e-04
1.597960703419711e-03
6.495660227613469e-04
2.779206624368402e-04
3.617029319417192e-04
2.922882582136924e-04
2.555444247548600e-04
5.350807457678687e-04
6.473610196025196e-04
8.513617613410438e-04
1.184880368144036e-03
6.704480956719406e-04
3.062561275139453e-04
5.482625999979204e-04
5.343490048280843e-04
3.119605561735972e-04
1.160622589490025e-03
1.171214918252196e-03
3.767496089572150e-04
2.905346475069779e-04
4.455961713058262e-04
1.123814946320033e-03
9.581693066013875e-04
5.908488782143892e-04
4.448000466341874e-04
3.830986813286456e-04
5.846375854314411e-04
1.082794742152858e-03
6.242100568205103e-04
1.188404825261936e-03
7.350131035832124e-04
6.507327217050988e-04
1.004319121926516e-03
1.071472884568108e-03
7.882333519940098e-04
4.762170301037111e-04
5.688330122714678e-04
1.172791486827154e-03
1.003510660640442e-03
2.229836888567877e-04
1.129094364072548e-03
1.160870447824104e-03
2.475637094781737e-04
4.972571480303987e-04
6.167901245726115e-04
4.370427698839858e-04
1.386257675270880e-03
9.635142160414507e-04
7.837582045820627e-04
6.452693423006183e-04
9.349801054689657e-04
4.609734126200011e-04
1.110343945303794e-03
1.452923864214337e-03
5.900935970130103e-04
1.175928271076562e-03
4.139489248787331e-04
9.108515916340965e-04
1.023486109190155e-03
7.813296547210023e-04
1.484172846114615e-03
8.974967529228200e-04
1.638745493118046e-03
9.167037190150074e-04
9.120516795914251e-04
5.870392548923823e-04
2.437949428269125e-04
7.713607419940502e-04
8.009143698327588e-04
1.015361814498659e-03
1.078467526692857e-03
6.480451303398177e-04
1.577972682613155e-03
3.749417754079379e-04
1.112555159558515e-03
7.427202735923633e-04
1.017402742971818e-03
4.734152043669245e-04
9.494989359773076e-04
7.946049039594780e-04
9.760935340482467e-04
4.361337685472326e-04
1.199439816378065e-03
4.685719448561776e-04
5.692258634609741e-04
1.608833057021609e-03
3.902435203373272e-04
7.892897592739897e-04
5.660848360356906e-04
4.697590485045420e-04
3.308966298026302e-04
4.089497142765717e-04
9.386010148279087e-04
1.205873723126828e-03
1.240202301686377e-03
3.372784238629066e-04
7.952522733655329e-04
8.900252950666257e-04
1.083072376706139e-03
8.294870767443995e-04
1.072846076220069e-03
6.000868415859551e-04
8.906618432748938e-04
3.295277948563886e-04
3.719153804689447e-04
4.541016478182749e-04
7.688404987622527e-04
1.166208802820473e-03
1.182389962143103e-03
5.473247650746841e-04
3.395384770255932e-04
5.360466351463396e-04
1.175018403198375e-03
2.855126210740008e-04
4.714291992897869e-04
1.009655758566323e-03
1.610362461208021e-03
4.512285161063833e-04
7.289897950088267e-04
6.352926618361321e-04
4.405009985608654e-04
5.476282244600437e-04
9.888833796354941e-04
5.053357335156105e-04
9.686851872876766e-04
5.609692170672611e-04
2.641086909390624e-04
9.536136140777757e-04
6.235202798370849e-04
2.358166932690053e-04
3.165223445742078e-04
6.780343116191469e-04
4.672030513210856e-04
1.022655385811225e-03
7.142006671041042e-04
9.328347092055355e-04
8.387532326142222e-04
7.078935377818059e-04
8.894310061625947e-04
1.045627559434962e-03
7.408044288888180e-04
3.087980526768923e-04
6.236349278908853e-04
1.005476578408678e-03
8.499489052231896e-04
3.350841398865587e-04
5.710496528855242e-04
3.854710684804236e-04
9.988611979050825e-04
1.071355182498710e-03
1.235124974849822e-03
8.281472017713437e-04
9.752540534470396e-04
4.079527342098904e-04
1.097941087832777e-03
1.059249683164193e-03
1.199562191801278e-03
9.928113876691471e-04
7.237516425903564e-04
8.194962465108355e-04
9.719679078865686e-04
3.241933925172717e-04
6.793651784387982e-04
7.079741899779178e-04
1.113266043541013e-03
6.725746540082388e-04
8.319427067668729e-04
6.733778547472851e-04
5.941658232517342e-04
6.752137006563628e-04
3.008876227218997e-04
1.211231661403503e-03
2.745763950233863e-04
1.365659353922803e-03
5.853371454508924e-04
3.475040743760957e-04
4.810499679431483e-04
3.128446604457350e-04
7.284508812928369e-04
1.015823576648999e-03
5.821360695129707e-04
9.838324178079016e-04
1.167239925231812e-03
6.050380349437520e-04
6.687698040089566e-04
1.569781726205470e-03
6.581953390179093e-04
1.235623842834535e-03
1.208632916761345e-03
1.669548782358560e-03
3.509565454664143e-04
5.901738296821693e-04
1.007795508130107e-03
1.182994570161476e-03
5.616494954427996e-04
8.569379401961571e-04
6.745765846551881e-04
8.538369980457751e-04
1.127387614236112e-03
4.122661189499698e-04
4.481459735350436e-04
8.394357501087343e-04
4.682080662514843e-04
9.042631692977033e-04
1.039664043018929e-03
6.219898125262259e-04
8.457338323858470e-04
1.081110307159704e-03
7.939940156542057e-04
6.974235505169085e-04
6.506763329665336e-04
3.944101663839537e-04
5.242649577151925e-04
2.854806793206638e-04
1.392586098136005e-03
2.964326020007465e-04
9.470121854055740e-04
1.376422432601931e-03
7.585378245956438e-04
1.217519665597012e-03
3.163357615413305e-04
7.226254160055947e-04
6.111758639448642e-04
1.243493716086734e-03
6.199508298913714e-04
7.668389835296893e-04
9.666661073861674e-04
1.194561758652206e-03
4.424261976384125e-04
6.416081964382502e-04
5.911904125371930e-04
1.214740381903503e-03
7.909879668611527e-04
1.053321772746998e-03
1.065408683850438e-03
2.589701947847840e-04
4.204906447138830e-04
1.619829073236023e-03
5.424724397461510e-04
9.237907392473174e-04
4.740831552134236e-04
2.508283525901639e-04
9.064382316035511e-04
1.073329551888478e-03
6.952880418940982e-04
1.614363186254403e-03
4.111504545823508e-04
2.873421051020213e-04
5.922987957201864e-04
1.091140732573733e-03
5.193051076897917e-04
1.195020540433891e-03
3.876977840789069e-04
1.672943206762105e-03
1.018067848396707e-03
9.429542276896774e-04
7.211646999371458e-04
3.544072068783005e-04
4.215050153419226e-04
5.644247271260468e-04
4.437705725281690e-04
3.219800118989167e-04
4.592756510479263e-04
8.296452945908575e-04
9.050724776527599e-04
5.652577651773009e-04
2.255472886664665e-04
7.460154108081510e-04
3.174604463069426e-04
2.322635648211172e-04
3.890851995738262e-04
8.269879760455182e-04
9.854414621819588e-04
1.006167688649055e-03
2.974414903678632e-04
4.844559186701735e-04
1.114320596145117e-03
2.973616939299290e-04
4.909430912233053e-04
1.456459093302412e-03
1.060947363149393e-03
1.831454975280490e-03
8.231232518252671e-04
8.659163044484683e-04
5.800452392815600e-04
8.239448115559963e-04
9.702670477026296e-04
7.680817952866722e-04
1.194620691720764e-03
3.513904405861172e-04
1.070165322521696e-03
9.532894023246543e-04
1.176011812482475e-03
8.467011727269877e-04
3.076885962516422e-04
9.153724146139877e-04
9.531002866593916e-04
4.255543510863372e-04
1.308449784086774e-03
6.838074115546454e-04
8.156263174006833e-04
8.974103667929975e-04
1.098803390305331e-03
4.480713618901601e-04
9.712332104120102e-04
6.534080122272963e-04
1.170717934431833e-03
3.613265559258028e-04
1.043692660657242e-03
6.557270234284172e-04
6.555833205851776e-04
1.003498454150422e-03
7.392563011889737e-04
9.438376376275279e-04
8.304347385235445e-04
9.569641384510072e-04
4.303146900647411e-04
2.520148415472982e-04
4.649155492836588e-04
1.073154474305561e-03
1.077494825289726e-03
8.568048520212110e-04
4.897940402225638e-04
1.072424385956019e-03
1.156489323908459e-03
1.129735238493727e-03
1.226411667797365e-03
1.338862331421476e-03
2.142961945748056e-04
9.569351915421800e-04
8.591528548971639e-04
5.235440555894018e-04
2.802338209123190e-04
4.217198361759367e-04
1.954419672738390e-03
4.410188736919872e-04
8.297695815076328e-04
1.176661252000492e-03
2.949315605270817e-04
7.018026562970559e-04
7.127163021343995e-04
7.166561192872172e-04
1.072703696474404e-03
1.052712724977291e-03
6.421971797003704e-04
1.159497807687121e-03
6.806561375264674e-04
2.262483082298069e-04
1.139831284738384e-03
3.266754753693378e-04
5.050125142657502e-04
1.209494790320537e-03
9.668574261299958e-04
1.057388712950874e-03
1.306736974959432e-03
3.918022249285978e-04
9.844358522483512e-04
4.125758868154151e-04
1.796785116915079e-03
3.722083129215136e-04
6.389650429784370e-04
6.362545932125485e-04
2.618850553987092e-04
5.447630595601430e-04
3.388575761946895e-04
5.630751294093293e-04
8.811806697794181e-04
8.917404569018758e-04
4.974858909558337e-04
1.224406682602800e-03
7.808806648384554e-04
1.251466837501906e-03
6.893289060398943e-04
8.245743013972962e-04
1.069306552945052e-03
6.693693485550989e-04
1.000451545162766e-03
6.294580829130637e-04
1.103669511938089e-03
4.814276023856909e-04
1.079167257787991e-03
6.722682975756089e-04
5.387421400573945e-04
1.061103690994386e-03
8.629712366198436e-04
7.012141553534676e-04
1.102046261189572e-03
7.451216889398263e-04
8.062159463911696e-04
3.016125756246844e-04
1.335447439124738e-03
1.033023298191904e-03
7.673035518279332e-04
8.485095168174622e-04
5.276523894893193e-04
8.361557260409275e-04
3.757933781317644e-04
8.543426285031693e-04
1.488295400876262e-03
5.324027167042332e-04
2.964794758332589e-04
1.329934379209222e-03
1.040682610337350e-03
7.644924450286670e-04
5.916662463233920e-04
7.415111061268883e-04
5.109664933331065e-04
8.044370500741342e-04
8.431969842951502e-04
1.177913896683627e-03
8.183370793865832e-04
7.673461138048175e-04
6.434891819154613e-04
1.417090227469156e-03
7.621635406746816e-04
6.101372892058471e-04
3.153055251552502e-04
4.668551019692780e-04
1.654691990096940e-03
3.035723078906031e-04
4.012196967675596e-04
1.014699265592845e-03
8.619924365845806e-04
5.409058522807623e-04
1.544263565367340e-03
2.846145110271337e-04
2.476374025966161e-04
1.224216734607331e-03
8.368731542826026e-04
5.933677301352970e-04
8.728712188727265e-04
1.382403886291660e-03
7.182231127194211e-04
4.689469478058392e-04
1.235238143373709e-03
1.391181225474606e-03
3.637374177545020e-04
1.347831797055802e-03
1.145088200992701e-03
6.852255427741796e-04
8.448953874923512e-04
7.549331115429972e-04
1.229956195442342e-03
1.100673428833567e-03
2.483587532436794e-04
8.691177837482163e-04
4.958232860413146e-04
4.914981611334378e-04
6.384201104027043e-04
1.424127380022281e-03
7.703482513906237e-04
5.329344242324687e-04
3.103530620784910e-04
1.021798978632059e-03
6.482055847164901e-04
6.825070795684852e-04
1.083694513255106e-03
6.595907665535724e-04
1.317062666528397e-03
4.040596463112338e-04
3.453126775288878e-04
4.025947038099158e-04
5.190135890853331e-04
1.244705104444179e-03
7.313624584102572e-04
6.401990386960436e-04
7.618898693272072e-04
3.052181244819438e-04
1.700437510030327e-03
8.146310515266922e-04
6.847327888506046e-04
7.406572939325776e-04
4.075264429248851e-04
4.703807342992212e-04
6.264245215686487e-04
7.528304194645605e-04
2.284749143198752e-04
9.699534133800099e-04
4.606889021531069e-04
1.101248316716248e-03
9.469206911886873e-04
7.035852772174947e-04
1.031990302866755e-03
4.545665971408330e-04
9.352604773372201e-04
1.527112601917132e-03
5.994726060636147e-04
1.366296246524770e-03
1.285539567743343e-03
1.175095906658714e-03
5.108424563663585e-04
1.240517885988251e-03
1.023497884915756e-03
2.690870944801480e-04
9.268315092476650e-04
2.351668597734258e-04
5.693598420069408e-04
1.585836887752756e-03
8.325807541915700e-04
4.837770946723076e-04
2.747235122250323e-04
1.456221205122022e-03
6.666729213653918e-04
7.113206782884046e-04
2.776176561905588e-04
5.635113857881148e-04
8.517056135464999e-04
8.200360511801347e-04
7.315259382586612e-04
1.041725381271287e-03
3.134547220125205e-04
6.297829565344706e-04
5.899904291235713e-04
9.869059610086387e-04
1.027387225552464e-03
4.546198435121253e-04
4.002840917438187e-04
8.062557729123860e-04
6.399698592271745e-04
4.799934983912439e-04
9.770536214250471e-04
4.465633083286310e-04
4.769882235764290e-04
8.565250292506447e-04
5.568271752276067e-04
3.296157304693571e-04
2.769362988906642e-04
8.451713134642267e-04
1.911609416355125e-03
2.412829329630457e-04
1.104241586296901e-03
8.452029260746347e-04
8.875097512062322e-04
7.178859347043916e-04
9.920891219284424e-04
8.493087488895799e-04
3.601389604191574e-04
1.072625101487155e-03
3.156925646369318e-04
1.047772273347003e-03
1.585675598066179e-03
4.027433330755092e-04
5.105942096169109e-04
2.876080423087658e-04
1.118006678904896e-03
1.372244208076395e-03
7.828351477237844e-04
5.302040531767198e-04
7.016253360574933e-04
8.917023615380476e-04
7.795039572508053e-04
1.150187567566586e-03
6.724916103418621e-04
3.079598598695662e-04
6.064102809928845e-04
1.176743647355111e-03
1.575735572733353e-03
2.434550863017081e-04
4.644907158804246e-04
1.122155955980819e-03
1.112070013081466e-03
4.113099477175360e-04
3.806799600368037e-04
1.087887911120265e-03
9.521652439394403e-04
1.045636869446674e-03
3.631583451011957e-04
1.075479511985318e-03
8.300835630159925e-04
8.387006767401707e-04
1.233778159774561e-03
8.456621342572597e-04
5.256246271853462e-04
9.623770714905230e-04
8.367456419519878e-04
5.709198330146532e-04
9.961506852798785e-04
9.763937803052490e-04
4.768098076778172e-04
8.309718931241907e-04
5.131873398563770e-04
7.260890999991755e-04
4.854811567842519e-04
1.176491553801085e-03
1.008770515755544e-03
5.287635433619945e-04
3.696196086536421e-04
4.986282866479204e-04
1.259047698067317e-03
9.240591823310296e-04
9.200201244154412e-04
3.027835042379616e-04
3.082732020649058e-04
4.116758302773703e-04
6.730538311269509e-04
4.701944420082390e-04
6.460015304938516e-04
3.134524251108972e-04
1.189295898537016e-03
5.198818840648734e-04
8.212256059580262e-04
2.309194019096461e-04
4.989321456745682e-04
5.913176279451239e-04
1.048684604124827e-03
4.506088927462096e-04
1.211882227367604e-03
1.103280602272176e-03
5.852219808577227e-04
9.541018324745584e-04
3.660363194685970e-04
8.160616893135182e-04
1.453680058271219e-03
5.106210112042136e-04
4.840206484525496e-04
1.309285665621741e-03
6.959629383518764e-04
9.715832113578074e-04
6.169714141611421e-04
5.761919974325191e-04
2.793530298197278e-04
2.689998189382747e-04
6.563802257306038e-04
1.010277464279017e-03
6.593022171686601e-04
5.768241595084682e-04
4.671241451917004e-04
1.093058814532467e-03
5.550755431235079e-04
4.371267793467287e-04
1.168990682449196e-03
4.909833942109122e-04
1.647563820412723e-03
3.050275409403780e-04
4.961945967847769e-04
6.257758401410571e-04
4.377720976701312e-04
8.804358718155805e-04
9.880354749992471e-04
3.580301842639035e-04
1.007569281053609e-03
2.773927003413827e-04
4.606378297375527e-04
1.820386416913461e-03
8.583900972424913e-04
4.698219396843929e-04
9.207731595588366e-04
5.891724851787000e-04
8.540914180190385e-04
7.676458665053510e-04
7.741069278982980e-04
9.244840912583635e-04
4.600900481849416e-04
4.810496087405674e-04
2.558349075191399e-04
4.644600015437824e-04
9.269161000204626e-04
8.882859064698746e-04
3.642429701963967e-04
6.653074746914595e-04
7.728622817361466e-04
9.430173720529663e-04
3.170283414885540e-04
3.484775426504062e-04
1.126171763121516e-03
5.849155947784638e-04
7.435883054108231e-04
1.243357933204021e-03
4.150987834314703e-04
3.688674284990279e-04
9.101766826166812e-04
4.090021371798273e-04
1.372115658766445e-03
9.847659793790753e-04
5.743698671304582e-04
4.462216047918995e-04
4.519735618424970e-04
4.909014920306820e-04
9.558900224670494e-04
7.209794664381106e-04
6.887344691416148e-04
8.200269848278781e-04
8.404507473944087e-04
1.113438496711070e-03
1.155785789422712e-03
9.506739841131376e-04
1.067937539613087e-03
1.056428820891862e-03
1.341681142692017e-03
4.465380669502839e-04
1.263730414335162e-03
1.251529719539813e-03
3.855499634543685e-04
7.907897452943800e-04
1.688436389099395e-03
9.517600142388295e-04
1.027524970949536e-03
7.359657683879889e-04
3.630042770519926e-04
2.549729386400371e-04
5.821871919930402e-04
1.125974915057545e-03
7.416546000645263e-04
2.321296348255374e-04
4.562862595639695e-04
6.453432384637514e-04
3.398230921352407e-04
3.477939390580731e-04
2.881135378025987e-04
6.009729349455557e-04
1.431889569359327e-03
8.987583886999451e-04
7.851918033794446e-04
9.445039411635355e-04
4.145862471652463e-04
7.088625838161884e-04
7.639685940085445e-04
1.103082110782275e-03
2.578098906274019e-04
8.464177092561961e-04
8.919017742534287e-04
1.035813632345137e-03
1.550743637299772e-03
7.286776592728662e-04
1.585683267603926e-03
8.373423250270993e-04
8.772715559909211e-04
9.819709570730588e-04
6.937659823398695e-04
1.123743021882314e-03
8.672901388438097e-04
7.741827660684964e-04
6.758680351445233e-04
4.799247920233059e-04
9.012407918355430e-04
1.133806691851563e-03
7.705431103867152e-04
1.073900222735189e-03
3.556858785438007e-04
7.643582329232683e-04
7.026268843469319e-04
9.499616583404260e-04
5.507272028826873e-04
8.856620549821743e-04
1.254676832176629e-03
8.011622096143869e-04
1.558494374334519e-03
7.922518513684281e-04
1.778489518308503e-03
7.803934364372682e-04
8.461426252620899e-04
8.476768590583213e-04
2.271756693652087e-04
5.689431392071661e-04
1.863691612794563e-03
1.270174423392602e-03
1.292873828994071e-03
1.368151330538164e-03
2.299980796421072e-04
1.253943387878110e-03
7.615455402201562e-04
3.523888621525946e-04
1.549893863349270e-03
1.149785691384911e-03
3.999840763910704e-04
5.422660846936492e-04
1.307617060705413e-03
1.442905091351794e-03
8.391150167809394e-04
1.081250458761107e-03
5.885470215373595e-04
9.535190048836054e-04
3.749590940162416e-04
9.406296572296918e-04
5.803131453947263e-04
4.782033965974062e-04
5.868204002498448e-04
2.438233126551171e-04
1.012898366087332e-03
1.270133183951497e-03
4.501435349159370e-04
8.221872994929923e-04
9.536097799928891e-04
3.840978959019957e-04
1.410686420461250e-03
4.932434905687210e-04
6.603184486063899e-04
2.958616531995983e-04
4.594497668442115e-04
9.084878684103225e-04
1.051576243571276e-03
1.162331186883769e-03
1.325981270582636e-03
9.684742347521355e-04
1.031836382632457e-03
1.042748139589817e-03
1.523264267928049e-03
2.920164457250075e-04
1.239564268123002e-03
7.913542746258290e-04
6.202736303342398e-04
8.780730221710790e-04
8.068732573380095e-04
7.764698477611047e-04
1.072253830648499e-03
3.360148472204088e-04
1.491160287073627e-03
5.608858272031143e-04
5.669919305990684e-04
9.076870154105456e-04
8.294089039783412e-04
3.697697472218206e-04
4.618048144570909e-04
3.532893467786169e-04
5.953018852203828e-04
6.000247333021032e-04
5.909875745919997e-04
5.718849414179830e-04
4.632687458541959e-04
1.458072229933354e-03
5.098564597642837e-04
8.898509309093990e-04
7.828291650317553e-04
4.596027510389260e-04
6.089160644686568e-04
8.935134300345073e-04
8.089088961649719e-04
4.625936793197098e-04
5.497704858266197e-04
4.685906910427978e-04
3.846354955771209e-04
1.493999388346948e-03
1.399818241080324e-03
4.096500269003267e-04
8.639906982884031e-04
1.186262116013065e-03
9.878398029183430e-04
1.698243108157240e-03
4.710538967039775e-04
9.052034083677212e-04
1.124486199412997e-03
2.676177840765504e-04
9.781323538775213e-04
4.148645279308192e-04
3.874126824224492e-04
5.919130027819841e-04
2.743964021961763e-04
5.897251707180421e-04
5.043308638385504e-04
1.022464124593974e-03
1.090378948344530e-03
9.078426028138250e-04
9.275885519039388e-04
8.019936634474632e-04
4.219457045711555e-04
9.933624776680562e-04
1.158972884837046e-03
6.793856088300337e-04
5.596982316300237e-04
7.821551950551963e-04
8.639239788847514e-04
6.164327334493839e-04
6.686466925610183e-04
7.750583311731905e-04
1.187892196572543e-03
1.166196860529689e-03
6.711645936399203e-04
7.273054470806102e-04
1.197619277190898e-03
9.343052391261209e-04
3.520994504552155e-04
2.421421362534412e-04
8.829286147576556e-04
9.419096071276488e-04
1.193166079497568e-03
1.317575406633412e-03
5.125356434248879e-04
4.944892603385535e-04
3.954439442352184e-04
9.392135868011135e-04
5.558894117222617e-04
7.012261733075288e-04
1.836272652952783e-03
5.807018135376081e-04
5.677284526985355e-04
1.461527161496944e-03
4.331145507296650e-04
3.726359565686211e-04
4.704462243524549e-04
6.284057534160119e-04
7.485789663191995e-04
9.678633526518624e-04
8.134526437046938e-04
3.750782871094478e-04
1.133302604553619e-03
9.633209543400511e-04
7.940540307505712e-04
1.136634474058467e-03
8.506718274161610e-04
7.939179753889251e-04
7.990519939380313e-04
6.314369623973332e-04
6.675433148489056e-04
6.500388164513998e-04
6.799340749461287e-04
9.429889640250380e-04
4.732236148932262e-04
5.796864110504168e-04
2.679168823812523e-04
1.019091700830250e-03
3.914603857233806e-04
1.196025873123536e-03
8.939729358279226e-04
1.379757208892700e-03
4.275836798755077e-04
1.303138045633984e-03
6.715292139116892e-04
6.453381116104592e-04
7.313244853501277e-04
4.610885697655963e-04
1.256180366609937e-03
1.087833205812493e-03
6.986546852551609e-04
6.565794400485924e-04
1.103875362150627e-03
3.445301225067027e-04
1.053116134653234e-03
1.305342127530268e-03
1.087447955845390e-03
2.628957462682006e-04
1.046810574408457e-03
1.694166971483356e-03
8.565930282241308e-04
5.318106705183605e-04
8.625597889864884e-04
7.600726190421207e-04
7.105579353924099e-04
8.029241673317939e-04
1.426913229763103e-03
9.559990995368888e-04
1.009808545074622e-03
1.314015314665692e-03
1.000252291029994e-03
5.432209468787669e-04
1.429179357406104e-03
7.939707630504468e-04
7.628995051842954e-04
1.119835625926730e-03
3.871167438461596e-04
1.176951582629839e-03
4.114903704003117e-04
1.070455676900532e-03
1.236471353356002e-03
1.331959491120323e-03
2.805751279534401e-04
8.586625727784371e-04
8.929398912856859e-04
8.918659940017809e-04
1.163989539936043e-03
1.415461680108791e-03
1.324731092199391e-03
1.582423545666665e-03
7.975515615406235e-04
5.884893766318069e-04
8.702381679494905e-04
7.875373911009590e-04
4.385384300109650e-04
1.217778208955163e-03
5.598871790487567e-04
9.474897790974271e-04
1.148600592401073e-03
6.151626887389833e-04
1.100953782860615e-03
4.732926999356233e-04
7.893714950398156e-04
8.737242994163458e-04
5.836331567674553e-04
6.668418753591824e-04
1.003009760964626e-03
1.136061051800828e-03
7.137154121792378e-04
8.439225228568429e-04
6.094436070191491e-04
1.370950712765629e-03
6.358441804758899e-04
1.014170771093405e-03
6.592166255421136e-04
9.942625537382936e-04
1.104416266436857e-03
6.201180998777365e-04
2.379906288652945e-04
2.596008575861954e-04
5.333778190134396e-04
5.237329636137402e-04
5.027703078042533e-04
5.296415725006121e-04
9.774189710598645e-04
5.326151540831505e-04
6.697535324179020e-04
5.773228338468537e-04
1.163559088385063e-03
5.318328229554322e-04
1.138946966192149e-03
1.456112015372740e-03
4.850252727981791e-04
6.165273750883210e-04
1.555658994948728e-03
8.317812712721719e-04
1.053360330216485e-03
9.363081096919299e-04
1.209557869778677e-03
3.331363610331837e-04
1.371016200709802e-03
9.272751335154695e-04
9.826743907043198e-04
4.857695290033947e-04
1.051263849345827e-03
8.551396003403806e-04
3.590310323811790e-04
9.355677751398521e-04
9.435576892165597e-04
9.690675873395495e-04
1.265760134919236e-03
7.298910018829986e-04
7.552069336314200e-04
5.566340609077162e-04
1.099983438251209e-03
7.816052386274292e-04
5.797618531238497e-04
6.930857156513994e-04
1.329499404799373e-03
1.630673817324469e-03
8.254608187036979e-04
1.094649551463225e-03
1.060525599650328e-03
8.288676773421604e-04
6.120250661857900e-04
8.676947466097110e-04
9.001454420041286e-04
2.535738789372513e-04
7.495201876729014e-04
4.573559268109867e-04
1.303413272232872e-03
4.762289434285591e-04
8.422081141667240e-04
8.731924528665382e-04
7.971862764868999e-04
1.010829833855783e-03
3.983408197377629e-04
1.593601991700873e-03
5.708993457858933e-04
1.243607281111366e-03
8.255847118684900e-04
7.214851442765176e-04
1.111613548040577e-03
1.345832267447263e-03
7.532755719901295e-04
4.999008065555516e-04
1.175050189101836e-03
2.839356127470442e-04
2.985728589485527e-04
1.619511586403694e-03
8.361281456762799e-04
7.166827924719448e-04
5.716520792243098e-04
5.190607667209231e-04
1.128291669377837e-03
9.294854831177904e-04
5.030374095602148e-04
7.736828215535241e-04
5.800588470209487e-04
4.018319949609626e-04
9.912751317018441e-04
1.064968123717473e-03
9.323010534164466e-04
4.198107023797931e-04
6.314760552301176e-04
6.650922190479080e-04
3.172622708296645e-04
7.339553263322304e-04
4.745097745340819e-04
8.237736227144972e-04
7.091656726175243e-04
8.832330378878543e-04
7.357680595603221e-04
3.468425210349440e-04
5.629491807742187e-04
6.209708053506896e-04
8.423883491134810e-04
6.341499148027467e-04
6.566963403397463e-04
9.805676230918124e-04
1.736824701538710e-03
1.170290806528782e-03
2.933186368772207e-04
3.715341292999548e-04
5.196559703440778e-04
7.946596282856299e-04
5.010958245744727e-04
6.209747064688054e-04
5.700307647478923e-04
4.943351397210557e-04
1.296905657187378e-03
5.872858083607374e-04
5.308668262028639e-04
5.290387619188032e-04
3.301304688868649e-04
9.691698950012750e-04
7.067437209246152e-04
1.159319640451695e-03
4.376009266039408e-04
4.017822494605765e-04
1.141231363840407e-03
1.066441922905768e-03
1.454322187342284e-03
5.236663441845224e-04
3.007276790535496e-04
1.180686629587334e-03
7.325416826334556e-04
8.972170640033501e-04
8.411865739472215e-04
2.388872935372394e-04
5.080329564039885e-04
6.211423975492848e-04
1.510434783616604e-03
8.763996505695681e-04
5.136960602615180e-04
8.344028391503000e-04
9.267808698803666e-04
6.512905218884691e-04
8.549152253365726e-04
3.053295652775546e-04
5.465847137980389e-04
1.539816659786582e-03
1.616315447600513e-03
6.197262267306272e-04
1.170663404740602e-03
6.304372483483691e-04
7.292387559853994e-04
1.077470902641981e-03
2.641993234738298e-04
9.922607787887724e-04
7.468397636486644e-04
1.869786067410193e-03
8.499397191870768e-04
1.485825364461416e-03
7.383724786178255e-04
4.080891062416452e-04
1.079970852554869e-03
6.341328387238952e-04
3.875344906179006e-04
1.252680658902722e-03
1.513003073563877e-03
3.608521795618054e-04
9.934313429093395e-04
1.478472831240023e-03
1.596416576272160e-03
8.905565731275827e-04
1.897735008817565e-03
1.263019423587296e-03
6.574122419361059e-04
4.664543445310172e-04
9.399065543220114e-04
5.272795035928736e-04
1.235453551251348e-03
1.160887519294066e-03
1.118894819507073e-03
4.720162648103341e-04
1.060603037085921e-03
1.333228786298799e-03
4.279835471425558e-04
6.291869160923997e-04
1.112804184126969e-03
9.163965498026292e-04
1.037379731489724e-03
1.451976765641998e-03
8.556233506128799e-04
3.457130811196693e-04
7.722722191783166e-04
6.803668863657291e-04
5.475635229504950e-04
9.329672819308188e-04
7.187357428170161e-04
5.373792708251126e-04
4.949111610422624e-04
6.741778391949947e-04
4.297503053136932e-04
1.128034064972123e-03
1.086245319933370e-03
1.219027825696872e-03
5.076376471898718e-04
9.393804335764861e-04
8.626099909474125e-04
1.124649358478116e-03
1.017999595016199e-03
3.282115765573776e-04
7.319436525105947e-04
8.503160149731737e-04
1.131356011570533e-03
5.287516366727562e-04
6.382012968076428e-04
1.737229676043787e-03
1.567958801410990e-03
4.834629123497651e-04
4.601229705160052e-04
8.666726419062764e-04
3.293352994913866e-04
1.061999833851415e-03
1.019179941322216e-03
1.568637056641958e-03
8.934026005200657e-04
6.606194380735344e-04
3.936376694519653e-04
1.171326506855772e-03
9.622958166131683e-04
6.025045366725668e-04
1.345480064336103e-03
3.342152983753085e-04
5.130022721204408e-04
1.147778283957632e-03
4.325012250706726e-04
7.229505294139012e-04
4.632785326284413e-04
8.142023755799983e-04
3.109409054963405e-04
4.549390288049647e-04
1.518232117080774e-03
1.101883873660028e-03
3.696024231251394e-04
1.173432905744885e-03
1.421033568453278e-03
3.582807255342965e-04
1.278672989603176e-03
9.057323666385535e-04
1.273577308478541e-03
5.485334977299052e-04
5.126930843562002e-04
5.446098763123511e-04
4.511209408437168e-04
8.475825853307500e-04
7.953672199440241e-04
5.153495991526785e-04
3.994024082457047e-04
8.823870035159985e-04
3.632235281956129e-04
2.487716087352711e-04
9.115444554352989e-04
1.038282056146245e-03
1.585864572868300e-03
8.185727629110179e-04
1.755715354775532e-03
4.840778177938287e-04
7.635114964514747e-04
9.008699941624241e-04
4.319508096977053e-04
1.143061543415500e-03
6.244549609812591e-04
1.003635650427032e-03
1.053370316544610e-03
6.929717638227190e-04
4.750854496140350e-04
1.568057115555820e-03
9.445329290613898e-04
2.707632325443487e-04
3.711240597618774e-04
8.362001770604373e-04
9.809926495692161e-04
4.556113882837298e-04
4.899532851076766e-04
9.313722174124725e-04
9.333187486479805e-04
9.179148092711861e-04
4.565061897469584e-04
3.154438646441904e-04
4.330754367874553e-04
1.283320240514606e-03
8.992156803179949e-04
8.451173196165738e-04
2.379710196896261e-04
5.659115686086855e-04
9.612860371084286e-04
1.436141786528323e-03
1.004038062409187e-03
6.735450814719757e-04
4.614021580358380e-04
3.384040311813880e-04
6.306341690803471e-04
1.398323963366186e-03
2.820483826198652e-04
1.265861129553343e-03
6.635045497644840e-04
8.089796452831710e-04
6.564655026642158e-04
5.603518178658405e-04
5.684899943511584e-04
4.281736714367317e-04
1.111386659753021e-03
8.333673451004827e-04
3.985272053623677e-04
1.067695330333106e-03
5.111236159387775e-04
4.927216889885273e-04
1.089429536321519e-03
5.452320327305881e-04
9.763205234662980e-04
1.408053058250227e-03
3.575706448047392e-04
1.071107395673372e-03
6.836729068959437e-04
2.992339120807800e-04
1.044645615045489e-03
7.687776044678196e-04
1.014640050267895e-03
3.817571205214934e-04
8.296596756817675e-04
3.919701170360330e-04
9.916917363872622e-04
5.326622821414215e-04
7.493724249746567e-04
7.913769217465572e-04
4.173437748163117e-04
4.372778327023647e-04
5.397570262063376e-04
1.378648825090876e-03
9.808771002170040e-04
5.712912347490503e-04
8.394720201049071e-04
3.682499796390352e-04
1.009998967729480e-03
7.426968929038083e-04
8.572010823131474e-04
8.256061577128404e-04
7.148394869545096e-04
7.299628673787008e-04
5.064250228937029e-04
6.744318582210573e-04
1.050388002619640e-03
9.804562716273385e-04
9.906860898625622e-04
9.528416760286177e-04
1.208239932728598e-03
9.219529874784776e-04
1.289918344214722e-03
7.144635625338045e-04
9.840712271033209e-04
7.781650571740356e-04
5.092804649096373e-04
1.217566824491734e-03
9.355025794386975e-04
1.024422625610842e-03
1.548439793396812e-03
6.893353580797376e-04
6.118191953365074e-04
8.873952260611346e-04
5.073163421211610e-04
6.709449668035907e-04
6.452209375614582e-04
1.124681401405888e-03
8.569342089704208e-04
5.893886473016484e-04
9.337807715922436e-04
5.631558882924735e-04
9.449791833752944e-04
1.008072161130030e-03
3.805916836989624e-04
5.932779394681582e-04
7.270441800686081e-04
1.108165273953823e-03
1.123420662763859e-03
8.297236981284564e-04
4.880179519484520e-04
7.863232310504915e-04
1.399448331150927e-03
8.272918903742138e-04
1.045001342291832e-03
2.389542852412241e-04
7.388613486464157e-04
4.079257705040034e-04
1.023124341369232e-03
3.370420711250026e-04
7.895975082400015e-04
3.648971124419632e-04
1.108883928358572e-03
8.222559328485495e-04
6.300380302958136e-04
1.131455101974180e-03
2.918622317636360e-04
6.195588945852513e-04
3.560933762723288e-04
5.709216048381116e-04
4.555564905607170e-04
7.887636262062509e-04
1.226828127335438e-03
1.468139624807245e-03
3.871374072869727e-04
3.745739764295043e-04
1.057486293241082e-03
6.248642106395272e-04
8.950176630701771e-04
8.493652628056415e-04
4.212532179658036e-04
6.215798712710637e-04
1.247624050536719e-03
2.909405205840173e-04
1.381409505407463e-03
1.042664218687404e-03
7.360272386563390e-04
1.126046147834108e-03
1.071864472813389e-03
6.403114733470922e-04
3.751075343094682e-04
8.544601943287651e-04
3.698914452782609e-04
7.249632572266064e-04
6.009519757705810e-04
2.786651470834901e-04
2.479636865400511e-04
5.022249681743948e-04
3.645042540695063e-04
7.492391235020954e-04
1.766155497463003e-03
1.186300189091184e-03
1.207354690362454e-03
1.103677878696204e-03
6.145245379063717e-04
4.164877491839318e-04
4.261198156173156e-04
9.871917164395538e-04
5.780732372398912e-04
7.813997993367774e-04
5.387179180888551e-04
6.028790563201988e-04
4.134669059924726e-04
1.348799759091025e-03
3.453184967825078e-04
8.062808240313999e-04
8.219134304624310e-04
3.372408620988996e-04
5.140592363702050e-04
6.136084137140260e-04
6.067628215664812e-04
9.167194635771342e-04
4.339475206662892e-04
1.078847996740424e-03
1.646622860399287e-03
4.379585821403627e-04
8.275007726457074e-04
1.244158975041525e-03
4.037315355109043e-04
8.623061181712373e-04
2.713700158316242e-04
9.118698488033024e-04
5.808210640297941e-04
4.721051873894384e-04
2.147276613322353e-04
1.160608239302337e-03
1.645534071379493e-03
4.651973934718990e-04
3.687685463429863e-04
7.405642324830309e-04
1.044507038453956e-03
4.420434458406935e-04
6.794673438136611e-04
6.394784826422924e-04
9.950570463974732e-04
8.479468266548856e-04
2.501784808224655e-04
1.123618793685123e-03
6.309418465362455e-04
4.511618903178012e-04
4.244956840303902e-04
7.922565745422398e-04
5.557665210979606e-04
5.732840233812835e-04
4.436190364584240e-04
1.014875785265720e-03
7.943056527574876e-04
3.447974142789913e-04
3.054549700700381e-04
6.633022894578621e-04
9.563102122628065e-04
9.862324595786610e-04
6.783975817675676e-04
1.041217831800769e-03
1.196754734753497e-03
8.501198362495445e-04
5.001022538181343e-04
1.102002430904464e-03
4.801829747442855e-04
3.113546054352629e-04
2.722546861549318e-04
5.100071546825507e-04
4.137342521563354e-04
5.697041606340572e-04
1.153518886986477e-03
4.611534374397095e-04
9.501199959467311e-04
5.794815784352690e-04
6.645388461698554e-04
6.226209643505347e-04
3.651576268924851e-04
3.893344168919516e-04
1.764023475681979e-03
6.735814091370316e-04
1.583772881227847e-03
6.184319340162023e-04
9.797076008437582e-04
5.232197160782473e-04
5.415486290177332e-04
1.083363029423859e-03
3.623576016534467e-04
4.259689044866677e-04
3.606987840316688e-04
5.432670272216514e-04
1.279532473558603e-03
8.997445638513520e-04
1.120104555659595e-03
8.486420835520747e-04
1.132850888342701e-03
7.589629701351430e-04
3.645824349599088e-04
6.897058001381542e-04
1.570384065332405e-03
1.099739565407043e-03
1.383834673377880e-03
3.327074118494239e-04
1.020121402344427e-03
6.358260975343668e-04
4.772930870836068e-04
1.303352600149433e-03
4.052761602845688e-04
1.226989495676159e-03
8.042583573463070e-04
9.749926770570896e-04
8.167433925341698e-04
1.427598323503402e-03
2.751446923237168e-04
1.234205878704115e-03
3.751556486747007e-04
4.298052932399572e-04
6.731908628602446e-04
5.417706501766515e-04
4.939130126381142e-04
3.837664592227574e-04
4.272672067332388e-04
5.541845459000197e-04
6.762829463258183e-04
6.193785444773732e-04
6.772890682738227e-04
1.367333181425794e-03
9.564887639165097e-04
1.313814776124950e-03
3.994735266563805e-04
7.835116581494700e-04
1.675561387065400e-03
1.008830101618116e-03
8.662683266465142e-04
6.765398672594680e-04
3.092774526334220e-04
7.103458320707729e-04
5.892784847119668e-04
4.114060270476267e-04
6.887470255646639e-04
5.375829052611488e-04
4.268094951939457e-04
1.347352153785151e-03
6.102030190763405e-04
7.174501571808833e-04
4.920955163899366e-04
1.085735242270917e-03
2.611887070970617e-04
1.117567444864582e-03
1.041270267939418e-03
7.085657573697053e-04
7.934406278029911e-04
6.507880556812977e-04
1.311088588418002e-03
9.827332703090698e-04
2.917181779117588e-04
5.983519403019576e-04
7.429746512674021e-04
1.528787937640094e-03
1.154874177567908e-03
5.171004656236336e-04
1.073692470760647e-03
7.659538230986291e-04
3.407209181669463e-04
1.171682038060957e-03
1.726946418639240e-03
1.067755891214887e-03
9.386343964269094e-04
6.894543510306040e-04
6.210688995235977e-04
2.905062379032209e-04
6.615814046565441e-04
4.742553597244789e-04
1.403058827251768e-03
9.100593370286990e-04
3.838040401758067e-04
7.722563850848921e-04
3.986819925583921e-04
1.141332544829684e-03
9.122392457242081e-04
1.031320668504548e-03
1.001310229005462e-03
1.037997565000140e-03
9.969463329199384e-04
3.110145734454045e-04
5.374983006612852e-04
5.234448193787352e-04
1.087772787724659e-03
1.159000072008058e-03
8.600104158630437e-04
5.437637264789337e-04
7.819479559569985e-04
9.064721798244663e-04
3.412897662373370e-04
1.017056485101241e-03
8.766689469897301e-04
1.152051779465052e-03
2.799171306129006e-04
6.825756860207639e-04
4.408407287845275e-04
2.509611625981216e-04
9.861157236261448e-04
9.516036903380122e-04
6.649224485052117e-04
7.783919779733965e-04
7.594281687279687e-04
1.169555586736152e-03
3.004482095774708e-04
5.347668143587984e-04
7.843517953443655e-04
4.606879384697165e-04
5.527432087271932e-04
4.164842927737816e-04
1.069934748983706e-03
1.176140194778997e-03
1.409771033153307e-03
7.218860352144457e-04
3.341067160126999e-04
1.094157414981593e-03
1.372437551804493e-03
1.140009570799598e-03
9.943224771887143e-04
4.359399589573043e-04
8.052274052382292e-04
5.816344054220267e-04
3.257801629108315e-04
1.042325637878236e-03
7.719226774684498e-04
4.080514566482796e-04
4.697646892873332e-04
1.059014167464018e-03
5.180824702737012e-04
9.075394632879768e-04
9.255518720081676e-04
9.167134573146579e-04
1.537859709302572e-03
5.533457237156153e-04
9.670915319979377e-04
1.137596476734350e-03
8.923307673133858e-04
1.041239634641049e-03
1.076060338904843e-03
4.181371179925517e-04
4.274530318593008e-04
1.116737571556048e-03
4.656306668543654e-04
1.034596344358278e-03
3.928243479582197e-04
3.540023405372624e-04
4.471256708213580e-04
7.665589934321297e-04
1.182214689017416e-03
1.236381024262504e-03
6.043995802546553e-04
1.141466990241563e-03
5.814738525681779e-04
9.400171312327163e-04
1.516619110350509e-03
1.277974429673981e-03
6.652862065984048e-04
9.462274574369643e-04
7.969378102626787e-04
9.618249132413118e-04
4.822501911559749e-04
1.111388744106930e-03
5.495632770615352e-04
1.124472980871707e-03
1.121062299048932e-03
1.063942242478262e-03
5.762622839314393e-04
6.562389553598123e-04
1.050893234626880e-03
1.081010062546701e-03
5.778980385535797e-04
1.469260472415696e-03
1.223882712531662e-03
8.662527020018122e-04
2.440498355414131e-04
5.571449693521041e-04
7.669225156159240e-04
3.863539467929937e-04
1.257197550928996e-03
4.685731013337523e-04
2.562508022153849e-04
1.139578762924183e-03
4.647919165610140e-04
7.705048309290027e-04
9.630779791307088e-04
7.521132621111173e-04
9.131548292943140e-04
5.804617239159305e-04
1.370800848438161e-03
9.823259631269886e-04
9.516764930411941e-04
2.189450409311436e-04
1.242150728552513e-03
9.523644539848330e-04
6.056287680880047e-04
7.477393131597368e-04
2.311864996809945e-04
4.346065979469547e-04
4.838030124375040e-04
7.508333591199517e-04
3.616667040162801e-04
4.942598658553843e-04
5.075113191395650e-04
9.245165916126691e-04
4.531021245031738e-04
4.680557058082855e-04
4.240889059214976e-04
9.112891422172313e-04
8.139277583406677e-04
1.150611430140095e-03
4.413645916061959e-04
3.225552361335444e-04
6.153867473894031e-04
9.972440486131482e-04
6.667024126560615e-04
4.386500937832926e-04
6.578243732799152e-04
1.081943128360765e-03
6.612657476899878e-04
6.609835035269636e-04
4.787817797393643e-04
1.366429334286434e-03
1.066833670007725e-03
1.330178103754152e-03
7.066447730843699e-04
5.565082277135208e-04
9.528459390845902e-04
4.326544297897659e-04
3.699236298189592e-04
6.569812750613303e-04
7.371620290599444e-04
8.106600849971952e-04
4.525830996395766e-04
1.029316138019026e-03
6.664159739466567e-04
6.361046704306939e-04
1.005970821246454e-03
9.509825330758719e-04
8.445468874984149e-04
1.057347642758845e-03
9.561496623770599e-04
1.382966637467590e-03
1.131810546111075e-03
1.060659854690808e-03
1.072862450566126e-03
3.487562725242154e-04
7.586588790653173e-04
5.311216848847943e-04
6.564022814760405e-04
6.286762446812828e-04
1.249862094082903e-03
9.143567667358346e-04
4.563407946136421e-04
6.306965862542208e-04
9.952963096702002e-04
9.780705315548597e-04
4.084536656158739e-04
1.284728599738691e-03
9.104312180048069e-04
3.601592318798898e-04
4.221939149890765e-04
4.306928649520659e-04
5.162983439936595e-04
5.585235238010182e-04
7.316488508646693e-04
8.495467438117315e-04
2.980154247250454e-04
8.137698269003556e-04
1.053489266581612e-03
9.794733157454732e-04
1.214648602663696e-03
7.879828372703567e-04
1.102954339609804e-03
1.243944370293328e-03
9.530248127050641e-04
6.552120278216400e-04
6.852975557073963e-04
7.132722920490456e-04
6.742051337405485e-04
5.658401553976702e-04
1.112596025990954e-03
5.938540841907365e-04
3.267334120136958e-04
7.030109002922114e-04
7.555471787571572e-04
6.448067327539278e-04
1.050884448198949e-03
7.594699939036536e-04
2.544983311648269e-04
2.402247986184290e-04
7.783435755994844e-04
4.038857702848542e-04
7.272198252729632e-04
6.386089310445313e-04
1.065525067523317e-03
7.233846926545293e-04
3.130605073070363e-04
8.113139932676827e-04
7.875682671258693e-04
1.596522457362275e-03
5.117579376637915e-04
3.832663397060571e-04
9.909568278718918e-04
9.053118549741976e-04
7.514068272492951e-04
2.519636173659171e-04
5.915011179780498e-04
6.572449650923562e-04
4.894628063819282e-04
9.910560511311845e-04
9.448931262558554e-04
1.754057165072315e-03
7.687497241263551e-04
3.468269627906910e-04
7.656420843987266e-04
1.016965534691087e-03
8.642613310640390e-04
7.289708159145006e-04
6.248536606077032e-04
3.532980077462311e-04
9.561327863303362e-04
3.442832758505047e-04
1.161471460927812e-03
9.764676035526363e-04
1.201697352436050e-03
1.205331470798437e-03
2.740456468586005e-04
3.841436554386073e-04
1.745258581032644e-03
7.958068559870807e-04
1.162561273625691e-03
1.193509592719771e-03
1.654389364842901e-03
1.110516629895439e-03
4.492752102885031e-04
2.887073844440525e-04
3.159870455298137e-04
5.893592940165656e-04
1.406115299428775e-03
6.465900651074734e-04
8.113636397305550e-04
3.738923180559096e-04
6.944444714805296e-04
9.602500717371587e-04
5.290107712287572e-04
4.018520208377003e-04
1.148922732310341e-03
9.754194461092247e-04
1.280924077565472e-03
4.221275992953021e-04
9.402592602080569e-04
6.433062421832147e-04
1.047328005205232e-03
1.179213378353216e-03
9.210241179250495e-04
5.714185638425005e-04
3.813524610070954e-04
8.765098907700054e-04
9.260381850266276e-04
9.468514163775952e-04
4.014524383600125e-04
4.132773400968615e-04
8.791013573186889e-04
3.458067220037448e-04
1.289789745968072e-03
8.615941318217757e-04
4.994663715494966e-04
1.093635773759750e-03
7.832316564395358e-04
1.034775073265969e-03
1.179543654095942e-03
1.114706868281682e-03
4.315427129211300e-04
1.372460701511970e-03
9.366597514480378e-04
2.560297998082850e-04
8.522155919365561e-04
8.796162957016179e-04
6.762225729323069e-04
4.049141274965867e-04
4.522415941187219e-04
4.971596628036132e-04
8.230967734359973e-04
1.162055774666730e-03
7.110829895823245e-04
8.690261260624107e-04
1.282200560036959e-03
1.007057313717345e-03
8.401252573238870e-04
2.945027380818921e-04
1.209848333441382e-03
1.325574004596719e-03
1.081270119755770e-03
7.100750431295319e-04
1.394865213441733e-03
3.842309020938354e-04
1.856366228950255e-03
2.800603176812387e-04
5.787067662564523e-04
1.110331651694634e-03
4.790682019401689e-04
1.072358366353474e-03
8.051708122868892e-04
2.689096739727261e-04
1.120106125099527e-03
4.398329809308732e-04
3.276120544286480e-04
5.209197723346176e-04
4.766338127259407e-04
8.876431898408377e-04
3.585314861664958e-04
8.584798525268210e-04
1.535565328762836e-03
8.843315964347904e-04
9.118695005721221e-04
3.578991763425166e-04
7.879009683975177e-04
6.884500073783334e-04
4.580652789803149e-04
8.064324606599549e-04
4.825687850968239e-04
6.057737535606622e-04
1.270227387893575e-03
6.247043626222920e-04
1.450247927794211e-03
2.172253523321786e-04
9.077393979399308e-04
1.306730393180856e-03
5.814198812731455e-04
9.748162312509958e-04
8.052712864120137e-04
1.065031410381006e-03
1.071147461934087e-03
3.658368883341829e-04
1.207440471515270e-03
6.278409809268825e-04
1.172347811003837e-03
1.291436685736586e-03
5.412532184330624e-04
8.519582039419802e-04
1.087765157861485e-03
4.954925895218811e-04
1.115063386743362e-03
1.024226774264033e-03
4.050649939573673e-04
4.711412405414232e-04
6.124277062343300e-04
8.440907112972230e-04
7.057017306427559e-04
5.552969024785386e-04
8.917040299106045e-04
9.778779429650175e-04
6.169430048125290e-04
1.016992120831328e-03
7.247261296387112e-04
1.062551810068486e-03
6.477546364229091e-04
8.160649792653881e-04
1.177275689233539e-03
4.935155717794578e-04
5.527055588129366e-04
4.188855328392645e-04
1.047015527531235e-03
1.177691047358077e-03
7.280764286555720e-04
6.399974708171563e-04
7.755793170358867e-04
1.180204603981443e-03
1.390166415998554e-03
2.697516221641444e-04
4.651790199759947e-04
6.203777310421737e-04
5.955048791112436e-04
5.433648716715372e-04
7.172101367096957e-04
4.984179253155600e-04
1.147820509707051e-03
1.267696295852664e-03
2.704903878498702e-04
1.471357948244383e-03
1.150725857481221e-03
7.478140424309646e-04
9.742211396762489e-04
2.580594649342035e-04
7.227981003882041e-04
2.623487111504602e-04
1.313139198126210e-03
6.732012350613024e-04
8.789333317734455e-04
6.324139154955176e-04
1.346047118673248e-03
3.292176268389628e-04
3.470428864694552e-04
7.681687338900417e-04
4.792049988987690e-04
5.087687570261891e-04
1.266315384064962e-03
9.359399398054287e-04
2.461015663529261e-04
1.459285367857441e-03
1.244127602829289e-03
1.104538452890988e-03
8.008808708987332e-04
4.115953214189182e-04
9.654739347346938e-04
9.124921571363237e-04
1.003953778123247e-03
9.949962047252452e-04
6.001443485761479e-04
1.147263813370049e-03
1.042976825129869e-03
3.563548810771281e-04
5.377756377145423e-04
6.196097262586582e-04
6.095517958347751e-04
1.044458711490263e-03
3.194093637723629e-04
6.548439282342588e-04
1.082790348022512e-03
8.713489066967605e-04
6.642922426065019e-04
4.599368776554189e-04
6.148256175375481e-04
8.288745026163921e-04
1.017387877450172e-03
6.743721790528531e-04
8.703062343373343e-04
5.898429588706666e-04
5.399279435344284e-04
1.173222276962895e-03
1.167971722397527e-03
1.215650483142295e-03
3.779945028389673e-04
8.098437340303083e-04
1.200456887801021e-03
7.964346342631210e-04
4.795926349714393e-04
9.036105578300588e-04
3.570252731496660e-04
3.292114543485916e-04
6.186423655720615e-04
5.491412852565563e-04
2.921162880137601e-04
4.938327351178504e-04
9.100701559766203e-04
1.153553147467762e-03
2.269184364259370e-04
3.161272854146677e-04
7.364030337028769e-04
1.115217000678645e-03
1.097023078402359e-03
4.664737498038139e-04
6.080439929775206e-04
4.672757192756345e-04
4.075982133664586e-04
6.292767536245561e-04
7.209636352216461e-04
6.518858780948702e-04
3.627942334138413e-04
9.934863103120105e-04
5.846982491220587e-04
7.759781042862211e-04
8.086260972021057e-04
5.577557225022395e-04
4.651029490354941e-04
7.719345229821348e-04
1.077524713629922e-03
5.080859874578313e-04
1.098975286109595e-03
1.127664852532632e-03
1.124365278236077e-03
8.978185390158089e-04
1.099729991070683e-03
8.653517055918685e-04
5.207391667126333e-04
5.389866940142627e-04
7.288131632878282e-04
2.629531638261765e-04
1.309065651764387e-03
8.541404879356378e-04
9.397798057284296e-04
9.447377060981078e-04
1.233977864500047e-03
4.092393228222923e-04
1.066060936058512e-03
2.212711994968445e-04
2.942172327359594e-04
7.401603241966761e-04
8.313821256574493e-04
6.755609228539252e-04
5.831305749745853e-04
7.826139292232926e-04
1.406841010781368e-03
1.039141979807089e-03
1.246278052936195e-03
1.197337184146681e-03
3.744093737988287e-04
1.131260578631243e-03
1.013206453411147e-03
1.215869000675188e-03
7.310299055782126e-04
3.582630511567786e-04
3.263647917146773e-04
1.077298391708458e-03
1.287445359094768e-03
9.047207722689126e-04
1.227550202140316e-03
1.011032027779729e-03
1.138001546648269e-03
1.089666783271310e-03
8.708336412736448e-04
9.745508835639732e-04
1.436349059066406e-03
1.099953849884100e-03
1.234642486158959e-03
7.935570612370376e-04
1.670817898441378e-03
9.798807949669510e-04
2.545502431532603e-04
1.327042236186240e-03
1.128419589486208e-03
4.194033896551371e-04
6.456581159193010e-04
7.830503765980737e-04
4.199119183158497e-04
1.131058110202114e-03
3.959962568129767e-04
8.833223706590221e-04
1.471655802420448e-03
8.940192335458643e-04
3.523313150368968e-04
1.045943711331405e-03
9.045729245644573e-04
6.814692182435985e-04
3.748913858948231e-04
1.202761795389785e-03
7.148977127736672e-04
5.947197964928786e-04
7.286555656324599e-04
4.647033381100013e-04
4.521025017095099e-04
1.436354213204106e-03
2.439975594280431e-04
1.205190881279375e-03
5.289937590811556e-04
6.551025786920848e-04
2.305247069300418e-04
8.509460159507850e-04
5.918036202784172e-04
1.039367229890768e-03
8.224213489917549e-04
9.210036412924480e-04
4.462180972766284e-04
5.429686155670095e-04
1.007173493520471e-03
2.956120211558361e-04
4.764273630383494e-04
1.522797048442252e-03
4.411853958219833e-04
9.282687365007641e-04
8.254901006932778e-04
7.318382260839209e-04
8.305348431936949e-04
8.274096485427237e-04
2.827513868841661e-04
1.083652556286554e-03
4.572897202348045e-04
2.515637241211712e-04
1.160437287250654e-03
2.071901469021314e-04
2.041641724455802e-04
1.139360254736006e-03
1.573700615218279e-03
1.297465077042027e-03
9.310801089458213e-04
9.305276614906822e-04
4.981536973304033e-04
1.349279559875316e-03
1.472420774227648e-03
4.568281235570537e-04
5.053183873362278e-04
8.334178289339774e-04
2.954123096206139e-04
1.446473107239868e-03
3.364048432849876e-04
1.094424514351306e-03
1.476212939316574e-03
4.141645367792408e-04
1.700599194100196e-03
9.932267893514575e-04
8.201054737810993e-04
7.451508516801857e-04
9.824736845014692e-04
5.564714700352262e-04
5.979654709527845e-04
5.419291300315963e-04
6.593467005611869e-04
5.225823483798525e-04
1.001313956851155e-03
1.039206837833835e-03
1.125282503115704e-03
6.070326032083409e-04
3.804559454769933e-04
2.668329062851913e-04
5.192429247968956e-04
6.983602635978566e-04
6.464887364322999e-04
1.152716072360830e-03
6.660747225879726e-04
1.472952076133348e-03
9.571957670696106e-04
2.805188663082275e-04
1.004495323324735e-03
6.504282019410141e-04
3.453998821316132e-04
2.710973629226278e-04
5.010429167001036e-04
7.530973729535581e-04
9.410333553427033e-04
3.793901751940054e-04
4.684923151559542e-04
2.327480273580868e-04
7.084947345097962e-04
8.606060128569701e-04
2.827667803098806e-04
8.775062085926363e-04
1.132351591032317e-03
5.646256392363586e-04
9.550774493499803e-04
1.106856736564655e-03
4.751447967318955e-04
1.768944926579610e-03
1.606572377656614e-03
1.269089924028111e-03
9.744621711314179e-04
6.892215789246472e-04
1.067007486370989e-03
9.697180468814649e-04
1.055752700835884e-03
7.152892763266289e-04
5.892248357878423e-04
1.125521024865153e-03
1.070249292017782e-03
8.337605253141592e-04
4.720548576869410e-04
6.825434052192068e-04
1.320542645448490e-03
5.931711700824349e-04
5.324642909093830e-04
9.536232015560095e-04
1.053910772476763e-03
6.646019066744416e-04
4.261177669262142e-04
6.413137360260315e-04
3.311628936192440e-04
1.404967401253933e-03
1.008288636434593e-03
5.123463315970009e-04
1.187534724185234e-03
9.281826630123756e-04
9.761373667009431e-04
1.280708475233943e-03
2.920200870512960e-04
7.054488537684470e-04
3.682312378148315e-04
5.480512728019455e-04
7.536296250707979e-04
1.118443893713263e-03
5.249944071763226e-04
9.590566909247888e-04
9.751642883820510e-04
1.265259149436358e-03
1.252406421875494e-03
1.206456711574363e-03
9.170539828222072e-04
7.537754663115273e-04
5.984889008944887e-04
1.001100984004664e-03
5.755045985386487e-04
1.420585249860752e-03
6.668868232341835e-04
8.372017299919832e-04
1.463886022526360e-03
2.423602549873990e-04
7.998674296952755e-04
1.012569234844638e-03
4.846839665294374e-04
9.606739369481452e-04
7.731974684952127e-04
6.626094931195587e-04
7.792046104930128e-04
1.311762893445952e-03
5.765249382434538e-04
5.704079725800408e-04
2.626538883936045e-04
4.817815962223306e-04
9.874427499637422e-04
7.034118434047324e-04
3.644406912001410e-04
4.322706541406071e-04
5.581986338979508e-04
8.968363695174025e-04
3.738180173724464e-04
6.135827613661842e-04
5.858580936155885e-04
1.070990298451330e-03
3.219962620237587e-04
1.481651589926594e-03
7.555511098274466e-04
8.374163195051152e-04
1.045912455863189e-03
3.212975859718307e-04
9.300365128235334e-04
9.596468684291634e-04
9.120784658515604e-04
1.159498052050730e-03
1.106841601332462e-03
6.573145263704372e-04
1.222528631333373e-03
1.342345308497754e-03
1.259980844783343e-03
7.033916470658671e-04
6.615258984517358e-04
9.874923950013387e-04
1.065939394555548e-03
1.009473766543837e-03
1.128773891037460e-03
1.061647580637105e-03
1.095315443752436e-03
9.034881030883762e-04
6.634719383174183e-04
7.654249690792338e-04
3.390029629621750e-04
5.656518798585551e-04
3.902158615262744e-04
7.482880240838297e-04
9.152626571786050e-04
1.495873092362585e-03
1.649587849661865e-03
6.663868944803692e-04
4.687009103084979e-04
4.325108182929397e-04
7.503909448181218e-04
5.301617274115818e-04
5.214589176502797e-04
1.153192977549304e-03
4.294212031574295e-04
2.933704141144745e-04
6.736187986674355e-04
3.935833771172851e-04
1.182228482487100e-03
6.158805017639662e-04
4.214869065613013e-04
4.222606760804869e-04
8.511226621449327e-04
4.414392263109491e-04
5.541753035297557e-04
2.885370876933683e-04
4.323186248348136e-04
7.045008376951602e-04
5.697271563754552e-04
6.205855691194060e-04
3.730133284212640e-04
9.279938035081962e-04
4.703738488310536e-04
6.155413102237144e-04
1.662887043453196e-03
5.237578108502820e-04
1.297233367753141e-03
6.915835436756000e-04
8.097139418499347e-04
1.073198860061126e-03
6.508466513714257e-04
1.107554992190711e-03
3.440010524098095e-04
4.430477438617248e-04
5.671106449628792e-04
6.264088483361945e-04
9.581813229247436e-04
4.634363873086186e-04
8.873032408079873e-04
1.212126944974918e-03
1.350964500835352e-03
4.569758892535136e-04
8.269306563343490e-04
9.273497592458887e-04
1.134468204132307e-03
1.200571304487087e-03
2.256098525982574e-04
8.393651234970443e-04
2.119004381994688e-04
1.007592559961019e-03
3.854607144747077e-04
1.211840590815567e-03
2.409502880278420e-04
5.310269372983192e-04
8.201096494007739e-04
3.608326164945806e-04
7.723070531013557e-04
1.145439576974979e-03
2.504747506838198e-04
5.194054058061358e-04
9.240648897094936e-04
8.039178529646559e-04
1.342951685601396e-03
7.764086394676387e-04
1.208161622973045e-03
4.920900798042107e-04
4.733775517641327e-04
4.147015321603726e-04
5.580670184235496e-04
9.685557903326386e-04
1.722103937702554e-03
1.017392906135930e-03
4.529066822490265e-04
9.443739970245398e-04
5.453973977371847e-04
2.875015509693613e-04
7.695363934078463e-04
1.714639990109408e-03
4.730735892093278e-04
6.026646478052513e-04
9.587869946115521e-04
9.584133658275893e-04
8.133449789852517e-04
1.164829907229257e-03
1.021817028705214e-03
1.148320871805086e-03
8.738500278450967e-04
1.276728302719552e-03
7.806343175839529e-04
7.626735024470541e-04
5.230145861866471e-04
1.282284270815432e-03
9.780036437047315e-04
1.409366235254407e-03
1.229447413634030e-03
5.449336049998788e-04
1.276622195543684e-03
1.627391158491154e-03
3.961684517800782e-04
6.366760560537060e-04
6.085255419943285e-04
1.282857947656727e-03
1.669416986123900e-03
5.569692457533731e-04
1.007966041731038e-03
1.350195648004732e-03
1.173782628865581e-03
7.733139349764532e-04
1.782713410704068e-03
1.107198088113532e-03
5.313963509906173e-04
6.936051178756658e-04
7.685990178754459e-04
1.646485709883184e-03
1.085874659216720e-03
1.487317522203266e-03
1.130998691462932e-03
3.752103252084956e-04
5.575214671329576e-04
8.704064324523792e-04
3.625705861350429e-04
2.518569749862541e-04
1.054266332338192e-03
6.252720299109952e-04
1.037495777666286e-03
4.844476311819568e-04
1.001750059189204e-03
7.447011493807326e-04
9.135965464720137e-04
4.253045289890498e-04
3.258761631011285e-04
7.954678614979340e-04
1.506404170003725e-03
4.266489911240549e-04
4.979946942798900e-04
7.706100309756602e-04
3.594106106467749e-04
5.902867743857780e-04
3.478819482019428e-04
8.330279069647148e-04
7.228136054006860e-04
4.583297886549447e-04
6.516225785483094e-04
8.823281310564280e-04
8.450948898457981e-04
9.314649499914580e-04
6.003966136550232e-04
2.520314436532372e-04
7.954699177844387e-04
9.335268616163455e-04
7.910844406889090e-04
8.247427410280209e-04
5.356098979292690e-04
2.142608258590108e-04
8.723146196587886e-04
1.456121527630733e-03
5.680006449331817e-04
7.359894275701713e-04
4.132523518131731e-04
8.214847720438263e-04
5.907104704144360e-04
2.611401166243954e-04
5.264209593970200e-04
6.662376374706962e-04
4.490879480075909e-04
8.931060564490441e-04
1.077721949012947e-03
9.169815164395321e-04
6.086646068378675e-04
5.781919212884490e-04
8.622682066011598e-04
1.216132680145498e-03
6.022479389020941e-04
3.428162199972748e-04
9.588201278105819e-04
3.843131729576637e-04
2.795423975851418e-04
1.635734564765717e-03
5.803948670957856e-04
2.704970626484196e-04
6.583570336620354e-04
1.175123458655789e-03
4.390478777890898e-04
9.628576783485012e-04
8.735420022670034e-04
5.382471379159884e-04
1.190410111893922e-03
8.219236445703514e-04
1.618580603972196e-03
8.219167111601688e-04
1.022346514949126e-03
1.263978159350057e-03
9.837908374323813e-04
6.622609555662608e-04
3.775732040002951e-04
2.474127119085711e-04
8.724810321811547e-04
7.265106205165914e-04
1.073158192265378e-03
1.028941156770854e-03
1.220021365364698e-03
2.775541086793539e-04
4.817144016028125e-04
8.716708261878778e-04
1.190789143941941e-03
1.216306879594746e-03
5.989474182209109e-04
6.066002242942287e-04
7.343956825625445e-04
8.428440857900108e-04
7.604380964182912e-04
4.991905469498107e-04
7.482126070756620e-04
1.463591910807569e-03
3.985724847057978e-04
5.098184477354633e-04
6.925966663586413e-04
9.041223262419565e-04
8.491221601630029e-04
1.219076651623699e-03
1.108231695383277e-03
6.636405694536841e-04
2.337383672853889e-04
3.701269952322971e-04
7.739707427842849e-04
7.079930196747119e-04
7.388583201385247e-04
3.205866519526547e-04
7.906580005043651e-04
2.294185598763604e-04
1.490667917093471e-03
9.824899812167145e-04
3.287098412872939e-04
3.504470472802376e-04
7.376595312641482e-04
9.664807976719976e-04
1.229237763104737e-03
7.284411194024015e-04
1.026600624285591e-03
9.172950413652356e-04
1.423765228669286e-03
8.263197703175977e-04
7.637313021034711e-04
3.282042069964798e-04
8.608424796317797e-04
2.924505490890614e-04
3.823205879965501e-04
1.025950045881917e-03
3.303001832454903e-04
9.245470261235652e-04
8.195865423337736e-04
9.369148751491184e-04
1.009834258918820e-03
3.222979183977013e-04
3.469919271957047e-04
5.131667775162359e-04
3.646292277920950e-04
5.662253408951787e-04
7.447044718807134e-04
4.103211308900390e-04
1.166637300228411e-03
8.588769777236049e-04
4.186694266519124e-04
9.627682744286610e-04
8.522504582207816e-04
2.780333233192469e-04
3.757153214228597e-04
8.431182029405552e-04
2.626496702577336e-04
1.076468278668958e-03
4.961711810869236e-04
2.761881852002139e-04
3.003943249708777e-04
4.933226688341682e-04
3.575809988391357e-04
9.491546463270910e-04
9.879499164615550e-04
1.134813612428739e-03
5.477485669076675e-04
7.285709264290110e-04
2.314237674307949e-04
4.940513852283142e-04
8.479150557704842e-04
2.726876907140018e-04
3.896839698114440e-04
7.728557751002192e-04
1.570706352027293e-03
4.148275674816785e-04
9.208029829605888e-04
5.184290944948669e-04
4.019986534725811e-04
1.009287719530965e-03
4.002197333297710e-04
1.161902201844897e-03
8.672218294830375e-04
9.753664223732158e-04
1.155854259084953e-03
8.597431309894724e-04
5.832143834591703e-04
9.343412763228607e-04
1.820555299797954e-03
6.738018343632416e-04
3.698717846749205e-04
9.765039312053292e-04
1.190728168946851e-03
1.121419196393350e-03
1.405742262082498e-03
1.132632304483805e-03
7.181365387081227e-04
8.987759879815140e-04
9.941125868159339e-04
1.223500642532802e-03
1.357480875867536e-03
4.602441178995946e-04
9.050854949714190e-04
5.410743911221753e-04
5.543271158574843e-04
1.303109769357593e-03
9.234296391022133e-04
9.381212559777421e-04
4.718055137543037e-04
1.148388787263762e-03
4.065928563957158e-04
8.305520267856491e-04
3.023717935105230e-04
4.046220502900666e-04
7.436456953109568e-04
1.304422212020250e-03
1.001577923107208e-03
7.047978526336772e-04
1.069469546126460e-03
4.169598661882991e-04
1.135909802094201e-03
4.161820869711545e-04
1.319326463606602e-03
3.702923531863351e-04
9.542882887431518e-04
2.814274611520194e-04
8.959631581209840e-04
1.696216436085996e-03
1.002310757662909e-03
9.183343586657986e-04
1.148370012747631e-03
1.478802509086764e-03
6.233764583883337e-04
7.821238251853257e-04
1.204470650846818e-03
5.490042286450931e-04
8.329131615216858e-04
1.177703276451496e-03
8.747471891345619e-04
3.888030776496599e-04
1.451010093449219e-03
8.592541230152153e-04
1.152857048759782e-03
9.181793496073358e-04
1.222136711093434e-03
7.676821863280435e-04
1.177092881670997e-03
6.640050322746253e-04
5.713631883113953e-04
9.844975109290467e-04
9.852710649820603e-04
9.267153738970442e-04
5.422744133175621e-04
3.165180739901078e-04
1.234393444338734e-03
5.162176891224990e-04
4.319662239801341e-04
4.159255977694301e-04
1.255169840732208e-03
6.452961028019901e-04
7.308385940860002e-04
3.577630142720588e-04
5.915421242452476e-04
2.305887474027519e-04
7.862435848772601e-04
9.536098663247320e-04
1.040292216695134e-03
6.581091730592280e-04
4.316925714158080e-04
1.089774510141024e-03
5.112280559459935e-04
1.407500626313316e-03
4.621674699496493e-04
1.023093061001642e-03
7.721764647483786e-04
1.249146644803018e-03
1.026132499637380e-03
8.137677546491317e-04
8.351579783958786e-04
9.029989201582282e-04
7.076250238660195e-04
3.517719437151564e-04
1.294388472330395e-03
1.045920095823049e-03
6.530995775230222e-04
5.662147066757403e-04
1.388280292091071e-03
6.887077212946208e-04
9.891470853866302e-04
7.673544176307268e-04
6.610412025880082e-04
6.095675305255390e-04
4.524114862896619e-04
8.776441210972354e-04
4.685320801378367e-04
9.571148978568958e-04
3.422203614515233e-04
1.406564431028367e-03
6.104459293975009e-04
4.189721014703966e-04
7.451916516235288e-04
2.581884520362755e-04
8.511800029658398e-04
5.450082131291003e-04
5.026721991920036e-04
1.103288577135280e-03
9.248849799799589e-04
6.053690174117803e-04
5.034349944031349e-04
4.011083717213841e-04
3.161220784638591e-04
6.730736385366148e-04
9.032800661915332e-04
9.783255557114746e-04
4.692822131476828e-04
2.700876744673704e-04
8.932364744854979e-04
5.108158027842015e-04
2.667990054896631e-04
1.195859305533296e-03
1.135588911096806e-03
5.790770199179436e-04
3.091701768711631e-04
7.580127479014790e-04
9.439904043639211e-04
9.111927375835924e-04
8.188984165539685e-04
3.209468753205066e-04
9.768962582837591e-04
5.539476313985584e-04
1.439730571071415e-03
1.167631778117995e-03
1.127885240591571e-03
7.340798884248390e-04
8.828169920887920e-04
1.283544224967736e-03
5.276936971971859e-04
4.638466697377110e-04
8.406387817688316e-04
1.262072311903725e-03
5.811370039057861e-04
1.038493803151589e-03
7.680569940897314e-04
2.211911309365860e-04
8.985817172210330e-04
9.250240562077986e-04
1.665750879528258e-03
1.069115278163896e-03
1.026632139386393e-03
3.040904475432035e-04
1.000279897164186e-03
5.292065848319538e-04
6.307966747245298e-04
1.277619779194418e-03
1.146381138182293e-03
5.738892084363303e-04
7.796985158499877e-04
1.528814397463064e-03
4.335602127528384e-04
5.747539563882490e-04
1.220777763344685e-03
6.074450215468384e-04
6.921027767373611e-04
4.742170226159913e-04
1.122711789480471e-03
1.189911066898581e-03
5.438115357048919e-04
5.346022741519015e-04
6.994166542452389e-04
7.105671791851495e-04
4.743416197036368e-04
9.993351242323753e-04
1.466307440605169e-03
3.786231296816647e-04
9.769162949252743e-04
1.118225844091143e-03
9.442124710881991e-04
5.810139398847204e-04
3.007428340337444e-04
6.312762452084881e-04
1.015667717501350e-03
9.107209057143476e-04
1.408948806410468e-03
7.832017608356168e-04
1.595383215781002e-03
7.144378105734624e-04
8.505237573445712e-04
4.860701034532898e-04
7.522063516606323e-04
1.190968950790163e-03
4.708451616123613e-04
2.776593756323310e-04
7.323790796495519e-04
1.126220833052860e-03
6.791555121253923e-04
1.050334981140904e-03
3.503222785868635e-04
1.541951050951624e-03
7.560235178221361e-04
1.015461177008103e-03
1.005187998168231e-03
1.066190251775470e-03
9.852005399143737e-04
3.427084966235617e-04
1.039940114794121e-03
8.877604547654413e-04
4.793684586537646e-04
9.219098281977511e-04
1.040573890380642e-03
1.186857656425618e-03
1.337539151425923e-03
6.272930402868295e-04
7.580474623676559e-04
8.522683563864011e-04
9.696875670636968e-04
9.226973581225220e-04
1.046263956652057e-03
1.043804100796125e-03
5.960301460896519e-04
5.859843432704595e-04
1.267748799627666e-03
7.831976116701072e-04
8.718665017051282e-04
7.167680032437533e-04
3.373113595668481e-04
1.205695254743927e-03
1.130746675135517e-03
7.328153659174397e-04
8.953494318738275e-04
3.716476584287598e-04
1.296799894692981e-03
1.342818838079831e-03
9.323443146945885e-04
6.385829282450194e-04
1.215423583520270e-03
1.078476423617035e-03
9.295552860293422e-04
1.474729840667074e-03
4.050756763878261e-04
2.608561471021837e-04
2.456364925996710e-04
1.088175451433397e-03
1.286886670990438e-03
4.194290052071129e-04
9.447742146366097e-04
7.597583498686600e-04
1.517787488703899e-03
2.645179050655958e-04
1.130653062249733e-03
8.670561127115552e-04
7.635020935686731e-04
5.742872293533912e-04
1.326792191940863e-03
1.339861929141147e-03
2.448203765109303e-04
9.449934465505737e-04
1.124653504669619e-03
6.367631415198382e-04
5.027354655393304e-04
4.607364504510009e-04
2.336957613917143e-04
1.085007706664336e-03
1.363190989539702e-03
9.160384388712079e-04
1.203750292294675e-03
2.988056540111413e-04
6.020791008625881e-04
8.457467006034902e-04
1.024661818963023e-03
5.384503896554185e-04
1.020042402300795e-03
8.981211431700008e-04
1.054109700993538e-03
4.079979693858690e-04
1.029478501119536e-03
8.233826513602592e-04
6.052155603886709e-04
3.570680928005322e-04
9.640668963453120e-04
6.536265304066720e-04
9.266283170650681e-04
1.312273366805033e-03
4.625475662495206e-04
1.106299169160793e-03
2.682789564272024e-04
3.781410585249117e-04
7.165405858136989e-04
7.250332839446321e-04
2.483291455255962e-04
4.300400192680083e-04
4.369921513683532e-04
2.542950656406369e-04
1.080653486829740e-03
1.051089016988240e-03
1.962060183573480e-03
5.506216125225154e-04
3.326589581017689e-04
8.993923640916832e-04
1.232316306252455e-03
3.009045824836125e-04
3.700018995226463e-04
7.949257367129921e-04
9.988740610525797e-04
2.745439530981507e-04
4.602019065832275e-04
1.110099122617437e-03
1.179679722144718e-03
8.877522974622632e-04
7.967493456193665e-04
3.813688654394472e-04
7.198498282305752e-04
8.849522851513250e-04
4.328002706999744e-04
3.112248602450317e-04
1.311496224642931e-03
3.084720115888703e-04
6.596991315273895e-04
5.565741011683565e-04
6.028860810038510e-04
5.700362781835847e-04
8.157018407972674e-04
6.134248241389457e-04
1.079497893836992e-03
1.501322984646005e-03
5.777019725151556e-04
4.853784276339185e-04
3.616865690192548e-04
1.159351947752234e-03
1.258307720362807e-03
4.340736596095358e-04
3.065417967035345e-04
3.729275346103868e-04
1.090772511703993e-03
1.223326464576677e-03
9.701747343533682e-04
1.516334900724163e-03
8.659020994174503e-04
4.344409847341336e-04
6.383358769949722e-04
6.035381844781188e-04
5.075572089453816e-04
7.691980277280928e-04
2.883615890429601e-04
1.369294082683033e-03
1.750031640764141e-03
5.883224309294883e-04
3.544244311050690e-04
4.410966195656820e-04
1.001756532924955e-03
1.136353395238396e-03
1.137226833433098e-03
5.904258709863111e-04
1.045374982767943e-03
1.116805176375628e-03
7.340376979373124e-04
2.614694603039482e-04
1.505783868354087e-03
1.104895084800171e-03
1.385133421916971e-03
7.214753834853351e-04
5.899685062679146e-04
3.747011130687674e-04
9.640661205345530e-04
7.532464318207116e-04
4.034190002101817e-04
1.864774139836576e-03
1.074385036892355e-03
5.964542934317827e-04
5.029845481574108e-04
6.107590539076459e-04
5.172641197402686e-04
4.732129028303176e-04
1.360269364259538e-03
6.445261072350547e-04
5.694828236231457e-04
6.516985679546033e-04
4.899733831536636e-04
5.426696703332145e-04
1.209831732169625e-03
1.155576715802615e-03
3.444540587797114e-04
1.013132725695011e-03
1.290444943564572e-03
1.183517773499332e-03
8.149402904010813e-04
1.296130884256967e-03
1.070910701005435e-03
3.295178572280250e-04
3.460281348021272e-04
9.265148651340048e-04
2.340952589100809e-04
6.996840453118897e-04
6.740444154085977e-04
9.503150846526300e-04
1.034941726888230e-03
3.010805424399390e-04
1.019001816785597e-03
1.213306149643206e-03
1.103898591838260e-03
6.719673027890654e-04
5.476124405225768e-04
5.708027491418566e-04
9.131338574549820e-04
1.560464635423642e-03
8.033262676238593e-04
4.289534682634533e-04
1.445609801445071e-03
7.024561263800117e-04
1.169466367993004e-03
3.733978382895805e-04
1.190398100681608e-03
1.131814877925936e-03
2.420036899495359e-04
7.407156501138270e-04
2.576939550377662e-04
6.643531572619413e-04
9.063803146327080e-04
3.260792253833235e-04
1.756881150740061e-03
6.007575315645882e-04
1.059668797064883e-03
5.025890877472354e-04
3.749339440081148e-04
3.930209612654709e-04
7.430053992840310e-04
5.560722170810319e-04
1.064862741406821e-03
9.204662746000543e-04
5.509908993289565e-04
4.496136632663231e-04
7.861378259545923e-04
9.393646594791068e-04
5.482113273763810e-04
2.819485480510152e-04
3.386305401038258e-04
1.048260980768427e-03
4.123449397198720e-04
3.234594108240411e-04
8.832200927685820e-04
4.629865385444054e-04
2.770965788365622e-04
3.902687748952167e-04
4.126917928338401e-04
5.441396397017692e-04
7.268788116332010e-04
6.337835381856854e-04
4.760393910209508e-04
1.074256789222486e-03
9.419358164517395e-04
1.022037529457394e-03
9.205367778029466e-04
1.084804307065986e-03
2.690686084885170e-04
4.678558813074037e-04
6.767440582946751e-04
6.099493700489004e-04
3.597060990572565e-04
7.289128308879456e-04
9.104339191780850e-04
6.523433447483198e-04
6.295411411342887e-04
1.456912483970388e-03
4.872281194886463e-04
2.719064629361541e-04
3.008241253629363e-04
8.041373166301827e-04
5.658991644261262e-04
1.053047933939792e-03
1.010927715844186e-03
9.052118835022023e-04
4.549084948752829e-04
6.253738557272878e-04
6.047525093298875e-04
4.853355458288998e-04
4.834277281311613e-04
1.062716530254056e-03
4.854457077270409e-04
5.390629163042153e-04
6.764160709065033e-04
8.303572108671850e-04
8.971722786526948e-04
4.499254431428811e-04
4.817414677191177e-04
1.062284097756528e-03
6.654311213094853e-04
4.378120360959956e-04
1.261828186002007e-03
1.508471920706705e-03
1.032199772973523e-03
1.113999617816613e-03
8.073630156264539e-04
1.375871940093353e-03
7.371233729430600e-04
6.605785710086585e-04
6.243782895701752e-04
3.216913384714471e-04
1.016076355916661e-03
7.101774672992883e-04
5.524817083377379e-04
8.721440583821793e-04
9.747527372425248e-04
2.875055045818462e-04
7.877720095446933e-04
4.826667576294986e-04
1.140972457292363e-03
9.433234568603753e-04
5.979529265798627e-04
6.518571822658099e-04
9.217674887213873e-04
3.146642068217487e-04
1.019098385051904e-03
6.033904030802900e-04
2.842211925819866e-04
8.568715785382355e-04
7.073269921243515e-04
7.406552523297138e-04
4.293515305252387e-04
1.140559078488995e-03
1.151033199159626e-03
9.926926780280110e-04
4.009476065651542e-04
9.996896429367063e-04
1.692715663611915e-03
5.168562063676753e-04
9.815558585566310e-04
8.462447571981100e-04
1.072092340323477e-03
3.985955535745370e-04
7.241575609048896e-04
1.073132322865445e-03
9.484299393011108e-04
6.293512237615546e-04
2.873889136680498e-04
1.050624834170253e-03
2.625620134674058e-04
5.676435138941347e-04
1.349389750621846e-03
6.482539045647223e-04
6.613077958232273e-04
1.334107774684362e-03
2.837798317438872e-04
9.915192881146714e-04
8.368315985941347e-04
7.106248311719315e-04
1.657473559920659e-03
9.506024563197420e-04
7.894863226967936e-04
1.024489514583261e-03
1.167011638075284e-03
7.071412036018047e-04
5.983907764451099e-04
9.770005331090773e-04
5.566434671872239e-04
6.015003692547598e-04
4.174870905210601e-04
4.381976394032689e-04
5.580438182448981e-04
6.467796822761854e-04
3.103330057630260e-04
8.283626548212005e-04
3.696027304973447e-04
3.823198326964634e-04
3.208047874775973e-04
3.932554607801934e-04
6.451407275229760e-04
4.069761261957249e-04
4.426551795509819e-04
6.885773119016368e-04
7.914757026485867e-04
1.002603298680932e-03
2.430057256936433e-04
5.382105357046690e-04
7.180792609240917e-04
5.242874161124531e-04
7.894606344823497e-04
3.643778762388869e-04
1.094467622980983e-03
9.532237399783533e-04
8.258389225422591e-04
8.575871464325360e-04
3.439580353924866e-04
5.692515565690806e-04
8.595553345112811e-04
5.122117728823965e-04
1.566493316675300e-03
1.219026331416633e-03
8.598989039554144e-04
5.565563184577122e-04
2.941557736465336e-04
1.110883784237054e-03
6.200170895969397e-04
3.174200226034833e-04
3.824519297922637e-04
9.146078152707308e-04
4.596089311932374e-04
6.638206548480750e-04
2.276673536119356e-04
3.679897572192965e-04
8.857391383149894e-04
6.578019842563692e-04
2.555405378363187e-04
6.721551218165282e-04
4.543587086965226e-04
6.350352427617383e-04
6.088486097250549e-04
1.163577455724010e-03
3.993030367515599e-04
1.015904125663871e-03
6.589878982363312e-04
1.395114173652741e-03
8.993668554254492e-04
1.006833838865368e-03
2.903484112741407e-04
3.880095421938151e-04
7.005527646794006e-04
5.336506768127899e-04
1.105750181338602e-03
4.813784088240419e-04
2.725743959872327e-04
2.624209436843175e-04
4.014704242382605e-04
2.705107241405450e-04
5.140807653540904e-04
9.942990884721221e-04
5.261508330051167e-04
4.414912980023562e-04
1.220610732938642e-03
1.604557905016142e-03
1.095156031019024e-03
4.366916274000477e-04
5.266517549347165e-04
6.093681067362107e-04
2.998413591810563e-04
2.818399898062821e-04
6.206798667299350e-04
1.095741234039436e-03
3.755713395273897e-04
1.442802827301387e-03
5.272109606086224e-04
9.132686816509599e-04
3.015361436157043e-04
7.624678358485151e-04
5.516466701219330e-04
1.229925796488157e-03
7.030928156165472e-04
9.735487426551321e-04
2.597932816753809e-04
9.568315842807667e-04
5.733463886951608e-04
1.107270905717844e-03
1.117196603994924e-03
5.254817361667148e-04
5.446735924599566e-04
9.760691420705186e-04
5.904390942055940e-04
8.173387169104021e-04
9.607789592030880e-04
8.975678879345193e-04
3.749683630820208e-04
1.003963820667148e-03
3.351861767002765e-04
7.261053730994048e-04
1.006968267956061e-03
2.610629582579242e-04
5.193582609416038e-04
8.975838115141544e-04
7.863662383515391e-04
1.478180561304251e-03
6.951060717524270e-04
3.688223313291581e-04
7.022590306500509e-04
1.255319573002473e-03
8.598529506864865e-04
1.119100992644749e-03
3.104336946730840e-04
1.033184429307465e-03
4.325228921329839e-04
5.753961103334879e-04
8.713396639322592e-04
8.628673399673748e-04
1.394274942309083e-03
3.469301402864276e-04
3.370378838956376e-04
4.729696979727529e-04
1.214640233612049e-03
1.037780120282154e-03
1.030780082805513e-03
4.767119884671107e-04
6.412077134880968e-04
7.660425699325581e-04
6.753021961842522e-04
9.589813755688327e-04
1.080932906071608e-03
1.624797602262039e-03
1.156431695208495e-03
1.130567125581552e-03
1.531353526395116e-03
8.163022200140865e-04
3.953844673953526e-04
6.016652480031026e-04
7.608412282373518e-04
1.187842739818251e-03
1.016285843931481e-03
9.199033317939438e-04
1.176294404365843e-03
5.268737267152867e-04
4.602990941384623e-04
3.396276218629961e-04
4.461783605246844e-04
6.593350757145396e-04
1.172897418377498e-03
6.574498153933582e-04
7.305260190989817e-04
1.186638573031946e-03
5.406894684118279e-04
5.279158519381038e-04
1.171346327916748e-03
1.310736596404872e-03
7.089166571850740e-04
1.151666738306483e-03
1.238126093060260e-03
9.595308859471973e-04
9.392421432095662e-04
1.144379877744951e-03
7.919643245130219e-04
7.214498920341797e-04
5.555301771422571e-04
3.940328818062018e-04
1.247875276184410e-03
7.855008425734350e-04
6.080590270893620e-04
9.509812990102235e-04
9.122118261163989e-04
5.155942290437894e-04
1.078522268137269e-03
1.004301315001999e-03
1.585381752152965e-03
6.994308130761339e-04
5.532543336754096e-04
3.360401899235608e-04
6.718060083456048e-04
7.940240527510715e-04
1.158181337507103e-03
1.016394409799477e-03
7.724246718202382e-04
5.490388419824543e-04
6.867001483349561e-04
8.872923635079668e-04
3.300052374991276e-04
9.212923247249837e-04
5.584030129437327e-04
7.596151523003414e-04
6.894420352583472e-04
1.401964130503008e-03
7.589914429254168e-04
1.342510149599159e-03
6.189612967266922e-04
6.592179618830412e-04
5.869589516018480e-04
6.837318699647941e-04
9.411154833837835e-04
3.357311875499833e-04
3.008755666900823e-04
1.294900969513885e-03
6.469394795526689e-04
4.143928588388998e-04
7.967047013325234e-04
1.236825944703950e-03
8.066644393105898e-04
1.287420655230182e-03
4.993330446273964e-04
1.372859112072084e-03
7.342751118957183e-04
4.986090887441706e-04
1.120058365617866e-03
8.017548097032879e-04
2.959528595873987e-04
9.846215637920239e-04
5.851009194550382e-04
8.186930182697013e-04
8.190221095733079e-04
5.692022219171414e-04
9.558093787689841e-04
1.707660359093388e-03
5.819455925789401e-04
3.599721848202252e-04
3.359556289179235e-04
3.978169745039306e-04
8.003162063403334e-04
2.916426316524551e-04
6.833326990382797e-04
1.195744077500924e-03
1.697472679003385e-03
9.559479469869974e-04
6.377702963999968e-04
1.422398448505222e-03
3.103875260863918e-04
5.771356910946653e-04
2.144461471998761e-04
1.238335013319457e-03
1.568885821695844e-03
3.663774341256896e-04
1.189438135625401e-03
1.039571541519021e-03
5.313889524623258e-04
5.421745708903115e-04
6.776298999282097e-04
6.908023252791382e-04
1.310876310257815e-03
9.366045114494308e-04
5.650036365655079e-04
8.363176082064494e-04
5.401835967410995e-04
1.425052785898620e-03
3.340445488898521e-04
1.455033953796735e-03
1.036047985690358e-03
5.526874177233321e-04
9.455649749454305e-04
6.598022997924978e-04
2.424510136526581e-04
3.687905336249475e-04
3.069682363638550e-04
1.337725883568040e-03
1.306635892545298e-03
4.636269513372251e-04
1.141243380993251e-03
4.197118086143156e-04
1.617960049758312e-03
1.766494744872020e-03
1.094005214375485e-03
1.048934577641811e-03
5.119512858823361e-04
5.823085776873937e-04
1.466948842131266e-03
1.172661062106592e-03
9.309716176617252e-04
9.279115963258977e-04
2.678519369224592e-04
9.554530935243963e-04
9.992684153496477e-04
9.015423472979915e-04
3.222188922387798e-04
9.246744908042500e-04
6.496129648911978e-04
5.896979835150959e-04
1.091937191232506e-03
1.400128003811819e-03
1.081686879158791e-03
1.055591788552415e-03
1.828828984737719e-03
4.861177286019307e-04
5.891747684468343e-04
1.550364233141143e-03
1.310164147089711e-03
7.645299774717649e-04
5.857514499215334e-04
9.301387518550731e-04
1.189310704428950e-03
4.725763111153475e-04
3.176026206608946e-04
4.359890344549622e-04
1.019377641964622e-03
1.127045688623289e-03
7.471827431590095e-04
2.537474375113359e-04
4.106817098073890e-04
5.885780421241774e-04
1.056558636042874e-03
8.379141456184415e-04
7.094437733606793e-04
3.095417916097374e-04
1.429235384165306e-03
6.428062982623089e-04
5.607476438784232e-04
6.485297460258595e-04
4.938963324075450e-04
5.138977571674379e-04
8.983850457260117e-04
9.958868197888302e-04
4.700742457618247e-04
3.307873846784587e-04
2.658706809003128e-04
6.000276949180880e-04
4.205277004727808e-04
4.460433545900745e-04
4.434293844397077e-04
3.599598651521190e-04
3.346816036021753e-04
1.007434600664635e-03
1.045566348228378e-03
6.176716055973361e-04
7.334390250792792e-04
9.667106373080670e-04
6.202859200795990e-04
6.669642158667905e-04
4.189809015494763e-04
6.640400146824892e-04
1.126928995145173e-03
5.852495817145497e-04
7.120236333483349e-04
1.032116382562068e-03
1.062442359190971e-03
4.044150030967484e-04
3.468791271445942e-04
3.609281821608893e-04
7.725272349534225e-04
3.877015526738372e-04
8.297363037935836e-04
3.423981475072944e-04
9.374072833200189e-04
7.214876301929794e-04
8.500087317766427e-04
2.559788737289647e-04
9.615317985885549e-04
2.726397853999788e-04
2.800390329981901e-04
4.584509806228130e-04
1.348614591683020e-03
6.028955816137251e-04
7.312416206783760e-04
5.772989847840318e-04
1.465608979636545e-03
3.504549674887453e-04
1.178547491814039e-03
9.749049156026850e-04
1.033887401004102e-03
3.870833402295092e-04
6.849335869635809e-04
3.434800710594536e-04
1.184142353434920e-03
8.088998265601043e-04
3.429300565655422e-04
6.610293285828504e-04
7.378553951406747e-04
8.663563388176454e-04
1.043985160602150e-03
9.459527818206405e-04
1.198534399201390e-03
8.362176513531155e-04
9.623388909086068e-04
9.892303039676295e-04
8.600861315236276e-04
1.038256800174249e-03
9.403562232593338e-04
3.512144065857788e-04
1.089719643034063e-03
2.698747231253293e-04
6.125666220263225e-04
9.023160697092188e-04
7.546680368195654e-04
9.939599541715174e-04
9.940357446256666e-04
5.869120739545063e-04
3.189612017820041e-04
3.464111666308471e-04
1.183019778915588e-03
4.317529925602768e-04
8.389223274998733e-04
5.685585595891615e-04
1.315791967596043e-03
7.352543434623179e-04
5.521359285930465e-04
8.256194642576589e-04
1.130805553916121e-03
2.616250644300546e-04
5.651262297911768e-04
9.085569893320065e-04
5.131421158099057e-04
3.045941091611259e-04
6.730647368395656e-04
2.857462115996962e-04
5.827961079226536e-04
8.232202866942640e-04
2.609781315340803e-04
2.976609801011373e-04
3.525022855583845e-04
3.625935895817455e-04
2.521220987285829e-04
6.751166739101700e-04
7.126823390694980e-04
1.110650977092616e-03
1.345644853780515e-03
7.872732783509667e-04
9.471988176812962e-04
6.047620900877756e-04
8.975730762210766e-04
1.067432144990902e-03
1.185726656227435e-03
5.655455440640172e-04
6.814016038168815e-04
5.361796637872618e-04
1.530847554825532e-03
5.646328906136104e-04
4.715734008829005e-04
1.176277145250823e-03
6.328444609450256e-04
2.366858750170999e-04
4.294653839721489e-04
9.225416672787513e-04
8.213736114067577e-04
8.409812631859381e-04
5.958958058897162e-04
6.902053813104120e-04
3.460105069091129e-04
1.563131237464196e-03
1.111807163437184e-03
9.436734824462341e-04
4.423427583113717e-04
1.068350172120395e-03
7.610128741157179e-04
9.720563375393115e-04
5.994903762459355e-04
8.437712251144727e-04
5.697591212346643e-04
9.178573396594938e-04
4.794143297870646e-04
3.682092126852387e-04
1.434119807313298e-03
3.879060653356543e-04
6.799819825155662e-04
2.579213236614443e-04
1.251909959455858e-03
3.389260653482863e-04
1.113108005597149e-03
6.290095208036113e-04
1.166185578547584e-03
7.841089892320365e-04
5.821525111345471e-04
6.205666486521835e-04
4.196317852240815e-04
5.797537061044701e-04
7.428773347551135e-04
6.095604720748714e-04
3.320076449523452e-04
1.568234031917954e-03
8.567826034962389e-04
1.209305213200188e-03
9.689601471830392e-04
7.233464699240315e-04
5.285468458309741e-04
8.072632281818762e-04
9.381274074858959e-04
7.062197151224287e-04
1.137762558069437e-03
5.487409923734330e-04
8.315392190171331e-04
7.437143305666950e-04
1.343752110397571e-03
6.789780548258813e-04
8.300980769991719e-04
9.331778715766534e-04
9.457407717846831e-04
1.103755583274295e-03
1.436410681243490e-03
7.582361059503963e-04
5.806929619729363e-04
8.878969050539471e-04
4.298005784082143e-04
1.052810966696204e-03
3.564414364161125e-04
3.374149265511124e-04
5.178242369637059e-04
6.800450122812673e-04
4.829757686733197e-04
5.757290000187340e-04
1.402080591698434e-03
1.068617254273359e-03
1.104614533717766e-03
5.344010801172729e-04
7.735823120709102e-04
5.090312572263733e-04
1.705195952358913e-03
2.016074835518833e-04
1.004425792044808e-03
7.917421894554929e-04
6.216052160742397e-04
1.148857293885968e-03
8.474358341125665e-04
4.485778447628797e-04
8.204819376098069e-04
6.655789635331122e-04
9.457230316375082e-04
1.489739917325700e-03
3.702047161320358e-04
7.892762625255875e-04
9.467846160491420e-04
1.174843855591604e-03
8.526083688364548e-04
2.621548305391484e-04
9.227930906711333e-04
1.035150814473836e-03
9.506808288926181e-04
1.387806735246203e-03
1.501984867015668e-03
1.446782658245204e-03
1.285199450579880e-03
8.232939782200409e-04
9.464008729131934e-04
8.555665532020420e-04
6.768893855648081e-04
6.264313463217210e-04
1.037420947751739e-03
4.413730679000350e-04
1.722979000329583e-03
1.018396103798506e-03
6.240311834301945e-04
7.097798943940666e-04
1.274375681825568e-03
3.688296729063398e-04
6.031971234931759e-04
1.068836077068105e-03
9.918675554392133e-04
4.306937499830833e-04
9.683339365532107e-04
9.990193962469539e-04
1.674405515948147e-03
1.188320284846129e-03
7.543792811263924e-04
5.563317007525117e-04
1.131027023145166e-03
1.302633640015274e-03
5.777962683140358e-04
1.681593426845634e-03
5.374446039710063e-04
1.267134790803738e-03
5.238362299410127e-04
4.143650423566778e-04
1.037251292261357e-03
6.456911507192296e-04
1.078100024294072e-03
1.185223129445520e-03
5.690327917800709e-04
2.779433057732394e-04
4.820565007149315e-04
8.933678421618773e-04
2.433181021307243e-04
8.162454119798817e-04
8.920640635900414e-04
8.979012300242938e-04
4.598959612610154e-04
6.331724039325384e-04
6.018516862970582e-04
1.100662574655204e-03
4.889417949151560e-04
8.309047319038371e-04
8.568883009614487e-04
8.570789536656565e-04
4.388275030728366e-04
5.058784949032040e-04
6.991110804907305e-04
7.380491609439810e-04
8.884202857657126e-04
1.132394422148333e-03
1.299682442433263e-03
7.680718278285649e-04
6.422173421438899e-04
2.817905414033810e-04
8.081303642423349e-04
1.322183750585458e-03
3.272946371586042e-04
9.764043641634219e-04
1.243654447904939e-03
5.630459612257074e-04
5.437013775564453e-04
1.008434511122921e-03
6.737222466440777e-04
1.281542934895211e-03
8.026738622752685e-04
4.368385706908884e-04
1.097207409604028e-03
1.346135843844238e-03
8.381037809120038e-04
1.013300933684254e-03
7.569148104602111e-04
2.993041128393917e-04
1.119815388002860e-03
7.899341591636734e-04
1.168557984035791e-03
1.164400731216663e-03
3.305523508979529e-04
3.423180445697868e-04
1.212622454433932e-03
4.359232215227800e-04
6.516735402339436e-04
5.290443125672473e-04
6.309565332759137e-04
6.878289943964919e-04
8.209543063897860e-04
4.847132879092368e-04
9.361605908652932e-04
5.674154708245221e-04
8.231007699202689e-04
9.809135174617956e-04
7.040954700463964e-04
9.033231503303260e-04
1.436679108597716e-03
1.148527482541205e-03
5.211759528137489e-04
1.488969357410260e-03
9.572436490289913e-04
1.048147111855275e-03
9.464246940369969e-04
4.810372562745839e-04
1.467462062237991e-03
1.295373380106547e-03
4.728484378426477e-04
1.132222429450541e-03
4.385802643029774e-04
8.514756376547757e-04
3.477375651133884e-04
6.186490763629583e-04
3.456190136486677e-04
7.226477809434070e-04
1.131041997696310e-03
8.943838502447048e-04
6.582624141360425e-04
9.214273927048919e-04
8.169349429309347e-04
3.285480339599410e-04
6.555777622182633e-04
3.237712903522802e-04
1.032010548509043e-03
8.419933843829552e-04
7.168173589705873e-04
9.047151753313088e-04
9.310533311603129e-04
1.317691125815409e-03
1.080976317558841e-03
9.524455146348021e-04
5.626889378304665e-04
1.030987620832243e-03
1.559486403870061e-03
4.892270802570147e-04
5.957117357636591e-04
1.644802634589917e-03
7.646645877281374e-04
5.225309155499721e-04
8.867118149410057e-04
7.614985263798318e-04
1.153234554391368e-03
3.133709666620033e-04
1.252892346920266e-03
5.409633655358956e-04
4.975561770990683e-04
7.886446178290746e-04
4.993714122623627e-04
4.928460178409271e-04
5.157295447917583e-04
2.706118940487854e-04
7.670615504825220e-04
3.610265208423435e-04
3.945417905242385e-04
5.448986671180976e-04
2.413580838009206e-04
1.148232911141009e-03
5.582481766126942e-04
9.146755819165584e-04
3.559646033119035e-04
1.115705205903407e-03
1.217185305906380e-03
8.183964882180681e-04
5.984628278145046e-04
7.137450378968763e-04
5.258496644557540e-04
9.207031587278299e-04
8.465852719150299e-04
6.816838183233879e-04
7.556042759049011e-04
1.552430352888274e-03
8.153400581512762e-04
1.048701262815555e-03
1.170092775345961e-03
1.174026439179100e-03
3.038797019966970e-04
5.694605255060107e-04
1.091209531454231e-03
1.046455408785806e-03
6.167367416271432e-04
1.514567483904378e-03
4.028081932011307e-04
1.489591621257569e-03
8.303293111787136e-04
7.736695670557709e-04
6.788284536840564e-04
3.918601874229064e-04
7.309633693277056e-04
7.739377488404444e-04
3.702423271446754e-04
5.121158850894518e-04
3.916446255932958e-04
5.598372625570203e-04
6.873494534295864e-04
5.403607650751159e-04
6.175599638954497e-04
7.307683624197706e-04
4.039500778304654e-04
5.939217915263622e-04
4.096252628836626e-04
6.935488757559942e-04
3.941195367984664e-04
1.423388046074860e-03
4.589911296768965e-04
1.314491399447898e-03
4.543537900226440e-04
1.008835804634682e-03
1.046278740422242e-03
7.316061114099090e-04
2.892594011413604e-04
3.164777330071460e-04
1.000469566353064e-03
6.110467851291467e-04
1.275090879137320e-03
3.004523657958645e-04
7.501782157875326e-04
9.649821585050323e-04
1.144479683323446e-03
7.752098348245202e-04
3.288901698080481e-04
4.622518296560181e-04
7.292618595024114e-04
3.625002309316297e-04
6.433881859247326e-04
7.303235868532411e-04
5.019873678206256e-04
1.224573149426376e-03
1.021700774326485e-03
3.236546997184241e-04
1.187229124295795e-03
1.365623231120905e-03
1.347067568998477e-03
8.174296033452101e-04
1.203858882433508e-03
6.180483005786607e-04
1.041833780342771e-03
7.343537447951223e-04
8.560205843150669e-04
7.507266522745692e-04
5.559908489079279e-04
1.213680448492543e-03
3.278358302187975e-04
5.551188853985295e-04
1.029068725024568e-03
1.061705321583952e-03
8.159492960471250e-04
7.135534361076017e-04
8.540728317966839e-04
6.191805787828136e-04
1.295976131874902e-03
4.004531762029169e-04
4.665283827960270e-04
1.461441579335650e-03
7.925342803787115e-04
5.939724881918618e-04
9.633058910379119e-04
1.025858486764717e-03
9.037591745569676e-04
3.389736767632651e-04
4.849067156048194e-04
8.587671642189452e-04
3.729967279064849e-04
1.518688425104337e-03
6.491520651141940e-04
5.554137840373835e-04
5.500640341355481e-04
8.772081467907332e-04
1.099900358734784e-03
9.523116057189196e-04
6.423919286492256e-04
4.896485944043561e-04
9.835410570277338e-04
1.058292563459765e-03
3.652473185462933e-04
1.142536576303728e-03
2.448508759057517e-04
1.052939784155484e-03
8.600763228355113e-04
1.104946710900349e-03
9.487306659102109e-04
3.967576884083969e-04
1.104027467148363e-03
2.916828032554338e-04
1.300263155281862e-03
6.836620943081196e-04
3.388870968474812e-04
7.224310406653961e-04
1.221405418171024e-03
1.032174014930521e-03
8.970826628639809e-04
1.015476081703392e-03
3.405641287802887e-04
9.884761459633545e-04
9.701284091229171e-04
1.249959479013586e-03
6.197077561946703e-04
5.597153011532726e-04
9.413306082389978e-04
1.184291287080618e-03
1.247230499500682e-03
1.681545981685059e-03
4.065081636115336e-04
2.511086034753744e-04
9.778777105654960e-04
1.523401751123620e-03
3.697328482419764e-04
1.352989560286165e-03
6.770559118333365e-04
5.707496899690982e-04
2.917706691493026e-04
3.152283720289537e-04
7.433439499731553e-04
1.540207417287276e-03
5.878798684141662e-04
7.843114481251432e-04
1.222046620005078e-03
1.672711422161667e-03
3.194308126580921e-04
1.023481715082270e-03
5.967751722749600e-04
7.574485095175462e-04
8.002224655387266e-04
6.790832876632048e-04
1.112717281818911e-03
3.488166816176610e-04
2.165321037312867e-04
3.323340636130773e-04
6.530945075942607e-04
8.954304490877399e-04
8.965308813818382e-04
1.010033375199702e-03
1.053283705890602e-03
7.459412785025052e-04
1.312462090517156e-03
5.102563641484526e-04
4.424715144744183e-04
3.152222419342958e-04
1.282475148706338e-03
1.249173402285155e-03
6.780152552529790e-04
6.792232834216852e-04
9.191285293692387e-04
2.381380780816905e-04
3.354160024945269e-04
6.342322091411665e-04
9.740086454264924e-04
8.944893606951225e-04
5.695137743984613e-04
1.121389601090175e-03
5.162339097928442e-04
1.137326380403432e-03
3.942982608365779e-04
1.129701624167620e-03
7.723757711398238e-04
2.055274705185439e-04
4.665249609752790e-04
1.012066279679688e-03
1.229407572567420e-03
6.515926346151275e-04
7.522842824866894e-04
9.801029123540661e-04
8.050338042110217e-04
1.248697667317299e-03
5.536915075819913e-04
3.499498068125995e-04
8.596918434985680e-04
5.512614652623256e-04
4.911289130371503e-04
5.206719846810304e-04
6.078007386638389e-04
1.321953999562640e-03
1.374308209782330e-03
7.903360195291071e-04
5.941377292856501e-04
5.833415750520533e-04
9.364450936168549e-04
4.004416010960922e-04
5.655516657356029e-04
2.989778144070389e-04
1.026393464650692e-03
1.312322620157860e-03
5.143856621040127e-04
8.253641847406524e-04
7.057796979652474e-04
2.459050239293158e-04
3.550107215117620e-04
1.209346556073117e-03
7.967790371913181e-04
7.254827854034598e-04
1.193361851731555e-03
1.075612116569038e-03
5.460092337015600e-04
2.261274438492598e-04
7.840379888637278e-04
3.158630035974788e-04
4.359325187425773e-04
5.417899029197919e-04
1.148241644549661e-03
1.162973890871160e-03
8.998782698945697e-04
4.993699320516231e-04
1.216176112722833e-03
1.680089308473469e-03
1.129401506981450e-03
1.210097138335962e-03
2.799808819384103e-04
7.382723454089897e-04
4.414395202851839e-04
4.002567283616531e-04
1.261083761708562e-03
7.015892086093686e-04
5.745942751948173e-04
1.147746463550009e-03
6.153091621994232e-04
1.631506823262107e-03
1.712542031942121e-03
1.200074331107676e-03
2.297230631839665e-04
8.930479357915086e-04
4.796841418466573e-04
1.217709736830636e-03
1.620222280730251e-03
6.328827586561101e-04
1.189328119552656e-03
4.923570957873889e-04
5.173651646144866e-04
9.667144646090969e-04
1.343307896465204e-03
8.040357442117273e-04
9.834125787487754e-04
4.904758233431055e-04
2.533798161054289e-04
1.120131658004009e-03
1.050807767719485e-03
7.053573537783630e-04
6.237119415204244e-04
1.134453446438018e-03
3.601115461706148e-04
6.207170637067026e-04
4.084152078956590e-04
4.498211823686575e-04
1.236382425614471e-03
4.760209242749260e-04
5.006544569997864e-04
7.631841970306936e-04
9.227367622501121e-04
5.663958216646472e-04
9.106461413300460e-04
9.159396776873943e-04
8.430514886992612e-04
8.405321488915858e-04
6.432620395395203e-04
4.643123074506692e-04
9.470127411834951e-04
2.653372893858957e-04
1.023698400777532e-03
1.113740018173536e-03
3.306624636139881e-04
9.257418339728669e-04
4.908911493565099e-04
8.991215133493006e-04
3.437775144689240e-04
1.170142944511548e-03
1.750917826994034e-03
5.491685435864222e-04
6.752577746675149e-04
8.676793869161220e-04
4.153124319211415e-04
1.113616729320323e-03
4.625915443596115e-04
5.142127319853644e-04
3.276000872320946e-04
6.140058204890579e-04
1.154261535162827e-03
9.740332785825158e-04
1.035841182872670e-03
6.740731152582330e-04
2.667414731502300e-04
6.253620832929000e-04
1.304876294847354e-03
4.280531723874545e-04
6.262635148169867e-04
6.975876805135174e-04
6.181102197803928e-04
1.052485137782480e-03
4.514605907082246e-04
8.878050560122506e-04
6.922672668258120e-04
3.068654671009132e-04
4.843843378779623e-04
4.807566375874025e-04
9.365235629270488e-04
2.617318213047716e-04
3.577865067467028e-04
8.055172905602698e-04
1.389913687166476e-03
5.542920205270388e-04
8.786174867985604e-04
2.864456288959293e-04
3.950090184796929e-04
5.836259925144948e-04
9.696504301470162e-04
7.783054140464026e-04
3.973470187774705e-04
2.760733015464038e-04
9.248746473241109e-04
1.440665616619269e-03
3.135849490828926e-04
1.064948994722207e-03
9.384433559520744e-04
8.692869613489389e-04
8.281544326871097e-04
6.637335417541216e-04
9.389218338618030e-04
6.466526568059827e-04
8.082120752949502e-04
1.029626406574886e-03
8.085388290462900e-04
1.108127330162950e-03
6.618041744140619e-04
4.931298754129517e-04
9.332965329228334e-04
7.839039728153323e-04
1.012020216599541e-03
5.283505416651968e-04
1.189745625285300e-03
5.077686877746207e-04
1.504986737964285e-03
5.726961130400540e-04
7.648918180518125e-04
6.762023538468877e-04
2.593768104367310e-04
7.362126878272908e-04
8.313351070118515e-04
3.857280024791012e-04
5.421011220853387e-04
1.007789192181061e-03
9.104744879361712e-04
3.957332025698008e-04
9.554039446820672e-04
4.865609511128357e-04
1.162405767390831e-03
4.541218165456421e-04
5.956983106310098e-04
5.472066851953893e-04
3.113363802513448e-04
7.605144270632592e-04
9.603744925149728e-04
7.813008062078006e-04
8.777071329898624e-04
4.314794993711095e-04
3.633444640808934e-04
8.652018178003807e-04
1.087712709070492e-03
3.558419498220968e-04
3.159123677684372e-04
8.455230582449539e-04
8.939885502134493e-04
3.834359399934586e-04
2.114387459427214e-04
9.800411420357532e-04
1.409431894785275e-03
6.525519494470963e-04
1.035627784716648e-03
2.887312570431312e-04
8.685201521897595e-04
5.143849974017955e-04
5.877824065961691e-04
4.630168224746588e-04
3.598425230876548e-04
6.552120410038654e-04
5.347222126612376e-04
5.597535209378849e-04
8.760034408960818e-04
2.669495208822326e-04
5.532396268944780e-04
9.289314933226965e-04
2.618356274681185e-04
4.826430606343789e-04
4.904937923502112e-04
5.200492465100693e-04
3.899877126046014e-04
1.040057346298199e-03
7.614898454944706e-04
2.817083921906000e-04
2.977662739965001e-04
3.961641220639588e-04
1.743186086670616e-03
3.485163045298758e-04
1.129060441985817e-03
7.368909915730183e-04
6.616512665295377e-04
7.813844260420770e-04
1.050783584311731e-03
5.969571980058933e-04
4.650469112749139e-04
4.927311257971348e-04
1.080719355102661e-03
1.117338711459262e-03
1.266001781684562e-03
8.195032872076533e-04
5.193831980986720e-04
4.407228309171590e-04
3.580263842592896e-04
3.182367947801657e-04
3.905938382561576e-04
6.718828028159220e-04
8.496867689732379e-04
4.649082633490547e-04
7.793574808082616e-04
6.453003796608218e-04
8.081072553063075e-04
7.465724261649312e-04
8.851721175520661e-04
7.956989089253691e-04
7.710074729609254e-04
1.475742085154629e-03
8.224437482233218e-04
6.658828040614236e-04
4.281523035648439e-04
1.359025663492536e-03
6.261273042904237e-04
8.248701045719464e-04
7.109373139244257e-04
7.028794884436579e-04
6.230517871156277e-04
4.651408373553696e-04
7.158258655887911e-04
2.830922939488625e-04
6.605903589920305e-04
1.110010185295671e-03
1.239684617860407e-03
5.611704920699641e-04
5.797349386210849e-04
1.060341062569584e-03
4.967692269563751e-04
4.166137394845401e-04
7.688385095604573e-04
1.943718492754098e-03
7.051327109636283e-04
3.140940107164129e-04
5.869229129830925e-04
7.704085454957978e-04
5.666017999547744e-04
2.560619221645899e-04
1.277295991821549e-03
5.456279573402102e-04
3.397206293458154e-04
9.017564655388695e-04
5.085674273947055e-04
3.213015590410668e-04
6.980302562121587e-04
2.391412236761031e-04
1.058175316327344e-03
1.182333499359953e-03
4.549052173396916e-04
4.362939804732906e-04
5.246094784906279e-04
7.267830062995465e-04
4.780928943335280e-04
3.696108755082265e-04
2.149936732977542e-04
5.484323209567071e-04
1.395479494007011e-03
3.453567483329541e-04
4.246885012749486e-04
5.663807612228725e-04
4.611623078367158e-04
1.366282342802792e-03
1.089392946462986e-03
7.830327182528695e-04
7.387248050820114e-04
4.151368799731578e-04
1.181200912727155e-03
5.374438428742237e-04
3.200721251157292e-04
5.570263210838303e-04
8.684233184016416e-04
1.196439035456253e-03
4.050262344452756e-04
8.452553692247064e-04
1.240173269872028e-03
8.460574307706433e-04
6.110986181434701e-04
3.751944236543104e-04
3.288246003368644e-04
5.642503181964090e-04
5.974710513487413e-04
4.050012884713798e-04
1.133031566510292e-03
9.042450771447736e-04
6.522297667756244e-04
1.019108332879263e-03
6.848236468333753e-04
8.793590124979611e-04
6.535139615673823e-04
7.191868620667638e-04
1.396066343831574e-03
6.007803213083631e-04
3.813022306839962e-04
1.224547030732273e-03
7.605260988223122e-04
9.369400959545057e-04
9.497415066567916e-04
5.107602455610035e-04
7.100325011899047e-04
9.512012995572709e-04
1.114138452637767e-03
8.314366495316038e-04
4.791309394385889e-04
6.063213076144503e-04
1.188537957703667e-03
7.298044926585547e-04
5.043050984019544e-04
4.907406401439551e-04
1.253324548886468e-03
1.180782373965103e-03
4.285669978767026e-04
3.153361712304058e-04
8.864092757192889e-04
3.252789929659347e-04
2.835954778853222e-04
6.281158621833028e-04
3.425768870356839e-04
5.178947613848734e-04
4.403578799123028e-04
5.458956740768458e-04
1.054057534125697e-03
3.731244668997010e-04
6.703561985254580e-04
4.735960911347039e-04
1.110092877189935e-03
5.617126536328457e-04
8.385592932768927e-04
1.063515585942485e-03
1.084351756059230e-03
4.262375289868777e-04
1.453856149609530e-03
9.098280480608366e-04
6.049421978494053e-04
9.998061062418114e-04
8.080887348059308e-04
3.555799348325988e-04
4.176712778264141e-04
9.507276700464556e-04
1.777345010523874e-03
4.985816338289330e-04
8.143843048077716e-04
3.449221152535526e-04
6.969849862617737e-04
8.052682660403870e-04
2.847107791703535e-04
8.331759045911518e-04
8.041644553196947e-04
1.736318798906438e-03
5.134010800815405e-04
5.300069064592694e-04
4.885010820041454e-04
5.906299478462558e-04
6.132449555129264e-04
3.252014485363251e-04
3.023645275702838e-04
1.091071738475897e-03
5.765107705644190e-04
1.297761241985239e-03
1.374353550703019e-03
6.277840152732482e-04
3.323175466313451e-04
4.729982339576922e-04
4.410419672530627e-04
3.116875337193394e-04
3.955615510435575e-04
4.440436012824631e-04
9.366062158974427e-04
9.407225289961994e-04
1.058578740279065e-03
1.521742601781198e-03
8.106367611882919e-04
7.536394716792675e-04
8.789062141798200e-04
9.355407525944911e-04
4.605446682314449e-04
7.681907174804935e-04
4.380492713213263e-04
4.305233937848151e-04
9.917785541629655e-04
1.108184772853505e-03
7.758806094820066e-04
3.850223364964424e-04
1.335368015795948e-03
1.307088886635331e-03
6.859313941839445e-04
3.319206424848398e-04
1.102603486448025e-03
8.991777075982739e-04
9.410630544820700e-04
7.545009493708645e-04
5.047309974288882e-04
4.610733329420850e-04
6.628604528590618e-04
1.280511971541889e-03
7.679038316546957e-04
1.047993848137580e-03
1.218750787810498e-03
1.057590542183121e-03
5.169174389515714e-04
5.447039471107361e-04
9.233020842614450e-04
1.032929597442303e-03
7.145923932038842e-04
7.292375111406086e-04
1.087921280624318e-03
1.831155899879510e-03
8.563599077896190e-04
8.960726271975818e-04
1.039262540921550e-03
3.741914034142768e-04
5.597874459408221e-04
4.067839992069147e-04
9.332369784198198e-04
7.811277898737760e-04
1.327226852827467e-03
3.997227404351412e-04
4.248383438893352e-04
9.189870325429768e-04
4.764956795927575e-04
5.542866093406838e-04
5.197256058273786e-04
4.399375913806052e-04
9.255750945950470e-04
2.753806672629102e-04
4.645951682453040e-04
6.622495276008033e-04
6.523314617330100e-04
3.872141137372104e-04
7.998085356629017e-04
4.947860612390969e-04
9.539326534627026e-04
7.612142236077584e-04
1.057001291061867e-03
9.543937131806998e-04
8.465645581286882e-04
1.021040880615756e-03
5.901532360175751e-04
5.932404943402823e-04
8.500343449521267e-04
6.268328059935346e-04
1.807779352664581e-03
6.577828790133378e-04
1.081842297705784e-03
4.634355186505830e-04
6.917526182985100e-04
1.061309759797876e-03
6.867284464062578e-04
3.993043347159909e-04
3.138806598379727e-04
2.589177317821496e-04
5.377125915320298e-04
1.055554449414572e-03
3.781301219872713e-04
2.590917797809133e-04
2.170513966144392e-04
6.588700353399664e-04
9.536116696414604e-04
1.245348088431496e-03
1.069307480692818e-03
5.204508018369572e-04
2.567910313530194e-04
1.060520530082865e-03
1.185325359336300e-03
2.419048334240321e-04
1.550103604117520e-03
5.416868256108944e-04
1.187245287996390e-03
5.479824628020213e-04
2.169555434135247e-04
4.710987516431265e-04
8.500589784841868e-04
6.853302676095498e-04
7.737829926943517e-04
3.770745280763789e-04
1.003204666543629e-03
8.948377455971412e-04
5.627003102515325e-04
7.857188631719632e-04
5.321200604626190e-04
1.030945653658473e-03
8.688997772104165e-04
9.622195926730975e-04
4.438205835393755e-04
8.578627218175228e-04
4.171710923296910e-04
1.720593249717060e-03
2.559027874071063e-04
9.050184882725762e-04
1.039754672028378e-03
3.549478851452106e-04
1.014105143716683e-03
9.974639850375529e-04
3.220342452229769e-04
4.038620034292658e-04
6.807071109351685e-04
1.049952574447056e-03
7.012565890628795e-04
7.138258714018354e-04
8.889771924466380e-04
1.091041160815984e-03
1.086940643533051e-03
1.428786032683893e-03
1.151211679230769e-03
2.719916401332507e-04
1.400545142679837e-03
8.537987864817323e-04
3.968023700840493e-04
4.203356324902432e-04
7.897684819652049e-04
1.262014614851588e-03
1.223096016655240e-03
1.334831947501054e-03
9.344818914927804e-04
4.327058251266426e-04
3.514364773629692e-04
2.520164736129819e-04
2.606517092493370e-04
1.091864353265362e-03
2.368368567378634e-04
3.310962683903276e-04
1.021336658227867e-03
5.878801889871050e-04
8.669758360756771e-04
1.336423026454507e-03
8.799883815408620e-04
1.420881563546299e-03
6.541190062577352e-04
4.685330775922377e-04
4.762142045152623e-04
2.868719817344081e-04
8.819785981933517e-04
8.045027733871917e-04
5.032628303163185e-04
4.221884440061798e-04
1.194795026065294e-03
6.065937595057992e-04
1.766968051683986e-03
1.027326071252774e-03
4.009773055180766e-04
5.695972105624781e-04
9.720831004025002e-04
7.125869750746388e-04
1.201266331736731e-03
4.232178771659009e-04
6.850795951663230e-04
3.477111073082622e-04
2.853013915259856e-04
6.432247853992194e-04
8.128006567624914e-04
5.285606912729078e-04
1.048632629596923e-03
7.899893941123613e-04
4.737999653367103e-04
5.421821723526862e-04
2.149086159248349e-04
8.939011077462625e-04
6.469671207603952e-04
9.341968729277582e-04
8.687679195274684e-04
1.113327715737027e-03
7.969846240590959e-04
4.339243725947469e-04
4.970819248883160e-04
1.272439706503959e-03
4.446929018848535e-04
6.543289015130240e-04
8.146080531273439e-04
1.510350422608376e-03
8.797536742134635e-04
3.970959845712333e-04
1.255474246637166e-03
6.467402773895199e-04
7.968949270840780e-04
9.308704831874590e-04
6.079465710191906e-04
4.160545470310699e-04
5.617020836957208e-04
1.210252668999049e-03
1.108251412954905e-03
6.927534308823642e-04
1.350610681268023e-03
8.332019099247478e-04
9.024369762790172e-04
1.071005212960152e-03
7.088983740900789e-04
9.286225688288060e-04
9.835596905801054e-04
1.029034917542909e-03
7.629765854697933e-04
8.602235627106390e-04
2.764300568202452e-04
1.005523308042513e-03
4.824039955151507e-04
3.224762493077473e-04
3.081670046640656e-04
5.832521812019574e-04
6.576003389678740e-04
5.237789653477709e-04
1.433376266123973e-03
4.337293898012712e-04
8.583358001457902e-04
9.233771779241391e-04
8.092730625274748e-04
1.032024355928354e-03
3.441112542868260e-04
4.145085084127342e-04
4.489015195255922e-04
1.189743299274385e-03
1.110250354482788e-03
4.150834036397573e-04
6.675187754341973e-04
1.225418744402301e-03
1.417673040907198e-03
9.290881661638665e-04
6.102961894333274e-04
4.176314401562610e-04
4.749399396946385e-04
5.385960956866601e-04
1.577858998313842e-03
2.075342760338223e-04
5.287417920072529e-04
8.092285171363122e-04
3.823047659065256e-04
1.075935005020014e-03
1.187569065034202e-03
1.160230297377770e-03
1.019264467071733e-03
5.614707868477669e-04
1.561480750893216e-03
8.909444202448788e-04
5.793477334027137e-04
7.593004342990874e-04
6.145758402185814e-04
8.584146451239053e-04
1.041886167319136e-03
4.790616789482204e-04
9.987754711942038e-04
4.199951953069193e-04
5.865474085474738e-04
6.457921866408439e-04
8.881473802221807e-04
5.148069449455210e-04
9.665010719727194e-04
1.160721894035630e-03
3.117733610736428e-04
8.326683318056617e-04
6.829361795624608e-04
1.172445190672452e-03
8.630069070425673e-04
1.106536178943955e-03
9.640336914725019e-04
1.214813643322082e-03
6.740602628932114e-04
1.126590384511722e-03
1.058797712853951e-03
1.062028942993218e-03
6.265602313452598e-04
1.260106371236322e-03
6.135541468046412e-04
1.371581965751216e-03
4.594048971006444e-04
9.785710058542259e-04
1.188419287595545e-03
9.429897459875788e-04
4.685151881904658e-04
9.304279263726552e-04
4.111443588431061e-04
8.596055194764695e-04
1.178565781388660e-03
6.392657503503438e-04
8.568415075987752e-04
1.109155063073522e-03
6.939142233796422e-04
1.024983807722441e-03
4.438782791928766e-04
6.502548470884966e-04
1.521224044613358e-03
1.155183756187404e-03
6.796501006688101e-04
9.989738194814421e-04
1.035706673730651e-03
4.447124390061539e-04
6.518455123633336e-04
7.934212812838287e-04
8.554464677255889e-04
3.175077150331416e-04
5.077772236818891e-04
1.107235870864024e-03
4.094126428079715e-04
9.328958324997280e-04
7.405258286397616e-04
7.730532915611213e-04
5.543974784916654e-04
1.467189141989693e-03
1.141965451864449e-03
1.243318271748594e-03
1.121725701467021e-03
4.339371736493055e-04
3.378369488647934e-04
3.777937009998672e-04
2.993523780519957e-04
6.691629605997268e-04
1.176704982755189e-03
3.917724343056790e-04
9.579278770253945e-04
5.948774785044333e-04
6.212714559791786e-04
6.151554945238995e-04
2.748736768345102e-04
6.275140704921022e-04
6.601308303762890e-04
4.729593502842691e-04
5.349992669797966e-04
4.289779264655373e-04
3.689147435619102e-04
1.127300864484315e-03
9.475944154014953e-04
3.520043532409793e-04
3.413290783500575e-04
4.620738729884886e-04
1.013278013692148e-03
3.203267562292004e-04
1.010879258013881e-03
1.006876156983522e-03
3.049807966814668e-04
4.765696245232396e-04
1.080723561863078e-03
5.579749177891152e-04
3.466715993025177e-04
8.249702734992165e-04
9.456207318465037e-04
7.646524149859641e-04
4.733159131406904e-04
1.085560923151937e-03
1.133335082570492e-03
5.485294105774024e-04
4.514849588837996e-04
2.944028516354617e-04
2.199907423492584e-04
4.667015045964117e-04
1.418622956606592e-03
1.244405851150946e-03
3.983431805847919e-04
6.330423227495438e-04
4.093311124208230e-04
7.158538242120396e-04
3.895825541606558e-04
9.625530649447177e-04
1.358133131112279e-03
4.504909140750555e-04
8.633904123078574e-04
6.749151892648242e-04
6.744920317567630e-04
8.529936342503469e-04
2.769201159662828e-04
7.924574161464430e-04
1.196490734688584e-03
1.381213582852965e-03
1.035094555738412e-03
1.159542053202578e-03
6.687912419632178e-04
9.436736201125444e-04
1.162993517451700e-03
1.126560595666678e-03
5.726459135486351e-04
1.070576321068831e-03
3.523357048656692e-04
8.261245851336234e-04
1.511309334420644e-03
5.301065230856572e-04
5.566240664185905e-04
9.316676638958689e-04
1.156212072248293e-03
4.801063299840976e-04
6.920412885451188e-04
1.203534514201634e-03
6.901441390770159e-04
1.278866835581839e-03
1.054901315606653e-03
9.775687785172147e-04
8.493659374070087e-04
4.536176244262033e-04
7.149940486063788e-04
7.979105753464961e-04
1.127376324502365e-03
1.428076159992818e-03
1.191120915298773e-03
8.440957890960476e-04
2.409181420404940e-04
6.086259926873704e-04
4.285043138820471e-04
8.499375594908190e-04
1.196677852547037e-03
1.390426353497844e-03
8.117573671976439e-04
4.376094016221786e-04
1.251284830900081e-03
7.955035942773531e-04
3.169359007570269e-04
5.366822625847003e-04
4.550622904859049e-04
7.226503314251970e-04
9.566459103851897e-04
1.311471915441944e-03
3.228418584225831e-04
2.886859837160390e-04
8.719722921917788e-04
7.598329097553096e-04
1.329368324040695e-03
7.423037027354666e-04
1.214357862119597e-03
6.185625508384541e-04
8.562915699175274e-04
5.003321625403939e-04
5.878143551800163e-04
8.903859946632153e-04
2.766747909759431e-04
3.373649191929757e-04
3.907652659682945e-04
1.385959911961735e-03
7.334103590179276e-04
6.056328085952384e-04
7.302775848085556e-04
1.000021149251951e-03
8.191496069745059e-04
9.237740957203015e-04
1.731934259705369e-03
1.130614033404267e-03
7.217321663176152e-04
9.654602068027082e-04
1.214587691427787e-03
4.481786262059673e-04
4.491389469255081e-04
9.999728666198020e-04
1.062603837833475e-03
1.225099740141531e-03
1.231034214414509e-03
7.963508254970349e-04
4.413151154243125e-04
4.952600798769736e-04
3.824253620358635e-04
1.164332587941561e-03
3.025703953279610e-04
5.511283618954597e-04
6.135018517329811e-04
8.473462426741385e-04
1.025270926272413e-03
4.569686817566008e-04
1.090141994779777e-03
1.052078800210996e-03
1.260983726205727e-03
1.307900276841949e-03
8.279519630117603e-04
6.100803522243103e-04
5.975730719170486e-04
3.669504858123960e-04
3.557360723347714e-04
1.143531104922825e-03
1.047886000590117e-03
3.296122390736469e-04
9.427169168530530e-04
1.041524217677522e-03
2.383786422467587e-04
4.138586995167458e-04
4.605605171936397e-04
1.301073825800316e-03
6.701681913844965e-04
5.468646820681931e-04
4.426670136162253e-04
7.707685284586340e-04
7.688936433752626e-04
3.646532750149528e-04
4.066840160094790e-04
9.962618808830386e-04
4.458729629051202e-04
9.132526180885740e-04
1.398819197241627e-03
5.657196158020015e-04
1.017315852906816e-03
7.462951947762491e-04
2.902879875494546e-04
7.116897099511542e-04
3.842497257138307e-04
8.925527444023263e-04
1.241100726960276e-03
6.910061833241589e-04
7.590255843037917e-04
6.532625332822989e-04
8.641025963900309e-04
5.367698196103009e-04
8.142383686262956e-04
4.251701651236996e-04
8.343304167957575e-04
8.584433717636205e-04
1.029090574847949e-03
2.396260436534903e-04
1.424266655926406e-03
7.289837854605000e-04
3.242454207665225e-04
3.483777660820992e-04
9.139370699140737e-04
1.025482878030568e-03
6.399196747151330e-04
7.110950190265433e-04
7.373028296090141e-04
1.559177905779140e-03
5.813049487584845e-04
2.939773008330870e-04
5.075337352178471e-04
3.398586054032745e-04
6.354981054740207e-04
1.179153699144341e-03
8.164331839536740e-04
4.566397966953116e-04
4.872072954879770e-04
7.581997265825840e-04
6.064281813307157e-04
6.168176652692177e-04
5.655731853207490e-04
5.023289106666949e-04
4.576658708920732e-04
4.521691233339788e-04
3.603655350999348e-04
1.280235816696590e-03
2.995134663053213e-04
4.286506037470569e-04
1.139079405165173e-03
1.159868297531624e-03
4.967464978091296e-04
4.281069442111938e-04
5.915559980172383e-04
3.232490775151421e-04
1.062972725260958e-03
2.727374093673300e-04
3.237264598640395e-04
4.322729822838658e-04
3.756567065896243e-04
1.279962930912674e-03
1.104781571315592e-03
5.336349140991569e-04
5.225915367992602e-04
3.239131390772424e-04
1.472861086817387e-03
1.553732789933170e-03
1.133924118468431e-03
1.782578824588636e-03
5.075427761473393e-04
9.941753384837295e-04
8.488873016584741e-04
7.242252150513142e-04
5.924921421634345e-04
9.643424997694376e-04
4.648262066770303e-04
1.577287228611454e-03
1.298258698521509e-03
8.074650816366144e-04
7.196600206298250e-04
7.373450320108093e-04
6.393632656799581e-04
5.241664894899448e-04
6.080231685785076e-04
5.406244045788808e-04
7.400831465618350e-04
2.509764023927468e-04
8.017526222719748e-04
7.398625053048668e-04
4.597302757298277e-04
1.058317974922846e-03
1.066532304895448e-03
6.398267453891752e-04
1.045290933291959e-03
9.654191554912981e-04
5.252264173619315e-04
9.781504179876249e-04
4.030605297550842e-04
9.550108412679945e-04
8.773684146486309e-04
8.071430690298949e-04
3.346339670893983e-04
8.226225895041093e-04
1.333139569583644e-03
1.014214056071003e-03
1.263930584112788e-03
9.807484781773276e-04
4.026659047589283e-04
5.284279870374063e-04
9.320733792850694e-04
6.113150372141308e-04
7.280157917773732e-04
3.428493126997886e-04
2.963526097753816e-04
8.172786565314669e-04
3.010087571365643e-04
4.116620704402561e-04
1.539406324618585e-03
7.904532589162363e-04
7.310283697797727e-04
1.711201157819126e-03
8.418295138435585e-04
3.867446753713279e-04
1.034458765350989e-03
1.459269364558759e-03
4.191380263611456e-04
8.561891973956480e-04
3.008604768742358e-04
2.879555732880345e-04
9.627171925197034e-04
5.074771340662393e-04
6.825683579914464e-04
7.896032627340530e-04
8.523477847181569e-04
6.624482829245685e-04
9.624462288449795e-04
9.185813777464786e-04
1.722887237456431e-03
6.171947262771822e-04
4.009519663457551e-04
3.680436765981530e-04
1.074085243372094e-03
1.229357261598139e-03
9.928436189795345e-04
4.568491397859394e-04
8.794535414732674e-04
5.935968856956681e-04
1.035187722318813e-03
1.100904603758069e-03
5.160294569081285e-04
3.655194727528838e-04
1.139044861446052e-03
7.802269511882089e-04
3.770041435211560e-04
1.141491694038599e-03
6.600479953707721e-04
3.531772711214623e-04
1.183110748233602e-03
1.236446446427996e-03
9.233149724964848e-04
5.527327290561751e-04
4.589634977692461e-04
4.964336506966691e-04
7.520496387056020e-04
1.186338932566751e-03
4.053438868669710e-04
1.064293749655389e-03
5.590588992544614e-04
4.158660018595512e-04
5.764363705691484e-04
3.856798692545471e-04
1.822465948189121e-03
8.200799428290384e-04
6.861361505857229e-04
6.462568711746712e-04
6.757955696544628e-04
4.081934925291524e-04
7.061869334048324e-04
1.032327838109158e-03
7.405946424464216e-04
5.216470309649180e-04
1.012971619992954e-03
5.876422645320349e-04
8.687929166177487e-04
3.280043217179149e-04
7.976726075965403e-04
9.170702990585131e-04
5.502693571670107e-04
8.807864727285768e-04
5.873567383265184e-04
9.777458484483258e-04
6.339142633614302e-04
1.076449965657763e-03
1.375498153186485e-03
6.736265277000604e-04
1.431106904772523e-03
1.012266947975069e-03
2.724180246434033e-04
7.110434109202834e-04
7.892731673435982e-04
1.402940671731513e-03
6.909409093640947e-04
1.349253853970544e-03
5.078113757254430e-04
3.611315429109566e-04
1.041554755052142e-03
1.030274403855643e-03
9.834941613285635e-04
3.810669914302137e-04
8.443741951871320e-04
4.832474996730800e-04
3.994421729878665e-04
5.656194757526526e-04
6.215747608912109e-04
1.066201867822792e-03
9.804109328953956e-04
7.860681035700700e-04
1.131816441372883e-03
4.497340187181617e-04
1.182721722184806e-03
1.111275644091018e-03
1.145837040990742e-03
4.051664252546883e-04
3.500398018633933e-04
6.852385968884604e-04
9.196273774815366e-04
1.688976075713568e-03
1.044501784416507e-03
6.033335344210447e-04
2.317725845932642e-04
1.549454041037160e-03
1.298312846820050e-03
1.095210782942885e-03
3.669934127924472e-04
2.981898527986051e-04
4.168065689033770e-04
6.499278415522207e-04
1.229547419536341e-03
7.705748007621270e-04
1.043507342139750e-03
4.278500690104921e-04
9.332810756911589e-04
7.651773639047971e-04
4.816298190653675e-04
1.017947931298062e-03
6.246938194675531e-04
1.070780171878950e-03
6.163577126001551e-04
4.300499027528836e-04
9.518709839288657e-04
8.724932425880388e-04
5.378819372036405e-04
7.893164521305459e-04
9.158920239606284e-04
3.981188605626799e-04
6.633467932607294e-04
2.610584033815723e-04
1.115865966565605e-03
6.230384183118322e-04
8.121188419137136e-04
4.110897966055072e-04
6.540283805777150e-04
5.638704705384828e-04
7.649264510228850e-04
9.152152921460771e-04
1.319688442114339e-03
4.047576797932890e-04
2.342546445562046e-04
5.675566051866100e-04
5.544078137595193e-04
9.029019116997141e-04
1.272086455515621e-03
9.674233553239358e-04
4.061370787073687e-04
7.693881475131367e-04
4.371337383804556e-04
2.961057332656176e-04
1.005507134902791e-03
9.024014334993518e-04
1.020814767556089e-03
1.119499636075395e-03
2.814866545665904e-04
6.887492973514952e-04
5.561372607692453e-04
5.449371237123537e-04
8.253919307070023e-04
8.834844377312971e-04
8.482687471598877e-04
4.209103993479268e-04
1.139125604008452e-03
8.975641073524978e-04
7.030024849618065e-04
3.547134689736955e-04
4.024680512534938e-04
7.425816587810297e-04
1.631641164416986e-03
6.461956692227567e-04
6.409356515148908e-04
4.606544928737883e-04
4.853418350150980e-04
7.718288507576898e-04
3.647559486430037e-04
1.040284229432366e-03
8.360385995210796e-04
1.159560923630663e-03
7.266242090833868e-04
2.814091272722313e-04
9.635735276426879e-04
4.828170948396671e-04
1.090386202918877e-03
8.995200173669258e-04
5.400268597369444e-04
1.474602123576247e-03
7.525508009957215e-04
1.010523544661284e-03
1.066864092999452e-03
1.311526608770301e-03
3.471670696287462e-04
3.828379730249226e-04
1.369526203943184e-03
1.331860536330780e-03
2.545195897640200e-04
7.435196899369161e-04
9.029602956055682e-04
9.105769705894974e-04
5.561769180350577e-04
3.282857739191981e-04
6.637211110482567e-04
4.383207085862784e-04
8.027237292207064e-04
7.240462919938416e-04
3.118596204154463e-04
7.003248779932313e-04
1.049497651914487e-03
3.207921340380274e-04
7.556641434946722e-04
1.834077524675935e-03
3.864071691238546e-04
4.548566407725375e-04
3.680348838577065e-04
3.276246927075751e-04
6.037670107447142e-04
1.377835284665176e-03
5.024208978546359e-04
7.416933952780955e-04
9.026543046943008e-04
2.514250825750039e-04
3.319411684754780e-04
5.920323369960582e-04
4.050369230685011e-04
7.288105741213388e-04
5.480133078958676e-04
6.639020840055582e-04
2.929239487937152e-04
5.092797979092696e-04
8.182890532963146e-04
1.278862137633811e-03
6.493911435929172e-04
1.128281132322888e-03
1.299350060507127e-03
2.913555775580176e-04
8.560487972411955e-04
5.367557383034428e-04
9.846939075753599e-04
5.629447313548326e-04
1.090726612087574e-03
9.118897641395294e-04
4.004357071828552e-04
5.360543317939315e-04
7.391313620836563e-04
5.398591290595410e-04
7.805452109120859e-04
8.422206968769753e-04
7.323260173917236e-04
3.314059631537605e-04
9.325408072795454e-04
4.495864666964181e-04
9.023550704812481e-04
5.035260781480523e-04
1.106243462563881e-03
3.984228414293236e-04
9.311704985123981e-04
5.484019968191789e-04
1.342511945441971e-03
6.169782779195900e-04
3.966186809622739e-04
3.934693441485101e-04
2.705833472014528e-04
1.438459487390255e-03
4.265172272590425e-04
7.997280616056932e-04
1.104522671417510e-03
1.532122330916580e-03
3.697296833174898e-04
6.647586905487632e-04
5.693035464861861e-04
8.272384001149647e-04
8.582236409301744e-04
4.862703463349952e-04
6.997369154040764e-04
1.090172949852663e-03
4.914320720979851e-04
3.471810456322152e-04
7.903854688913111e-04
4.832856605779680e-04
3.371897528647754e-04
2.540878384147542e-04
4.701201492065311e-04
9.857007320301452e-04
1.623212154322448e-03
1.040641608017323e-03
6.871262900020509e-04
1.567953666672271e-03
5.565207902994737e-04
1.151810092146056e-03
5.844430246119042e-04
9.653497299346538e-04
6.978437782528653e-04
4.760487873431344e-04
9.252330898821159e-04
9.037262350777048e-04
5.692207575598283e-04
6.626452537961500e-04
1.031358435680706e-03
8.228247832418909e-04
1.103380814089624e-03
3.708341403349239e-04
3.275934502622632e-04
5.089778566178127e-04
9.759930543708326e-04
4.916323589170769e-04
9.737566888169695e-04
1.047109374726555e-03
1.232295062141818e-03
1.472026541303243e-03
1.259294459843289e-03
4.794616672432787e-04
9.385833449453433e-04
4.653209435980898e-04
4.381246109910093e-04
8.016679298448032e-04
2.697880328564163e-04
6.169325375035782e-04
1.226353199008000e-03
8.141391623832273e-04
7.614102853518144e-04
6.368025147847699e-04
3.485616963650565e-04
5.697306017787536e-04
1.127590890204692e-03
8.689557558518560e-04
8.191656932143277e-04
9.313954745174530e-04
3.943904495761655e-04
7.916635415808348e-04
3.800522680222040e-04
6.398667824415721e-04
6.011830085782918e-04
1.332789948549365e-03
3.109486545798211e-04
4.163720738507646e-04
4.929807477580262e-04
4.609008021089973e-04
1.624619662271210e-03
9.026670353306182e-04
1.625110925136364e-03
4.620333650511103e-04
7.449786845112375e-04
1.261535732482111e-03
2.351336196660706e-04
1.661744059338189e-03
6.971173653449026e-04
5.355642412174360e-04
3.485287096406663e-04
7.109692186255875e-04
7.005407128151614e-04
8.191845565007135e-04
4.892650350138777e-04
4.893939993595501e-04
6.363199787234442e-04
1.175832789213868e-03
8.343828762126886e-04
6.250405212714088e-04
3.594005275763361e-04
5.052018114719515e-04
7.624004750899862e-04
7.506049586825450e-04
3.152598424717096e-04
1.234089538528396e-03
8.237342435257788e-04
5.596848357346979e-04
1.383189851098119e-03
5.919677011579138e-04
7.523745122662974e-04
9.077476717233184e-04
6.798852663643286e-04
3.924587619095088e-04
4.636709074995025e-04
2.540770560200872e-04
1.021837691044474e-03
7.292945908072499e-04
3.545068857457358e-04
7.436056974506750e-04
1.092190305838363e-03
8.375357201402861e-04
1.199366588017690e-03
5.840437588679388e-04
6.858779895306255e-04
1.875751253399747e-03
7.229974911959849e-04
1.158224569945090e-03
8.554816076594932e-04
9.009246491782596e-04
1.063889448470256e-03
1.007294179719489e-03
1.676064102300995e-03
4.859054201788928e-04
1.111194608296028e-03
9.004169414691766e-04
7.550124081983923e-04
2.321311697775247e-04
7.983665654217546e-04
1.003285515515156e-03
5.572505826486555e-04
2.788602455468140e-04
6.372080978200572e-04
9.512442740441468e-04
6.847149970165213e-04
2.877668082204375e-04
8.945566235666168e-04
9.750753409436231e-04
8.922956577820775e-04
2.252888587719092e-04
7.766095464616786e-04
5.470481344957566e-04
2.827234597479473e-04
7.278820930055394e-04
9.174845112834638e-04
4.323908758727544e-04
6.758176314247876e-04
1.105931700492077e-03
7.400633499632047e-04
4.563710748539916e-04
1.139961391290025e-03
5.823229366818451e-04
1.278988696553594e-03
1.180741046123226e-03
1.645590017694248e-03
1.332866838713462e-03
4.510343637533201e-04
1.030180151775525e-03
1.332242903778791e-03
1.763779957130009e-03
3.127151872539410e-04
1.321780111312985e-03
8.956894872496558e-04
8.767233288699324e-04
4.216968070604498e-04
1.426514318398375e-03
5.836827027042778e-04
2.608243821654202e-04
1.223971060727872e-03
7.772702783570956e-04
1.443106387284801e-03
9.111870736686551e-04
1.688758674526513e-03
3.218431752536105e-04
6.412835210742449e-04
3.916345477444067e-04
5.677853372989948e-04
4.199307434875786e-04
1.077701943437322e-03
7.796318808331952e-04
1.360374918145153e-03
3.216284072089972e-04
5.851777779637568e-04
3.214822146799971e-04
5.225141221202009e-04
1.000857354403134e-03
1.089033563129209e-03
3.035623673239457e-04
2.398589301433552e-04
4.550782281524668e-04
6.067112284498879e-04
9.017603292504018e-04
7.195636346437057e-04
3.361986090533386e-04
7.194005583049071e-04
1.002288890824727e-03
1.449295383217494e-03
1.070010583999699e-03
1.089573629667434e-03
1.041016607768455e-03
1.073883240742091e-03
1.566309412187828e-03
1.275030562580615e-03
3.953106271768033e-04
1.118765758974323e-03
7.974055173484756e-04
1.036069666138263e-03
4.790939549106575e-04
1.074351167048437e-03
1.198388204657879e-03
3.851819870064973e-04
7.557948523463269e-04
4.569169376446092e-04
8.566161485521191e-04
9.470185140246097e-04
3.014940196529965e-04
4.475517888910607e-04
8.013488730793574e-04
4.556805784534095e-04
2.061253968747559e-04
3.233549710395238e-04
9.129553858121331e-04
1.491997540771352e-03
5.873226905998852e-04
9.157638729326324e-04
1.692494815734444e-03
1.072281925892870e-03
8.144615475796283e-04
5.753773246585162e-04
6.550514135604920e-04
9.241497911884297e-04
3.922775455924920e-04
6.329621124063593e-04
6.093613258508453e-04
4.487959347449099e-04
4.135176270563837e-04
3.862419444278373e-04
1.134592491566421e-03
1.299073155280842e-03
3.540956560677012e-04
3.401036650060124e-04
8.428239252312252e-04
1.370238411324538e-03
1.095113612686405e-03
3.307710822022235e-04
1.023929891863010e-03
5.190115452147694e-04
4.027116597712910e-04
5.823697386679694e-04
1.524094485449713e-03
4.965925955644049e-04
1.084320939429867e-03
6.625490062150301e-04
4.470306690509301e-04
6.453436127677416e-04
1.189386668418732e-03
1.058413899195995e-03
4.665070664144855e-04
3.777207195098048e-04
7.102464294816418e-04
8.644287129523111e-04
9.071352005208615e-04
1.277072946739118e-03
1.334769626805652e-03
4.687129716151889e-04
7.831460127501607e-04
9.999675161521998e-04
1.759287921577500e-03
1.035883259804878e-03
1.269802434326726e-03
5.268517751167327e-04
8.814633681460079e-04
8.997501321420719e-04
4.608514478995969e-04
8.085765456045149e-04
1.387939734846875e-03
8.263927497157107e-04
6.605026873858155e-04
8.339099213418909e-04
9.196091689766782e-04
1.119611286053853e-03
1.278140127594408e-03
1.305084129949320e-03
7.414662325401322e-04
1.698773811636770e-03
6.672423307742786e-04
1.149549677524883e-03
4.264706705988607e-04
3.765328608094186e-04
9.497065193694806e-04
6.259848545860326e-04
3.811959919586835e-04
1.171168663345834e-03
9.081914055216009e-04
1.016439151874884e-03
1.098595137361424e-03
9.970035625023557e-04
1.079063963295016e-03
5.645348691044171e-04
1.021386039597985e-03
1.059468797678300e-03
5.922388644552068e-04
4.815956867937085e-04
9.831514229543268e-04
1.118206607901763e-03
4.781510502820177e-04
9.382810714452712e-04
1.533156970226026e-03
1.375634235462533e-03
6.467719698522100e-04
1.255759645909433e-03
1.419205444787607e-03
4.059413198786395e-04
1.494037462559342e-03
1.374291152047439e-03
6.476758291580144e-04
4.046032920483712e-04
4.359003930484516e-04
8.294347993280571e-04
3.874970411093868e-04
3.506467821557179e-04
7.466072700411611e-04
7.525646199646981e-04
6.970888317782717e-04
3.648354909464311e-04
4.073175138488101e-04
5.781852656445330e-04
9.904120079994401e-04
1.038628488848370e-03
3.535402400352298e-04
1.020581958690241e-03
7.649857912841369e-04
4.731533709082168e-04
4.527646792084909e-04
1.272288382210934e-03
6.866795262488546e-04
4.138548636443604e-04
1.600399116130693e-03
6.662983223757761e-04
8.164570563430253e-04
1.282339783816673e-03
1.289894556494477e-03
7.023899235180256e-04
9.254077124472762e-04
4.166773554113647e-04
4.427514433384495e-04
7.006684481282218e-04
5.262824446396754e-04
3.753426299558408e-04
7.856086989962382e-04
8.767016457230598e-04
5.233843969643301e-04
4.150887147413841e-04
7.983845059504889e-04
6.882258983564216e-04
2.679936372588873e-04
1.230657614038715e-03
1.176859792996981e-03
9.668794943633885e-04
5.214206064163554e-04
8.173879831849816e-04
7.315920217551284e-04
6.655569225003088e-04
7.672923724074852e-04
4.761895829928120e-04
3.824279894993234e-04
9.700537566505853e-04
6.943207238060271e-04
6.437292342786621e-04
1.242113616295937e-03
7.870973516953690e-04
1.108407092969196e-03
5.892646713437787e-04
9.297196888911779e-04
5.345146622144313e-04
9.784668371172120e-04
8.867811591738218e-04
1.122461595675720e-03
1.008462011341710e-03
8.775513846669635e-04
7.618252820763859e-04
7.977708553889040e-04
1.437286109742977e-03
2.790797032443795e-04
1.095790593725155e-03
7.312091270009959e-04
1.558356169304940e-03
3.693504552165514e-04
7.770215202117345e-04
6.282920770286022e-04
4.050282813075335e-04
4.225198947585784e-04
6.394683326165710e-04
1.060672548684041e-03
9.230838794203442e-04
9.015122906163703e-04
1.192486361953555e-03
7.565325303439015e-04
4.674397145364865e-04
8.223171419493855e-04
5.484602964876693e-04
5.139128761394710e-04
1.051148730548910e-03
6.875141647295858e-04
7.866794044040695e-04
7.071378076135345e-04
1.254440104951742e-03
1.308130542295234e-03
5.465268743317924e-04
4.982530482489429e-04
8.722222770567746e-04
4.509273967910992e-04
8.626705094935357e-04
9.207278148017726e-04
2.947318697344195e-04
8.315150942682846e-04
5.490603487339324e-04
4.629803653056381e-04
4.385328820257109e-04
4.033721625858312e-04
5.271845418115620e-04
7.181221881380096e-04
1.545976267977274e-03
5.897950040343882e-04
7.765316187089024e-04
1.179355546229493e-03
5.262990288068798e-04
1.121737538952183e-03
5.299167542047492e-04
6.413199003752476e-04
6.168395311994602e-04
1.329730895920714e-03
9.373350634341248e-04
6.515047247531373e-04
8.137626540432643e-04
1.237754184085780e-03
3.804957044032361e-04
2.823460605240329e-04
4.242398901066445e-04
7.697109288079235e-04
5.299752346013914e-04
3.460987329947769e-04
4.797816553898920e-04
4.663519044833662e-04
1.322580259167520e-03
1.091599774024663e-03
6.616583277006950e-04
6.263053898128587e-04
3.359460002994512e-04
4.404504700165821e-04
5.878562420484018e-04
9.012418759755525e-04
1.034708809160289e-03
6.869381556223721e-04
6.178010836653514e-04
1.002668003836118e-03
1.051814452709254e-03
7.268924131095377e-04
9.304530396281885e-04
4.918202096822138e-04
6.667048424018645e-04
3.401332150902197e-04
2.460900298981103e-04
9.320689182741408e-04
5.202576393843552e-04
1.663511270311232e-03
9.170341814158450e-04
1.451698701012325e-03
1.041517602143139e-03
6.072372559310908e-04
7.765141440722555e-04
4.941829407020147e-04
7.555772318862048e-04
4.434302242732176e-04
5.966054547647662e-04
1.681212042571716e-03
2.710497338516701e-04
8.920503500507407e-04
8.343426733756164e-04
7.412326746527733e-04
6.579468152291168e-04
1.149411215232976e-03
6.790115987323378e-04
1.188620477576931e-03
7.399106083602334e-04
7.846976031355604e-04
1.445938077760529e-03
5.352116915796303e-04
1.149892506534220e-03
4.195943146226078e-04
1.112116678822229e-03
1.105349780972222e-03
3.664499012677717e-04
1.006501272994273e-03
8.483144542037678e-04
5.262245310162281e-04
1.019467938284037e-03
9.913677133508467e-04
9.218196102425887e-04
1.363044943600725e-03
8.243738927818822e-04
1.712762030155477e-03
8.354967727515052e-04
4.138212802439747e-04
1.543870360150437e-03
7.506397826524096e-04
8.870165696427713e-04
3.415904502963858e-04
5.600185852548401e-04
3.277909098782804e-04
7.044746320165288e-04
3.629684375457316e-04
1.182892964639660e-03
1.381063293223224e-03
6.943815343617271e-04
1.185356035199665e-03
1.138215534221514e-03
1.320677347667959e-03
1.547465090722295e-03
6.868354837627733e-04
1.298434383542029e-03
6.437632626615791e-04
6.804663382261972e-04
1.047786489317178e-03
1.234891196816451e-03
4.171980687643440e-04
8.316408426012652e-04
3.173256132830329e-04
8.109084278685550e-04
1.203108918523502e-03
8.240167411469574e-04
3.684521752493549e-04
4.097263004002328e-04
5.107695330283180e-04
2.778137069999954e-04
1.191690673434031e-03
7.411446409942079e-04
7.986264638314670e-04
2.934980915605113e-04
9.837276668437762e-04
9.184917934139298e-04
8.228219236435987e-04
3.390798670181857e-04
2.623550954202252e-04
7.367231968604978e-04
4.855333830612202e-04
6.144636267026674e-04
1.082818911602133e-03
9.563652293888469e-04
6.878654356483694e-04
9.925672741140680e-04
7.780847293720665e-04
8.832681520765630e-04
9.785463910150381e-04
3.791161459508199e-04
9.592532049615408e-04
6.134167143921456e-04
1.092092493047482e-03
1.256483785420050e-03
1.108238368063664e-03
1.112986279379232e-03
1.195485051851225e-03
5.408134221052650e-04
9.144974023752923e-04
3.614665771790284e-04
6.192353290689879e-04
6.649472675487294e-04
1.386298092384277e-03
9.289544655687739e-04
4.765427136388472e-04
1.651803712551778e-03
2.952149894912501e-04
1.286222938956257e-03
8.904322724651741e-04
1.139030122357514e-03
7.769853084149168e-04
2.824930344660298e-04
1.248255436040277e-03
1.054362880663755e-03
1.487231916765100e-03
4.915061965279231e-04
1.060132986762473e-03
4.641462596273415e-04
1.568435292075378e-03
3.221769156157539e-04
3.229413118638452e-04
9.883440253660538e-04
2.606272474340354e-04
3.426102759856608e-04
6.256235238985534e-04
5.032688229004298e-04
9.729839099386066e-04
7.861463582111170e-04
8.204358162487146e-04
1.385060855766328e-03
3.057140412011011e-04
4.878791567593495e-04
9.035451651569692e-04
7.317635211282628e-04
4.861053446677922e-04
9.194709957267163e-04
7.141101113455984e-04
1.168526360846558e-03
8.220890029987200e-04
3.418852460585261e-04
4.449171903451692e-04
1.042716060477453e-03
1.591101338399864e-03
4.143688552849418e-04
5.860306845839873e-04
1.429108115569589e-03
7.335144934293257e-04
4.003549772659252e-04
2.299795807982942e-04
2.685602950334757e-04
6.696014894507735e-04
7.069320758161502e-04
7.476842917785788e-04
2.107472942297307e-04
8.697326516574599e-04
4.370518495118658e-04
7.494081695165111e-04
1.582273919339840e-03
8.569757898112039e-04
1.078269060935565e-03
7.698456499622967e-04
9.461393024826427e-04
1.427910105477396e-03
2.982883788547143e-04
4.434795585888373e-04
5.794611322374468e-04
5.631014789402920e-04
5.271381364656421e-04
5.936330072052437e-04
1.000837884949262e-03
1.228076762994097e-03
6.880799249092501e-04
6.012503418862601e-04
1.020443847441984e-03
8.812101874592540e-04
4.175896707347257e-04
8.085191412472732e-04
3.376073926242260e-04
5.495709142707454e-04
5.728902565824071e-04
4.555690278202937e-04
2.790609189038382e-04
1.073653301542724e-03
7.842727183927092e-04
1.489477601556065e-03
1.052609699250411e-03
2.822585736363073e-04
6.135367720869015e-04
4.698372386358955e-04
4.750876796857807e-04
1.387083805789931e-03
8.564670158440649e-04
7.417841874867865e-04
5.827826287956977e-04
5.253268917910709e-04
9.260367753104037e-04
6.750552688673907e-04
8.198042723702203e-04
5.706749566701133e-04
2.690649190897445e-04
6.619424927897486e-04
7.981170409771107e-04
1.268383836845053e-03
3.005279693434686e-04
8.379182499559745e-04
8.924792394979914e-04
6.868921312245461e-04
5.678191306330135e-04
4.104767780991174e-04
8.477853115742231e-04
1.081308754512804e-03
8.916994317293243e-04
1.119525518231876e-03
1.310084549745347e-03
1.237280802365832e-03
4.888465114435193e-04
1.081789879502946e-03
3.767178641763254e-04
1.804381793791991e-03
9.549321638169940e-04
1.798887887732928e-03
7.552295761573205e-04
5.038545778729252e-04
3.869921646830922e-04
1.265989365106232e-03
1.287715986303417e-03
2.786413222191345e-04
8.806265125227162e-04
1.221976650637005e-03
1.223743335075372e-03
1.218179726299413e-03
5.328383427457533e-04
3.615705488797369e-04
4.264067346570669e-04
7.607911251073050e-04
1.343275986274038e-03
1.206342124996393e-03
1.413968320229866e-03
7.499325000510042e-04
8.573948234009664e-04
1.061986076445480e-03
8.338376278453860e-04
1.182860548672898e-03
5.825117094191064e-04
6.024338709255872e-04
7.606913986965417e-04
6.279717645083866e-04
9.337917523853215e-04
9.660179410399065e-04
7.812303130439523e-04
7.063725556861605e-04
4.506590653093894e-04
1.131046866947937e-03
1.310774543985644e-03
7.950479159037755e-04
6.017832245429985e-04
1.307704171942246e-03
6.921116159301880e-04
6.866439108556621e-04
1.127606857906497e-03
6.514192421011413e-04
8.458237570538067e-04
5.677530146646662e-04
3.766366593084440e-04
4.214937568933417e-04
1.109091379019176e-03
2.858948045816032e-04
5.000326632522739e-04
4.708901622610018e-04
6.619072746755879e-04
4.077879638014732e-04
4.796860469248172e-04
5.069643898194754e-04
6.707655060270502e-04
7.665360016844912e-04
7.810108982765978e-04
1.564260201841173e-03
9.236596549784139e-04
6.481766493710638e-04
1.013306785415722e-03
2.056609737193698e-04
5.998343706524387e-04
3.990423533142837e-04
8.863993976536656e-04
5.757071832380393e-04
5.061062478035897e-04
2.785134315095499e-04
2.240014090687742e-04
3.478384542823508e-04
1.243292335282962e-03
4.662453084469952e-04
9.662575820838517e-04
3.820934043299751e-04
8.571330756046041e-04
5.051130975803192e-04
1.378505859458844e-03
8.987837091860410e-04
6.831222190438924e-04
3.910707201220975e-04
1.109133714284169e-03
1.341200891460214e-03
1.128464668946684e-03
1.293127941485640e-03
1.185259288595218e-03
7.551657493775795e-04
3.739457442303591e-04
1.145472666683759e-03
2.938899126176209e-04
5.061313092316183e-04
1.317777947739393e-03
3.006868095652972e-04
6.640901982413018e-04
1.185162539640989e-03
9.261407841323417e-04
8.236568819734429e-04
7.394551125966594e-04
1.741782906522547e-03
6.017352102930779e-04
1.240873129515920e-03
1.472576911249700e-03
6.375000597418784e-04
7.770313395516878e-04
9.504484791812436e-04
6.760485660433417e-04
8.921805515139994e-04
1.277820607533655e-03
5.811211596241851e-04
4.958838018228186e-04
5.983961404181011e-04
4.384970802162107e-04
8.418748538158927e-04
6.837715979831648e-04
3.545096930645045e-04
7.670651754201673e-04
2.807393957579480e-04
4.009004834294202e-04
6.902382804296965e-04
5.393635402924884e-04
5.520690055430236e-04
3.716659069072082e-04
9.096341644174622e-04
1.032573866138572e-03
9.457604196647167e-04
8.921704645261715e-04
1.004518914479822e-03
3.831802255080566e-04
9.184942983754979e-04
4.136397023910031e-04
2.425430532755075e-04
4.630960528989683e-04
9.674413614390902e-04
1.189156223172054e-03
7.346921729290952e-04
5.099347102958710e-04
1.157354397390864e-03
1.095969578321576e-03
1.152698671895643e-03
5.941705082765575e-04
1.675665917958471e-03
2.993528082154741e-04
9.320936303021199e-04
7.128423531644436e-04
3.114137386324409e-04
9.746201241353130e-04
3.743384713699479e-04
5.544723555710190e-04
3.968144762040122e-04
1.499393016893199e-03
1.545995917172998e-03
4.088680574473820e-04
2.317034595369127e-04
8.348864175254575e-04
4.113956942176108e-04
3.859401808995535e-04
1.139787657442768e-03
1.281240901179071e-03
6.501292186623147e-04
1.062447806240921e-03
6.218861650230769e-04
1.072215711183287e-03
7.584520035644083e-04
1.019142263367615e-03
4.239678590250679e-04
1.071516437124294e-03
4.771253402587261e-04
5.162818423736329e-04
1.537666445046196e-03
6.266929919529634e-04
1.283102553684866e-03
1.223815105621967e-03
1.761849334358680e-03
8.553003233463369e-04
4.639541610967255e-04
2.943872944640029e-04
1.113215871606767e-03
1.015878550846861e-03
6.269114319982959e-04
1.202032441997843e-03
1.064457473994543e-03
6.455652907705024e-04
8.469562651009622e-04
3.103126984919051e-04
5.805159267483653e-04
1.377800364025275e-03
1.236258139785402e-03
1.569074517197256e-03
1.099065002608777e-03
8.371065524097950e-04
1.162225028728654e-03
1.258560055953083e-03
8.373801982364453e-04
3.159761228806037e-04
4.973765313140121e-04
1.065088700435576e-03
9.413462868673948e-04
7.183455120603479e-04
6.624066222881790e-04
6.281172539122628e-04
5.863920165620630e-04
6.286367633180974e-04
6.534042661829813e-04
6.757529764017988e-04
1.519387033901230e-03
1.270883096170078e-03
1.373723791643388e-03
1.406305529290124e-03
9.162006780641193e-04
2.804984438232715e-04
1.049386198984918e-03
1.378553176312191e-03
4.818319362289450e-04
2.836764772741301e-04
1.082896016759856e-03
8.939559905069407e-04
4.791804463346032e-04
6.296724904595138e-04
4.650412091367571e-04
1.030009842753468e-03
2.720413417371065e-04
4.399233564949267e-04
8.805154236870513e-04
4.995289380541384e-04
9.565391083939057e-04
2.523538409494344e-04
1.031979315483552e-03
9.334290715112000e-04
7.675128336796418e-04
7.926222333027324e-04
6.189547288137900e-04
2.506117895071858e-04
1.081133576355941e-03
8.803595698274462e-04
1.617743123782665e-03
1.298870825098533e-03
6.703716395775588e-04
1.038269263151075e-03
9.200045133457824e-04
1.661582298564447e-03
7.133748968840873e-04
6.704282935948119e-04
7.505767952970349e-04
9.485529406643926e-04
1.088967568381165e-03
8.269173074937025e-04
5.303385611426870e-04
6.635016240320810e-04
1.901560939635917e-03
9.471076347832806e-04
3.544440861016322e-04
1.065680052000134e-03
1.235546905444005e-03
6.143814992654844e-04
9.585451703813795e-04
3.780234980809527e-04
2.867764075197199e-04
1.047371380043580e-03
2.992194026504644e-04
8.691871061633108e-04
6.976886393527774e-04
1.047088073676402e-03
9.879820682648342e-04
3.827572055974950e-04
4.355740561846111e-04
9.168403826599666e-04
4.899271811024663e-04
5.530117562389341e-04
4.992885475717973e-04
5.164928301623086e-04
7.316674032350433e-04
4.920849170666527e-04
1.263939333303471e-03
3.133118372555057e-04
1.395147917788276e-03
7.845529311425140e-04
1.232036765546483e-03
6.085604217321636e-04
5.262164404662121e-04
1.315489044184901e-03
6.679861794625268e-04
5.551000302946347e-04
5.199111995490245e-04
4.637871388164816e-04
8.724765008939362e-04
7.990220179557870e-04
5.782102539303033e-04
6.187187457592167e-04
6.263540750579407e-04
4.982933339886400e-04
6.996757922551383e-04
4.201690496983284e-04
4.244996624313047e-04
7.496162393554270e-04
2.399777492277648e-04
9.988987026228074e-04
3.431032225252024e-04
3.540762592764206e-04
9.504068993593774e-04
4.699433170040725e-04
3.857279753285617e-04
9.447118381479884e-04
1.179581541477823e-03
2.221750005257262e-04
6.215730881862824e-04
4.910811790895055e-04
8.355024338268572e-04
8.413368976510631e-04
5.898807461541236e-04
9.531405920981972e-04
3.087170759668606e-04
8.060327991864798e-04
3.048246345245434e-04
7.123977001156055e-04
8.522809871454268e-04
8.704896070611983e-04
7.586093281031322e-04
2.220874349828414e-04
6.297082986783944e-04
1.103396282212878e-03
5.830278088991092e-04
1.096141869164186e-03
6.420313310498404e-04
3.422265287402706e-04
3.510523860010698e-04
1.676940185850449e-03
2.820546909660001e-04
2.460398103676301e-04
7.967652554494032e-04
1.060650362183094e-03
9.164171916534846e-04
4.271671901250188e-04
9.163485814583860e-04
5.414124296268174e-04
9.137272433865119e-04
6.257667987925644e-04
5.714754419194169e-04
5.919370869694947e-04
4.845909914028737e-04
2.626105850903290e-04
1.607353753012157e-03
1.086108618239791e-03
4.748373048079335e-04
1.417287158323639e-03
1.091102115338284e-03
5.520683287396945e-04
4.605250621833907e-04
3.854829325606608e-04
3.256965169215287e-04
3.880227646546913e-04
1.512561970685225e-03
6.478210867618820e-04
5.384348552128762e-04
6.446193123202264e-04
2.149799416549911e-04
4.819869856257515e-04
3.579278375517328e-04
3.274620344121183e-04
1.219799919378172e-03
4.083119994953978e-04
9.998374684395041e-04
9.756548024695505e-04
1.065867039489262e-03
3.480349614193532e-04
4.676664346618577e-04
4.707564990532754e-04
7.553644856332421e-04
7.054596332511546e-04
7.718213328071250e-04
8.099246666640214e-04
1.057470622067424e-03
4.212169935924209e-04
8.011208102205495e-04
1.196302431655822e-03
9.811124115300146e-04
7.263047306589034e-04
1.167287423812978e-03
9.259471587916623e-04
4.802792585052054e-04
1.685057549161592e-03
5.338771259228033e-04
1.390135390290875e-03
1.092113032185591e-03
1.676833316976717e-03
3.822880148127294e-04
2.746744088631655e-04
6.237686976629871e-04
1.493209483610106e-03
1.499748366915752e-03
7.580804934326058e-04
9.792727654970874e-04
7.042704879548880e-04
5.075899822484348e-04
6.538915173178348e-04
1.103023592464002e-03
1.177336184014390e-03
9.030661937803688e-04
1.215592883256084e-03
1.204588260873152e-03
6.331105832226651e-04
1.010904778897534e-03
1.048560545568570e-03
1.351049787993600e-03
9.962354563117022e-04
4.648947389065142e-04
7.443325156264291e-04
2.362892684318446e-04
5.879842061177905e-04
7.403447457457310e-04
6.056098174753234e-04
9.482587412235153e-04
2.574964552464730e-04
3.683284714391906e-04
6.288496391312478e-04
7.058760149730708e-04
2.382421653499473e-04
9.326920511815829e-04
7.946922880162648e-04
7.827768139257877e-04
1.092797162655467e-03
1.593854570666830e-03
2.632222494644575e-04
7.497659962168606e-04
6.719608813782650e-04
8.609580816347575e-04
9.151601646253183e-04
4.837179301271009e-04
1.130738968502237e-03
3.932654840559909e-04
3.544871264055553e-04
3.771077997404999e-04
7.269736937494106e-04
1.115777397605887e-03
1.645359040547898e-03
4.065169068323369e-04
6.312400436863964e-04
9.447450886516217e-04
3.004331184646421e-04
2.801866446729303e-04
4.250749718254369e-04
7.762129605240316e-04
1.526098108146298e-03
1.225538742556243e-03
1.023358202122218e-03
1.043257739265073e-03
6.909748905860680e-04
1.372131076294366e-03
1.753350271391997e-03
4.610588621775064e-04
8.996786010011320e-04
8.355003188827905e-04
5.492564795905249e-04
3.702548890416457e-04
1.512785919846830e-03
3.384819428031902e-04
4.310094296209210e-04
1.032610359659946e-03
4.336733772683632e-04
1.433131906044113e-03
1.030156764910237e-03
1.305466246086794e-03
8.746333372514872e-04
5.341008272478923e-04
7.771544239454002e-04
5.846632969329487e-04
6.462144792998938e-04
6.379874488410684e-04
1.544366971508894e-03
4.244884135232633e-04
4.676023441952034e-04
2.556588625474965e-04
6.396648732634504e-04
5.345661114870672e-04
5.349629954964290e-04
9.690742284576227e-04
7.019942778008206e-04
2.650511265636164e-04
8.029240498438087e-04
4.766177164119085e-04
8.685521036150497e-04
6.798368977376057e-04
3.667120593082901e-04
5.253531858837150e-04
9.686943229157651e-04
4.120840515022560e-04
3.089971181894830e-04
6.625190423836699e-04
5.659771716523192e-04
1.211968628528497e-03
1.136237655628129e-03
1.328554649524681e-03
1.284664686688631e-03
1.012232671597233e-03
1.215237476303809e-03
9.695016440865545e-04
9.163767301488694e-04
4.955070487493383e-04
9.558241841446203e-04
3.427924186996686e-04
4.821108064599950e-04
1.196753213802874e-03
4.510900841764918e-04
1.068145443738584e-03
1.766133506211113e-03
5.752274114534373e-04
6.025178955390924e-04
7.337789031347907e-04
1.071421578310717e-03
1.898043115712587e-03
3.919667538385063e-04
5.191322790255611e-04
5.371558924524024e-04
7.772639657073938e-04
4.440089780102744e-04
4.540931051889384e-04
2.841009835133220e-04
7.832648252404262e-04
1.240721373692148e-03
4.854724355792440e-04
7.985896538910016e-04
5.562640668483623e-04
9.521764392597219e-04
1.241881115225460e-03
3.213253271526331e-04
1.239984331298705e-03
6.422282825555507e-04
1.107258709115072e-03
1.044208706716232e-03
7.369474557070349e-04
1.142894037357853e-03
2.325628504797214e-04
3.295535298289457e-04
9.620119709266904e-04
4.013494951374906e-04
8.998625983240489e-04
1.034224567929560e-03
4.645296803309777e-04
3.286066256141299e-04
1.090476744614401e-03
2.286937196342256e-04
6.766000892729853e-04
2.974769627346243e-04
3.687857897072028e-04
4.041525180030968e-04
5.782544712975776e-04
8.616371716935599e-04
5.168174040940401e-04
7.508954604594545e-04
1.057600000823929e-03
6.162269944054128e-04
5.954397755998421e-04
6.085145953821766e-04
8.350506409508711e-04
1.050123450658896e-03
5.301611884103755e-04
1.921813780932852e-03
5.561964949190738e-04
2.789626254735473e-04
3.770419510822013e-04
1.044110245869644e-03
3.340502789839507e-04
5.058164420417181e-04
1.481426116635140e-03
3.279290536284010e-04
3.314190500197498e-04
4.453463619663351e-04
7.697111267678601e-04
3.611175405005498e-04
3.898947926097936e-04
3.848060877756909e-04
8.550337380547829e-04
8.276215501882888e-04
5.011654526195998e-04
5.854619062704770e-04
2.206361325515531e-04
8.024796586810520e-04
1.653870144334566e-03
7.348403955251918e-04
8.336978845052117e-04
1.387901460939464e-03
6.531771582462445e-04
1.219278836387266e-03
7.022261362099140e-04
3.075940408569141e-04
4.072999491312526e-04
3.102820077060317e-04
6.358901497206322e-04
1.105776229449062e-03
2.082440560688400e-04
8.392600453249978e-04
4.576202470051939e-04
1.014829128562715e-03
1.102662988221591e-03
1.464198218163904e-03
8.394973673135580e-04
1.236189713137051e-03
9.091571433101922e-04
5.784076916282913e-04
7.270187779796760e-04
6.784337035331143e-04
4.034649474531541e-04
4.112387822475620e-04
1.013945413428113e-03
6.863358404565396e-04
8.355060589963315e-04
7.229325092377064e-04
1.035202219477332e-03
3.455395517605885e-04
1.562068272811931e-03
5.759499042867481e-04
8.415972487079720e-04
1.501678536176193e-03
7.259087857326937e-04
5.484873220626049e-04
2.836182703351945e-04
4.741129666739016e-04
6.601544101742602e-04
7.144362188690426e-04
8.295345048186226e-04
1.004447502637402e-03
2.863921283517592e-04
1.174688164351808e-03
1.088763547309375e-03
6.907074124992730e-04
1.508744492678531e-03
4.349246645803359e-04
1.104931600889456e-03
3.655221767117021e-04
5.496329580861928e-04
4.816085543996155e-04
4.597950006360359e-04
4.193733124596469e-04
2.838032961078296e-04
4.792823257215558e-04
7.461294300581255e-04
3.110663555218212e-04
9.235756408539998e-04
5.144730199500594e-04
3.672584566877167e-04
4.123831443333463e-04
1.158801974586819e-03
4.472670036753578e-04
1.038801480377053e-03
5.533790477513249e-04
8.016755182091164e-04
1.554060901416366e-03
8.975480220675034e-04
9.788536463641228e-04
1.229452347159291e-03
7.299873758035493e-04
3.701461331249028e-04
8.245074710817093e-04
4.753837435769604e-04
7.829831445360138e-04
6.315306238060764e-04
8.772994405955877e-04
7.678088059878361e-04
3.044424348624658e-04
2.722905179583643e-04
3.192721275566639e-04
2.517123413967294e-04
9.086210194268350e-04
7.188091956480097e-04
9.425306674362451e-04
4.846972675280408e-04
6.031947689662693e-04
3.525627990217655e-04
2.974315126226552e-04
8.665999692819593e-04
8.848773988033227e-04
2.710376033299277e-04
7.131248656823514e-04
1.312970492058017e-03
9.175478274639757e-04
1.743001485155704e-03
4.805502697102280e-04
7.522577522564727e-04
6.623228729891686e-04
8.890093514185899e-04
2.720679839540878e-04
7.784669269100574e-04
3.095468973595337e-04
5.905864927282913e-04
2.828062323417485e-04
3.183470750903893e-04
5.692712285744515e-04
3.274830415303546e-04
8.243974328370407e-04
7.642802775638070e-04
6.723926289977061e-04
3.565283715190362e-04
7.758450169156873e-04
1.074541754590932e-03
8.664453729625381e-04
1.026167747300876e-03
8.949801645950024e-04
6.823831728592863e-04
1.422778558224835e-03
2.388694368935644e-04
5.080283384438106e-04
1.010339097342881e-03
4.173914115492436e-04
5.404711185013491e-04
5.121320984502103e-04
9.676199724854656e-04
2.468796187071063e-04
1.487233165078236e-03
1.059615776352724e-03
6.183467023543514e-04
1.406933792515795e-03
6.457798154579303e-04
6.778835088190785e-04
1.913572667705018e-03
4.203153083539536e-04
4.239244356074739e-04
1.140451018101808e-03
1.480939829146440e-03
7.237248554916577e-04
5.317529694182026e-04
9.572939381842588e-04
3.936076202351826e-04
5.519105728605015e-04
4.644053566675635e-04
9.101161834914436e-04
3.599089799143867e-04
9.850627055572752e-04
1.331950000344965e-03
2.387553147754959e-04
1.442194040557654e-03
6.398108729659857e-04
1.044113031477457e-03
6.172216057193286e-04
5.256100016718849e-04
2.554833932686320e-04
9.506375094757158e-04
8.344739466625157e-04
9.197241047004380e-04
8.242985274983241e-04
5.729260493192788e-04
4.775230871935520e-04
2.960409553590400e-04
8.611235213713682e-04
1.685153187797712e-03
9.000694428633353e-04
1.011142013409544e-03
7.512498627460086e-04
3.647463943681916e-04
7.515214428180030e-04
3.376488702767364e-04
3.209278416416677e-04
1.566675286904451e-03
6.553849917942060e-04
1.057277239985316e-03
5.638734156739077e-04
1.121018546128421e-03
4.960613401217138e-04
5.895691824130583e-04
3.335240333585146e-04
1.153583059057243e-03
7.923071804195058e-04
9.820417849762705e-04
2.387087181139979e-04
3.776831508605950e-04
1.184497232620623e-03
2.808913029583677e-04
1.045752882548280e-03
9.869825761237422e-04
1.243761348850948e-03
2.820850930382975e-04
3.724098417984015e-04
5.687511516260459e-04
5.549619353143671e-04
7.170043190821182e-04
9.437995697101736e-04
9.471345607544733e-04
5.617836570816531e-04
3.026080060578551e-04
7.836679768361348e-04
1.163484916820402e-03
3.040876395601749e-04
5.180991862616630e-04
6.818086112873971e-04
1.185640963746565e-03
7.859433139072334e-04
7.886105687223131e-04
9.399951131977253e-04
8.664603117219682e-04
5.472520726985848e-04
6.637692600404500e-04
3.392134918026727e-04
2.433430908857676e-04
2.763081108910274e-04
1.070982534617664e-03
6.857648622556726e-04
5.389100397564129e-04
1.720951369321105e-03
1.105188134540211e-03
1.113458428252985e-03
6.798194558314472e-04
8.046065284589273e-04
5.453522945939363e-04
6.307212788050595e-04
1.084563292563073e-03
9.497273275053151e-04
5.535867174162352e-04
3.095728022423332e-04
1.142516956990925e-03
5.418209333832157e-04
2.874672275956542e-04
1.327155934467205e-03
5.460029929688400e-04
8.032174447646938e-04
3.795402224211751e-04
1.248423622475701e-03
5.327636234375593e-04
5.239955121564509e-04
6.120935238257928e-04
4.320058051319913e-04
1.023975437622981e-03
6.207179237477284e-04
5.582998057207446e-04
1.090276787002252e-03
1.330086162668144e-03
6.432878736402647e-04
8.633952243548692e-04
1.068643794562521e-03
5.676344026231913e-04
6.237522696066210e-04
9.159002673669870e-04
4.966196207739212e-04
1.088233908756705e-03
8.536986422944648e-04
4.933783623348395e-04
1.104206020542421e-03
8.981934790285374e-04
4.068946987679080e-04
5.249419500468665e-04
2.155012352672404e-04
6.186162051833315e-04
6.419485909863729e-04
4.750898624718625e-04
8.520715035841002e-04
8.219292583330022e-04
4.155239923731944e-04
2.504283801221138e-04
7.972897166472290e-04
1.111050813770176e-03
4.038951638568710e-04
9.422334897002066e-04
7.736229371610452e-04
5.815731916997994e-04
3.145297398878940e-04
8.626772606421786e-04
2.609938687356435e-04
3.718937795279195e-04
9.055502660902764e-04
1.512374964806564e-03
2.837511884778189e-04
4.956770833644128e-04
7.119407639678018e-04
5.426496936635216e-04
1.410739023944779e-03
1.017708866138084e-03
8.699190915976750e-04
7.704879032846002e-04
3.202446260234892e-04
5.503362019014425e-04
7.111218578477897e-04
1.082066649643963e-03
7.725352371425817e-04
5.548643145059212e-04
6.543242786903878e-04
5.090925370049937e-04
5.203837538683292e-04
9.774474875827981e-04
6.894254851058732e-04
8.781464862767195e-04
8.713119890724898e-04
2.932689361600098e-04
6.863428852367091e-04
1.268221219822793e-03
5.296489579797077e-04
1.065401140989863e-03
3.410438087433770e-04
5.517048996206675e-04
4.372087993872580e-04
9.862181159601929e-04
1.185014179646351e-03
5.295950146917782e-04
9.514530012376301e-04
8.125098172480155e-04
3.426370832745877e-04
1.262829837176167e-03
6.523642812976441e-04
8.378845327648942e-04
2.659854420028939e-04
4.675145389809889e-04
1.048085956076265e-03
8.187252474173208e-04
3.963677026598140e-04
8.001569805678006e-04
1.061578407687245e-03
5.591667024341716e-04
8.008793108414143e-04
5.684730395309832e-04
5.561496901797687e-04
4.047434202599358e-04
1.067730762388641e-03
4.053503743277620e-04
8.858090095440119e-04
6.639560513332710e-04
2.795213907950571e-04
5.628968630156243e-04
5.871566386919833e-04
4.486911258739209e-04
2.781596720064702e-04
5.013080133165830e-04
4.478433516980822e-04
4.121379475286640e-04
5.799696832817117e-04
3.066971509856111e-04
3.305005113956681e-04
7.561233954945777e-04
4.983715800791407e-04
4.848733913856506e-04
1.555557579181967e-03
8.879028842889293e-04
6.976025189838343e-04
9.579518271780917e-04
2.704161699635754e-04
5.668287955750868e-04
4.395053612164106e-04
3.009927267861002e-04
7.115659623457321e-04
4.441872907011041e-04
2.793413008459446e-04
7.350498251347900e-04
7.153442772392790e-04
1.043638487768603e-03
9.026905917376169e-04
1.171974850719040e-03
1.173245360422654e-03
8.566353664762246e-04
5.195685178166691e-04
9.555483700209007e-04
7.846393456847815e-04
7.251219937725940e-04
9.478937413957065e-04
7.286180837444709e-04
1.120081201490674e-03
6.509944355717296e-04
6.005592622494104e-04
1.238053228649654e-03
1.147760426278434e-03
9.172981684072594e-04
5.853300843792034e-04
1.147882553557899e-03
1.371178034979327e-03
2.424155082601017e-04
1.010095102446449e-03
1.214401911585845e-03
4.242979126975146e-04
1.050058769051781e-03
3.022674734701837e-04
1.083163115591095e-03
7.791476258471290e-04
8.139353023667252e-04
5.297771975238303e-04
1.224797750879406e-03
6.700786679041480e-04
1.169831786770909e-03
1.102767542437060e-03
1.116707109736033e-03
9.359639279659644e-04
5.387292513485550e-04
9.572437165275524e-04
8.104913110200557e-04
2.507309731940656e-04
7.008919557297220e-04
3.874178553322948e-04
1.072591284315311e-03
5.065981647360088e-04
1.044569876752202e-03
5.319820739205234e-04
4.106917787241795e-04
8.996725668737786e-04
1.005000553611728e-03
3.335005911235047e-04
1.313194747238765e-03
4.773247050480836e-04
3.415614036156349e-04
9.749061901485341e-04
3.375750563947488e-04
3.804442933911992e-04
4.674925154808732e-04
6.819372489699279e-04
9.783064211273530e-04
5.102689277711689e-04
1.359040152521575e-03
6.619607235976502e-04
1.128575871308252e-03
4.464820899277510e-04
9.752607597880325e-04
8.518292071650877e-04
4.014594847609245e-04
3.444591984393475e-04
5.801912107315862e-04
4.528976418127793e-04
4.433785193121775e-04
6.154492453579412e-04
9.853625303174647e-04
6.567982924130670e-04
5.835045773192734e-04
5.902433839926816e-04
2.859787673113598e-04
5.107968689044439e-04
1.612130671231585e-03
8.665577564130072e-04
1.082166506172376e-03
6.810836906171725e-04
5.216987617741534e-04
5.308434161258138e-04
6.201320961441590e-04
7.311166333992842e-04
5.514775627338416e-04
7.057796129870468e-04
5.303430615760384e-04
8.305790319971128e-04
1.760480311296442e-03
5.876686132492145e-04
3.020426780922787e-04
1.263748419232514e-03
3.801154523053470e-04
9.798170330301982e-04
8.343040575422169e-04
3.899354503253250e-04
6.383551366089863e-04
1.042314896000744e-03
1.206993348702568e-03
5.178300404985463e-04
1.161626635095695e-03
1.304178761865075e-03
4.494928145982135e-04
7.278154976016768e-04
5.994471024451111e-04
4.704312767714141e-04
9.811870566093360e-04
5.131879024532984e-04
4.801524879011265e-04
1.120103245594248e-03
3.678533697829512e-04
9.787552100478495e-04
7.626831348347623e-04
1.259328552830198e-03
1.052939741368053e-03
7.648416952826756e-04
6.498890196174239e-04
6.988850014078452e-04
6.671963169175720e-04
5.087487110088182e-04
4.472824716261725e-04
9.469089443658930e-04
1.555924502016164e-03
1.065704459952138e-03
3.861231989489318e-04
1.101082449768305e-03
1.036589888799792e-03
8.904827838688478e-04
9.304815154297714e-04
7.735461202483577e-04
8.701355055298219e-04
8.700054265561462e-04
1.281952961871578e-03
1.200213271526761e-03
4.975431839220869e-04
4.187487373855877e-04
5.168884499858553e-04
7.246500826420666e-04
1.122127103297604e-03
5.052167792018294e-04
5.637660034380676e-04
5.352176277324001e-04
8.414854250617884e-04
1.382400344333416e-03
3.710005811885333e-04
1.473675942364147e-03
8.550480150697493e-04
9.170151283801914e-04
1.144115444968223e-03
6.949986778093092e-04
1.104202025202142e-03
5.090938831540970e-04
1.233165052315374e-03
4.968279727286472e-04
7.345374373468585e-04
1.140290966628005e-03
4.388010796219337e-04
5.857180586288048e-04
4.048931473446089e-04
9.515544424664266e-04
3.069241360556988e-04
3.230437990531441e-04
1.020668877432975e-03
3.847233241341589e-04
6.315449776704922e-04
5.233914416202084e-04
7.481662627596763e-04
4.969347833728403e-04
5.027684423565892e-04
5.440156854854337e-04
4.125334863686885e-04
5.258715782690501e-04
4.545598874825836e-04
1.118721792300861e-03
5.024981671368564e-04
5.482954676656228e-04
3.479031065510626e-04
2.161519350055480e-04
4.970871078491216e-04
1.061904343432768e-03
4.098172539812055e-04
4.411580891180206e-04
5.493109098160144e-04
7.469836729112729e-04
3.625362674328015e-04
6.668727892814817e-04
4.394160637435930e-04
5.192706813992281e-04
1.427674332862924e-03
1.124753434575862e-03
2.842957961616401e-04
3.062666512446086e-04
8.349920760499601e-04
4.850509046181404e-04
9.813669850788963e-04
1.073139768354035e-03
1.126036660370110e-03
9.498987487993531e-04
2.660038832626629e-04
6.078363423167564e-04
7.459278504676504e-04
1.405296792222650e-03
1.244844924986083e-03
8.090968942411449e-04
6.962707621397428e-04
1.120631313650695e-03
3.208759468879567e-04
6.754141737271380e-04
7.416479081250475e-04
3.455254882208099e-04
4.730333976548157e-04
1.362930181874521e-03
8.457076423509190e-04
4.328030058464841e-04
6.729341277836166e-04
1.016509583399794e-03
3.503107552817916e-04
6.602910421446111e-04
1.433621461300069e-03
1.534070790667070e-03
6.560038443879067e-04
1.147550159105133e-03
1.229510179578766e-03
9.262212207405181e-04
8.128340160986994e-04
1.072496872301687e-03
6.219151025076671e-04
3.067929194350601e-04
1.066020800646125e-03
8.683379867467593e-04
6.038798698853166e-04
5.671691597678960e-04
4.449823173777019e-04
5.643516452522410e-04
7.776330022882769e-04
8.286356692578232e-04
5.585237059023596e-04
1.067278250210025e-03
7.311680404263070e-04
6.335032825170461e-04
6.444324213967547e-04
3.688532697720931e-04
9.424930434358378e-04
6.637886060001884e-04
5.214094320644132e-04
1.715535323846204e-03
9.471142618743656e-04
1.126281485215378e-03
7.904098920914175e-04
7.582089289065241e-04
9.660852790910445e-04
7.547023487059819e-04
7.201528397105925e-04
1.067384407817066e-03
8.214697127966639e-04
5.405074252688202e-04
5.585234706473181e-04
9.227272290999063e-04
7.757740109287498e-04
8.322522111867475e-04
4.131087982682289e-04
1.172448816455013e-03
5.414264478769480e-04
5.316772775400638e-04
1.296573804248544e-03
3.395714425542392e-04
1.357123524285511e-03
9.271744822820736e-04
1.023886137411018e-03
6.224502884012346e-04
5.351659953808885e-04
7.548038491186706e-04
6.845135552508480e-04
3.803360380109793e-04
3.640315719897135e-04
5.757460077770974e-04
9.251759877551087e-04
2.783999256993758e-04
1.077231289716082e-03
3.312684627890383e-04
4.221090776671528e-04
9.591181758314941e-04
6.488020285479714e-04
5.483863470041733e-04
7.491829079349333e-04
1.292954757363823e-03
9.447916906413548e-04
7.301438702179146e-04
1.270021040432570e-03
4.265277729484391e-04
1.340133393382779e-03
3.646734955363490e-04
4.354496585414412e-04
3.687156051595659e-04
8.963047780271706e-04
7.856275672843687e-04
5.356941962187133e-04
6.881911616253923e-04
9.087385027180452e-04
1.266634320952549e-03
1.048260098623429e-03
6.140763382210917e-04
5.985460396369182e-04
1.413003998163209e-03
7.504209511853368e-04
7.928820900921874e-04
5.861146148965111e-04
5.812571883260373e-04
2.170198737024318e-04
1.037389255244265e-03
1.324313081734212e-03
7.824325086713711e-04
1.290879816996121e-03
7.932220944573836e-04
9.262870239650253e-04
9.480938644863638e-04
6.502386795028119e-04
8.137929929566826e-04
1.603516144650004e-03
3.657696025272131e-04
1.545535758076354e-03
3.176185799595947e-04
1.413107917848459e-03
9.148296380598750e-04
1.401518755001656e-03
6.954458738914431e-04
3.586512552442169e-04
8.964632397926808e-04
3.340597754924635e-04
8.155337746562788e-04
1.418516004240652e-03
9.976785911472710e-04
1.134113313832558e-03
6.774834117717570e-04
1.108656156768050e-03
7.559899962274450e-04
4.528674409661970e-04
1.405094539342670e-03
1.122873585032147e-03
7.894181865400018e-04
7.707700827984650e-04
4.276220942003710e-04
9.515093908555568e-04
5.352263323366035e-04
4.912520675971626e-04
9.362869634219742e-04
7.207569303424149e-04
8.407429173919847e-04
1.123232127039756e-03
3.872502871596024e-04
5.756726204819190e-04
9.385872292496300e-04
3.682616462500158e-04
1.120402884634911e-03
1.499621565153079e-03
1.146631537542832e-03
6.133529850450146e-04
1.024186299063489e-03
3.402095517777731e-04
3.743665196667146e-04
4.931450612472084e-04
4.707680505855402e-04
9.813143845103939e-04
2.908060934007399e-04
8.361945464514242e-04
1.037496585340509e-03
2.819574245445469e-04
6.808100390783627e-04
1.365975482836625e-03
1.494237350331211e-03
9.305585905021651e-04
4.401427526667165e-04
4.615901359107522e-04
8.514552486379862e-04
6.879797113037053e-04
1.156175672596024e-03
7.016431116459393e-04
4.102302724390749e-04
3.006487339409534e-04
7.820168378331711e-04
1.273157358710291e-03
4.613055478455425e-04
7.048381533512999e-04
8.914972782536325e-04
1.122955651647263e-03
6.782465660131596e-04
8.961711313901486e-04
2.783642528143142e-04
3.969443825091003e-04
5.313447742546429e-04
1.070226304270177e-03
1.040340085684923e-03
5.554105753253289e-04
1.304960568964898e-03
4.962367643378575e-04
7.992217199905012e-04
1.074934180658258e-03
6.408619689436914e-04
9.934295060517004e-04
3.916017699878837e-04
9.544483526249794e-04
5.106121179259712e-04
8.948166757739615e-04
7.497127305262777e-04
5.654281500896065e-04
5.027481041047100e-04
1.023143494781413e-03
6.157069087845280e-04
4.126658992069341e-04
1.202840562872658e-03
5.747860288613143e-04
2.740417709427502e-04
6.025832799517114e-04
1.388646591275481e-03
3.058952679999053e-04
1.245126655234437e-03
1.364852409592413e-03
4.929745260600925e-04
1.107936530034944e-03
8.116156104952063e-04
1.118134388756457e-03
1.320446005523236e-03
3.114158519351983e-04
1.392947827717926e-03
8.639525326502266e-04
6.710998190665215e-04
8.202409568630567e-04
1.250427203605934e-03
5.666160857807390e-04
1.131947113929932e-03
1.255905349011603e-03
8.226512799079080e-04
3.672159968276744e-04
5.372654380136498e-04
7.734481562508043e-04
1.079312705941460e-03
4.059557217921572e-04
4.787119938962773e-04
7.109111463524044e-04
4.883026290282420e-04
2.063690880108405e-04
7.305657394936543e-04
1.375347063728828e-03
3.115297270477412e-04
6.396365155030379e-04
1.250249113039759e-03
1.545800961261280e-03
1.489703898973970e-03
4.086673844505126e-04
1.277389260749268e-03
8.282931701445240e-04
1.013797484249522e-03
3.863817499774353e-04
4.457401724512935e-04
1.256679214655018e-03
2.113276139867958e-04
7.667396161852877e-04
4.547632014723605e-04
7.684238876286979e-04
8.449067880631449e-04
8.882463277121030e-04
9.621745469620920e-04
8.343501182144495e-04
1.276593683284073e-03
1.108842650061610e-03
2.828074162506357e-04
1.252896393928686e-03
9.691050565594629e-04
1.533280353563160e-03
7.563067168762630e-04
9.927437353186646e-04
4.430611104805081e-04
4.023643797730736e-04
1.358192082147629e-03
2.561942307263729e-04
9.880273923643427e-04
7.033906934614096e-04
8.997452475874217e-04
5.011865670711780e-04
7.254302808347845e-04
3.862517053010425e-04
3.012756227795221e-04
8.301527063280356e-04
6.189874095533696e-04
9.702706799612514e-04
4.085807928164152e-04
5.280628575273563e-04
1.046809429283724e-03
1.045928734521327e-03
1.518209139969172e-03
7.108420658730465e-04
6.542876249213646e-04
8.415218677947932e-04
1.840196734305330e-03
1.392986772304378e-03
7.147100742663292e-04
6.624164633150409e-04
6.160215663411303e-04
3.016200446826459e-04
5.820693839777159e-04
1.139263732899548e-03
1.000630599919578e-03
1.806560403205947e-03
1.095764310077563e-03
6.748896464858387e-04
6.343679809884421e-04
3.649069184343559e-04
3.062157044745967e-04
5.766696995736666e-04
1.342631279738244e-03
2.405123524486777e-04
7.228463147242196e-04
3.247795058594173e-04
7.878773904011686e-04
9.576188029661838e-04
9.470924418044302e-04
3.724275890999030e-04
5.337125489253144e-04
1.106449604056835e-03
1.144373057595304e-03
2.760719964360085e-04
6.419384942763733e-04
1.062727807656014e-03
9.724646836386210e-04
2.258109813894513e-04
4.198702009539037e-04
7.396353036616710e-04
3.329372724229045e-04
5.712599525275761e-04
3.049620144180355e-04
1.137269645927503e-03
3.395001651988787e-04
7.100208467819718e-04
7.516958683083789e-04
6.395250832315245e-04
3.013843433889449e-04
1.068194323478657e-03
8.922499569189392e-04
6.331961610503963e-04
3.488574689054280e-04
8.534102957847688e-04
1.038856712936981e-03
9.378771465346505e-04
8.010465710699842e-04
7.918743621480344e-04
3.791638471275705e-04
9.791880835718413e-04
5.636643032121887e-04
1.333203654687693e-03
3.451933095873901e-04
9.997596446886486e-04
8.263596709871596e-04
1.171074527862857e-03
4.145969301763995e-04
5.537008366301706e-04
7.654280271893287e-04
6.343118473001290e-04
8.695868296817965e-04
1.842479002470931e-03
5.379135412186569e-04
7.469302469380133e-04
9.135360522363631e-04
1.355771090914943e-03
8.608235478858486e-04
1.270251194406491e-03
9.487002599107418e-04
9.033440628677382e-04
7.944820161812617e-04
6.830523052999742e-04
5.092329085912720e-04
1.272646947528684e-03
6.645292649016616e-04
6.970066431405722e-04
5.405667147226641e-04
1.623104263569498e-03
8.761661102984682e-04
1.265109134436222e-03
8.774999403385355e-04
5.947185156381812e-04
1.021805075671571e-03
3.935531672814472e-04
7.109271801043555e-04
5.320007483603796e-04
1.093355649210172e-03
1.165361401416979e-03
4.964924035838511e-04
1.464340314178221e-03
7.348970198912150e-04
1.094690631340593e-03
1.118982775156452e-03
8.182851104834720e-04
2.953776386570234e-04
3.594714516321938e-04
4.809511558784246e-04
3.843815772759488e-04
3.998119426493553e-04
1.040570695210436e-03
1.312498090393556e-03
1.012317766193959e-03
1.297426443868135e-03
1.046278298891022e-03
1.395266000962452e-03
8.363826395143506e-04
8.487792749791920e-04
5.784469006749505e-04
7.912834869056244e-04
1.299501707205746e-03
8.928261432079678e-04
1.117636832739557e-03
2.668074702258914e-04
1.268130310194449e-03
1.053315121996947e-03
8.695189468194200e-04
1.292869469758359e-03
2.903345748853128e-04
4.315080345774865e-04
3.860287729895648e-04
5.963807699024677e-04
2.807995877763527e-04
1.206634873021289e-03
9.128621349281691e-04
5.288278983199982e-04
1.074911607353409e-03
1.385872865577913e-03
4.348159282788558e-04
7.106078861284266e-04
9.509812461803153e-04
4.874321886511280e-04
1.171696672524512e-03
4.277465021368105e-04
7.916136287625783e-04
1.462888863851011e-03
7.837095490366779e-04
9.089149603963332e-04
6.391024549003580e-04
6.250018307350456e-04
1.676752331269371e-03
6.447117298315436e-04
4.256753251608283e-04
1.197323257588864e-03
7.332009499796614e-04
1.151528401135091e-03
7.347780147235509e-04
2.140833095095780e-04
1.197021094884683e-03
9.365531070264479e-04
7.438827177811557e-04
6.616926644212257e-04
2.524919065347281e-04
8.763538284648232e-04
6.987838622372162e-04
3.261109403177416e-04
1.087747821654141e-03
2.964311286024774e-04
1.358460853352016e-03
6.152307296666566e-04
1.093323334000359e-03
7.581032502473909e-04
1.086659316333951e-03
9.043482811047964e-04
5.809668922161638e-04
3.868218267721078e-04
4.580308111330100e-04
4.015038445444133e-04
1.071763443867838e-03
5.340518744460004e-04
9.764032575123780e-04
8.801810832981724e-04
6.192670314649547e-04
1.165360760434355e-03
6.555478454028005e-04
9.638559669869083e-04
7.369970065029380e-04
5.100894158202281e-04
3.335848611403840e-04
1.329943905542407e-03
9.476250727756375e-04
6.457758336301664e-04
1.217253951347444e-03
1.009654159998259e-03
7.027322707242167e-04
2.712720383955408e-04
4.374409438964489e-04
1.187879112951382e-03
2.694324468027666e-04
1.057052459103169e-03
8.301457006251603e-04
1.137654539287147e-03
9.703485688139362e-04
8.325350646466070e-04
3.500607709120961e-04
5.737360268814876e-04
4.982258491748644e-04
8.844333472101694e-04
5.558473035673471e-04
1.328872899927847e-03
4.679522075397074e-04
1.068478946422071e-03
8.438222179636324e-04
9.665428895102253e-04
1.069552945180888e-03
4.015896954021364e-04
7.754294652354035e-04
5.259230429376209e-04
1.178797627000211e-03
4.493352767649622e-04
7.928075214650272e-04
5.618872688578691e-04
5.935444324890940e-04
1.021097774973557e-03
7.020690001967738e-04
4.449751535125973e-04
1.157254266240786e-03
9.363210559253665e-04
5.204861126567749e-04
5.557772819192464e-04
6.773763577892672e-04
8.208714210843319e-04
1.134218437956153e-03
7.946540182444598e-04
6.496061752025761e-04
5.601713801416783e-04
1.101471426711099e-03
1.235609450709098e-03
9.400026040637724e-04
6.334849758572291e-04
8.191539564880855e-04
6.556148058279463e-04
6.393358124431622e-04
8.574325588950885e-04
5.111098534794985e-04
9.804186657443382e-04
3.768226839803061e-04
7.860940517886970e-04
3.355472904214549e-04
1.219950506840170e-03
4.176938801813301e-04
2.837027108033887e-04
7.153391480363249e-04
1.539469264626600e-03
8.172348615542884e-04
5.445903806112100e-04
8.811835523872378e-04
7.545464342906740e-04
8.775643246407383e-04
1.288876967352732e-03
8.293862937924163e-04
1.086157077978834e-03
9.338636660543085e-04
7.833194972046367e-04
9.736047658011244e-04
4.430137868447617e-04
7.881397743020102e-04
5.984377387476425e-04
1.221912168998439e-03
9.054818400418906e-04
6.331611672093600e-04
5.085789822625835e-04
1.305037639498245e-03
1.008697674638947e-03
1.065779547267490e-03
1.219602005287486e-03
2.959960851597267e-04
3.387083220269091e-04
2.771937293111908e-04
5.602118896831789e-04
1.750284101414365e-03
1.776437306300068e-03
5.710418246491567e-04
6.340033585175861e-04
7.360047108318318e-04
1.111325662761219e-03
5.898733424851723e-04
1.058105700420394e-03
1.094051901912983e-03
1.305239719226407e-03
5.219620748996059e-04
1.007416230243802e-03
7.910995960181515e-04
3.603034849042573e-04
2.981261297451202e-04
1.064272370280946e-03
1.130978131204425e-03
8.300361457405649e-04
4.189234776370954e-04
9.575015591610230e-04
5.713282615254472e-04
7.069593065150239e-04
9.252200836427372e-04
2.211253209146592e-04
9.780574668083379e-04
6.418383444410660e-04
9.716951699553921e-04
5.077551647970906e-04
1.295786436667059e-03
4.203567769096159e-04
3.635249202766763e-04
5.122267573908088e-04
3.114452395771397e-04
1.478553546433033e-03
6.080151365074016e-04
1.131682031389721e-03
6.151117368983095e-04
9.949021841500461e-04
8.064845293260393e-04
1.031210870378662e-03
1.197312188561054e-03
7.782644169738187e-04
1.350155382820587e-03
4.398992803232505e-04
8.915910140760196e-04
7.910002851019009e-04
1.103047665405303e-03
1.000947692411930e-03
7.689681330372363e-04
1.079787850074298e-03
9.535810825451612e-04
7.079590987937385e-04
1.013710401506744e-03
5.754949224473804e-04
1.470773467154079e-03
6.502723358067734e-04
4.204878872332860e-04
1.386769539155462e-03
4.104995080997396e-04
6.889904256959236e-04
1.061848066912053e-03
6.294827098805611e-04
9.691907446024591e-04
1.123989425959737e-03
6.519107345842657e-04
4.722041214612953e-04
4.882175829012856e-04
2.321324212307970e-04
4.713372416012816e-04
1.581392814104989e-03
6.963689337586149e-04
4.613479677343175e-04
1.415909471353608e-03
8.161130279817713e-04
9.534187071605839e-04
7.223645032787209e-04
4.714506214706300e-04
6.510629251398022e-04
1.018964591533144e-03
6.366497750612940e-04
3.114421225348546e-04
6.927107024091326e-04
5.839482519746609e-04
5.895388786829390e-04
2.831826792153606e-04
5.741286416487703e-04
7.333587725533210e-04
7.433906693504373e-04
3.334092025271973e-04
4.748759580048095e-04
4.808166805652645e-04
9.083499912454036e-04
7.491835255384839e-04
5.048118047958395e-04
6.574603708922309e-04
1.336481458149233e-03
9.534164720328284e-04
7.092252603120919e-04
1.041920964644151e-03
7.085191172516365e-04
1.339186176625844e-03
8.106824672230347e-04
7.995706959302944e-04
7.592248441526755e-04
1.009088857240333e-03
8.445833132772270e-04
1.588847453955246e-03
6.653952245572259e-04
9.562345394562029e-04
1.095292263548264e-03
1.107251424568415e-03
9.184739421469920e-04
4.559651573048141e-04
8.074235434250320e-04
3.649331895328790e-04
1.002431122174107e-03
7.978450884185180e-04
1.313344996731191e-03
3.309065940725052e-04
3.678557742061150e-04
6.855866133970816e-04
2.260257231633256e-04
3.518841615947173e-04
9.721563609257767e-04
4.934987075225723e-04
1.348683686404521e-03
1.015742687125367e-03
4.818155846219510e-04
1.068475780635398e-03
9.281872386922704e-04
8.638511513435230e-04
9.408577457440022e-04
4.861918253897268e-04
8.090841892614508e-04
1.221609191392831e-03
5.293810331278363e-04
9.871974608548599e-04
5.110173543136976e-04
1.241047296771583e-03
1.149743492200137e-03
5.930492571684496e-04
9.257925989403649e-04
4.565860019856212e-04
5.411238402301367e-04
1.261871531634466e-03
5.775287420928077e-04
7.833103761791868e-04
2.455152523502793e-04
2.894499684340662e-04
1.147212353811646e-03
8.326002925305197e-04
1.232482786605897e-03
2.894043220001118e-04
1.513205882160179e-03
7.283794918209332e-04
7.698639062799831e-04
1.186776041707465e-03
2.521366848009543e-04
9.538659654163891e-04
3.123209769153274e-04
5.973747227556376e-04
3.774820247709597e-04
5.689053732284598e-04
4.249185040268309e-04
6.978700963629520e-04
1.837312313824912e-03
9.854071726552655e-04
8.911010750726805e-04
5.252948850213699e-04
7.136171622884817e-04
7.525717985526041e-04
6.751831312280838e-04
4.246786443209548e-04
8.760615018460402e-04
1.455479595623155e-03
5.845008047896792e-04
7.364481080450902e-04
7.579336463174343e-04
8.055063674984465e-04
3.635272033184449e-04
4.453236013377001e-04
6.689659803839401e-04
1.035710750318427e-03
8.713980336928101e-04
6.089605376439707e-04
2.600551658568152e-04
1.267301114830065e-03
1.166400210632938e-03
2.482361299196958e-04
9.807501306989398e-04
1.133225717245628e-03
3.726475164581708e-04
7.202865442363743e-04
9.520593389555393e-04
6.363150206842652e-04
2.667461186941887e-04
5.902477427971821e-04
7.058402158251112e-04
6.726092570180764e-04
1.182777579141925e-03
7.154958890197918e-04
7.490932932564608e-04
1.034974203982177e-03
7.945405032340223e-04
8.006000429405086e-04
6.840942591968122e-04
5.202674764764526e-04
4.262263795538256e-04
6.200818018321278e-04
7.692619941323542e-04
8.812532208383488e-04
1.678619712122160e-03
7.622426474914569e-04
1.029146526382005e-03
3.654187684339878e-04
3.097608915003328e-04
9.019213256733197e-04
4.479526683338937e-04
8.570669865158471e-04
6.713399835363487e-04
7.863680469022334e-04
3.516660330914826e-04
5.772411796571400e-04
1.131716345268860e-03
8.368641576899803e-04
7.316962635308072e-04
8.207434563220105e-04
1.492501235474652e-03
1.324080584577894e-03
3.598330262782386e-04
1.258316153585616e-03
6.173092005349659e-04
5.523145173046044e-04
6.157694091651581e-04
1.124350312620542e-03
1.042338588057564e-03
5.442801766686474e-04
3.985713198072303e-04
5.560035087848220e-04
5.223818470860445e-04
4.802728895970073e-04
5.756521716400477e-04
3.626402098106919e-04
1.003941294784230e-03
1.486468774770953e-03
1.151843922469602e-03
1.300034725714198e-03
6.432208798907597e-04
4.733771660606601e-04
8.610958464549514e-04
1.165533966003815e-03
3.709894110195044e-04
8.638150525281706e-04
3.556287232820875e-04
9.186285821394524e-04
5.968911443643141e-04
7.296491738279289e-04
6.650734060117933e-04
1.222632504571285e-03
5.188392630307740e-04
1.061637842095945e-03
1.061315016349095e-03
9.447276833054911e-04
6.048272332705294e-04
6.306151429557232e-04
2.400479548918179e-04
1.681126376391195e-03
1.326506772774337e-03
1.175790139073859e-03
2.461283706110574e-04
1.062141164563326e-03
1.213726502119337e-03
9.489800379542794e-04
9.422376820032818e-04
5.331076095315426e-04
9.509936610949596e-04
1.509062783400893e-03
1.233427407506976e-03
1.336233672725533e-03
5.569488095336986e-04
9.929665331669618e-04
1.227882170274625e-03
9.446860523234441e-04
4.817254104568834e-04
3.255419103486429e-04
2.194177409066772e-04
5.995009827009251e-04
4.394466801064577e-04
1.234554712381112e-03
7.623031723488774e-04
1.174520336240122e-03
5.945945958818780e-04
1.505843987596437e-03
2.498020033104619e-04
8.395358329991375e-04
1.708224333578681e-03
1.114572612517004e-03
1.525204492590251e-03
7.195122011013531e-04
3.496780092077831e-04
1.010781686681471e-03
7.830197490458479e-04
1.061405152888242e-03
1.051625179871484e-03
9.146326167125234e-04
5.993319490465938e-04
4.259869407626519e-04
5.271793962042561e-04
7.002281207180109e-04
8.250912495456246e-04
1.052971326976128e-03
1.075986590393318e-03
8.234117196135532e-04
1.163526314023956e-03
1.312055715687137e-03
9.945031412132549e-04
4.237660372958635e-04
7.219177578231193e-04
1.050148336818194e-03
7.474735255809732e-04
1.538368133688338e-03
1.195204597733235e-03
6.795866161516475e-04
3.187626326657114e-04
8.688332980349301e-04
1.597175121241123e-03
6.009364397702843e-04
5.122494534583077e-04
1.145985694551964e-03
2.525166332814304e-04
5.140096179770013e-04
9.218590989509607e-04
2.651707510455813e-04
7.566722479893397e-04
1.486210788727752e-03
7.431605589352787e-04
3.940415621905814e-04
4.392104915576484e-04
1.033381828269251e-03
1.022684741428619e-03
9.860378951556592e-04
1.049142555914858e-03
6.553125707830141e-04
1.165181806974821e-03
6.067181536612314e-04
3.240586602843321e-04
4.234577589850244e-04
9.929872285978272e-04
6.165570792892371e-04
1.044539958894077e-03
6.257333670556706e-04
1.242817313607239e-03
3.279831676003994e-04
2.718312533936298e-04
1.341226959904950e-03
2.936004265104088e-04
7.962985965156353e-04
8.438665304211491e-04
4.329187550193899e-04
7.105622158152091e-04
7.825337685650031e-04
4.592231683667927e-04
7.582719426398214e-04
4.988080897456655e-04
8.390774299489474e-04
1.161390253532606e-03
5.429461630460352e-04
9.316935436845742e-04
5.280162375999240e-04
2.785802844261146e-04
7.767214853399440e-04
9.334976049600918e-04
8.037303400514791e-04
6.412089076687113e-04
1.506750408217830e-03
1.104143218270795e-03
8.359488369684932e-04
3.627193985475953e-04
2.263457976167233e-04
7.429090418155076e-04
1.490805784420234e-03
8.306502439945384e-04
1.152176580084186e-03
8.134053793135786e-04
1.434981766604343e-03
6.196026535630742e-04
1.199647105319125e-03
1.195799341231703e-03
7.439372571445938e-04
9.870345515207539e-04
1.068056150520089e-03
6.692652094577858e-04
1.075762695028218e-03
7.863731202405414e-04
3.703509067559063e-04
5.752179432117052e-04
5.781325495965976e-04
4.830463577431927e-04
2.394869186966980e-04
4.181091236659998e-04
6.766386784394730e-04
7.596729271916135e-04
1.235729671520405e-03
4.017851526526984e-04
5.931935842709000e-04
9.856115633322059e-04
8.248623645057500e-04
9.279414812135024e-04
3.429486832046059e-04
1.685127394713274e-03
8.913691947101960e-04
9.640763994198792e-04
8.796250510750292e-04
9.569824542117248e-04
8.780598994817692e-04
7.243407152591360e-04
9.925641757160106e-04
1.021368169147064e-03
1.351150159962119e-03
1.233859982604952e-03
8.201230974142055e-04
8.683490253005642e-04
5.816778074167438e-04
6.736015699234662e-04
8.729784979508832e-04
6.388625819605368e-04
2.884844225964650e-04
3.854681006852358e-04
4.768305254947712e-04
5.046500184114719e-04
4.410759379709541e-04
8.471819533938389e-04
1.484982465026539e-03
8.277105255307571e-04
7.647664168105963e-04
1.023530478702013e-03
5.091842151642670e-04
1.010631597257958e-03
1.534011808676541e-03
1.003497568938815e-03
1.106135318957546e-03
5.879589777743624e-04
5.748632365139468e-04
3.040672293158618e-04
1.161699595441172e-03
7.409427341784966e-04
4.675139603115930e-04
4.652860964503634e-04
9.143126059884234e-04
4.661843154034480e-04
2.634244541317862e-04
1.199302762222371e-03
4.614763286729738e-04
5.255563828487679e-04
8.533331817305613e-04
9.990522276990999e-04
1.121594889235791e-03
6.695170345950303e-04
1.124378208792470e-03
1.044495232686271e-03
2.739011225941516e-04
9.763266911071737e-04
6.521072082736703e-04
7.046485752558551e-04
5.115490755612025e-04
8.575237881132884e-04
8.335382619016780e-04
1.060344041987282e-03
3.226814622371518e-04
6.879661126508330e-04
7.958181332597964e-04
4.890635512560978e-04
5.251473902317616e-04
1.338200771316701e-03
5.991756098840448e-04
4.247434181506381e-04
9.157939199459706e-04
9.230408649817919e-04
2.798065787390745e-04
1.057158461517010e-03
6.755962248483868e-04
1.389710615151771e-03
1.546264603598956e-03
4.568841376691840e-04
5.268909581235004e-04
2.585406917577586e-04
1.140233273719394e-03
1.437345106165448e-03
6.732169132074942e-04
1.018104732656026e-03
5.231088500569739e-04
8.729716399541816e-04
8.071250361195594e-04
4.940234595910097e-04
4.339952388536646e-04
6.773109934392302e-04
5.536899490347381e-04
3.609884283271190e-04
3.478737990219664e-04
8.249567137030099e-04
4.841779052061787e-04
7.516521433474461e-04
5.766339497046968e-04
9.916628935932521e-04
4.004958815446708e-04
1.154888861430585e-03
4.633422597315413e-04
2.300412983404921e-04
1.221193852001642e-03
3.496733328524483e-04
1.094608503852709e-03
5.727257853480022e-04
4.772478463057802e-04
1.280199704391194e-03
1.143672657688223e-03
3.909902008842773e-04
8.239101873225606e-04
7.429380611644059e-04
9.911733378588816e-04
9.855771003864674e-04
8.740299763514078e-04
1.350885094339514e-03
6.461528799044003e-04
3.268385720480167e-04
4.502311857499796e-04
3.213167617828965e-04
1.102501561404333e-03
7.736065348721931e-04
1.171628046871824e-03
5.743185175329014e-04
1.260955612246982e-03
3.161249949253157e-04
6.789653803931141e-04
1.314747084540401e-03
2.038726112197730e-04
8.366110360789342e-04
1.126250954942511e-03
1.024708869557863e-03
1.516266801488850e-03
1.121558402397025e-03
7.098936691329816e-04
3.227878397256217e-04
4.127743448858949e-04
2.282929525788727e-04
1.634015924388076e-03
4.540142146181005e-04
5.985726734077577e-04
7.647058993187076e-04
5.463028777030751e-04
4.201778125994124e-04
7.647068566917830e-04
1.697256780203397e-03
1.267671161267134e-03
8.098918683249719e-04
1.004864918311394e-03
3.309312095488000e-04
1.478277839552141e-03
1.051445263609910e-03
7.302555604915292e-04
7.760304133766613e-04
1.180010755644449e-03
4.716594900281220e-04
4.283592386237009e-04
6.702099431477315e-04
1.005893312910533e-03
5.701720034374541e-04
5.495766156963746e-04
7.128849093968858e-04
5.041157786110930e-04
9.762602878901170e-04
5.855745551891106e-04
6.518595938049823e-04
9.853044082950750e-04
8.743455043758637e-04
1.368414391245616e-03
4.693615286086883e-04
1.017310562438526e-03
1.153273340188235e-03
8.044194987272106e-04
6.097113436294077e-04
7.049857942253686e-04
5.461201288737168e-04
7.317423682825002e-04
1.405401651937853e-03
6.743438221280780e-04
5.711674707718258e-04
1.104576957266613e-03
4.074732066685270e-04
6.251991503443242e-04
8.898420782335389e-04
1.038191545410718e-03
3.801499328918777e-04
9.165949887028874e-04
3.383057010239245e-04
2.667537002666729e-04
7.283956675284182e-04
8.053664815032883e-04
7.882786036602038e-04
5.138613244281582e-04
3.506224196850310e-04
7.789238298104534e-04
3.192702204471002e-04
4.872753918284236e-04
5.133905439683390e-04
4.231440242338815e-04
7.596411268340709e-04
1.540094758965743e-03
3.986697581697952e-04
3.044927887593929e-04
6.544452063078471e-04
7.121739698724738e-04
8.072059979202813e-04
6.484662618777965e-04
8.972185101778075e-04
9.499885218954951e-04
6.394025953817695e-04
1.436601056792805e-03
3.262191253844439e-04
6.283092167393451e-04
9.432115195322328e-04
4.197618426275869e-04
7.827442533228284e-04
6.206808849805691e-04
7.898470277923613e-04
2.934199156512567e-04
1.024023776080971e-03
8.951492765733631e-04
4.174725302151062e-04
1.189927496677348e-03
5.261354266376590e-04
1.450287067153692e-03
5.725393631426614e-04
5.959080079936015e-04
1.034694443614080e-03
1.094501813409288e-03
1.628108893490022e-03
1.831414912705828e-03
9.454239764902625e-04
1.313016846798942e-03
8.890862313122615e-04
6.667784831660996e-04
1.795283300892169e-03
5.115246638885216e-04
1.365648895628662e-03
1.181166512475534e-03
3.926221595441595e-04
1.103002457546302e-03
7.302653097164010e-04
1.197697399620463e-03
5.092507931173628e-04
1.239098132143422e-03
4.711573308461944e-04
4.046913495388769e-04
5.868248645114358e-04
9.654913009411051e-04
8.892283172444474e-04
7.813243599117245e-04
5.679095495921961e-04
1.067599415064710e-03
6.810960668870683e-04
5.946192913775487e-04
1.166107554725851e-03
1.832126253717012e-03
6.087765140523253e-04
8.208048690606757e-04
2.376514304656956e-04
6.681807201479709e-04
9.764726233570976e-04
4.286549495506686e-04
5.774978432373078e-04
2.705993384110479e-04
8.992159434790477e-04
4.798789928439729e-04
4.234009398288791e-04
3.085883649622914e-04
4.662437258424637e-04
5.653454214447932e-04
1.019808192409654e-03
3.059532766733640e-04
9.626633503767891e-04
7.056537250715569e-04
5.508760686708398e-04
9.324686653795714e-04
8.495043173756985e-04
5.771079726356527e-04
6.861405758334993e-04
1.222871853565581e-03
6.748036152190523e-04
5.067755270598030e-04
1.317607161280569e-03
6.557744667670635e-04
7.695436096031615e-04
4.217271418763251e-04
3.903818651037269e-04
1.226025084616312e-03
7.541545738203245e-04
1.601826490766485e-03
6.137188031197027e-04
1.281338378051629e-03
2.889642249859207e-04
7.011704324065730e-04
1.224861292750797e-03
6.679126629296977e-04
5.891028584180233e-04
8.334736376994794e-04
1.105156256851438e-03
1.236268813383325e-03
8.124041925672051e-04
5.126563898573352e-04
2.959375548070752e-04
1.104905313324477e-03
5.159108298781673e-04
6.545520750773862e-04
6.751169580011885e-04
3.065558189386604e-04
5.758933067786106e-04
7.119303018392292e-04
1.496588634403149e-03
3.508723556652684e-04
1.018631440155148e-03
1.182838323689535e-03
6.618495533119175e-04
9.894879668606736e-04
5.787128260189142e-04
4.266933439370678e-04
4.439614481075029e-04
4.021451640814958e-04
7.592280992018153e-04
8.790552789056909e-04
5.711814111782805e-04
1.565865998982198e-03
1.362594892551237e-03
1.309350702814226e-03
3.378218414158183e-04
3.521500555337350e-04
4.492536173778090e-04
1.037188959342524e-03
8.212394859213161e-04
3.649912685188064e-04
8.384694936362370e-04
6.157313169107264e-04
8.183314820955742e-04
2.091138403197380e-04
6.208258954850082e-04
7.003193768352876e-04
3.614095435808554e-04
9.003601343976009e-04
2.632131452343553e-04
1.164173663769509e-03
1.161433240005919e-03
9.849428239405481e-04
5.328696412703286e-04
7.527993138407801e-04
1.376531806893411e-03
1.042523418647615e-03
3.994086781497528e-04
5.022779691199833e-04
5.822162983670314e-04
8.429264656337773e-04
3.626447087085466e-04
5.195522167584757e-04
5.360740967160738e-04
3.297200740115094e-04
4.434490129046948e-04
1.192101254620629e-03
8.102496207254878e-04
7.922286724566672e-04
7.196989761896648e-04
3.245116498294314e-04
4.028922457657403e-04
4.091378707252191e-04
4.381136250081603e-04
1.251114127944274e-03
9.284651379728040e-04
3.745158683262791e-04
5.498889097675507e-04
1.572023576750668e-03
4.695640267938102e-04
4.471977366690698e-04
3.963967656490135e-04
9.494865045059724e-04
6.607222969892367e-04
3.778817543545851e-04
3.675946173798712e-04
8.071645235021024e-04
3.816140039072340e-04
1.095417138724077e-03
8.750876473999445e-04
4.074328292379472e-04
6.768205372906579e-04
2.520428103869156e-04
1.277608250238790e-03
1.085233161294045e-03
6.164677985220843e-04
1.188436177249479e-03
1.074610230391271e-03
5.022448916281364e-04
1.260949882108327e-03
6.296336219100780e-04
7.442950615136338e-04
1.072932450630892e-03
8.738859315030711e-04
1.357897334927717e-03
9.362269904117129e-04
3.485670563201345e-04
1.318215297557468e-03
5.706089727683797e-04
1.096682025711978e-03
4.282354193813609e-04
5.745336288763426e-04
2.630485313563417e-04
1.057116315272796e-03
8.083123313518260e-04
2.999007382790290e-04
1.420605882015873e-03
5.819224674255166e-04
8.000451374610023e-04
3.595467527956290e-04
4.997139483692754e-04
8.201744563997727e-04
1.072280702103979e-03
1.244062331538211e-03
1.506291443274602e-03
1.455780218396352e-03
4.003548298376148e-04
8.617357882605600e-04
5.349029952642007e-04
3.826241726169266e-04
1.090761107091206e-03
4.278472262054101e-04
3.796453580839862e-04
5.207655116113508e-04
1.181923183658102e-03
1.250335450216343e-03
1.159919696773343e-03
9.744472937344272e-04
1.135977529770811e-03
6.185468572471587e-04
5.641360802401351e-04
3.896649076970058e-04
8.513121701207297e-04
4.592896181745523e-04
9.091785110048278e-04
3.052452991151791e-04
8.941527974421242e-04
2.510444591369295e-04
5.034545690605147e-04
4.844098676100113e-04
3.395717077864659e-04
2.242764697875484e-04
7.507681943152339e-04
1.096753867965754e-03
1.130051319344450e-03
1.357241082451857e-03
1.023002167700761e-03
1.095342827041372e-03
1.349820597410247e-03
2.394810618890910e-04
3.328187328085558e-04
6.220432072814083e-04
5.059244803530951e-04
9.773173144766111e-04
2.833426571740834e-04
4.284118950414743e-04
5.419398014070769e-04
9.420379220238267e-04
8.182855959711084e-04
1.062662045568902e-03
3.465109770181763e-04
5.057097946143059e-04
4.139703894471132e-04
8.662654696849568e-04
8.027336471470359e-04
8.750793950066001e-04
5.709340762111748e-04
1.403877279988497e-03
7.646007692218022e-04
8.302861879486118e-04
1.197046210095248e-03
3.296704623790233e-04
1.531207163850913e-03
8.239220843043610e-04
2.209798062356346e-04
9.738049124297645e-04
4.605062892293530e-04
9.472271212472651e-04
5.346745197756166e-04
5.190789577999053e-04
3.577332887106202e-04
7.886084802523981e-04
1.421326847800128e-03
5.184276310106607e-04
1.092550467453639e-03
6.086345406897831e-04
1.537197063956067e-03
1.135463079785469e-03
1.131553050005723e-03
4.433259978792397e-04
2.846618004595721e-04
2.720547719879573e-04
5.275204476579565e-04
9.407028557833379e-04
9.329407908046272e-04
1.732425512990981e-03
1.430541909946940e-03
1.027279977220055e-03
1.025719851430238e-03
8.157719781251237e-04
6.893867777783936e-04
1.044879882592229e-03
5.746951091810092e-04
1.072532630451593e-03
7.805528923996778e-04
3.182869940668190e-04
1.243771860811478e-03
8.476573805681286e-04
1.382358796382664e-03
8.247252523691074e-04
5.751336263417075e-04
1.567709628856491e-03
5.155785472813696e-04
6.425696418125039e-04
6.740371933676272e-04
1.119138006770609e-03
9.304541578837737e-04
5.135814704170900e-04
6.542532749393846e-04
6.907571320508045e-04
1.055144050370553e-03
1.169021160372540e-03
4.727655719007394e-04
4.254573628980914e-04
1.574653590252660e-03
8.395684174266789e-04
5.242684801296130e-04
1.000633945608673e-03
3.908604600097673e-04
6.323649964266982e-04
4.076072407930459e-04
6.944633525506028e-04
1.002693984213720e-03
3.022309602235334e-04
7.580854736669226e-04
2.891020435392604e-04
1.378690703125342e-03
5.906788276732701e-04
4.520365280598574e-04
7.503720065848846e-04
6.073730349419590e-04
4.662894341582867e-04
5.947343944918706e-04
1.915933449767244e-03
1.279562865501494e-03
4.234525842615561e-04
9.287536835272307e-04
8.855313023737295e-04
7.477700278734152e-04
1.102252016402912e-03
1.018644183807935e-03
9.768481842539166e-04
1.029028404833816e-03
4.416742098246930e-04
1.065113367095537e-03
6.986897516063648e-04
2.804063227866448e-04
1.310146658136806e-03
4.205023449056512e-04
9.753077805380835e-04
5.641493640610891e-04
8.034391067892754e-04
2.942637352286487e-04
3.215300975362078e-04
7.574815585277876e-04
8.875346738602484e-04
7.879513329873565e-04
1.095833499975951e-03
2.473443289992685e-04
1.124653376653735e-03
1.239074417795984e-03
9.764643327343967e-04
3.283479986872234e-04
6.876131692326120e-04
1.049027517374085e-03
9.071706631133420e-04
6.559649308857018e-04
5.643177059192438e-04
8.763708633963520e-04
1.065300918731104e-03
6.116251565475645e-04
1.011603444192209e-03
8.436731333186736e-04
6.705656358792439e-04
5.728607045917395e-04
7.036364270198546e-04
1.490241735502458e-03
3.202764065294555e-04
5.309183082111507e-04
4.047354883012159e-04
3.888842848267556e-04
5.559356796390005e-04
7.747943775569576e-04
5.787541711363652e-04
3.023634544135721e-04
4.463556947485404e-04
5.460403887336290e-04
4.516765794826981e-04
1.015304738279763e-03
6.710261008629716e-04
8.693385873851426e-04
8.446974205123949e-04
6.223980871893898e-04
1.226348409334932e-03
1.165168315600898e-03
3.612965842746183e-04
3.503913338398915e-04
3.641940832268369e-04
3.297437973143226e-04
9.147587629111268e-04
5.662552332759549e-04
4.418527558480735e-04
7.483660786140861e-04
5.512318908441330e-04
8.743808365409910e-04
5.145972606121837e-04
2.836838128531608e-04
3.998189705291727e-04
2.389177128164433e-04
1.036730404145398e-03
4.452505980232354e-04
6.204380324968018e-04
1.505314243975181e-03
1.103132607121767e-03
4.298169156332599e-04
8.069769572375024e-04
5.403064481725055e-04
5.932606403001440e-04
2.628071727403908e-04
3.094842857324460e-04
3.723999212270072e-04
4.532524773349336e-04
3.255890791059462e-04
6.059065577625132e-04
2.496694361446783e-04
9.670865367881890e-04
1.022308407196701e-03
7.133928991346748e-04
4.751468160293563e-04
6.604680659783630e-04
6.647762717215263e-04
7.467273133374469e-04
1.199565069096310e-03
5.735619065081851e-04
8.434491457663603e-04
3.641185532014215e-04
6.632239101962102e-04
6.639307745914610e-04
4.794784437523201e-04
2.889532729242120e-04
4.515273246315731e-04
1.290756109481745e-03
5.166635574670893e-04
6.904908890357404e-04
8.368857885819739e-04
5.745140889478927e-04
1.087730656431665e-03
7.019714515904380e-04
1.456663733640818e-03
1.730363957407995e-03
7.799622636419624e-04
5.142573741694096e-04
5.898819691665082e-04
4.363400691452889e-04
5.947468228556117e-04
8.872840925814329e-04
1.069963020738096e-03
4.838289809358499e-04
4.898749985861411e-04
1.357471192665351e-03
1.228074813603745e-03
4.787509229850508e-04
3.963182618364717e-04
8.780653867078262e-04
4.459788768538338e-04
9.517944737613476e-04
3.274418732663173e-04
1.256817379166609e-03
1.031282067444180e-03
3.885334092423400e-04
3.927181245955417e-04
9.196776527931472e-04
6.961778268411901e-04
3.032133819427115e-04
8.203189084251761e-04
6.494924762305915e-04
3.436923229506948e-04
3.165232793955368e-04
8.858298592136683e-04
1.101450285463243e-03
5.674854623311035e-04
6.477458598690121e-04
4.215412495579883e-04
8.849707316264467e-04
1.615840291528772e-03
6.792120195935911e-04
1.008483830420384e-03
1.239401085254316e-03
5.894669872726620e-04
8.171202711360822e-04
4.638781234258107e-04
4.002221579232752e-04
3.572947942172216e-04
1.181587811212971e-03
1.013150054329827e-03
5.765740310086421e-04
4.332091908462020e-04
6.633418309419383e-04
1.286459119401804e-03
9.993484275216845e-04
9.648939056131549e-04
1.473479799101214e-03
7.991103052389631e-04
4.321960384356028e-04
1.323764321876774e-03
1.195700445438409e-03
6.499943607113610e-04
9.340747004545763e-04
8.847897190549471e-04
3.454510967591646e-04
7.020151919890247e-04
5.778631161464993e-04
1.415455088177747e-03
4.424166977522964e-04
7.281478958733113e-04
1.812319761205311e-03
1.002698546545848e-03
5.121322175593022e-04
1.005191680234168e-03
8.289496805625288e-04
1.018606510365564e-03
1.207349027180157e-03
8.981910680156170e-04
5.655136698675617e-04
9.836941646674399e-04
3.609418610101701e-04
6.166589319326397e-04
8.801387070890297e-04
9.526246048248389e-04
1.281753303751642e-03
5.430686927170600e-04
7.605936563736657e-04
1.008082478130568e-03
3.633149095101070e-04
8.207697980494343e-04
3.349015020953176e-04
2.723089688778950e-04
6.046012155617043e-04
8.107932136668596e-04
5.358774742483329e-04
1.454734699275292e-03
8.361955847046134e-04
8.249596665596027e-04
8.789873397515656e-04
9.635681060232357e-04
9.871528508947425e-04
2.685187142609295e-04
6.522604681140161e-04
5.070618842514531e-04
1.187695122915952e-03
8.037543320955714e-04
3.720866990640195e-04
4.521710318999292e-04
9.071229091812170e-04
2.180437482440301e-04
8.307420187720400e-04
7.041812667788800e-04
6.142841772893759e-04
1.111611067790143e-03
5.907464698020567e-04
8.946090594453572e-04
9.932473263171791e-04
5.054749841314202e-04
1.178411129573047e-03
4.127756454739038e-04
3.301423129692787e-04
1.089636773779683e-03
5.356871046008107e-04
5.060669441152095e-04
9.631336336694558e-04
9.756831342007737e-04
2.981602515670587e-04
5.608137320117785e-04
9.985076357953968e-04
4.069059480402054e-04
1.492151237366265e-03
5.806121467456236e-04
7.851478630373469e-04
9.890327690283167e-04
9.418302046245131e-04
8.050253188899542e-04
1.224387449830731e-03
6.907205812817948e-04
1.128836374439002e-03
6.586814042650713e-04
1.320715631562997e-03
4.012152450502893e-04
8.384971675728429e-04
1.118986534237006e-03
3.908222109072284e-04
1.117078660258730e-03
1.519156246047954e-03
6.809726806530309e-04
1.265964663508214e-03
9.964449542006930e-04
9.024244138547115e-04
1.621028440433531e-03
1.235475304267302e-03
8.038548179881071e-04
1.416004494764853e-03
7.442741490168931e-04
4.302342943815158e-04
1.016195649720994e-03
6.241497649459046e-04
9.147080546974523e-04
8.787907905182462e-04
9.205259210976184e-04
8.368341929831648e-04
1.419735858882926e-03
2.512004642577618e-04
1.107762292447391e-03
3.479612319884244e-04
1.114706721501873e-03
1.132640606080316e-03
1.049336748070877e-03
1.250039595297000e-03
5.381697319215715e-04
6.499168658952136e-04
8.358912670583574e-04
8.155783211527892e-04
3.450126646184369e-04
1.140106918259391e-03
4.084525213731506e-04
2.921308917978617e-04
3.435549275092789e-04
3.338219121108606e-04
8.860973745831313e-04
5.954483322881968e-04
8.231590116571817e-04
1.261914134083734e-03
9.079938592231676e-04
1.304255935723623e-03
4.049506666220460e-04
2.070572937113243e-04
9.652518376546001e-04
1.209008101767415e-03
5.921834082719139e-04
1.075678244542350e-03
7.092840648592427e-04
6.972494563192710e-04
6.740331476001150e-04
5.737155426873222e-04
1.011332431388422e-03
7.316873552403803e-04
9.480792692549139e-04
1.121936442799246e-03
1.046201325700213e-03
1.102431955197719e-03
3.181287682166486e-04
7.498647896386299e-04
2.670919786252345e-04
1.052754978203167e-03
5.862096845582019e-04
3.121313597675045e-04
1.589335749701805e-03
1.060078146229940e-03
7.806497682434005e-04
6.281141532551715e-04
1.622522221999908e-03
1.270905180625474e-03
6.449686105091763e-04
2.864458663266949e-04
1.196718949216418e-03
1.410805157259227e-03
1.108182843958055e-03
1.050820743302900e-03
8.097397045919374e-04
1.323223112166847e-03
7.624301046134947e-04
1.420544883272838e-03
1.450937070375529e-03
3.395077509228015e-04
4.182914920628844e-04
6.910319308386653e-04
4.600508393163651e-04
9.883968239746055e-04
2.864492020179841e-04
3.331785345219748e-04
7.813947988146374e-04
1.751713978813861e-03
1.276922417612747e-03
1.008711747339898e-03
1.396203689321391e-03
6.573614606798045e-04
5.221840656417847e-04
1.207446286241332e-03
3.547798431818297e-04
5.489378988323839e-04
2.110204973147264e-04
1.099148763905670e-03
1.045448409222674e-03
8.478921415669086e-04
3.624455657427869e-04
1.152576447411612e-03
6.646243624368861e-04
2.128998551149039e-04
1.318756828719843e-03
7.969405920319031e-04
8.622218838452232e-04
3.900167241585347e-04
6.585857094528001e-04
1.126257155513533e-03
8.211307908852026e-04
6.721241353341028e-04
6.686292981185395e-04
6.922410650548057e-04
2.988900882872230e-04
1.293995542405716e-03
3.789409149773485e-04
3.401929206105983e-04
8.626610042713567e-04
3.753471478779470e-04
3.926645153459048e-04
9.128509077746842e-04
1.522108345977458e-03
1.318075954343126e-03
1.188396380642390e-03
6.499542579193447e-04
7.990265489228585e-04
6.584639793795669e-04
3.729831826996747e-04
4.339592453590760e-04
8.759995542517948e-04
5.133966911402706e-04
4.056121336125307e-04
7.954237285390060e-04
1.098256143987741e-03
9.791685373255307e-04
1.098147550628163e-03
4.951022350075031e-04
1.146005613316479e-03
2.765131358273309e-04
1.198123564472020e-03
5.805060415773940e-04
7.500795103405165e-04
6.395902033705812e-04
5.100492838827709e-04
6.202930944978079e-04
4.784742715592573e-04
5.918382551666809e-04
8.427892199606033e-04
5.958667129213569e-04
4.875344347093676e-04
3.366370936141716e-04
2.881544243442041e-04
1.169914105790939e-03
1.569906416651678e-03
8.443055674987917e-04
2.573099671673431e-04
6.966837505973839e-04
1.138201755191608e-03
4.056398329941981e-04
4.569447165706664e-04
3.466170550167711e-04
1.224287935538842e-03
4.881700786673491e-04
1.244157702759663e-03
1.367929546976206e-03
7.479777590781481e-04
4.689299130147351e-04
1.064159033811451e-03
1.095110271551849e-03
1.116582124798898e-03
1.053034447301628e-03
9.645706423590394e-04
1.102399869479530e-03
3.979854328291229e-04
8.400536986511266e-04
9.413197044901973e-04
2.877069087881743e-04
2.703275769959666e-04
1.094169868323944e-03
7.324997707108005e-04
1.014755433104572e-03
5.009106928309520e-04
3.066994341440377e-04
2.233146662435818e-04
1.080578695743623e-03
1.888748257813032e-03
5.339080561134985e-04
5.944638128137846e-04
5.383052076433432e-04
3.124900697020923e-04
5.188831482767949e-04
2.072400563815314e-04
1.291962349870338e-03
8.559428327366565e-04
3.133704825812886e-04
3.941947111034157e-04
6.497654453457102e-04
6.196209323178672e-04
7.630966680642058e-04
2.469154847287147e-04
8.192096397798247e-04
1.082559246385099e-03
7.117089070921950e-04
9.497367078286486e-04
9.840168123735398e-04
6.276361675452809e-04
7.153817311106052e-04
3.050986874679151e-04
7.956995246173758e-04
7.222346064154290e-04
9.525153976166147e-04
1.409674858847522e-03
8.076881538269105e-04
1.275918506821139e-03
8.712452537131738e-04
1.181876221380536e-03
4.371852991095713e-04
1.337495521512428e-03
1.289738311610792e-03
4.789929750667601e-04
6.990802952961028e-04
7.204171561136299e-04
3.316519214065766e-04
1.333194517589994e-03
4.265488936061056e-04
6.172520357519682e-04
5.395616144572031e-04
1.812457117637001e-03
5.560987702665293e-04
3.050203649000040e-04
1.111056640274862e-03
7.861169015569375e-04
5.398967311614356e-04
9.317581263477055e-04
5.021516020385943e-04
5.066253635511691e-04
1.164554812188740e-03
8.241133347220682e-04
5.438937798648909e-04
6.429840947729070e-04
1.565432193139645e-03
2.645210134776984e-04
2.722308344462633e-04
2.763877470097097e-04
4.723229355852619e-04
5.091055563912195e-04
7.466047665323637e-04
1.029476409652621e-03
7.157437999120699e-04
6.368160120420692e-04
8.632804846429109e-04
1.104109942507343e-03
4.867514357437481e-04
4.431392482340272e-04
1.204749278942105e-03
7.946277676911457e-04
1.204880592258562e-03
3.731065498464096e-04
4.982974455435081e-04
5.935406108794022e-04
1.825436516994905e-03
1.120396135373116e-03
9.936216306580235e-04
8.462843427250044e-04
5.116686755874775e-04
5.213255059122756e-04
8.612364824891489e-04
4.933850986329148e-04
1.134372808244819e-03
1.337562553726510e-03
9.053825705535128e-04
1.528881876077230e-03
6.198191046062793e-04
9.999148809321902e-04
3.539393114804822e-04
7.353280785974111e-04
1.020976118815123e-03
1.501230383422016e-03
7.424036101745658e-04
5.623014239653866e-04
6.913297934994585e-04
1.151971834821063e-03
1.096208972585118e-03
1.411475070773677e-03
3.575960363230981e-04
3.012971128546119e-04
3.638073050177914e-04
1.130117546149711e-03
6.986657946030693e-04
3.133132909299367e-04
7.447487789322951e-04
8.164172180454548e-04
7.694208352779289e-04
3.758026432903974e-04
9.766992048857955e-04
7.161098368391082e-04
4.406674737107408e-04
6.781870840537243e-04
1.483209289003994e-03
6.010490513174060e-04
4.192487261170231e-04
5.311770669017416e-04
6.924295721017163e-04
8.050222449607907e-04
1.659573543897593e-03
1.151772432088686e-03
1.005453650598515e-03
6.777081070611029e-04
6.099884285390612e-04
1.640405776891392e-03
2.991032744015668e-04
1.137901090990676e-03
7.064880721704384e-04
6.032560940266826e-04
3.205232495884534e-04
7.567748189350047e-04
1.532825253930886e-03
5.569190407260400e-04
1.581904426085917e-03
6.629386170039414e-04
1.546644692732298e-03
8.174076479850627e-04
3.219024633281043e-04
7.043837325029488e-04
3.597889549569938e-04
4.420147240623085e-04
1.203503449195755e-03
5.553307688279106e-04
1.703643270626511e-03
1.124976242650649e-03
1.136434543583350e-03
2.286408015383344e-04
7.633811759119013e-04
1.013666371308398e-03
8.908733965400872e-04
3.986814948433617e-04
1.096886775051531e-03
3.574574111686046e-04
1.441329694915504e-03
4.747006435330054e-04
6.526128524166333e-04
4.295309075791855e-04
8.202969621014123e-04
1.019962606997920e-03
1.269692252910633e-03
1.580290556533482e-03
2.296467729326816e-04
7.530563852424024e-04
6.879424134448947e-04
3.310390495086070e-04
1.919598663735116e-03
1.130572345765897e-03
1.010368708714859e-03
3.055289943316526e-04
5.130050172683329e-04
3.789252285633965e-04
1.084579629044505e-03
9.385015842763752e-04
1.035706942856338e-03
5.823503662511875e-04
6.731243260424670e-04
9.455759625815926e-04
8.449057656501197e-04
1.036956580748643e-03
4.109551917631987e-04
9.657375904339534e-04
8.445556929303836e-04
6.087700812550849e-04
4.642378592739140e-04
1.111797053242549e-03
8.250355367819017e-04
5.481101708535423e-04
6.303512579824166e-04
3.139331492683312e-04
2.460320832714981e-04
2.450156965756431e-04
6.874681524376444e-04
1.100723483360075e-03
1.008540761075857e-03
9.486712946652188e-04
3.434549430643156e-04
8.340089892240206e-04
2.407467022325571e-04
1.198801581177137e-03
1.255159663612910e-03
7.109634351698004e-04
5.092946800829291e-04
5.466693556539880e-04
1.103969527215357e-03
8.866499062563015e-04
9.608884721902218e-04
1.081426532922127e-03
5.444221983816911e-04
6.442392059806575e-04
1.272117414096330e-03
7.807656825998460e-04
6.662226103562740e-04
1.082079815576922e-03
5.070894859241680e-04
7.831266977951304e-04
1.342018526932750e-03
3.251888161770457e-04
2.879132114688173e-04
1.009044330505421e-03
4.366902861120981e-04
1.223332855873876e-03
1.244087370496167e-03
1.129475961571759e-03
1.256043543783518e-03
4.247549758988586e-04
9.445853808318879e-04
1.304931000955480e-03
1.138215524180821e-03
2.295596943439065e-04
3.405926022753817e-04
8.024754748435177e-04
6.438117234207527e-04
3.328779146818928e-04
6.575204897393344e-04
5.580764376574256e-04
7.570527442092728e-04
1.186634146224460e-03
1.091392327095415e-03
8.552984998751565e-04
2.833276674325518e-04
9.737903211236712e-04
6.297276168467430e-04
4.693344914124707e-04
8.416231833195736e-04
5.650342822833093e-04
4.742118262644426e-04
1.730688096483271e-03
1.032099174234156e-03
4.234593686538811e-04
1.575783260649044e-03
1.022644864616354e-03
5.426598935347330e-04
4.912669416364429e-04
2.589183224192956e-04
5.912982028081680e-04
4.220730319720863e-04
6.878546345612147e-04
3.310303002192102e-04
6.354492736042109e-04
5.119002139884623e-04
4.297754632656905e-04
8.216617380891075e-04
9.453910675788260e-04
6.195105658731254e-04
7.924770587147162e-04
1.178958562510633e-03
3.245065195750775e-04
1.157540917085457e-03
8.061196650260799e-04
3.424946199716326e-04
1.031276286527566e-03
1.053920328444529e-03
1.162538196062499e-03
8.236738777899501e-04
7.983717475169987e-04
1.208659216962666e-03
1.331013017538676e-03
3.988418754262745e-04
8.234801846198158e-04
3.379114966378685e-04
9.046374270800775e-04
8.063852701227640e-04
9.340870229563602e-04
3.037172808135262e-04
8.197116796688800e-04
3.404219313842957e-04
2.752946944479165e-04
1.151973674499995e-03
1.392632669453357e-03
1.001018256849113e-03
9.225335611199528e-04
7.315266076333036e-04
2.189894316025589e-04
1.109184861318632e-03
1.500969398839296e-03
7.433924340798567e-04
8.025595197307271e-04
1.125093290579363e-03
1.050795968018691e-03
2.930470288819689e-04
7.853048047344226e-04
3.698036705819520e-04
5.571328802678903e-04
5.633000987112475e-04
5.524385621977837e-04
6.924839096811891e-04
1.444028496492566e-03
9.244478779171012e-04
4.199956803795227e-04
7.342748228683041e-04
1.304716854337017e-03
3.916452898667926e-04
4.521325042382883e-04
7.550453343965900e-04
8.068364729257305e-04
6.377365406953161e-04
7.152016824931279e-04
1.150446946229728e-03
9.316119674516210e-04
6.502538338077804e-04
5.919978855898130e-04
4.039729283898672e-04
1.115747949565097e-03
7.887635498101626e-04
2.907348104005566e-04
3.755976645235505e-04
1.069555123828907e-03
1.145295345861292e-03
9.869904948778972e-04
5.403858730401233e-04
9.162863831544063e-04
1.483258684214318e-03
3.034617971710789e-04
3.237405381906584e-04
1.392160643197372e-03
6.734113951157471e-04
1.155559070630350e-03
7.276744987963361e-04
4.777972841446435e-04
1.070996940989398e-03
8.032786977883724e-04
1.316595725986980e-03
9.783754175119810e-04
8.557771546055448e-04
3.813401168967699e-04
9.480033928940248e-04
6.480557724623023e-04
6.357395372484306e-04
5.421718667991892e-04
9.758466982123501e-04
6.900211504530694e-04
6.550374918085748e-04
8.935056517259111e-04
5.370090769964577e-04
5.791863331846671e-04
6.985357183390788e-04
1.010573703207960e-03
1.166343994638926e-03
8.325539024848281e-04
4.193461080070155e-04
9.193521229880754e-04
8.265862866946468e-04
4.016210370106838e-04
4.333555761739849e-04
8.183071222620361e-04
9.565830082505784e-04
3.942600405793047e-04
6.679906022955878e-04
4.611388829004740e-04
8.437455037860731e-04
5.099139794177000e-04
4.671666653896897e-04
6.703961810768035e-04
7.468435368868996e-04
6.298493609061336e-04
1.093216884297291e-03
4.999945310999400e-04
9.536584878952021e-04
1.257712502518324e-03
1.090678746835051e-03
2.310075238057381e-04
1.502359743052694e-03
7.991415054372532e-04
7.462121976659690e-04
7.156446425864440e-04
2.963663437534968e-04
1.138415072016398e-03
1.102104874529551e-03
1.343587565230650e-03
4.960539232068895e-04
4.156835278492715e-04
3.042355007437931e-04
1.128739135590188e-03
8.875325265723928e-04
5.334580044977222e-04
7.693955658442751e-04
1.174841520496009e-03
8.781193545446201e-04
1.471172948802721e-03
9.769347892895873e-04
9.567833929123050e-04
7.697890676475801e-04
4.492084558318068e-04
7.977673890082824e-04
5.051100645921721e-04
6.402901929773857e-04
9.867634060678366e-04
1.085116424100374e-03
8.087684228174694e-04
1.154641154873377e-03
1.042709617127999e-03
5.319574268367418e-04
1.053084570964514e-03
4.913419630302662e-04
3.192877587569818e-04
6.875213622369759e-04
9.861387158750464e-04
1.164419804187419e-03
8.528650236037814e-04
7.633455878379488e-04
9.434685343016362e-04
5.580969392466681e-04
6.123260544617716e-04
1.338136132237235e-03
1.599749983465248e-03
8.337425561486440e-04
8.193898523363380e-04
1.134971572612470e-03
9.886814403243550e-04
1.174241215237101e-03
4.024219327777117e-04
6.391800709961632e-04
8.535865837121882e-04
1.348417388517674e-03
8.880099729791269e-04
4.854339628823973e-04
1.358546030343950e-03
3.341657531319879e-04
9.362620991089312e-04
1.124978626870069e-03
7.440822841014421e-04
1.154048876483540e-03
4.909571077848101e-04
1.055149083040343e-03
4.299364416001661e-04
8.933645147430342e-04
4.077828690014815e-04
1.113035013022035e-03
1.357310697775190e-03
1.400619926037989e-03
6.576325773683656e-04
7.920734421399313e-04
7.461357036661058e-04
6.443509171793437e-04
1.151108991523892e-03
4.361340116506547e-04
6.607200110395109e-04
1.090014832758720e-03
6.834798952175868e-04
1.092656692342232e-03
1.122226009783331e-03
1.082121514280771e-03
1.106608401913178e-03
1.481032650196094e-03
9.873917102321908e-04
5.436889008342071e-04
8.975238988123956e-04
1.297850113607270e-03
5.209662163916981e-04
6.851434445978835e-04
4.024785979916365e-04
1.448417063500411e-03
1.100926444092839e-03
1.148426036879915e-03
1.214506536114878e-03
5.523060698844782e-04
8.780059390112201e-04
5.356955762909735e-04
7.210744156498244e-04
1.204801510251685e-03
1.014101260573478e-03
1.627298136975398e-03
5.419299019429908e-04
1.901990077050851e-03
1.798973835811436e-03
6.169315611339643e-04
1.494055658578058e-03
5.128425027919720e-04
5.151855268666645e-04
1.062962515866266e-03
3.054223075493308e-04
8.202717793015136e-04
7.261172267260133e-04
1.147826528044086e-03
8.172560540842073e-04
7.998563636989439e-04
6.020948846279803e-04
5.363920407839558e-04
5.013933762006978e-04
8.951297111796623e-04
1.296365610508358e-03
9.320638607874911e-04
3.732147062773542e-04
6.436198919598686e-04
5.105749575711712e-04
5.987182724655002e-04
1.448463510437230e-03
5.633178664908067e-04
4.313213491697645e-04
9.079520819721746e-04
1.316105004016282e-03
1.002896770701535e-03
5.527649252394875e-04
6.198580719075331e-04
4.720841927494016e-04
9.792859533347266e-04
2.466714390930628e-04
6.871141578850726e-04
5.957461169414697e-04
5.811635120303513e-04
1.433647287162385e-03
6.298413889210369e-04
1.263584134090971e-03
5.023409220600314e-04
3.062561381713157e-04
2.685985139477571e-04
1.092250123614939e-03
9.336354930262148e-04
8.536897866828534e-04
1.133813016012807e-03
3.708598472129104e-04
8.418607253411254e-04
9.321268523915969e-04
9.021035847770029e-04
1.233185255728057e-03
8.054420005423801e-04
9.597120183152006e-04
5.261187806373676e-04
1.137786226189380e-03
4.280376827322224e-04
8.140380215056807e-04
4.558796698249954e-04
2.910079680813776e-04
8.215992110569813e-04
5.407330560371176e-04
1.215922985983717e-03
8.695390213590380e-04
7.856978117305789e-04
1.072158784455009e-03
1.321587152300091e-03
9.921259128619288e-04
5.107093939673401e-04
6.719356616333421e-04
1.166820009793883e-03
6.807893178937957e-04
3.010660077741159e-04
7.685781622276659e-04
1.042267034942977e-03
1.075563391313549e-03
6.616316318158813e-04
4.120004082733141e-04
9.713515175801490e-04
2.586192700920845e-04
2.762935913899634e-04
9.923233957901646e-04
1.455674328668325e-03
1.607583520055295e-03
1.024764384499746e-03
1.126175006686661e-03
1.581738153831017e-03
9.505731572941385e-04
5.224828118854814e-04
8.995918975342551e-04
1.104029405294802e-03
3.140630651910776e-04
3.194899457495028e-04
9.135000662889604e-04
6.855358410245080e-04
8.711723269937589e-04
9.030989438050204e-04
6.986856847524400e-04
7.031417768444479e-04
9.636870048302090e-04
5.647954674310742e-04
1.139015124833015e-03
7.408560768875359e-04
1.573910252474740e-03
1.548202340189492e-03
7.093096619870279e-04
8.617639139405575e-04
1.252488651605064e-03
8.657669663048923e-04
6.103897576414846e-04
1.317742542685600e-03
3.167491770874939e-04
1.418568431238582e-03
6.692997247471182e-04
8.674833054406240e-04
3.283650021461020e-04
8.331715886841621e-04
6.616009190289608e-04
1.114716701398605e-03
1.284337117610164e-03
3.377791985620560e-04
1.126479651538380e-03
9.625566421864254e-04
1.225805976511630e-03
1.096310186033734e-03
8.051439123288696e-04
1.521929694569395e-03
1.100968595972180e-03
1.417195076217767e-03
4.210556855749711e-04
4.660240086943473e-04
1.013195525644349e-03
9.843941077460165e-04
9.987954572221775e-04
6.037709356197267e-04
2.939960762059220e-04
7.765077661842149e-04
7.234293547795112e-04
2.534672611753882e-04
4.499109329841333e-04
1.276797289821813e-03
4.249107435399403e-04
5.316044551419877e-04
1.012092234256544e-03
1.427659243038235e-03
8.528252638624847e-04
1.844095131119766e-03
1.273666585076526e-03
8.124074196770613e-04
1.076686320753533e-03
4.799624495692507e-04
4.954397773041772e-04
9.033145889137063e-04
2.722106374386277e-04
9.412660952704082e-04
6.964830256880871e-04
3.448720833894471e-04
8.004107984674178e-04
6.897568654900509e-04
1.235221131337703e-03
8.725604612643334e-04
2.305807703826742e-04
7.057756854550255e-04
4.780058708076679e-04
3.915418679082524e-04
7.797464713411588e-04
3.905226587958062e-04
5.668442423400969e-04
1.402653649240300e-03
9.794998135280457e-04
5.559204562980310e-04
8.164573624887192e-04
1.312651510551407e-03
3.656236291662623e-04
3.275939049711444e-04
4.663376541259251e-04
2.417041720349276e-04
1.250781913562964e-03
1.259642961429793e-03
1.271310317462436e-03
2.309598709932126e-04
3.849157209193729e-04
1.021566414782518e-03
5.355917016723161e-04
9.262691840489079e-04
9.228043101087158e-04
1.381229796218796e-03
1.812965787487257e-03
9.217262263266538e-04
8.209492752949200e-04
1.073902744102650e-03
1.074684533257186e-03
8.165629011193835e-04
3.652330005105838e-04
9.129539409912213e-04
3.481344640168476e-04
8.644763068024341e-04
6.293356113062116e-04
3.786271617124736e-04
6.118873353643563e-04
7.242766000469968e-04
6.444951882633458e-04
9.296003299154195e-04
1.669654127157426e-03
4.440326194873002e-04
5.954245769755770e-04
6.189419003562608e-04
6.927889375030761e-04
7.324965536570456e-04
1.185495698304523e-03
2.903880928073279e-04
3.140530892932761e-04
3.604465405528957e-04
5.761847586284217e-04
4.180927467610346e-04
8.567566517186828e-04
1.013823894959622e-03
9.440276650706359e-04
8.208853259519466e-04
5.272729347716521e-04
6.515962841663929e-04
1.155460176941632e-03
4.963130920130508e-04
8.359797935530535e-04
6.056697673620436e-04
1.093760610577828e-03
7.930540592129922e-04
9.830349703516244e-04
3.430480609493944e-04
3.938195846375441e-04
1.031411504974793e-03
6.712222323646403e-04
6.945450148237984e-04
5.192059951158799e-04
9.085507809614471e-04
7.341665540546995e-04
3.650076959082322e-04
5.987773624808073e-04
8.024497632464197e-04
1.523678970018954e-03
9.679014291140498e-04
1.673108507094873e-03
6.885574056967702e-04
3.934914899456601e-04
1.355801097875972e-03
4.407770505553677e-04
9.125844120382831e-04
1.111456071673649e-03
8.633855573663661e-04
1.052449165431659e-03
1.143021783794201e-03
4.808528329623191e-04
7.336217632749228e-04
6.445491918423815e-04
8.475639057362091e-04
6.864136353504063e-04
4.238511913671737e-04
1.218713973910499e-03
3.330217689316992e-04
3.625422936779121e-04
7.553876191178627e-04
1.711033078554122e-03
9.383883440476744e-04
6.002793884472770e-04
7.681879005074276e-04
4.955511653821311e-04
3.835208605149605e-04
3.349890363689260e-04
4.950519082269108e-04
1.278248604818616e-03
2.535825428080271e-04
1.063049160943735e-03
3.106719702115627e-04
1.442282822394897e-03
2.264033964074336e-04
4.964073186337041e-04
6.514160640239056e-04
1.716311574681564e-03
1.342279837459106e-03
5.738456163979161e-04
4.969444797675864e-04
6.674059735054611e-04
1.333359802627733e-03
1.263538236784920e-03
9.763357813666483e-04
3.417057995874575e-04
2.411237174788114e-04
1.096629111541073e-03
8.397365297287446e-04
8.702543962346193e-04
4.391047683130406e-04
1.804466238118171e-03
8.867489163707623e-04
5.532470732701431e-04
1.271475870295143e-03
6.068489542886005e-04
6.220177324728438e-04
5.236571242841061e-04
1.144118959866049e-03
2.671715047685109e-04
1.131545735382447e-03
3.681919747790791e-04
1.725603233469600e-03
4.246241621034510e-04
1.197993226752105e-03
4.397532574432716e-04
1.235933008700803e-03
4.534219409326100e-04
1.066623118185920e-03
9.499187867296215e-04
6.143376817688417e-04
7.908955407006819e-04
1.093528658698581e-03
1.576876997652795e-03
4.080745882764834e-04
3.411524076155438e-04
5.852980379257315e-04
9.518603297014172e-04
5.194150159733141e-04
9.811312850611039e-04
9.602231046651290e-04
1.227959372894325e-03
5.439567951405792e-04
3.815742332122808e-04
6.638691828196872e-04
4.251060989864036e-04
9.534644641538641e-04
5.242154800097780e-04
1.303168294912438e-03
9.349050353335607e-04
8.641980300821237e-04
3.019946015660061e-04
9.905934944380752e-04
1.157333357637390e-03
7.600792265142867e-04
4.394250751324661e-04
1.327546537262439e-03
3.033590465499343e-04
3.099977464519468e-04
9.669561228818844e-04
1.028833375971846e-03
4.038444355512855e-04
4.988691234290703e-04
8.054721160594981e-04
9.734019412577632e-04
9.899527176105982e-04
5.396878569521150e-04
1.173413730209257e-03
5.956142737951110e-04
5.046828133182428e-04
8.826342144666929e-04
9.951470081840010e-04
6.175458613794099e-04
6.235399865855056e-04
9.333956598937942e-04
3.267696905737663e-04
5.818115694602883e-04
4.163837838063722e-04
6.436502351394945e-04
1.664613642063520e-03
4.785335865769537e-04
1.256171948930949e-03
3.575658074452759e-04
8.057248021421521e-04
5.481387029655831e-04
5.014391150019088e-04
9.744609435663766e-04
6.367389583492055e-04
5.600034866040172e-04
9.513927769619423e-04
1.030400224661848e-03
7.909021932325171e-04
3.370790586484671e-04
8.944277146216539e-04
1.531908568404846e-03
6.676903375749450e-04
9.743948379347110e-04
7.387249723365494e-04
8.142369931681740e-04
3.621347776119456e-04
6.106849546321373e-04
3.208541226702241e-04
5.762517222282254e-04
5.163474589236238e-04
6.290258475267923e-04
9.732118407361435e-04
3.745602077755954e-04
9.463530196327802e-04
1.189899897391583e-03
4.590461048732633e-04
8.667224979559191e-04
7.000133771121353e-04
1.416474568376752e-03
5.032768606726618e-04
7.062035630850515e-04
8.405431527761559e-04
8.394992084471166e-04
5.219454813453077e-04
3.825629025922589e-04
3.232018340625531e-04
6.302297854327726e-04
5.357778558121669e-04
1.439519733167182e-03
5.223950448952642e-04
3.222812935982034e-04
1.057231440894753e-03
4.304297977537500e-04
8.418616138468303e-04
1.224287399186777e-03
8.116692209878150e-04
6.128051858912058e-04
7.110068948183219e-04
4.919428407574161e-04
3.114399399044333e-04
1.327416864916922e-03
7.708256437293923e-04
2.818462966364932e-04
1.248080502566466e-03
8.286406846986797e-04
4.363502772731347e-04
3.352769322306521e-04
3.294508418853609e-04
6.514060335603616e-04
2.613890250004931e-04
3.089165804764922e-04
3.158584532757464e-04
3.400309101423938e-04
1.473135388288381e-03
1.415483774425071e-03
1.763956456140300e-03
6.765890315146011e-04
9.103383122733209e-04
6.196023839429403e-04
2.442049454047451e-04
9.998450946316721e-04
3.316364451751434e-04
4.380862624979673e-04
8.875696301675264e-04
5.354710693950024e-04
8.451104898846277e-04
3.138128144857483e-04
1.141382995375120e-03
6.470379034946290e-04
6.086068956714474e-04
1.141939425838656e-03
3.157955361642882e-04
1.016265537213333e-03
4.138320284003507e-04
3.178139884071750e-04
4.234216141562552e-04
1.566842543007132e-03
7.109837575532177e-04
1.150858980835003e-03
2.702851032292954e-04
1.009883895762551e-03
6.772974373114556e-04
8.907718098381065e-04
1.215562553266269e-03
2.536122855515339e-04
1.090955846289989e-03
4.331354198787588e-04
7.889011302823036e-04
8.678802773382491e-04
2.853793433428965e-04
1.500671076072222e-03
5.942807825256562e-04
1.510857993889496e-03
8.348689975801940e-04
4.417654152780153e-04
1.116514132778841e-03
6.151178529844935e-04
1.593344617086823e-03
8.847409035526814e-04
1.028846607696367e-03
1.070600447591400e-03
1.278470002332179e-03
7.079409366035011e-04
1.269538919869751e-03
7.910878104089867e-04
2.372687417448083e-04
1.126954505100514e-03
1.003503793547146e-03
5.340916836638690e-04
5.234338653328726e-04
1.221490746692104e-03
1.564523227782154e-03
4.393042835570775e-04
1.683843289015668e-03
8.807092297200270e-04
2.167480238226633e-04
2.775613566635337e-04
8.113313642232810e-04
1.007980407920119e-03
4.735212726444991e-04
9.421675115556954e-04
7.270440179273643e-04
2.157773904984693e-04
1.221684275703881e-03
7.470842180242569e-04
8.028485322494514e-04
4.491979067108035e-04
5.561704948245464e-04
2.603924241454364e-04
8.418225644803079e-04
1.001090675706825e-03
5.729565338811534e-04
7.755586659786212e-04
8.535708504878882e-04
5.831028637869872e-04
8.673768355981122e-04
1.022389326032864e-03
4.709027215135643e-04
8.134216437887853e-04
9.652763749278751e-04
1.587818648151526e-03
9.614359080332015e-04
5.980153897740557e-04
7.037670671989231e-04
3.655256278863629e-04
5.974869233506212e-04
9.302248998988065e-04
7.537384717207019e-04
5.759263022668611e-04
1.038509017973307e-03
1.402064761527317e-03
7.437012943452742e-04
1.175648541946186e-03
5.854519566090418e-04
7.175833514475269e-04
1.217967948046270e-03
1.369224549419992e-03
4.498608271714313e-04
8.801305132511539e-04
7.524144019842934e-04
7.055194913952177e-04
7.825112469660962e-04
1.028691260470231e-03
5.138745089762190e-04
3.576221009417744e-04
1.225862943809305e-03
4.908389046680683e-04
7.923046230271667e-04
4.416073228484380e-04
1.068575300213472e-03
4.982228236775542e-04
1.061466174660299e-03
9.008424277838526e-04
4.475222642229431e-04
6.504014503812000e-04
6.668031800367169e-04
9.751286260407069e-04
4.171389559380050e-04
3.128174259907065e-04
9.266229108916774e-04
1.188256215016159e-03
1.851448022164317e-03
8.206123402825149e-04
7.468180597424680e-04
1.002546755594949e-03
5.366079670332454e-04
3.977438221949917e-04
1.751977004791730e-03
6.149021023297759e-04
1.179470441322684e-03
1.404695596920732e-03
1.206597594185787e-03
1.152623094937118e-03
1.300864483698934e-03
1.073104028416952e-03
2.448635066905639e-04
5.038706066679270e-04
4.083159161245905e-04
5.021881197889457e-04
9.083417442388700e-04
8.650666615468555e-04
1.110673495345964e-03
1.209585588553970e-03
5.795830197672831e-04
8.511397330365769e-04
1.197815090616741e-03
6.167009043029615e-04
5.782997331553057e-04
3.896532236167669e-04
9.022339999506514e-04
1.104690783329377e-03
9.966056665510065e-04
3.728601001082323e-04
4.557741146814123e-04
3.539295454215172e-04
6.101137381775497e-04
3.935195418509426e-04
9.322033806628460e-04
7.678928236003015e-04
7.335165448922444e-04
4.546093889249306e-04
4.250698096395253e-04
7.272680010817284e-04
4.713817212783262e-04
2.027559463234157e-04
7.042504081994181e-04
2.865927506798210e-04
4.365912022357057e-04
1.106028563545944e-03
1.027834934439061e-03
4.425978855881679e-04
9.054684566398963e-04
5.107327454842441e-04
2.852091800101098e-04
3.483108476428454e-04
4.257329718453509e-04
1.350755564373641e-03
3.350462359461117e-04
1.604021826593711e-03
8.457157365922780e-04
3.389827316401684e-04
1.694315310327722e-03
6.402816235697949e-04
1.337993775192546e-03
4.142558864770584e-04
2.851160706955606e-04
5.396655958310482e-04
7.071136018323095e-04
7.842299673561028e-04
1.030753410765684e-03
1.249623722021357e-03
3.856820084744371e-04
4.621053374376457e-04
1.125788368291066e-03
2.705988586791106e-04
2.867245260409449e-04
4.310036911498834e-04
7.221512757248705e-04
1.123062597421461e-03
1.240864339041176e-03
9.512391679666588e-04
8.753877029386094e-04
9.751077120653978e-04
2.165034560585817e-04
1.051828824111647e-03
4.949422167864862e-04
7.295599889891279e-04
6.475521328157334e-04
1.272835453001241e-03
9.136977010538018e-04
4.333505479079020e-04
2.628530162614923e-04
1.181734945640583e-03
8.931308674877180e-04
7.544191142080210e-04
8.037488502202762e-04
4.496030116377057e-04
1.381883244991631e-03
1.043574001419563e-03
1.195001998941560e-03
9.694791323843037e-04
7.837284534585516e-04
4.321399180925714e-04
8.155427695407960e-04
3.424412924345898e-04
1.101005230081229e-03
1.063169399499080e-03
3.484768339475743e-04
4.403555546882692e-04
6.648245356139148e-04
3.261839285006116e-04
6.484435357017277e-04
1.784747063145849e-03
4.532977652912979e-04
8.459975621872221e-04
8.341100937144002e-04
6.350205129413104e-04
3.201887406138977e-04
8.934132576983059e-04
5.242169267085891e-04
4.208180102268315e-04
3.909190321084264e-04
4.521496935440012e-04
5.114522043504372e-04
4.751709063803253e-04
3.166209223208403e-04
4.501131901813626e-04
3.288490323592585e-04
3.313456866355552e-04
1.245579476716428e-03
9.170117235861590e-04
4.122596396062467e-04
3.665841588506609e-04
1.040327986173999e-03
9.653263511393961e-04
6.678140006441809e-04
4.595759636957235e-04
3.257350845797114e-04
4.803663069672953e-04
5.252452132599210e-04
9.069684622333722e-04
8.791088703848641e-04
7.204985378086827e-04
1.410617218449266e-03
1.214479724328826e-03
5.261161523066184e-04
3.481594014668041e-04
1.055034039704332e-03
9.692415571815265e-04
4.984053945696057e-04
5.158661507758855e-04
8.861136260278709e-04
8.783378254411855e-04
5.226419194561856e-04
4.075484608851847e-04
3.331243165957942e-04
1.085105855217116e-03
5.896202895761295e-04
3.615672568150367e-04
1.091825097926920e-03
3.731618257888474e-04
4.023302907855468e-04
4.888536274028441e-04
1.530384925489511e-03
1.671063738582587e-03
3.010592238234782e-04
8.293418014092115e-04
4.220656520930914e-04
4.067266249476379e-04
1.208809674287105e-03
2.961855458237521e-04
9.218672913993695e-04
8.171506251813422e-04
1.335824241580707e-03
1.394727854352521e-03
6.867767957907635e-04
9.721433130470555e-04
4.091255311413045e-04
8.175071678358937e-04
8.856904103943054e-04
9.189263420524350e-04
8.514794576492119e-04
1.135558337302740e-03
5.099553641098394e-04
1.431813987047154e-03
3.529405341538671e-04
1.770956385922761e-03
8.185905084451502e-04
1.076802879975765e-03
3.985012745075182e-04
7.966808666698029e-04
6.028332036897412e-04
1.081532767463313e-03
9.363488616680883e-04
7.881653671116047e-04
9.806022536315083e-04
1.412930921866254e-03
7.762333013382799e-04
2.897009116653850e-04
4.021776277634186e-04
5.579830220562481e-04
2.707871717440761e-04
8.428217357507548e-04
9.050313943158674e-04
3.859430575054725e-04
1.027881980973142e-03
3.665000864149435e-04
6.624917421522748e-04
5.752236490748131e-04
6.688509201755648e-04
4.702910484489877e-04
7.077830727234549e-04
5.155077999334640e-04
8.470611372683531e-04
6.893414641981018e-04
8.324086742754688e-04
8.846824330813764e-04
1.179846238293994e-03
2.582976649738928e-04
5.699687961374638e-04
9.650792611436564e-04
4.552197256507507e-04
1.008447354933364e-03
8.404263721976460e-04
5.504818227752389e-04
5.631302980026900e-04
7.208948811495213e-04
7.593383223188448e-04
1.499962942844775e-03
1.232984207008614e-03
6.274630741363604e-04
1.045615134607857e-03
3.910818815907064e-04
1.280924200399739e-03
7.639743189190760e-04
1.590053976415842e-03
1.346640257890585e-03
6.059627055393414e-04
3.150035052318564e-04
6.109253653733490e-04
1.136317084230419e-03
1.449453212172982e-03
9.595936904393114e-04
4.909776274810252e-04
1.400424079626485e-03
1.333711776648333e-03
6.113578483459157e-04
4.296191190637400e-04
2.779874638631597e-04
8.705097780516540e-04
1.709075572907398e-03
9.653323721075642e-04
5.892873156822230e-04
8.412515191748769e-04
1.268379705881604e-03
4.439424933196585e-04
6.460441128233821e-04
2.916975575825748e-04
1.218158610389194e-03
6.117546112088237e-04
1.061971878888326e-03
1.099364326114832e-03
1.069749173266435e-03
1.194386267264855e-03
6.741405589488211e-04
9.778296969534001e-04
7.382047002539320e-04
7.644129978979387e-04
3.683916210155014e-04
3.440553907485441e-04
2.565523980942003e-04
1.085071311783075e-03
5.825039376740565e-04
7.195441271175885e-04
1.149905438354903e-03
3.304997028714168e-04
5.769318191387993e-04
9.019343450833811e-04
3.552522159993062e-04
8.450798797869081e-04
1.562363440500507e-03
9.896333392668108e-04
4.678986355539967e-04
4.383290155139441e-04
2.773826326209121e-04
5.428201881823356e-04
2.955461375000803e-04
4.373414058414977e-04
3.207726525082716e-04
5.487569839677034e-04
4.667083744035846e-04
7.755148069803690e-04
8.982553568317137e-04
1.074935110172455e-03
7.770876484853675e-04
6.437096455262086e-04
7.509679605828468e-04
1.155056510612136e-03
8.487372123314719e-04
6.431048268463909e-04
1.050623357267517e-03
8.705493066304356e-04
7.323625676687904e-04
3.007568706657988e-04
4.455949615886967e-04
4.037725329246223e-04
6.684155637624519e-04
8.129592216417753e-04
1.018369510584802e-03
8.450956815055670e-04
5.705779575647420e-04
7.062260159297709e-04
3.432456604610283e-04
1.746790525208712e-03
1.271275247096016e-03
3.502683777136755e-04
1.320341312808158e-03
3.173444426324188e-04
8.206662250038984e-04
5.785140527742845e-04
1.048133089836599e-03
8.852413381595862e-04
3.080395034349960e-04
6.666279364963606e-04
1.111549315564796e-03
7.266479449044526e-04
8.694853468794928e-04
7.050743125988767e-04
7.590758727544014e-04
4.537365335297244e-04
8.318110921437763e-04
6.254275997482272e-04
1.023889521762273e-03
5.679779282964314e-04
1.539989115883676e-03
7.538466091530230e-04
9.939927178396295e-04
7.818784977259974e-04
1.004438314139016e-03
8.717309414055768e-04
8.168317386441625e-04
1.083832693222976e-03
2.946673510021876e-04
1.197569995095031e-03
1.108767990052141e-03
4.660861614984377e-04
6.046487144963102e-04
4.017439411400813e-04
1.367798650706398e-03
1.078207502147520e-03
1.137578948562248e-03
5.689903430934678e-04
1.001692313647501e-03
4.277580194167699e-04
4.482288415070240e-04
3.630307072915658e-04
7.514682035013699e-04
1.132649562410304e-03
6.169459458971405e-04
5.948487003745494e-04
9.867419583220595e-04
1.218072087132349e-03
5.911411554880320e-04
2.243631152476359e-04
1.007217416508233e-03
7.498928013346806e-04
3.186023426280392e-04
5.012131921791542e-04
1.053991625772710e-03
1.111710601236765e-03
6.398507503024122e-04
7.682791882360801e-04
1.135966945888071e-03
5.541892230344558e-04
1.072674363710182e-03
1.048238863741173e-03
7.233333833716044e-04
7.178674526145166e-04
8.009847470730241e-04
7.313041087542213e-04
4.408838460172557e-04
9.831528348490679e-04
4.637282495485785e-04
1.132657469003049e-03
8.832441926817674e-04
9.422703620636550e-04
9.730982683947254e-04
8.369934927371757e-04
5.467669616505344e-04
1.046733815788555e-03
8.526565145906900e-04
1.363977888924630e-03
1.077076744477588e-03
6.100599832909175e-04
6.833100865043301e-04
1.133560053746832e-03
1.045447791023365e-03
7.070004320638823e-04
8.243533074833125e-04
5.447197215084480e-04
7.465071370653077e-04
1.498338664542864e-03
5.470345067201297e-04
3.117380668990993e-04
5.961388757685191e-04
1.116978492662956e-03
9.591228610882629e-04
1.281036418251680e-03
1.163597383499887e-03
5.275737828736453e-04
7.661114779356666e-04
1.026826516454116e-03
5.229481144576656e-04
5.857083722373648e-04
1.004987059790636e-03
9.159841109521213e-04
2.542783397558408e-04
6.925500626376452e-04
1.090784247243034e-03
4.526566973388385e-04
5.222912643001322e-04
5.105953442846161e-04
4.651690095937558e-04
4.303909999417159e-04
8.764199389050018e-04
4.973881530608139e-04
1.138034657575535e-03
9.523019103803987e-04
7.066847906954104e-04
9.020773689547049e-04
6.371877010899343e-04
8.722755811958516e-04
7.229536504281761e-04
3.278466338570247e-04
4.229589918100151e-04
3.368882155911834e-04
5.047394735959384e-04
5.590147302185565e-04
1.060516713444457e-03
6.800977044240568e-04
6.599612501806676e-04
6.271113647745533e-04
3.020641648213156e-04
1.134958905865627e-03
1.015754799826652e-03
8.333619167832209e-04
3.626893968385583e-04
5.139929844836925e-04
9.338385590408472e-04
1.511479075471335e-03
1.027511130463547e-03
4.089408935812193e-04
6.538379564657162e-04
3.680321222457815e-04
5.023588289347973e-04
8.539631687389875e-04
9.498345926343281e-04
3.411534916447498e-04
4.994606108800509e-04
8.855714185178557e-04
4.411530476313459e-04
7.429963744731453e-04
8.083330329754767e-04
1.292554051554839e-03
2.363621688349525e-04
1.144752172787067e-03
1.471343424607991e-03
6.011423598251239e-04
5.946994716726661e-04
6.583282262706037e-04
5.852994382012334e-04
9.685125717815962e-04
4.459595975840696e-04
6.405494804428792e-04
6.353316731939924e-04
5.735575312846344e-04
2.544016734981416e-04
9.802046179737940e-04
1.117280594699899e-03
5.641307374111107e-04
1.475469481023292e-03
7.900772920626141e-04
5.517645602136758e-04
1.012908934358698e-03
2.222541376103882e-04
1.263082453588792e-03
8.093178941630007e-04
9.103784755912010e-04
3.169719477786216e-04
4.146073806508390e-04
3.095883797248715e-04
8.714711211385551e-04
1.134643416449737e-03
3.131404013310561e-04
4.546406795897131e-04
8.700392890096480e-04
1.146194078005153e-03
1.654556595986400e-03
6.622709943771495e-04
1.104768347890117e-03
5.266295238780902e-04
4.341268969391878e-04
1.051191169450424e-03
1.344654083122206e-03
2.753531741803084e-04
1.115653958890919e-03
2.670185660381078e-04
1.187098794516018e-03
8.233962818947491e-04
1.213504428876027e-03
1.298996806785250e-03
7.808369429500551e-04
5.444936326765269e-04
1.211777306279447e-03
2.631033201025081e-04
5.218225520037402e-04
3.784956513176628e-04
6.948503336714263e-04
7.890750730719625e-04
1.062434830226134e-03
1.162370585654290e-03
2.316238670502773e-04
8.635898860032573e-04
6.572667173924905e-04
2.551822122298491e-04
1.032772946117417e-03
2.917850845418634e-04
9.399758052312328e-04
6.506625950844235e-04
1.247089533584209e-03
1.106417113569310e-03
1.173296548153457e-03
1.204217884289871e-03
9.856379549471939e-04
7.881135512635372e-04
3.981986587327973e-04
5.505417915674968e-04
5.652477581367956e-04
4.187833040203058e-04
8.050700127118400e-04
2.857771007183127e-04
1.034863314481799e-03
2.656003574309874e-04
6.912500026770108e-04
5.240930819361738e-04
9.521341257725726e-04
9.200436664274900e-04
9.917448348928906e-04
8.960892918679359e-04
9.221704992288367e-04
1.492496174418558e-03
8.523979358108324e-04
1.479390777882068e-03
6.735060203453079e-04
1.037928455464746e-03
8.293856317500420e-04
9.056211958617777e-04
7.135576020650227e-04
8.491740194312657e-04
6.151918151817501e-04
3.455229520010554e-04
6.826868146855441e-04
1.009834670963930e-03
7.145436727877196e-04
8.638142541896672e-04
7.491983368458971e-04
5.630751058108116e-04
1.044638187350889e-03
1.487038378106797e-03
4.742525707801465e-04
9.837356650696104e-04
7.721460427800159e-04
5.066616498838058e-04
6.645477943754579e-04
2.766092097162947e-04
8.786487362779406e-04
1.192634675373429e-03
5.245043466844506e-04
7.671451803982208e-04
1.191545818871308e-03
6.064315299851095e-04
7.816669535532591e-04
9.611054709652613e-04
1.017522216228780e-03
1.041904923701453e-03
1.105442477676823e-03
4.274231161660991e-04
1.028747393196733e-03
7.147906537168387e-04
5.380514334824181e-04
6.317209100873256e-04
6.716080544973426e-04
3.543035265239664e-04
7.725068048060270e-04
1.504700413999212e-03
8.553407891440412e-04
5.318562488473112e-04
5.757858890320102e-04
1.367830753222977e-03
3.520545084950332e-04
7.546913168639278e-04
5.164896818435043e-04
5.741011141544484e-04
7.856242235974699e-04
1.079892996244899e-03
4.203984159983932e-04
9.270661686574169e-04
2.690309626057305e-04
1.161434208444843e-03
6.610408416443204e-04
4.988041029845281e-04
1.012265678097322e-03
5.794110610641612e-04
7.336626876719526e-04
6.657267306474307e-04
1.032429524839651e-03
7.272962769597309e-04
9.986019197674699e-04
5.270003570097064e-04
5.523167737660884e-04
8.825072884749944e-04
6.456645240806669e-04
1.138289901908611e-03
4.782134242375191e-04
6.100087189423570e-04
9.266809770008332e-04
3.964913420762280e-04
5.265739786861760e-04
4.444552215918904e-04
4.518741065370816e-04
1.069847222600182e-03
6.403486328572992e-04
2.929753953818069e-04
2.395785448315240e-04
2.457689145150245e-04
2.469342756243404e-04
7.048251997418835e-04
6.883773936931729e-04
4.287343532336440e-04
3.353626016659865e-04
9.464285570578274e-04
1.274227731232011e-03
3.629075079634804e-04
5.748841474990311e-04
6.090843156854785e-04
1.375389169218591e-03
1.156038427461895e-03
4.422185698218589e-04
4.295178459912527e-04
3.822526527781643e-04
1.157357461573609e-03
8.234652889665416e-04
1.049976172287085e-03
5.416253723141344e-04
1.592704567866584e-03
4.772811177374427e-04
1.227131441703168e-03
1.058889835203608e-03
6.137930289693764e-04
9.074041039454168e-04
1.550157685696562e-03
5.441133504068356e-04
8.203294290805121e-04
7.102210511199419e-04
3.477619119331987e-04
1.499005371275421e-03
1.052720633849094e-03
3.524618610820775e-04
2.594885113492439e-04
9.193880705164222e-04
9.525249340469441e-04
7.259603918367290e-04
7.835371460494789e-04
7.842294755229337e-04
5.082055507309983e-04
2.844695257262608e-04
6.697403135527988e-04
6.017971069574433e-04
1.032680978143979e-03
2.623397783029296e-04
4.366544806200700e-04
7.309332992977770e-04
7.942857594143661e-04
4.978922646254805e-04
1.282610200492233e-03
9.418528720272735e-04
1.105215766409112e-03
1.570382205273943e-03
1.385230035117579e-03
5.512077730354057e-04
1.074880497507274e-03
8.663064966390687e-04
5.679196468746122e-04
1.007957072063016e-03
6.586152627190661e-04
1.495706423345169e-03
8.074139140080319e-04
2.247439026036840e-04
5.513234899219620e-04
1.034897701190660e-03
3.961612178440346e-04
6.679195547913206e-04
8.077822595447156e-04
3.413064678695619e-04
3.271656077447092e-04
5.651978338662157e-04
3.813864865250101e-04
6.722896043864705e-04
5.206598298100824e-04
7.516203476212721e-04
1.185164393529907e-03
3.187432544330726e-04
3.583963706554704e-04
8.991368245499428e-04
5.505874770104895e-04
3.275219633952156e-04
1.088339245409522e-03
9.367548044400904e-04
8.053146221489963e-04
6.632468758794583e-04
8.792941668152198e-04
4.078387698554856e-04
9.524611083481010e-04
1.154239991190621e-03
3.826580444513557e-04
7.139400055594062e-04
8.577188117012721e-04
1.038667403566801e-03
1.130101960458233e-03
4.087055416284409e-04
3.667034053886129e-04
7.586349641740587e-04
5.943338073872779e-04
5.900729415180045e-04
9.737236123959272e-04
3.019508091661034e-04
1.148517503703844e-03
7.595485524835062e-04
9.926159832008734e-04
1.107817865862303e-03
1.178102563451912e-03
4.254239516578656e-04
7.720091540738763e-04
6.571317535102503e-04
4.178686558852223e-04
8.148390952953505e-04
3.438772949618465e-04
7.569065292661807e-04
8.890001694225646e-04
1.618772279998570e-03
1.229891440094740e-03
5.599846906124070e-04
8.527854759198045e-04
7.809292743554915e-04
7.124887112225254e-04
2.468029765775661e-04
7.796153083353713e-04
6.259208360532433e-04
8.057910842991395e-04
9.722933201187318e-04
8.540742153746305e-04
4.513374373166405e-04
1.235110718792871e-03
3.514569340438989e-04
7.523897221574959e-04
1.461569219139806e-03
5.245832027062060e-04
5.631743437586262e-04
5.462222523539080e-04
1.255181727838233e-03
9.643424875092760e-04
4.147099927135778e-04
1.547229381895240e-03
5.252104572039954e-04
9.681356018152880e-04
1.064533701741585e-03
1.008037367604969e-03
1.058287928801835e-03
6.385338085148091e-04
1.394877538537712e-03
1.219059782982444e-03
1.088957103109237e-03
8.751710129476431e-04
1.547802711876321e-03
3.200504745525854e-04
8.250581800335535e-04
1.249114293900706e-03
8.509785821199428e-04
5.080127726842214e-04
6.668412427155478e-04
1.118601063392107e-03
5.959233292491518e-04
3.175800068812171e-04
4.365064151428983e-04
4.845789963547246e-04
9.186100567871829e-04
9.033575523805129e-04
9.802234498192640e-04
8.913608039569634e-04
4.392327767185504e-04
7.329422905302786e-04
1.196899142890867e-03
1.330324950624924e-03
4.457057071374880e-04
7.479854349558702e-04
4.713565795727265e-04
3.510266830335342e-04
7.060897707811058e-04
3.411631907210277e-04
6.858597984641295e-04
9.401704288335050e-04
7.224360490710789e-04
3.706272964863322e-04
5.738551849234805e-04
7.006918327231606e-04
1.458125327900907e-03
6.685183259741816e-04
6.648027170167249e-04
7.018925169203604e-04
5.109329191379324e-04
7.734924282627310e-04
6.778205561234914e-04
8.875435122687413e-04
5.319105949457021e-04
8.467521005514306e-04
1.025601135691277e-03
1.399435380122959e-03
9.368273177316130e-04
8.602065791805660e-04
1.240900046921873e-03
6.029980156747695e-04
8.361639630677587e-04
2.278949380948835e-04
3.959908931659029e-04
8.419656116823470e-04
5.421272862231148e-04
5.336254063995577e-04
8.848960561834735e-04
2.826272204472996e-04
2.446118719238400e-04
7.476808564476744e-04
5.225649309734443e-04
7.726211740866657e-04
3.360739897022883e-04
4.732807460986675e-04
1.104119531640067e-03
1.228644849948197e-03
7.710392851700373e-04
9.026507314095413e-04
9.393744482403827e-04
5.073207128628505e-04
5.786293506277049e-04
9.603517533158290e-04
7.717711229224600e-04
5.732229063110646e-04
9.300027231270978e-04
1.223762562908469e-03
1.009807864758358e-03
5.591893073464255e-04
8.421861892427016e-04
5.220238874703181e-04
6.505526087631796e-04
6.374355842724435e-04
4.118607364146180e-04
9.943817053529329e-04
5.086461782898953e-04
6.325458195462416e-04
6.168620633592663e-04
8.595429831613926e-04
3.664480908289776e-04
5.764378035656205e-04
5.428524438694704e-04
1.020997048963584e-03
4.546885751919427e-04
1.123596279424515e-03
3.238394414358180e-04
9.252348234186337e-04
1.350612068864512e-03
1.051917636921463e-03
6.312788279874647e-04
4.234933719354648e-04
7.171997554430850e-04
1.598314560741452e-03
6.432304268700624e-04
5.980345392010743e-04
7.678192501385313e-04
2.894833451031358e-04
2.411821501541741e-04
6.180121276326544e-04
5.822763884279121e-04
3.396570570450427e-04
1.326936485784814e-03
7.199050362397031e-04
8.334310576123274e-04
1.100561056058252e-03
8.246147300589122e-04
1.117999453334506e-03
4.729303908855225e-04
9.104736353164638e-04
4.828037313471005e-04
5.366427412058390e-04
3.100344841524737e-04
9.958950145668452e-04
9.375872723377930e-04
3.883887713042836e-04
8.020694281971749e-04
7.770378033266113e-04
7.261371248198797e-04
3.048442334664548e-04
7.677814915266705e-04
9.362355692503288e-04
1.359254953311579e-03
2.841639798089033e-04
6.110059196312073e-04
9.210305788551182e-04
4.687758175555702e-04
8.384166272732867e-04
1.530040812436521e-03
3.298891868303071e-04
8.986498309184925e-04
7.243464513787022e-04
1.325138128065709e-03
2.897114795888601e-04
3.759442155485223e-04
3.540530005843047e-04
7.395370971196889e-04
9.378831249173124e-04
7.387679292764931e-04
7.433628563688486e-04
1.502028161112679e-03
5.701097618968152e-04
2.768833447098006e-04
5.316360824660159e-04
1.012206376401424e-03
9.014098877974224e-04
1.257624973889465e-03
3.094477333701303e-04
3.698517623036203e-04
8.874139441837750e-04
8.660334294117278e-04
7.588855864740578e-04
9.257615633576248e-04
7.442151092149748e-04
5.337291406866796e-04
1.235783665506589e-03
1.154554783644299e-03
1.114834981896232e-03
6.610899488358806e-04
4.906299928877831e-04
1.536165028063304e-03
1.234534645135822e-03
5.068855023495407e-04
1.531958461540690e-03
1.086625212882053e-03
7.695970091800288e-04
1.054453870836108e-03
6.200042206773822e-04
3.320979937858537e-04
9.017624604098864e-04
6.148028493012469e-04
1.546254978871577e-03
1.147905291660760e-03
5.992060858570998e-04
3.181126201861876e-04
1.308121996088024e-03
6.102454582473857e-04
1.230799029047945e-03
3.868290784693359e-04
1.038106488011443e-03
4.284493428332273e-04
1.171858413846811e-03
1.386143831668495e-03
1.247289279529127e-03
7.166582103955218e-04
5.591264932592328e-04
8.447990844509914e-04
4.636672523015038e-04
1.269174628003107e-03
1.082861296362090e-03
5.457780179607436e-04
3.221738296502377e-04
3.330186221806065e-04
3.000296717207992e-04
1.349145540278646e-03
7.127049006321636e-04
2.311280948960932e-04
3.384803075234214e-04
1.054534848912164e-03
6.319692231260035e-04
1.017050816283922e-03
1.732116740397240e-03
1.199139709420311e-03
3.121585270957356e-04
8.817283264675907e-04
7.991304363193731e-04
1.012492761409791e-03
9.187594498890208e-04
3.980305146543753e-04
3.549797264357289e-04
9.213997932938981e-04
1.212251895910965e-03
9.157189558407774e-04
5.924387365175884e-04
1.094931399059309e-03
1.078090518047973e-03
8.437418983043934e-04
1.019084910314120e-03
1.113859613056748e-03
4.558304892106017e-04
3.670136158340104e-04
1.127363061439740e-03
7.088336042504213e-04
8.911243691758820e-04
5.295169267401305e-04
3.584598403227459e-04
4.647217558582074e-04
9.131244822806450e-04
4.442675400350446e-04
6.696762468201041e-04
1.065993817124294e-03
8.475598393605099e-04
1.882403641135247e-03
8.232237493802838e-04
3.347920877760668e-04
6.137677994075730e-04
7.486842211405188e-04
4.231221386323457e-04
8.398174640765776e-04
1.692664629459081e-03
9.806811773871737e-04
1.672172083075933e-03
1.828954317436482e-03
5.515401776191693e-04
6.107280684469837e-04
5.405547820977932e-04
1.045760327759326e-03
5.651664494304708e-04
5.084715195137073e-04
8.646019858051837e-04
3.718290939459086e-04
6.551646391732749e-04
5.887390578910923e-04
5.731516675397981e-04
1.041757220842343e-03
1.402601678499713e-03
1.342738438417849e-03
9.261163181137734e-04
2.845446701244419e-04
6.432456701474317e-04
7.870798945928665e-04
5.544601250962597e-04
4.768777783126525e-04
9.373657276978427e-04
6.440213942880736e-04
9.812525346179592e-04
3.727863063870477e-04
5.648370408615593e-04
3.534779213003881e-04
6.412321984364377e-04
1.158374144611158e-03
8.311878472900106e-04
8.728033352312488e-04
7.683348627526496e-04
2.735160704329400e-04
5.447244139322161e-04
3.986350127411771e-04
8.662363727544187e-04
8.865556058720053e-04
3.167594507503763e-04
1.323128858566044e-03
1.300945236645937e-03
3.557400499270963e-04
2.559985364212449e-04
1.204951511878992e-03
6.807727161254679e-04
4.421805784326010e-04
5.292599008607916e-04
3.901790611917549e-04
8.719466375368734e-04
7.378159030557982e-04
8.774673554649417e-04
8.654860312984023e-04
1.138857211213934e-03
5.240859486332905e-04
8.133771502413119e-04
4.548010963030340e-04
6.497468041801258e-04
9.594277157139129e-04
4.689115981461774e-04
7.663780096971764e-04
1.025339944034603e-03
8.241114663153390e-04
8.781035874718319e-04
4.706380919905335e-04
3.394718926548705e-04
8.207690455394172e-04
6.648320648282237e-04
3.411332208205401e-04
1.029133399043541e-03
1.023424308063863e-03
9.951596889459359e-04
1.252231039971175e-03
1.505891902946335e-03
6.645373705415438e-04
4.796967621074595e-04
2.910972451423135e-04
5.631599502974289e-04
2.119040473603996e-04
6.447233259648372e-04
2.794794655486212e-04
3.590350358828765e-04
4.515650132486139e-04
1.741406435363099e-03
8.287181584758415e-04
1.108702986258446e-03
1.031017159184514e-03
1.288998968473714e-03
2.900634592613579e-04
8.915754111537763e-04
8.688319099093851e-04
3.864728825177701e-04
7.558577566894015e-04
7.680243649194991e-04
4.568513018379413e-04
3.340096609142366e-04
1.250229261934699e-03
9.217958483616936e-04
5.523566194251000e-04
1.011620665020533e-03
9.728361119609573e-04
8.343119580238451e-04
8.143991768258508e-04
7.899400876716003e-04
1.322020938575393e-03
5.262653312232569e-04
1.059583420191985e-03
6.661829066001018e-04
3.776145295367846e-04
1.427451074326767e-03
8.701792682162531e-04
7.935275976254671e-04
5.187545917637948e-04
9.981430458458726e-04
1.574402808425206e-03
4.612609164459614e-04
3.004390974631097e-04
1.134042299267673e-03
4.835082669772647e-04
5.739654265050401e-04
1.448768049197485e-03
9.810487288794175e-04
1.856382328864332e-03
6.753202826858919e-04
3.828221207503468e-04
3.637796735467492e-04
7.696879977010018e-04
8.755673154902264e-04
1.295935150050304e-03
6.157143047375415e-04
4.560002881565837e-04
5.673416350003047e-04
7.751316860126782e-04
1.546985040524357e-03
1.492859951498060e-03
8.095825079851098e-04
3.189582952457912e-04
3.014852220898723e-04
3.440230497749053e-04
1.014317593847782e-03
4.077985525274516e-04
7.252260057640981e-04
1.475742856866528e-03
1.031416850968553e-03
5.378110398377073e-04
7.321727250876246e-04
9.881880200759291e-04
1.217298770574674e-03
7.614299045159248e-04
6.099148977308402e-04
1.516286413009802e-03
1.549395022527870e-03
7.097852702707893e-04
1.756900691985933e-03
1.385662154482082e-03
9.097350040826916e-04
4.537929597811430e-04
1.785341466938345e-03
4.366690686528344e-04
4.207059745012301e-04
8.025448261434166e-04
5.442742253174190e-04
1.178358631693309e-03
1.012869814024430e-03
5.949317988030507e-04
2.883258384793393e-04
6.208449460210307e-04
3.385033441489468e-04
4.251747780247429e-04
1.772799382783045e-03
5.412399044497281e-04
3.536611495274566e-04
5.030411590250892e-04
1.397809233433489e-03
9.916350236078557e-04
1.138835997988003e-03
3.847486560535889e-04
5.015550059712552e-04
7.401200149334052e-04
9.310411611011633e-04
3.693001938171578e-04
8.848188369226350e-04
7.128500826148320e-04
8.849021266169384e-04
6.591377818913533e-04
6.832192692387116e-04
1.444767876838062e-03
9.679222771130260e-04
6.564540910973281e-04
1.227963474504626e-03
1.138935640682836e-03
9.486960376796254e-04
7.897927082874432e-04
8.522719266926089e-04
3.886049775931916e-04
7.948273946476949e-04
1.399211233449131e-03
9.413952107269586e-04
4.814598982532525e-04
3.603496123485812e-04
2.420894219216358e-04
6.969974468835126e-04
8.942992171974405e-04
1.759758360714369e-03
7.461655336792483e-04
4.791711256500522e-04
4.198299554748963e-04
5.572482181651519e-04
1.018283365741688e-03
6.648129287439759e-04
3.448079211114475e-04
9.403449452500805e-04
5.204119052816016e-04
1.920398268710940e-03
9.473120300333236e-04
1.005454586517802e-03
1.060689751094795e-03
1.151542496008920e-03
1.311419667994860e-03
1.066340116689247e-03
1.273470808211654e-03
1.109936603193816e-03
9.286831106661303e-04
1.103033292808524e-03
1.012794696149146e-03
1.261782593512439e-03
4.228619170134341e-04
1.185445143953928e-03
7.294727993998641e-04
4.824216362279615e-04
6.286357487429316e-04
5.256760996709283e-04
4.043478003726258e-04
5.987919228866138e-04
1.559181002293584e-03
2.708578951840464e-04
7.693907099264443e-04
1.041112376405839e-03
8.439915382152513e-04
9.314473349672058e-04
4.438633788956449e-04
5.686328466720169e-04
8.129161741579891e-04
1.681724762485469e-03
4.696743177467833e-04
3.007111347902300e-04
6.156121813756003e-04
1.120163098163911e-03
7.154750207347615e-04
9.472780183868677e-04
1.015475969047598e-03
2.670361727060916e-04
1.124509667557674e-03
4.473744664329599e-04
4.395226937372097e-04
1.426536748123158e-03
6.198749073804842e-04
1.029800587920975e-03
6.539380747905540e-04
5.300992869968512e-04
4.631698870399407e-04
3.328127503244278e-04
7.680781747045086e-04
9.422591930694313e-04
3.329372707224754e-04
6.754041252296724e-04
6.200348266442919e-04
4.047698794255427e-04
8.147573517323925e-04
2.752632455765836e-04
1.310800786727312e-03
1.196031818240355e-03
3.151628863116954e-04
6.451607987976805e-04
6.009585403808826e-04
1.268165332703843e-03
1.178930598638905e-03
6.674929281581373e-04
5.298966587483375e-04
6.362438826739624e-04
3.664468705120607e-04
1.373011884004669e-03
8.530726563709301e-04
1.105047951704637e-03
6.906083550301992e-04
2.802146580501727e-04
9.366744856575632e-04
6.000339846596447e-04
6.438228500870797e-04
5.132486059261424e-04
8.016761659719574e-04
5.958828289016669e-04
1.261132405385325e-03
5.757524975351228e-04
5.155594945313798e-04
5.773561160840689e-04
5.153675094481434e-04
1.752189466338773e-03
1.700652819487229e-03
1.109579194928570e-03
1.249571336234014e-03
3.120712862959462e-04
1.011344594758088e-03
5.407864216807201e-04
2.824111755761075e-04
7.450512924371007e-04
7.830077603533547e-04
4.182557355774334e-04
9.243352232716322e-04
1.017397396469042e-03
7.684700672398332e-04
5.020017933838832e-04
1.425815998867531e-03
4.054027443075476e-04
8.561554538357702e-04
1.703266000686657e-03
6.917441663903925e-04
1.514400752953090e-03
2.564146010865130e-04
4.200105219535171e-04
8.977285006727092e-04
4.658764829377951e-04
1.128305058368744e-03
1.113070972883179e-03
3.765511367784198e-04
1.100309766722331e-03
1.212395091822046e-03
1.189895006941250e-03
9.662043227620893e-04
6.187390510584543e-04
9.266260852951243e-04
1.367654972671943e-03
5.073571338668717e-04
4.317104249937145e-04
9.672655934765432e-04
9.114825742937980e-04
9.447936841356088e-04
5.273174465187744e-04
1.650511572184860e-03
2.176255066611054e-04
1.236070213726537e-03
1.336407554275110e-03
3.751479358054917e-04
3.352786952141874e-04
1.388637368144757e-03
5.113923646250355e-04
1.542425348227649e-03
9.541103637654375e-04
7.135033655486602e-04
7.539273744613230e-04
5.654962714723706e-04
6.269786099113402e-04
9.569329093569630e-04
8.668105601953491e-04
6.715834192165855e-04
4.671870733012690e-04
2.998693298678247e-04
1.166639901977844e-03
7.550556326170195e-04
3.823568261760298e-04
4.822334117068254e-04
1.797783700220488e-03
4.672209315899335e-04
6.808247815189592e-04
7.735897257449495e-04
6.475972060993159e-04
4.693698965161883e-04
6.320191395174597e-04
1.033591639722933e-03
2.397995477041458e-04
8.062927341379196e-04
5.940246075394464e-04
4.359377152687444e-04
9.188610813927879e-04
1.025038175160774e-03
1.078916128045639e-03
1.206709805779143e-03
8.360053193655163e-04
3.765177313381509e-04
2.489855584004169e-04
9.934169142963262e-04
7.014566480374807e-04
1.226623935578767e-03
1.346839049549184e-03
3.495118212455617e-04
7.561924119836143e-04
2.963665687533262e-04
1.019421654493906e-03
3.548849218360261e-04
6.244381637988802e-04
3.003894364673467e-04
1.081428207590223e-03
7.436898696066539e-04
3.306524283729125e-04
6.860199787564173e-04
6.046862240517285e-04
3.303601562646619e-04
9.559012150836081e-04
1.061596186827561e-03
7.966535543959810e-04
8.312417724729330e-04
6.687808427620376e-04
2.365231554720285e-04
3.713926038386362e-04
6.965823053733968e-04
4.422918956565334e-04
1.034573539474016e-03
6.176001173705315e-04
5.324862741017342e-04
9.663664247051656e-04
4.566988421062341e-04
6.637123960259570e-04
6.746495824073174e-04
1.147695531857556e-03
6.880307390856161e-04
4.021435492345460e-04
7.903831725557928e-04
1.047624136253708e-03
5.242424898642317e-04
1.469745545775188e-03
5.725827170227409e-04
1.048741354074551e-03
1.148197574882397e-03
5.796660843596756e-04
1.262825828584078e-03
5.327701555661999e-04
1.120933083664685e-03
7.883309191300206e-04
5.304739366319431e-04
6.492560803286160e-04
1.655820028619559e-03
5.016408352229012e-04
1.112170932804637e-03
5.339801158918129e-04
2.394419576370657e-04
9.695014678351105e-04
3.907327015902754e-04
3.493270347303327e-04
4.599097416787709e-04
1.227066901015252e-03
1.476712329986962e-03
4.962809109126075e-04
8.436309828343317e-04
1.902248695225033e-03
5.737990650291485e-04
5.501356056715419e-04
6.599507769032693e-04
4.027448120583885e-04
4.006725898169076e-04
8.984982102021968e-04
8.032365508612408e-04
5.425577219457447e-04
6.085089712596089e-04
3.030362685603109e-04
5.027499384487759e-04
8.552435602309881e-04
8.424536371659156e-04
1.121084748296301e-03
5.678725631926014e-04
1.244038805977662e-03
3.336657373561936e-04
9.585451260653386e-04
4.101329719492534e-04
1.206847176969564e-03
5.810461021963818e-04
5.658054687583750e-04
1.213551260645916e-03
7.903899029904012e-04
1.252101520044446e-03
4.598804319738795e-04
1.706740998080469e-03
5.791853773323595e-04
1.451071042927371e-03
3.204981027908972e-04
1.070019867041625e-03
5.774408933364291e-04
3.890648186955076e-04
8.649026777788262e-04
1.097560605388065e-03
6.838132966552487e-04
9.259305310383714e-04
4.644673783292960e-04
7.593577951331211e-04
2.433813493761283e-04
5.540978375458722e-04
8.562436757477498e-04
9.630237244471822e-04
1.094256423268217e-03
4.303797359594389e-04
1.269075939037542e-03
2.821287657836748e-04
2.365782487552631e-04
4.969737882891418e-04
4.234956832718826e-04
2.628768872808142e-04
1.323755321329550e-03
6.207559212427225e-04
6.378719806136961e-04
6.697920323252765e-04
1.360064581615110e-03
7.468333362137463e-04
2.145771041962444e-04
7.534875120623131e-04
7.072902836904692e-04
1.007209429248541e-03
3.998138684185769e-04
9.633537179340433e-04
7.610780924892258e-04
6.231855219326667e-04
2.693421655783050e-04
1.166338861175102e-03
7.906290796610017e-04
8.957570394903966e-04
9.982926377064788e-04
9.888912164971991e-04
7.154408783716944e-04
5.824997922406203e-04
1.187577245738567e-03
6.551611567272199e-04
2.535231894667604e-04
1.051085766946965e-03
1.207116781386246e-03
8.670782594825093e-04
6.828659335611355e-04
8.473863831190912e-04
5.176893998584192e-04
3.014224677995244e-04
5.774317173374015e-04
2.469333155090593e-04
8.028810350913511e-04
1.575280582852250e-03
6.297558511364125e-04
6.050325517879273e-04
3.940250193555074e-04
1.144123047309850e-03
1.331152211833118e-03
1.636380572501274e-03
1.103552183240273e-03
5.510579013142036e-04
9.939457557389146e-04
5.129691617894389e-04
9.093059772960581e-04
1.623989348401102e-03
5.471407495168691e-04
7.502357374017397e-04
6.056967843980294e-04
6.994378476469945e-04
6.444104997242301e-04
5.299588098720148e-04
5.299164555939152e-04
1.655756108237074e-03
4.132187992734537e-04
1.112751965339930e-03
3.604200642674643e-04
2.970844555122367e-04
4.439434962133044e-04
8.778014908035045e-04
1.575214334072943e-03
1.521653638126462e-03
6.435267434080258e-04
5.034328135172313e-04
1.050495789618106e-03
7.260467509147878e-04
5.030113085525551e-04
1.668924536861855e-03
1.384934451660705e-03
4.655111444606315e-04
6.082904938903390e-04
8.155154034086767e-04
3.749417877211423e-04
4.208945709144157e-04
9.913777814376488e-04
9.272451861620664e-04
7.782527165587118e-04
3.011204612898142e-04
7.517580077156446e-04
1.218392705079251e-03
4.132253255532872e-04
5.070220879864511e-04
4.226497321357085e-04
3.805955488923220e-04
3.520737501275814e-04
1.149971466092759e-03
1.247527675520506e-03
6.344598438052678e-04
6.546883039369588e-04
6.616677030014770e-04
1.188435632723682e-03
1.143731316835899e-03
3.950453903642998e-04
1.540579078153507e-03
5.285464105548342e-04
7.568257547336385e-04
3.910101633982866e-04
2.892345223029432e-04
1.251811748775151e-03
5.305983183496203e-04
7.309323444516520e-04
2.658797788342098e-04
1.216212974250880e-03
4.266238460837522e-04
8.028723079919805e-04
3.779285734609269e-04
9.570497151172158e-04
3.717645654944736e-04
1.269278062414020e-03
1.200243401452299e-03
1.083086401953323e-03
4.491612170719458e-04
6.359687748725026e-04
8.775815373680218e-04
6.592838372538102e-04
1.055506831576364e-03
1.098642418601352e-03
4.514355901607220e-04
3.229836806516103e-04
9.068341203812598e-04
7.368092541338719e-04
9.891503075808578e-04
8.274910098343244e-04
9.605789657781930e-04
2.644397944603622e-04
1.334790418098802e-03
9.613086540891562e-04
5.898351997902672e-04
1.289926232122296e-03
8.141177926134051e-04
1.004339291955380e-03
3.791536812993183e-04
8.437557928286188e-04
1.043526994114277e-03
1.279852807334815e-03
6.670223827251718e-04
5.309948187956411e-04
6.810461695948491e-04
8.306081170753504e-04
7.546024418589590e-04
4.117551253761585e-04
1.006389794234062e-03
8.753692273464136e-04
6.095143951192728e-04
1.410767376446273e-03
1.167043542666504e-03
1.108548491333702e-03
1.274537553975250e-03
1.799315459440985e-03
3.555178000698873e-04
1.277255827662641e-03
1.541995377409911e-03
9.086746758961216e-04
2.879232640588103e-04
4.756929819226390e-04
8.592273169092033e-04
5.362488923101284e-04
3.232681941684057e-04
9.646129493126961e-04
9.441700205783645e-04
6.857879372423104e-04
1.157251384306165e-03
1.109071042106525e-03
1.401514868417314e-03
6.747737191780516e-04
8.199875220581495e-04
4.122103759801499e-04
8.770318948236587e-04
3.749112713926583e-04
4.986182079575710e-04
4.173884040122374e-04
1.436889735950106e-03
1.583084446133016e-03
7.267496648677034e-04
9.099916938138517e-04
1.370999949495098e-03
7.709175535956709e-04
1.105612535931891e-03
5.303933500882785e-04
1.398277330706244e-03
5.289522806816108e-04
9.420791983998159e-04
4.155174824980661e-04
1.238781626758009e-03
1.185160610135725e-03
1.079172460124021e-03
1.038877142696069e-03
8.561922667364865e-04
8.665791118412535e-04
2.430332458691652e-04
1.139217213346404e-03
8.533951206396605e-04
2.254553264658441e-04
5.277582917363056e-04
1.504675208022862e-03
3.120601035115790e-04
7.067492693850152e-04
4.178137377849596e-04
2.840879741919256e-04
4.100649794269695e-04
3.998123305114858e-04
1.119336042321258e-03
2.963471998636674e-04
4.014658414462025e-04
3.398339844776508e-04
8.903144723367673e-04
8.255626258131944e-04
5.521691784355824e-04
9.250067813830190e-04
3.328674576893477e-04
8.740381273266931e-04
6.673106141640069e-04
9.761288890626748e-04
1.222173330875599e-03
4.954622050321194e-04
1.001112639971236e-03
4.630799866123524e-04
1.508693135725801e-03
9.213437929465468e-04
4.614108596409897e-04
8.254898443295539e-04
9.341940984427699e-04
7.113949868439115e-04
5.282829399797786e-04
1.064056232631231e-03
1.003433925870408e-03
6.060632621524282e-04
1.024849848676012e-03
1.326156955263964e-03
1.282517211931144e-03
6.056236344846692e-04
5.343795974043844e-04
7.956870465791117e-04
1.220475373367146e-03
3.226824542655494e-04
1.760282360758654e-03
5.172549219727046e-04
7.517733706104649e-04
5.978158591936701e-04
3.232831292712141e-04
6.872620950647147e-04
1.658426133773393e-03
1.173329752496470e-03
4.529575730916392e-04
8.373069148439053e-04
9.378830261344985e-04
9.468290129501270e-04
8.428847543118115e-04
6.548736465333591e-04
9.837061571047823e-04
5.999868354990094e-04
1.028210341699958e-03
9.845733094022580e-04
6.234143330006530e-04
8.798756198789561e-04
1.065977033584811e-03
3.988306650084490e-04
6.720084015109102e-04
5.364742428111542e-04
2.374958264999310e-04
4.702400328513792e-04
6.024973824001851e-04
6.289116494134671e-04
3.759344232490907e-04
7.675131594150088e-04
3.648586278452732e-04
3.508996345827138e-04
7.402291558342583e-04
1.006488682169604e-03
6.716174856787288e-04
4.392381084409889e-04
1.055092364948951e-03
4.967679749808768e-04
3.200197168993937e-04
2.516149619342405e-04
1.394245026466392e-03
4.245112847704036e-04
4.306655897497590e-04
1.227312355555249e-03
9.468418074728129e-04
5.430308555635579e-04
1.239296860079486e-03
2.952909970058510e-04
1.383244422829485e-03
1.366671025686967e-03
6.707132580158138e-04
2.212409146901457e-04
5.002055838886851e-04
6.795986122228863e-04
1.074773488018670e-03
1.127989169657829e-03
7.331447891761895e-04
3.438993985688393e-04
1.873003013839961e-03
5.266815439775778e-04
1.156612868684918e-03
3.700875738032156e-04
5.048805806170486e-04
6.262429507912926e-04
7.357807773201530e-04
1.087074634084280e-03
1.124698756773315e-03
3.823578211983744e-04
7.950202889903336e-04
1.593357404880211e-03
1.403062865745740e-03
7.311769233125037e-04
3.949173186691449e-04
9.118371486676478e-04
5.293846527170852e-04
5.308585272305416e-04
1.258534488700000e-03
1.196786704509203e-03
4.564553169211380e-04
1.326803964376818e-03
1.277952255341207e-03
1.564148012971759e-03
7.790833949915896e-04
7.846304254207156e-04
9.058443504390971e-04
6.610998381000377e-04
9.079406716807815e-04
1.528012063420097e-03
7.703524317753067e-04
6.241502012508144e-04
8.992247983642586e-04
1.052029215877760e-03
8.573107057772647e-04
1.081506442517264e-03
5.300492155297230e-04
7.756248858422787e-04
2.799093141698254e-04
6.693827840407538e-04
7.913631894261115e-04
5.376357887023554e-04
7.337243153477610e-04
3.165086465882569e-04
5.038616537848874e-04
6.195499576456102e-04
9.990951173828823e-04
8.246312682677071e-04
9.019186312168485e-04
3.593692226225423e-04
1.186511466528000e-03
8.932964522305460e-04
1.289644408879557e-03
6.355111882717570e-04
2.111512219405371e-04
3.596192956239125e-04
8.304738414135445e-04
7.382765652712208e-04
5.659625470740650e-04
4.315077210350206e-04
1.310711829485739e-03
6.113390751346317e-04
1.145767113141056e-03
1.166337239232372e-03
4.595709124917797e-04
6.390045017193192e-04
6.634424733828687e-04
1.137793619591283e-03
1.756116096882306e-03
2.194516185827333e-04
9.240884192128027e-04
1.057368174677435e-03
8.978063190290909e-04
1.319479154157462e-03
1.429094541771855e-03
9.285185200263759e-04
9.713788331115432e-04
1.349228524723597e-03
1.405182314963394e-03
1.127383413867359e-03
5.968187962829064e-04
1.210647261395545e-03
2.371991890490023e-04
3.927613759241592e-04
6.475122704137896e-04
6.784044714667915e-04
1.496855445901658e-03
7.487034655459925e-04
5.023439006478362e-04
1.146124424657202e-03
1.007200971270517e-03
8.613939420031597e-04
5.221167702212487e-04
1.172638640386899e-03
1.386220739201756e-03
6.465981349123849e-04
4.303197795104435e-04
1.306040058947305e-03
5.527906540447791e-04
2.745034637272752e-04
1.599642451359541e-03
1.111189020765063e-03
5.194042401155073e-04
7.260681639605633e-04
5.027955364045089e-04
4.318760926189331e-04
1.482524126679914e-03
4.027707203555508e-04
1.031776862352948e-03
2.573438093795074e-04
7.179993891159760e-04
4.624634344491453e-04
3.031422055742657e-04
7.954778677484963e-04
1.234923198876122e-03
1.101429849530899e-03
8.754224792014262e-04
7.728922604216519e-04
3.134159447973398e-04
1.016815274494893e-03
4.117336114316303e-04
1.191078915637964e-03
1.285660708495567e-03
6.183651822194646e-04
5.023169816442744e-04
8.553795276779815e-04
2.800397049823833e-04
4.280380491969898e-04
7.190856817179837e-04
2.646668606011503e-04
5.623842442038872e-04
2.688190429195708e-04
8.107565797645728e-04
1.168784624935290e-03
1.330438222712893e-03
7.999427856950543e-04
8.534690934526187e-04
7.424741143083572e-04
8.327901969628214e-04
8.859149443194213e-04
6.917028389231421e-04
1.033203296350679e-03
6.199807896347036e-04
5.288765979204762e-04
9.754347440770060e-04
1.674429824787436e-03
2.190029555344486e-04
3.331235560110837e-04
3.024972535644168e-04
4.361686160465282e-04
1.194720384673513e-03
1.016429436274028e-03
1.016139076923055e-03
9.809353587060502e-04
1.258158598192667e-03
1.082898431831627e-03
2.912474018029511e-04
3.131927059291410e-04
1.078460227634847e-03
3.266129456204235e-04
1.129733169088915e-03
3.306721679349644e-04
7.506037503288178e-04
1.085119967087916e-03
3.117422868982174e-04
1.037761227896402e-03
9.625085404550873e-04
9.318432147521786e-04
5.009336838282231e-04
4.741014658434402e-04
7.767404352645303e-04
8.158170915139049e-04
2.576760432582957e-04
1.342742492309735e-03
1.011597708383369e-03
7.156658493186304e-04
6.216580175355997e-04
6.351918815933515e-04
6.702404093284820e-04
5.245880827307646e-04
4.843435616829945e-04
1.489752249838758e-03
1.388681606464042e-03
8.050830084511192e-04
8.457044103773409e-04
2.283955635534881e-04
8.297780526976225e-04
3.570734819874406e-04
3.230963657136534e-04
5.643554493825947e-04
5.567258547463347e-04
9.863218377182252e-04
4.801216279291466e-04
9.938939580590809e-04
9.513156151925827e-04
7.591926551325609e-04
9.536969741292796e-04
9.306767587741751e-04
5.503211431391747e-04
1.049692959951602e-03
1.099067012486514e-03
8.592111921514405e-04
7.196025286629122e-04
3.272546533556133e-04
1.230528140896192e-03
1.876798357262259e-03
2.227427448586428e-04
8.110755238063001e-04
5.384059077832142e-04
2.773049711870328e-04
7.632959070434414e-04
7.010316957030885e-04
4.057421333311649e-04
9.489033631362518e-04
2.283235458952951e-04
1.032805262563859e-03
5.526215223245513e-04
9.584206295339307e-04
1.137939131426276e-03
4.313953768888283e-04
7.527412097230294e-04
6.821694929333007e-04
1.719255479003035e-03
6.915821834626459e-04
6.126129619733648e-04
1.233266434644942e-03
1.008244891714756e-03
7.108307133401421e-04
3.778120192953201e-04
1.648245178356355e-03
1.650072447908876e-03
5.264947766509529e-04
9.853936518085984e-04
1.573888011835627e-03
5.814279377779459e-04
4.044199233393650e-04
6.917586253110378e-04
6.510261704965703e-04
7.111198581823709e-04
8.938887589870805e-04
4.219602617647065e-04
1.136783195452762e-03
5.203467037265130e-04
1.324083130207368e-03
5.325095709178150e-04
1.223184143589340e-03
7.700638407836442e-04
6.794942104599742e-04
6.288118984096851e-04
4.337638764793794e-04
6.850906868985011e-04
1.278199571993053e-03
5.646252837580676e-04
5.278294308058078e-04
6.357055880995224e-04
1.041776630871146e-03
7.967586978360057e-04
5.248287221169545e-04
3.744255300502405e-04
1.309260472571703e-03
3.629242491531894e-04
6.435584732609700e-04
1.076931900668981e-03
5.795184539442620e-04
2.742115530168802e-04
9.303395079136604e-04
4.474362577292744e-04
1.192928696177191e-03
1.057240782864059e-03
7.017735255013726e-04
3.207399447854249e-04
9.758113349471437e-04
4.780275992047360e-04
6.025342961912633e-04
9.976742219215166e-04
1.151089758152691e-03
1.002252597673916e-03
5.814668649117245e-04
5.908855499155036e-04
7.093264347035220e-04
4.783169529565984e-04
5.602685037800112e-04
1.027088662493052e-03
1.637105788376649e-03
4.449001951118339e-04
8.152963052519105e-04
4.421921292433968e-04
1.173004056372082e-03
8.350610989069790e-04
5.997915997910529e-04
1.406617196140589e-03
7.853475294163608e-04
6.633379780695935e-04
8.115574802594845e-04
1.338883251417353e-03
4.127895418692226e-04
2.803218888573557e-04
6.780298301541852e-04
7.159217259782536e-04
1.461717925366260e-03
1.694679127072238e-03
5.892738983109366e-04
5.897452860885682e-04
9.719811594536642e-04
1.337316145182474e-03
5.338584281068747e-04
4.542094207154567e-04
1.091968398035425e-03
8.730421766311521e-04
1.293472692827063e-03
8.804084885431036e-04
3.233426179050400e-04
6.741366512307706e-04
7.861218990401688e-04
6.165715892095827e-04
9.878665185372969e-04
9.843731053294327e-04
6.002131630628825e-04
6.590108234582617e-04
5.971780738755600e-04
7.892087910905325e-04
6.389176060404611e-04
1.087021894212745e-03
5.097391659114574e-04
9.844444687119207e-04
6.090953013363437e-04
1.085452891900581e-03
7.373057084894225e-04
8.339477141705098e-04
3.529342179011388e-04
3.745992777887477e-04
1.053085255077504e-03
5.656892730635947e-04
9.655549661937165e-04
6.118168171932835e-04
9.811565144196522e-04
9.466288783844933e-04
3.755524961737904e-04
7.127650879276046e-04
5.890617645358304e-04
1.584373543647015e-03
7.085281731246942e-04
1.178341037753030e-03
3.720766942013278e-04
5.879529005372301e-04
7.756054500159215e-04
3.538616314520388e-04
6.834749633875904e-04
5.193788843669538e-04
1.000920987914288e-03
1.077301359330526e-03
6.342200802408099e-04
6.023642608521560e-04
9.607914308240593e-04
6.178879191845233e-04
9.954950968279594e-04
1.287073832899661e-03
1.072913371332272e-03
8.478531910569563e-04
7.846453075983464e-04
3.764142974873862e-04
8.724991426121069e-04
5.069750862934231e-04
6.576124966456719e-04
1.159682311370759e-03
1.053822933468412e-03
4.888436303062866e-04
7.798933047702239e-04
8.289727716632692e-04
2.425564344804522e-04
1.533620485418274e-03
1.066514813982800e-03
3.841572811711126e-04
1.134500150676826e-03
1.252501707130760e-03
1.056287962692499e-03
5.747276553187925e-04
9.125291045192962e-04
1.052249090731386e-03
2.885405583235361e-04
4.104245599650849e-04
3.412115201330251e-04
6.385775076082124e-04
1.234751532212880e-03
7.758308190894234e-04
2.659776044746842e-04
7.211246864440720e-04
1.009470191843823e-03
9.293732214025041e-04
4.454678838396478e-04
1.204780233247655e-03
4.685906305203326e-04
1.759056492180793e-03
3.616446849967675e-04
4.921677821715706e-04
1.198228027383387e-03
8.759323975534602e-04
3.643139738416075e-04
1.283415572000926e-03
1.670337156104859e-03
1.006789860727917e-03
1.185864275482707e-03
1.233207703373622e-03
6.008647113221373e-04
3.064727200799863e-04
5.003563610483154e-04
4.450609722716939e-04
1.060719363959851e-03
7.124899770492926e-04
3.196274061974494e-04
8.757387784611312e-04
3.643126088063511e-04
5.684573895504210e-04
6.253853935928275e-04
5.018275490410196e-04
3.870056704296643e-04
4.764148597671578e-04
5.384018118331199e-04
4.271896855687189e-04
3.404004831261866e-04
3.931588498046144e-04
1.065860749973690e-03
9.834790846914038e-04
9.743114100496401e-04
2.738809619104256e-04
3.837814968954578e-04
1.023344678293169e-03
1.056494804194920e-03
2.525370150913746e-04
1.098507044437559e-03
1.067690758552749e-03
5.527652408172149e-04
8.355251706269990e-04
6.744604853035167e-04
1.610471682563288e-03
4.744798500165162e-04
4.183620903504693e-04
4.153363915159132e-04
7.669507348306339e-04
9.879449022415043e-04
9.761024691982106e-04
8.816128976572705e-04
4.347273535390414e-04
3.311840049370335e-04
5.158947630726392e-04
1.013007745467915e-03
3.866264814999345e-04
2.813376155509671e-04
7.670202190579295e-04
2.681179923363512e-04
8.057580553367166e-04
6.548692500632454e-04
1.504113547860592e-03
6.121964211833146e-04
3.885401014983611e-04
6.927502931908779e-04
4.613787622198712e-04
8.053742242558371e-04
1.102021272765535e-03
1.035895901608278e-03
4.556295375288953e-04
4.435853681302038e-04
1.099318929632815e-03
3.503375412427716e-04
8.183185460872908e-04
7.097534555755054e-04
7.438708614813683e-04
5.964685248094154e-04
4.104730423656061e-04
3.088966652666449e-04
8.587054878616502e-04
5.492558399926748e-04
2.391161922325592e-04
1.220702906769337e-03
6.636713936082453e-04
1.157125560659944e-03
1.061902206360946e-03
1.040676504444538e-03
8.116284759424760e-04
1.356257767066760e-03
6.655533427685086e-04
8.873100008205135e-04
1.109655678971772e-03
1.537324516610456e-03
4.188320978699824e-04
7.539472527029758e-04
6.659099294372348e-04
1.196693503820893e-03
1.157214417370966e-03
1.090489691040454e-03
8.670669622620417e-04
9.089612003756357e-04
5.552837591023450e-04
3.700039191577251e-04
4.486489036219315e-04
8.706782792389856e-04
9.847808744618866e-04
1.471284404627463e-03
1.137324845361480e-03
8.646858607316115e-04
3.991978362087414e-04
7.173311063171021e-04
4.963548104138792e-04
1.066297862279112e-03
6.540400762219421e-04
6.971423639885994e-04
7.839906641710277e-04
2.630600927667795e-04
8.470867004483545e-04
8.190062581841807e-04
3.969491879335962e-04
1.119462807837742e-03
5.067440496907778e-04
1.452598193932871e-03
9.993465942188464e-04
1.341872114294727e-03
5.140439883725955e-04
1.287218520259088e-03
2.432779053491586e-04
2.902688728574904e-04
1.144620946359349e-03
5.121626404423381e-04
9.370423113927500e-04
9.218437425966348e-04
8.197425059574273e-04
3.236064681419633e-04
5.027402495460445e-04
5.238650100675053e-04
8.530362227532988e-04
7.533936881835099e-04
3.729148031912848e-04
1.200324674060800e-03
5.918443962168783e-04
1.159184100525255e-03
1.342059243713108e-03
4.516870877258462e-04
1.248011465846067e-03
3.351274331374311e-04
1.144766396743827e-03
8.380480121242042e-04
6.998903483892642e-04
5.158405923706760e-04
8.712171824230524e-04
3.267008366185895e-04
6.212288912152973e-04
5.585752349727208e-04
7.032107981322899e-04
7.557405520924474e-04
5.216896913986164e-04
3.275428864407597e-04
1.145555918697168e-03
5.123750245693149e-04
1.229644042989372e-03
5.629347745907605e-04
1.341370860892775e-03
6.568967926855062e-04
6.975092876866539e-04
9.613450474897243e-04
5.057792522519847e-04
1.220305427615349e-03
1.274848882198263e-03
1.035344372025987e-03
8.792364839576999e-04
6.894314810146568e-04
8.039610252108160e-04
1.061204026392981e-03
6.215626775396128e-04
4.542328958749234e-04
9.542279160506829e-04
8.353772104862250e-04
1.035662271911501e-03
1.164907853469130e-03
3.851489647015037e-04
5.979034913309192e-04
8.431624748228129e-04
8.655912723849199e-04
6.176402453704551e-04
1.024600150882115e-03
8.285463669054178e-04
5.541923472288837e-04
7.824541518347434e-04
8.336316514269903e-04
7.865393077646735e-04
1.862537077806789e-03
6.586156718608337e-04
8.396739214478270e-04
1.183751698150324e-03
1.246087618190978e-03
3.857947764350490e-04
4.123078236486294e-04
6.049458528633924e-04
3.623775076236470e-04
4.977462327696477e-04
8.837494683716504e-04
3.539419959701875e-04
6.134721864143140e-04
7.145075074179320e-04
4.490674411686991e-04
1.410025160210812e-03
6.518370926264503e-04
9.808400829210205e-04
1.030895161775991e-03
6.267744319039925e-04
9.354298001103566e-04
6.057901963384762e-04
4.725685594107250e-04
5.786359575604109e-04
1.058840994135849e-03
2.722028745030495e-04
8.891047449471506e-04
3.169136508240804e-04
1.761728513403193e-03
9.078677647889166e-04
1.453309467584356e-03
9.101826437609279e-04
1.173930647469586e-03
7.271280432146498e-04
4.830710421224722e-04
5.993635031240329e-04
7.731927544849912e-04
3.075440787043236e-04
7.124064699363273e-04
9.947012478540177e-04
2.810790423337102e-04
5.885834666757670e-04
5.045676739282058e-04
5.341037305570909e-04
8.116115976875370e-04
5.153392913561437e-04
9.523547159034794e-04
1.479044437500433e-03
6.162432921813705e-04
1.216007557457209e-03
8.170758156250980e-04
9.069702125534078e-04
3.798539371076207e-04
1.624951879409120e-03
1.269981306622259e-03
1.013822033792912e-03
1.017468405278960e-03
7.938416818161148e-04
1.636216729542741e-03
6.331756168933745e-04
1.878725734169218e-03
1.033159849809147e-03
3.550196468046498e-04
3.147460734787769e-04
8.366806827673853e-04
8.648800239382667e-04
1.152548960278402e-03
1.068548011454471e-03
3.560842257547841e-04
4.734946377904692e-04
3.960763137227345e-04
6.582829096209496e-04
6.146623031892534e-04
4.750063804165580e-04
7.404406469154366e-04
8.322303478477799e-04
6.676838158609825e-04
1.640777134963712e-03
1.454146225750760e-03
8.975051317672415e-04
5.279992016700361e-04
3.702276160049857e-04
1.179268008092109e-03
5.183748000253280e-04
1.422140126631636e-03
1.257263249439386e-03
8.265428378380034e-04
4.525206411398689e-04
8.581846291867130e-04
1.447885033253519e-03
1.291237136241393e-03
1.711594143202492e-03
3.327446699843555e-04
1.026832212061368e-03
6.640307830995762e-04
1.030404452454884e-03
4.331397209341303e-04
3.599246635242704e-04
6.593996654464972e-04
1.167094774951974e-03
6.817726470883108e-04
7.217105153521200e-04
7.571838497403321e-04
1.021452428585629e-03
4.403203287217320e-04
5.586583515153086e-04
6.943628428413326e-04
4.486046439761563e-04
1.408675479965434e-03
1.373168674940810e-03
9.703175527631359e-04
5.394869090591802e-04
5.672888236654136e-04
9.848122386342157e-04
8.938487256230483e-04
7.639022361547604e-04
7.191081556092176e-04
9.538629334014086e-04
3.633943506212671e-04
7.218218557615670e-04
1.716051165131557e-03
2.453383460570174e-04
1.731589844235129e-03
9.736882952493941e-04
7.852317757359076e-04
6.333345795630152e-04
4.240204846385194e-04
7.847952943683561e-04
6.835219591028432e-04
5.230090422687667e-04
9.220888664430106e-04
3.665125241207660e-04
9.712309029223697e-04
9.068610047277950e-04
7.831172405839708e-04
3.894190235338652e-04
1.097452910754612e-03
5.820659696318058e-04
2.648771982669388e-04
7.870132323394394e-04
4.536668865076363e-04
8.084509788864856e-04
7.528107351642724e-04
2.785009035063050e-04
4.236779580827700e-04
3.096367505684359e-04
1.321471455978088e-03
1.554071595014875e-03
1.028286026220061e-03
3.286697038935770e-04
4.900921229852386e-04
7.897881785659823e-04
9.982358794957055e-04
1.090649047147722e-03
1.042810432779995e-03
5.229447029717782e-04
9.896270280049288e-04
8.759901755068563e-04
9.893112720669895e-04
1.151966178227392e-03
1.119136309146792e-03
1.922882427134704e-03
4.599449255998430e-04
8.737968759004473e-04
1.104901281313881e-03
3.847474934499885e-04
5.365075351281434e-04
1.107429822763681e-03
8.255975112846596e-04
1.095759034569850e-03
6.493446394237419e-04
1.285826199375645e-03
1.612851415558303e-03
5.175639148899885e-04
1.133715989803920e-03
1.311182326005180e-03
6.483494566923054e-04
5.959903339219989e-04
6.290166030128601e-04
4.285904970881623e-04
7.263644185931651e-04
7.773368273855195e-04
8.196665419225197e-04
3.363077801217102e-04
5.374800229773904e-04
8.083178981496827e-04
3.738591363746277e-04
7.597704116537112e-04
5.715610980131243e-04
7.183936007185245e-04
4.557603888560325e-04
5.214497828834722e-04
9.225394996357334e-04
5.398378136890624e-04
5.910563856859374e-04
1.602002115166212e-03
1.400621258501625e-03
6.813135859559379e-04
1.008492785094392e-03
5.861697366744034e-04
1.005263942655934e-03
5.158019223698819e-04
4.246125661979891e-04
3.357799448142492e-04
5.501734459871994e-04
6.998537182657567e-04
4.289613026575906e-04
8.886915658944776e-04
6.700918104144541e-04
7.378571977684212e-04
4.615538907815758e-04
5.770290858849918e-04
7.149674338892426e-04
3.924050467927382e-04
4.946989096350830e-04
1.033506682803773e-03
1.074989945579748e-03
7.174223373600189e-04
9.427156104552747e-04
1.519327051332885e-03
5.689372506178308e-04
5.440013303531855e-04
7.336449333611603e-04
9.517413659329598e-04
1.084779720839090e-03
8.980614987452761e-04
1.398580628314857e-03
1.046634248860198e-03
9.955733756281991e-04
4.655005566597652e-04
7.181511770264189e-04
3.384102395077352e-04
4.151580153700507e-04
8.185151245216208e-04
1.157424292967456e-03
3.930014138875464e-04
4.456867603742927e-04
9.639115207765955e-04
1.040985527803091e-03
7.915006160453188e-04
1.096712064093266e-03
7.974645319512760e-04
3.845714708626095e-04
5.426911163341288e-04
1.056042703936811e-03
1.347858588458007e-03
6.093878986621254e-04
5.744005434599457e-04
3.507532396507276e-04
9.763688788729311e-04
5.686664080547300e-04
7.877415747032983e-04
1.409735861988172e-03
6.709882609560043e-04
1.053244415754711e-03
4.156025578249887e-04
6.282788288798580e-04
5.435611315844570e-04
9.435314111878287e-04
6.203281055858699e-04
6.319195647521713e-04
9.479922062159237e-04
1.264146543321856e-03
9.142671726758534e-04
5.548029865340750e-04
6.849978961705621e-04
5.403982683669800e-04
1.230478380618964e-03
7.511747655951413e-04
1.317631350553473e-03
3.258632511669983e-04
1.068259636393710e-03
4.022300521906423e-04
8.212686064479023e-04
3.056948952169165e-04
6.867967275915699e-04
5.780173796734343e-04
3.733782016265005e-04
1.055129530478802e-03
2.933954408357898e-04
1.732962610751456e-03
1.187293511467519e-03
3.139964979552812e-04
1.006398756163918e-03
9.848449033643598e-04
5.855553576431593e-04
3.822160376292826e-04
7.549288134950110e-04
2.626312657336477e-04
7.045134221807216e-04
3.049472136384648e-04
6.989947846537155e-04
2.873541181887763e-04
1.249580573323443e-03
4.044589637301547e-04
6.618068432364037e-04
9.465301722308200e-04
1.284359006440280e-03
6.163714676293125e-04
5.210437544448025e-04
8.912729141968387e-04
7.185234845084034e-04
7.874244566942419e-04
8.771541900663910e-04
1.045013978994381e-03
1.572620030770053e-03
6.721684232254170e-04
4.649389483667915e-04
8.942086077321507e-04
5.572589296833098e-04
5.220008824603865e-04
4.301395843695052e-04
3.126851374937551e-04
8.508499477174940e-04
1.022313503218647e-03
1.301891924553359e-03
1.737821494574129e-03
3.302424786155989e-04
7.132568818425096e-04
9.196897757728796e-04
9.284351969888906e-04
8.702069485449081e-04
9.546679623732293e-04
1.023145508836136e-03
7.921630825881612e-04
1.507708740824194e-03
9.306947860942363e-04
2.889994541535815e-04
2.923789332325543e-04
1.162631565828405e-03
7.018471406510722e-04
7.147416472525688e-04
2.708609818045480e-04
1.152436126206136e-03
4.989620280723505e-04
4.541141652507540e-04
1.133167097362925e-03
1.282774778836983e-03
3.823655509719007e-04
7.553097056162385e-04
6.583676110216802e-04
4.103546228236988e-04
5.924752892871191e-04
8.696072251911367e-04
1.610196540329413e-03
7.908360618667673e-04
4.716372482051761e-04
1.272257063099978e-03
4.226827117339018e-04
4.716244721797372e-04
8.384104272367899e-04
7.537052164675921e-04
6.038400789736858e-04
2.400174419933757e-04
1.129280231920376e-03
1.012909090202984e-03
7.968013033636384e-04
1.014253607179022e-03
9.431696777005102e-04
7.307773444970940e-04
5.081563602381937e-04
4.893954483942346e-04
8.940524990830251e-04
1.131499837827546e-03
5.068714428210215e-04
5.405217537974386e-04
2.787269364595300e-04
1.440367097870695e-03
2.958721999496745e-04
9.999493873141209e-04
7.805291120153803e-04
1.535206547719961e-03
4.779319241058399e-04
9.275009068220992e-04
7.497835666368309e-04
1.055620960203976e-03
1.380418248659515e-03
8.400764601954950e-04
2.529557155660176e-04
4.776581751831567e-04
1.047724718417967e-03
3.349162389605082e-04
3.720106238305788e-04
1.322623487604291e-03
8.211237823488599e-04
1.118472484032803e-03
4.193627603945108e-04
1.115530810946585e-03
8.955527223295968e-04
8.952372698202873e-04
4.595455389474164e-04
1.084744881586640e-03
1.061442344362344e-03
6.270171853250117e-04
7.582955761007300e-04
1.408879928120721e-03
6.977670372043358e-04
7.117545818807082e-04
4.380750955617865e-04
2.158727684443871e-04
8.614252380509175e-04
6.846735134616090e-04
5.915106684969253e-04
8.520883681111999e-04
3.899323526366519e-04
1.031218432839079e-03
8.634320854878528e-04
1.678032224611816e-03
4.188212563773119e-04
3.361542896139840e-04
6.574595450490499e-04
1.169446022343423e-03
1.262426380798448e-03
7.164077667974702e-04
1.393627406362379e-03
4.905311942321163e-04
5.699971941460062e-04
5.894051921483296e-04
8.566001449039118e-04
4.430720560507220e-04
3.658994929084323e-04
5.738745143504353e-04
6.947285623169568e-04
2.864507364838485e-04
8.486796859918843e-04
1.090043306533329e-03
6.357907322780537e-04
4.928099443207706e-04
5.748818967973568e-04
3.229252297500248e-04
1.176306252241991e-03
2.670482892399671e-04
1.087520904588045e-03
8.531217864611528e-04
1.179232371980201e-03
8.409562176996280e-04
5.583850062486239e-04
1.716454173532345e-03
6.982005607738503e-04
1.531221708418867e-03
1.027873418729133e-03
6.058126123454613e-04
1.057125096992220e-03
6.123866570775733e-04
1.040314315940774e-03
1.039560448370762e-03
5.462367601758223e-04
7.985083188783585e-04
3.052548399772305e-04
9.704637704482931e-04
8.280100489581861e-04
1.198650804155936e-03
9.570850574842056e-04
1.289919598732560e-03
1.018865348950094e-03
4.985384160484019e-04
5.566129492776248e-04
5.813011619496573e-04
6.525635266733844e-04
7.491208900684867e-04
1.045766185926709e-03
8.764218746800574e-04
4.689244226507745e-04
5.288227597583807e-04
4.517649654578787e-04
1.248969844879146e-03
7.150588528254592e-04
5.335145228716435e-04
1.539514427832752e-03
1.255165827887070e-03
1.341158753431745e-03
3.421395335532278e-04
3.481614869052481e-04
1.340548102609455e-03
5.725111462263144e-04
1.116673637047852e-03
8.313780827986330e-04
2.763244955713168e-04
1.170936799292431e-03
1.055632497665698e-03
6.537312764740074e-04
9.774440457698767e-04
6.937190837897067e-04
1.158518159030881e-03
6.341345946935690e-04
7.194130308685975e-04
9.442582171653298e-04
4.789832145991026e-04
3.654987444621182e-04
1.099566969947116e-03
9.864751214374063e-04
8.662876373157997e-04
7.052179225719051e-04
1.005019962665543e-03
6.800027977691740e-04
7.556515959872636e-04
5.053574960034325e-04
1.127359674835507e-03
1.011473917870785e-03
7.796296455362688e-04
1.279331284786316e-03
1.152006595440513e-03
9.515313340788853e-04
1.250632456086297e-03
4.164810341308169e-04
3.938065096678438e-04
8.640031802507061e-04
8.674793420035241e-04
3.350865437391777e-04
5.976340285421893e-04
7.191616637412737e-04
7.648484766331958e-04
6.684686254638354e-04
2.766255486748411e-04
4.225633094199097e-04
9.280786437299147e-04
2.646399737214365e-04
4.731005628075103e-04
5.778445081182843e-04
1.054281253058142e-03
1.138344861822354e-03
4.827301290055261e-04
3.959582591487438e-04
8.936862620434625e-04
5.619913632530762e-04
1.257939003108232e-03
2.485767534543129e-04
1.061380365547836e-03
1.489237664011806e-03
9.050860884705011e-04
8.150628513661686e-04
8.380314956199291e-04
3.676701691474615e-04
5.560998763410953e-04
3.236549010543764e-04
2.212969260335965e-04
8.940191841508152e-04
1.158738185917206e-03
6.352713330805526e-04
3.146756044675647e-04
9.878589533948499e-04
4.375756034836503e-04
1.000056188688842e-03
1.148153346553925e-03
6.376891099016109e-04
1.263954904212959e-03
5.052349443569164e-04
5.559689961575512e-04
1.185329449312292e-03
3.313073850268661e-04
7.484463411213438e-04
6.167691931286828e-04
6.177770979807232e-04
9.798594930428587e-04
2.899103902069276e-04
6.465881174941519e-04
5.147551351421251e-04
5.186885998815973e-04
6.729773046439146e-04
7.534840170525298e-04
6.006440636422076e-04
1.618657111892424e-03
8.197147617833678e-04
1.111167126907292e-03
8.671227637732369e-04
3.683622180816531e-04
3.938370906134937e-04
4.258619393833167e-04
3.807332735933982e-04
3.432686675917124e-04
4.580521432482440e-04
6.423850799330449e-04
4.863489392625300e-04
9.229460877894123e-04
1.636663321871503e-03
6.942459812171369e-04
2.586732503779031e-04
4.580433718455280e-04
3.837852146325369e-04
1.023147887944575e-03
6.048419201667681e-04
9.231436741939028e-04
2.475269292634757e-04
8.002491729571587e-04
6.412255416715284e-04
7.639529370411227e-04
1.635822980332182e-03
8.460172286357536e-04
7.940147958501019e-04
6.919868404763312e-04
9.546946799152322e-04
1.197001612089242e-03
1.651429974909547e-03
8.185564578095149e-04
7.216577062997351e-04
5.318688187072707e-04
6.958349770394535e-04
9.120076909227352e-04
1.116652046944690e-03
4.666997236153563e-04
1.244603555411587e-03
1.392376259307107e-03
1.008252387975148e-03
1.306263544628353e-03
7.132610896280428e-04
7.315365717975289e-04
1.335907509704962e-03
4.159945971340442e-04
4.323347041308430e-04
8.580101765104534e-04
1.154827843760206e-03
2.604312512120470e-04
8.843042853343251e-04
3.247531686955229e-04
4.343002542153336e-04
8.442687750195470e-04
1.081978553776029e-03
1.069796324543081e-03
2.627799133052028e-04
6.103150479249615e-04
8.661072060621370e-04
5.825911945286954e-04
1.074242478831258e-03
6.322003227211782e-04
1.554299461934945e-03
5.729787172475110e-04
3.438124404702397e-04
9.535798670194575e-04
5.446462496183022e-04
1.024645772154579e-03
1.024879275041943e-03
1.611019754400614e-03
5.683883717118764e-04
8.100352876891784e-04
2.207678211493098e-04
1.080336325392438e-03
8.233508265601160e-04
1.403810218060229e-03
9.320858738179650e-04
9.662141924254184e-04
6.519979028598486e-04
7.698344724191414e-04
5.073090280199827e-04
1.232170498771316e-03
1.211098869524449e-03
3.631483562814456e-04
8.197936751051497e-04
9.309330163086967e-04
5.488507677028779e-04
1.098192374736888e-03
2.421295071816041e-04
6.751940379195129e-04
6.032941902242270e-04
9.271530110549332e-04
1.593833287649541e-03
3.477785598221332e-04
1.112001381677770e-03
5.122087070578731e-04
1.093836202571992e-03
4.051654437855209e-04
5.899824377537005e-04
3.192044386407921e-04
1.325338139458109e-03
5.887798492276847e-04
3.499028767453464e-04
5.513090303559459e-04
3.107170098474013e-04
1.041591523922599e-03
1.399195949818542e-03
4.964809881165970e-04
9.642749275969244e-04
1.121544074075183e-03
1.222212439935617e-03
1.228852860623256e-03
6.371369875467596e-04
8.457453134477535e-04
4.564470693884145e-04
3.586186743196862e-04
1.434548635060848e-03
6.303418067176653e-04
8.108672178234834e-04
7.065078990195612e-04
4.038163621002460e-04
1.141835865581605e-03
1.294065214684596e-03
3.007378681898174e-04
6.752213626148452e-04
2.763215260044863e-04
1.022324234840931e-03
9.342660256386373e-04
9.179366498522775e-04
2.817730732196287e-04
6.733211366193663e-04
1.188251064021056e-03
9.047380937154962e-04
5.256135658214216e-04
2.343868017948384e-04
1.268193253643612e-03
4.849921504316163e-04
9.028135398923731e-04
1.140474619511474e-03
8.293206563247805e-04
6.568597514758504e-04
9.885676104928660e-04
4.066838514166326e-04
4.587264794778683e-04
4.298918134644225e-04
7.591195234492615e-04
1.138277362751844e-03
1.014896452692214e-03
9.691652596604634e-04
5.234460670498733e-04
6.346026834339374e-04
6.650012621816674e-04
8.604648920077452e-04
7.697189875752432e-04
4.339589233791593e-04
9.187896212337913e-04
5.908073775142549e-04
4.681863314929605e-04
6.933754000851021e-04
1.354485636132898e-03
1.002271849909326e-03
4.925430233665437e-04
1.550831351535620e-03
8.202560752244710e-04
1.319779236833536e-03
6.231574374019901e-04
5.588104821811279e-04
1.177592819739035e-03
8.634758980293930e-04
9.268762666527143e-04
1.294766049849118e-03
8.165038008094976e-04
8.590882248273499e-04
9.896222477586980e-04
4.229064645082260e-04
1.481739155505397e-03
1.087009075020705e-03
5.373256529267857e-04
4.496680426569848e-04
2.767509224879378e-04
1.218380163183112e-03
1.033547190141940e-03
1.003839536077066e-03
1.223835958774217e-03
1.318105488288830e-03
3.307833793325006e-04
9.129160880723057e-04
3.368144177088991e-04
1.281235466473452e-03
3.217731766997960e-04
3.058349506638487e-04
1.254134899002324e-03
2.921990233992975e-04
8.150228460415896e-04
9.444874619474945e-04
8.488644198401138e-04
3.812223678738562e-04
7.522972604153669e-04
7.333762357869429e-04
3.478579879154283e-04
9.514945348331280e-04
1.221149749214275e-03
1.393066553783327e-03
7.907002792136542e-04
4.115241361217658e-04
7.968312972908914e-04
1.158499464234449e-03
9.543635984649437e-04
8.480456330418227e-04
6.220958888555058e-04
4.326476136049927e-04
1.167684015837909e-03
5.294108973505230e-04
1.109396898271052e-03
9.174501504989033e-04
5.639770647834097e-04
1.252441585765364e-03
1.038376169983836e-03
1.303630360032008e-03
1.011263167713051e-03
6.459567226986321e-04
5.074830920225636e-04
1.191964610593048e-03
1.383885448598592e-03
1.299240877310678e-03
9.615580156572584e-04
1.420999543373883e-03
1.177621022525671e-03
5.440721908806220e-04
6.452289227193582e-04
7.292213007911199e-04
5.661652958581441e-04
5.572675424188082e-04
1.483701063627259e-03
3.255359187697824e-04
8.953373851928966e-04
9.442419621036519e-04
8.536704916686242e-04
7.832627499064681e-04
5.070667002988454e-04
5.915883538519040e-04
5.945287479851067e-04
8.822783582569476e-04
1.106992246795629e-03
3.004347902568389e-04
9.815609651476712e-04
1.004607252510497e-03
1.086476647296283e-03
3.319678004803612e-04
5.185738313594814e-04
4.644996373492688e-04
2.769007309138231e-04
1.318587196226037e-03
7.330696190608495e-04
5.746662553084072e-04
2.754528410831851e-04
4.805825326081461e-04
3.346745110115945e-04
2.487652383478062e-04
1.177419727993995e-03
8.223476221028722e-04
7.295503832268279e-04
1.169758105443595e-03
1.202145039199037e-03
7.565365459088211e-04
5.055764273187303e-04
8.046818172198002e-04
1.700171819447396e-03
3.501503362944551e-04
1.181761148051146e-03
5.948930556303224e-04
6.881462384753552e-04
1.276698321358005e-03
9.321893641309811e-04
8.141825609948764e-04
7.987424319523602e-04
9.637494372065610e-04
1.135688310743798e-03
6.657067265044749e-04
1.360895957070980e-03
8.978930554643637e-04
4.648331622268185e-04
1.055749128657810e-03
7.512660931563808e-04
5.565010045735061e-04
5.009847840972664e-04
3.177728845786975e-04
8.905857938392320e-04
6.750501956086341e-04
1.409434486676223e-03
6.013880296262420e-04
1.114743643423886e-03
9.073210118247717e-04
8.079379090554193e-04
5.628411600419865e-04
4.791800296128878e-04
1.080817165361676e-03
2.694140463441708e-04
9.137220077604809e-04
6.384743569774448e-04
5.941836902525839e-04
3.486355739825960e-04
1.375845641875505e-03
6.139979902135282e-04
1.440360150438774e-03
1.179005670372754e-03
6.910121411443069e-04
6.362900556330191e-04
2.414205809205908e-04
4.094121106619584e-04
1.342881291080230e-03
1.078583519610462e-03
3.429088553337677e-04
1.351024880067195e-03
6.556276641958327e-04
4.700730211745551e-04
3.413748159704196e-04
2.952820324934380e-04
1.053083543714689e-03
1.347512174071181e-03
8.553534601028975e-04
2.929235421025365e-04
8.921135622057613e-04
6.872491319523574e-04
6.890445549774188e-04
5.764801335192186e-04
2.720541341559217e-04
4.606490299155592e-04
3.450214791971656e-04
5.025705653091684e-04
4.144406950806837e-04
5.264907841046170e-04
3.031628919676105e-04
3.023051396911888e-04
9.815645694228920e-04
7.416350751288782e-04
5.936140464913752e-04
3.626880839027556e-04
1.016385408336596e-03
1.416163130140472e-03
1.858955429885530e-03
5.173040478010485e-04
8.156762009316472e-04
4.361097804304411e-04
9.816124102403649e-04
9.122389086750208e-04
7.245265094431028e-04
7.416055580406597e-04
8.728327513079126e-04
1.018819204017345e-03
4.274158649984574e-04
9.311585381219507e-04
1.120335389551555e-03
1.231051022358053e-03
7.924082108071015e-04
1.113066189045793e-03
1.159953086016171e-03
7.386681854075032e-04
6.362125828792916e-04
8.591899604021016e-04
4.804049628008603e-04
3.360215818876850e-04
5.587622846606411e-04
6.209691997355103e-04
3.722995164156664e-04
9.098806787814705e-04
3.027914441317908e-04
9.739779865360009e-04
7.763702247255790e-04
7.825883468739979e-04
3.113211747850531e-04
5.714900146302880e-04
6.430084759150718e-04
1.437468682498163e-03
5.340347550921013e-04
1.012104514222925e-03
4.758916399179284e-04
2.475866221145475e-04
7.786779321452244e-04
5.061670947832912e-04
1.501976421133062e-03
4.032899930205752e-04
1.096591719675029e-03
4.647224085277195e-04
6.246828105395726e-04
1.332833942011657e-03
9.928450692208031e-04
7.603959996076955e-04
1.185137375863638e-03
4.148500934165674e-04
4.351571122010624e-04
4.212137201392444e-04
6.701821706270252e-04
1.233610167298419e-03
9.209065648391366e-04
1.628280254051994e-03
6.877621142757972e-04
6.661476364827598e-04
1.193924496222846e-03
7.828559126835771e-04
1.149441838489186e-03
7.401502114745065e-04
6.600555800966379e-04
9.361123671848633e-04
8.564615748503772e-04
1.267351456064535e-03
1.014585960103098e-03
7.889287273602849e-04
7.048919874026568e-04
3.088662561744045e-04
8.723244613750820e-04
1.030756670079781e-03
5.120024527764056e-04
6.978130263532211e-04
3.296507480169461e-04
7.652001132032634e-04
5.975113867916935e-04
8.730326522647547e-04
1.160871273525033e-03
5.843961920621760e-04
1.000206166391350e-03
6.234376729250894e-04
6.181517775786531e-04
3.073637273661992e-04
5.803641937705481e-04
2.666580100542450e-04
5.707589996385890e-04
7.363112191495086e-04
7.046523642321494e-04
3.582641530298385e-04
8.452561549786320e-04
1.236533213836101e-03
1.129178957059640e-03
2.968821334725257e-04
4.911369136511619e-04
4.099309236030934e-04
2.552560636655299e-04
1.158726898811495e-03
6.904807459314141e-04
4.708061731877461e-04
5.968965935365990e-04
2.534513764884300e-04
6.048302318890361e-04
4.882401336647467e-04
6.703767361485192e-04
1.235565538349418e-03
1.297432035308032e-03
5.210179233479840e-04
7.448156295191306e-04
7.501892626219069e-04
5.805423003607103e-04
6.337429691405224e-04
7.234583451433247e-04
6.069323117606823e-04
4.336996599408367e-04
4.571105300803403e-04
3.685471489906730e-04
1.433269669284888e-03
9.928791276400803e-04
8.315763204919020e-04
7.151626978619251e-04
1.313256747217271e-03
1.539777712015161e-03
5.585992782297467e-04
6.261837860187904e-04
8.621801026986990e-04
3.406245934553479e-04
1.439098513492578e-03
2.947990232812894e-04
3.139932468474986e-04
9.346405522263560e-04
1.216725356258084e-03
1.345461052242806e-03
1.166736123668619e-03
1.150035853516199e-03
1.030315588540110e-03
4.668863467531365e-04
4.060153023436164e-04
6.474772299689304e-04
3.414448579979527e-04
3.482461814754658e-04
5.987640934463850e-04
1.008542187482392e-03
6.233453861478259e-04
5.007940330119060e-04
1.022197108416926e-03
1.555893988001330e-03
6.973492118104371e-04
3.154442979433468e-04
8.622045634163503e-04
9.222207145352486e-04
1.128856426581841e-03
5.319366733538152e-04
8.139531179317864e-04
4.626380801369666e-04
9.805535279532849e-04
4.652841048271710e-04
4.435673147241506e-04
3.014968193991618e-04
3.492429949308522e-04
1.182919184766568e-03
1.054649620845231e-03
4.001253091310158e-04
3.522418409405796e-04
4.594665115651911e-04
7.796445741244159e-04
8.001746007534402e-04
2.384478811753977e-04
5.944890675335921e-04
6.830355256689409e-04
9.500175432939843e-04
6.510281779637660e-04
4.552129168793435e-04
6.801906827651501e-04
2.535264703166267e-04
7.340406053258203e-04
3.871591317412120e-04
4.063186454368513e-04
1.069279388199053e-03
8.001415096351410e-04
9.528156453835100e-04
1.051224593748411e-03
7.929470609153446e-04
1.230000964345029e-03
7.786105818727933e-04
6.144306479141293e-04
1.303794064921782e-03
3.975231163063081e-04
1.114533310195463e-03
3.878045915040719e-04
1.310400942536380e-03
7.675452658316824e-04
3.851152496909841e-04
8.829147178195536e-04
6.590015509680236e-04
1.111467002498504e-03
5.811438737020502e-04
2.364135494189355e-04
1.593898399996403e-03
6.094801273076166e-04
3.568337298311289e-04
1.532280399289519e-03
7.320338812813504e-04
1.023301358798768e-03
9.580825960030376e-04
6.310866820384339e-04
9.973812386182054e-04
6.300067700857495e-04
4.046328290508769e-04
4.053345649636925e-04
9.869452250631592e-04
1.273043437868213e-03
1.226850954881739e-03
4.554121461405909e-04
5.537031535837665e-04
7.208101120570171e-04
4.163489399187301e-04
8.629046283014797e-04
1.130265453467103e-03
1.070363684646196e-03
1.145619917726001e-03
4.049613956894375e-04
4.605637010474222e-04
9.696354824883379e-04
1.054451165280969e-03
2.568644808053553e-04
7.465073345496692e-04
9.568135122952611e-04
3.821047678200136e-04
5.187290109871978e-04
5.413995136501613e-04
4.608102292235971e-04
4.212887941797778e-04
1.145050412863782e-03
9.430678774670251e-04
5.084960289987362e-04
1.113041364234763e-03
1.392343207292399e-03
9.347593648452101e-04
4.634104712761024e-04
5.152814717142266e-04
3.651690712736646e-04
4.756662627781084e-04
3.172667085526554e-04
1.549556716667454e-03
4.288792389694580e-04
3.096381107095605e-04
1.096739354150214e-03
2.750624795625499e-04
1.245621949073659e-03
7.407343513564747e-04
3.216286429861750e-04
1.271983272758305e-03
5.075023412443122e-04
5.194126182363454e-04
8.529927865513453e-04
9.864143115467091e-04
1.009918803449102e-03
7.480841400435318e-04
4.737357885780623e-04
5.809886914098308e-04
5.678614725833236e-04
1.224743854670107e-03
1.108370363074309e-03
2.320617550866852e-04
1.003866834422788e-03
7.589629539487828e-04
4.479959083645799e-04
7.390989606220843e-04
7.002947178111566e-04
4.901244888614018e-04
5.637946405382358e-04
7.531525459981267e-04
7.878930091422191e-04
4.705087262326720e-04
9.623794899746793e-04
1.083075035762406e-03
8.453507616430852e-04
1.144174054624714e-03
1.127225246009083e-03
7.847732896643050e-04
6.551200596764198e-04
5.739059595343532e-04
8.427465868438959e-04
5.624963079000906e-04
1.214539556624976e-03
4.206265504498408e-04
9.954060720121188e-04
1.096472424287896e-03
5.513039785561666e-04
1.026985181067600e-03
4.426153176248948e-04
8.258876018309785e-04
2.381003135997885e-04
1.123244855789421e-03
4.428412268164363e-04
7.481851113243773e-04
4.280774925103517e-04
4.590020079839135e-04
8.018986497223486e-04
1.206477498876804e-03
7.684739282153450e-04
8.237170652070104e-04
4.559629689433713e-04
6.620051338457104e-04
6.248507083940981e-04
4.908222373559540e-04
6.521666886853811e-04
5.747902752541256e-04
1.678983945608601e-03
2.944139028940429e-04
3.935683736248855e-04
3.823998060149516e-04
1.585487777944441e-03
3.575160763949800e-04
3.650934857999994e-04
9.051340967734444e-04
4.497156139892638e-04
3.425857344417808e-04
8.120183301520742e-04
3.105492189272126e-04
9.115481533499844e-04
9.992376856567543e-04
3.962584367601079e-04
6.741836090368367e-04
1.686233450469775e-03
9.482061180905410e-04
7.759721209998602e-04
7.538076151201579e-04
1.265097852792283e-03
9.427782681465666e-04
9.130090219794793e-04
6.302983962287991e-04
5.842429410529322e-04
5.315080230753257e-04
5.737660320932185e-04
4.065779620103336e-04
7.724319421928093e-04
1.442597474069158e-03
9.390263094492626e-04
9.270186255519104e-04
5.110134252633477e-04
5.279447554956860e-04
3.847447129598590e-04
3.996436719469369e-04
4.404694582954492e-04
7.741140542190866e-04
6.048369340485308e-04
3.341918207963353e-04
1.143486631380807e-03
1.400004717940065e-03
9.461061367718735e-04
6.971734968994074e-04
1.386403009141004e-03
5.835653863832885e-04
3.140536423394862e-04
2.863003506072969e-04
7.459034621300053e-04
4.359645003856799e-04
8.562181901410813e-04
4.983483077709128e-04
4.602859465937575e-04
8.828993978757036e-04
1.067493707679545e-03
2.924427975636051e-04
3.091847227441258e-04
2.597712523243664e-04
1.010330636779383e-03
2.540708160586178e-04
2.278320582879446e-04
1.118338192006588e-03
9.229096860362690e-04
4.788845258542172e-04
1.187183525224543e-03
5.664535314235380e-04
5.866178656770238e-04
3.337209680151071e-04
3.656114464292090e-04
5.661234284303355e-04
3.490312620026789e-04
7.542450913625564e-04
5.225035321115299e-04
1.655084978362295e-03
7.630338735851318e-04
1.104544725053090e-03
1.737855970209672e-03
4.083357215649379e-04
1.004798551712039e-03
2.325307813499223e-04
1.091327705763388e-03
7.563077925960505e-04
6.496282713124978e-04
1.012959834890812e-03
1.022932304807469e-03
4.396318925005569e-04
4.467450879508399e-04
3.854699860146664e-04
1.054531958257494e-03
7.715091635899856e-04
4.646273573339919e-04
8.239026589390736e-04
1.132637621740127e-03
5.205331757687267e-04
1.272239834768522e-03
9.413435964507934e-04
1.366761322588925e-03
2.633401376656294e-04
4.068813222029498e-04
6.970643566067199e-04
8.052557978980468e-04
1.405455448470095e-03
3.536874539013698e-04
1.655398125259088e-03
6.272334692403634e-04
7.746137510070614e-04
5.475206877205288e-04
1.385330060600023e-03
6.358989282285750e-04
2.576802622918348e-04
7.505007979993920e-04
4.128696768354551e-04
1.112994520360957e-03
6.865269824279965e-04
8.491524199913296e-04
3.472553905741882e-04
6.304748096325452e-04
4.318118595210364e-04
1.181222289884676e-03
1.158955124034421e-03
3.223370609811169e-04
8.238028686748247e-04
3.652146500641234e-04
8.078182256208901e-04
9.906724131863987e-04
8.917146835517140e-04
1.322327256746513e-03
9.970544600847518e-04
9.844813173735074e-04
1.062179357277450e-03
3.725016571523050e-04
8.784050212136833e-04
3.873337056045468e-04
1.094078955706678e-03
6.487080555819906e-04
6.302962867476981e-04
6.172189325168113e-04
4.109363131326356e-04
5.667640256359402e-04
1.292720910134852e-03
6.578790024060160e-04
5.511119024100785e-04
4.417156159184081e-04
3.048697258683916e-04
8.501042593774568e-04
6.199443953458980e-04
3.045247639460705e-04
1.280831963701041e-03
7.242869296680722e-04
1.506800286359339e-03
4.299920459943032e-04
1.157249392083830e-03
4.200535094885346e-04
3.216936135616076e-04
8.677838698174464e-04
3.508326294698542e-04
3.399391455661466e-04
1.526943606799891e-03
7.215040626670597e-04
2.328968066728955e-04
8.982814053234069e-04
2.785483657392788e-04
6.432249813639504e-04
7.987926311301169e-04
3.593121436619619e-04
5.440533916361999e-04
5.494295575658413e-04
4.563078783486656e-04
7.552332788925774e-04
1.088668985943242e-03
1.109968807623984e-03
8.608110565904868e-04
6.468253699395865e-04
1.253725142543521e-03
2.642770455918329e-04
5.505932299884769e-04
7.222276506134674e-04
1.277400281176473e-03
3.380796957435634e-04
1.033548047933135e-03
8.423177800344089e-04
8.740519172738331e-04
8.914985453719309e-04
1.735826945998722e-03
3.893996506326844e-04
5.469290834382824e-04
4.647754464805415e-04
4.747677100465980e-04
7.069126029812899e-04
7.801508496218446e-04
1.580857905897117e-03
7.335297693061678e-04
1.547850048645477e-03
3.666264224900422e-04
1.012097614761014e-03
5.153150036298164e-04
8.272993019349556e-04
7.560290685041525e-04
3.804876273373697e-04
1.085966629340590e-03
2.483735570478544e-04
3.885991532261887e-04
9.845840273990550e-04
8.304118538413625e-04
8.381836568871283e-04
2.515905950886507e-04
1.076318195122817e-03
1.655844052724792e-03
5.221237868175713e-04
4.391103007478801e-04
5.302700032769874e-04
3.918608614717559e-04
4.438618135465543e-04
8.028782955504164e-04
9.460331484944010e-04
1.247572199621013e-03
2.724990968536482e-04
5.460744931925045e-04
9.726683014514917e-04
6.736581145206384e-04
1.078086936923633e-03
4.981636552319965e-04
9.378406271032787e-04
1.048745775602548e-03
1.479668325758817e-03
1.119872919834521e-03
4.680653513916166e-04
3.239330433349738e-04
5.195306575025558e-04
5.477105001356194e-04
8.033603234619219e-04
1.024970138655893e-03
7.997605019915424e-04
1.341384676310336e-03
1.067405226205916e-03
5.835690184233370e-04
4.206612881986365e-04
3.814408729004449e-04
5.734561381580692e-04
4.678827974234293e-04
5.454246107054741e-04
7.216842780429974e-04
4.493268053492788e-04
5.334372856285913e-04
5.353134647738530e-04
4.449180680035524e-04
5.850718410088020e-04
1.122243125634114e-03
1.109736284544573e-03
1.312927988211223e-03
1.107286029086368e-03
3.611774318357128e-04
1.343908819654144e-03
4.983662230953971e-04
1.283243156481726e-03
1.096703661140363e-03
1.378679130304969e-03
1.329797728651280e-03
7.771896933116291e-04
8.997374543130842e-04
4.075479151218168e-04
9.320046716669840e-04
1.792034220459518e-03
4.584109432471826e-04
4.771227817120072e-04
4.603641399773486e-04
9.174678716905306e-04
1.217144291046816e-03
4.591755363064197e-04
9.513894954049950e-04
1.286836834989232e-03
5.047693872110335e-04
7.351009554540128e-04
8.440189466872529e-04
6.730939757668426e-04
3.159846648133615e-04
6.048609304310829e-04
7.307309612174488e-04
1.152670177981677e-03
7.178977809448908e-04
6.673287063059339e-04
6.968481285676731e-04
1.279007279655959e-03
1.079588595866391e-03
1.079994612880629e-03
3.493685137080360e-04
6.728053187331865e-04
9.339793792069362e-04
4.068055862268493e-04
4.532418476487954e-04
9.201559319579513e-04
1.084664088683673e-03
5.980018246433059e-04
6.302575518225603e-04
3.918159723536493e-04
1.113584619870763e-03
9.361715431314146e-04
1.116183350532140e-03
4.859025800199716e-04
5.063445060029861e-04
5.089568998702526e-04
8.857652205692177e-04
5.528231471575699e-04
9.418454199941038e-04
7.877548795379541e-04
5.681517303193572e-04
8.706522174190886e-04
9.145089568292752e-04
4.764811214636443e-04
7.485875632564683e-04
2.164852828724852e-04
2.806884373005871e-04
4.905923306651849e-04
8.869557119039348e-04
2.667999076783422e-04
1.162755046536462e-03
4.205437760969610e-04
7.241644874550796e-04
1.397548487971349e-03
1.516856081038621e-03
8.441630915587796e-04
6.162785001512462e-04
3.023255494018238e-04
1.300292690425770e-03
4.443420984694816e-04
1.071887949797934e-03
9.775993955670802e-04
5.723764926260469e-04
5.101722703849769e-04
1.433143507778535e-03
1.039520256307205e-03
1.061269844541071e-03
6.027012362778902e-04
8.502725375380581e-04
6.476690523496058e-04
1.019860318034831e-03
9.756988491796776e-04
5.565357827610129e-04
1.037073688937480e-03
1.484012264662392e-03
7.847550869032917e-04
6.169733266875789e-04
8.742284757281399e-04
5.170005869627999e-04
1.155119391508074e-03
7.708468339164279e-04
1.026938537960878e-03
1.752564733954093e-03
1.690679883198302e-03
3.973533973588183e-04
1.589331321733246e-03
3.895519933385711e-04
3.111746776293157e-04
6.416243959220515e-04
1.418427869395134e-03
9.676422284957566e-04
4.759167462060122e-04
4.100106515331284e-04
7.003677137493448e-04
8.368608207929754e-04
5.977587360462414e-04
1.015605297005423e-03
8.276707985619794e-04
3.736149924178897e-04
1.057462144774965e-03
1.088445632721975e-03
8.539361665879110e-04
1.580242714482074e-03
6.281773429812736e-04
1.169385200543187e-03
4.077865708319234e-04
5.813940918619255e-04
9.398323866848241e-04
1.594445538509330e-03
1.200371818848656e-03
6.849776899818602e-04
3.108802879980081e-04
3.231929328354352e-04
1.002955515683028e-03
8.970662744428230e-04
5.740289652500714e-04
7.125266361525127e-04
1.039351453417241e-03
1.436734310806695e-03
6.149367491665151e-04
6.315361301699879e-04
4.805648385810169e-04
6.361430818392240e-04
1.203753373351914e-03
5.195008971283714e-04
6.860223399880662e-04
4.885393615338062e-04
4.190518538357079e-04
9.722951577220312e-04
6.683463327674132e-04
9.580134008023812e-04
6.074080198924428e-04
1.139262449625552e-03
4.616947614753082e-04
7.956670584842662e-04
6.969009805727031e-04
4.066481885222147e-04
1.251672328382860e-03
1.066321676560030e-03
4.799916771078571e-04
4.701414236296122e-04
6.539844608878566e-04
9.935295479682545e-04
1.058056738848916e-03
4.743395075057009e-04
8.192749388246292e-04
1.745539871015673e-03
1.265436639856585e-03
8.719319332900886e-04
1.001105598111704e-03
9.869279553331039e-04
2.829465755268804e-04
4.493428959366818e-04
3.287183740109894e-04
9.896921335147697e-04
9.664225415397340e-04
9.695698298873732e-04
6.398748082922895e-04
3.330002600613862e-04
1.367631273714433e-03
7.348762657169999e-04
9.738570056421111e-04
1.312550886909370e-03
1.175337839812973e-03
1.101646872611986e-03
9.786017542691031e-04
7.594721290373765e-04
7.913408469511791e-04
7.198542969082789e-04
3.590285161177019e-04
2.086040826885507e-04
1.076939766663036e-03
4.161972832578261e-04
3.681251884079864e-04
5.329921550413610e-04
6.594341030542538e-04
9.191452591838609e-04
5.858049016893606e-04
1.378778624236597e-03
5.886833016845791e-04
7.580917363744928e-04
6.590097582128565e-04
5.468282684472079e-04
9.386757473536409e-04
8.376349438877905e-04
6.598614378083621e-04
1.046728690727832e-03
2.978606553776015e-04
9.123953546489493e-04
1.158213034509828e-03
3.460471323757416e-04
6.528026535387586e-04
7.661502103037505e-04
1.225358456576927e-03
3.641050277911627e-04
4.423285901100870e-04
5.509095670649723e-04
8.995103350623723e-04
1.174165140899789e-03
7.149520016469320e-04
9.740091985741064e-04
6.140161776863970e-04
3.254896973363417e-04
3.594853494326095e-04
1.300418208795740e-03
1.036486365556670e-03
4.971474855529240e-04
5.342993580842242e-04
1.184060130276369e-03
4.764224406921397e-04
2.978232230880261e-04
6.381709297531544e-04
8.054875335875671e-04
1.507887906993973e-03
6.338922596038655e-04
6.299799503193784e-04
3.424812428273222e-04
5.222110972341927e-04
2.208049035899214e-04
7.059126312152148e-04
6.582828717311334e-04
7.026465584610835e-04
4.220985959059366e-04
4.540438626677920e-04
4.712883759934486e-04
7.850392949171032e-04
6.247556898198710e-04
7.800156433706027e-04
8.798051698530613e-04
1.316111351401506e-03
1.253064163665774e-03
4.337378180921152e-04
5.142925868693544e-04
9.133042730261587e-04
4.583306028607904e-04
3.055586089499258e-04
8.741818626814205e-04
8.154675339507564e-04
5.735020861791354e-04
3.125745258171393e-04
1.503903298890759e-03
1.043041090038247e-03
4.284022081346451e-04
7.644527917794431e-04
8.321914983887551e-04
4.289757695434481e-04
9.792654945939786e-04
4.644694506647198e-04
1.013552027722249e-03
6.292561578453024e-04
3.870641013315042e-04
1.726396890034797e-03
1.139175240471856e-03
4.938445419817008e-04
1.017403572262441e-03
3.312373772183536e-04
1.033217459833918e-03
5.934470948936220e-04
1.627613704444494e-03
4.757419035385370e-04
4.631477635404034e-04
1.217120656419109e-03
3.454221973732249e-04
1.106334952639048e-03
1.585168838558798e-03
1.116184378806086e-03
9.387362944670667e-04
8.962349900689504e-04
4.470770675807348e-04
7.410909606860020e-04
1.117918489569438e-03
1.166911868299749e-03
1.064070132707670e-03
1.438643665799969e-03
9.228136721226054e-04
5.554594807124463e-04
8.807252826246439e-04
8.587598861528709e-04
3.849388764942436e-04
9.198368406610556e-04
8.810846583524214e-04
8.302866980644569e-04
6.043508786997328e-04
2.814712337023208e-04
6.105173508590828e-04
1.132036623113604e-03
3.947518913400752e-04
3.487732154776184e-04
7.666035158570099e-04
1.403772762290434e-03
4.607138726675001e-04
1.118011488727402e-03
1.202321578875250e-03
3.686521160501511e-04
5.628161038668128e-04
2.819166911521829e-04
2.705246681215372e-04
3.809321466102015e-04
5.102729767894494e-04
1.011370137158742e-03
5.074502177323832e-04
3.767531193673516e-04
4.062811896483955e-04
7.280343266020892e-04
9.092238825928153e-04
7.109647523967712e-04
6.917390791522245e-04
5.795008855175729e-04
1.480172958360393e-03
9.102722270752622e-04
3.561408461812688e-04
9.888638685064894e-04
4.122034985441568e-04
1.124892545405375e-03
4.606817817534416e-04
5.887753291093149e-04
4.769573806461414e-04
3.816757936431239e-04
1.416052147447506e-03
1.219188647411702e-03
9.056946049437991e-04
3.041211974253895e-04
1.206875771354900e-03
7.893805226491311e-04
1.249737651245233e-03
2.394538969458854e-04
5.358831707648403e-04
9.279668432116572e-04
5.823543547502204e-04
8.478860277158391e-04
5.307577586604839e-04
9.789726913617825e-04
3.291237331874170e-04
8.209959537114358e-04
1.086774412130971e-03
7.696888446613725e-04
5.881337909278211e-04
1.062755302660221e-03
8.027088063414266e-04
7.701943185454551e-04
4.565847914137479e-04
3.070323948603038e-04
1.123218319346756e-03
1.021425417057800e-03
1.105008844918011e-03
7.430618949563356e-04
7.727429255868388e-04
7.786478421856853e-04
8.843251144089808e-04
6.310674878136894e-04
9.201837610897236e-04
7.544417284349475e-04
1.091550342725729e-03
4.166917681377519e-04
3.905451228951541e-04
8.843698098629233e-04
6.901419988776201e-04
9.630734588269984e-04
6.646061051003476e-04
1.232550439667407e-03
2.075252766833895e-04
6.647342142482473e-04
1.014498878163615e-03
3.948359652357868e-04
1.263136455554063e-03
5.923078237881868e-04
5.371746030402226e-04
5.997226193040462e-04
4.059900809598982e-04
5.888327946579373e-04
7.074304554855436e-04
3.701670701660690e-04
3.335475449048485e-04
8.050412740244410e-04
5.754085233988822e-04
3.510422408064676e-04
6.698380474727598e-04
4.773682842303577e-04
2.724124502372667e-04
1.044790297817448e-03
7.392841940336991e-04
1.028510383693853e-03
3.273179080088973e-04
3.606488967062294e-04
7.654873134364686e-04
2.809807174118671e-04
1.267463957110335e-03
7.465774388039434e-04
2.974524042081780e-04
8.282845458874552e-04
7.635104186000956e-04
1.928826500555206e-03
4.564692629758537e-04
3.725967978906384e-04
9.383821707734314e-04
2.437868510468835e-04
1.091165057352312e-03
9.467768148440429e-04
1.478834845431969e-03
5.291456077453389e-04
1.413836289376417e-03
1.162650105494240e-03
9.426967303950966e-04
8.483202873413485e-04
8.081170285542309e-04
6.782428881190907e-04
1.022997534088423e-03
7.591535613282803e-04
1.416465219522141e-03
4.996895259186296e-04
1.187096028066222e-03
1.531832774013425e-03
6.293232897391402e-04
8.630502734489460e-04
2.975479371030542e-04
1.114523612567718e-03
6.061846368387004e-04
7.068939064944434e-04
9.973840803857044e-04
6.037827753319395e-04
3.634105072980941e-04
1.513496440393219e-03
7.117075950602525e-04
6.549350646625346e-04
3.332995377694409e-04
1.134366215258703e-03
7.287921991358968e-04
5.681270875475562e-04
1.122103637685955e-03
4.651558636858852e-04
1.656873827991165e-03
1.236934751172693e-03
4.286847720940923e-04
1.113995828405336e-03
2.864770599205905e-04
4.264179493299198e-04
2.708131574321708e-04
9.905206144142046e-04
3.562741253445217e-04
4.580119563299833e-04
4.107473617569668e-04
3.343080765253431e-04
1.084047225902527e-03
8.449513533203886e-04
1.003131361843112e-03
1.120722537900334e-03
6.969724859989775e-04
9.136134292058087e-04
6.356189075121467e-04
7.574044620660542e-04
1.421083140971060e-03
1.154782514647407e-03
2.790093004526141e-04
6.780936927356730e-04
8.318966049715915e-04
6.954108266887395e-04
8.800411557994825e-04
1.098199113734131e-03
3.944765050863415e-04
1.581268081084144e-03
4.863553875911770e-04
1.251594298283700e-03
7.978840793847817e-04
9.530368388363952e-04
3.493168223550565e-04
7.578372739015444e-04
8.128108768172011e-04
1.009977886475900e-03
5.841329810110892e-04
9.618847566625897e-04
6.290873303939978e-04
1.166906210473594e-03
5.622481928271035e-04
3.855789853427250e-04
1.729535265587100e-03
8.745366623663035e-04
6.007836687623947e-04
3.595365443335777e-04
1.189085490811800e-03
5.052390165747442e-04
4.810436913436860e-04
4.937935214751794e-04
9.303467194815465e-04
1.006209741348623e-03
1.339378374021206e-03
4.901309749348324e-04
4.472234414418380e-04
8.316952225734933e-04
1.105378677306258e-03
9.081417447361633e-04
3.755215805862896e-04
6.084805725026820e-04
3.643146250893482e-04
3.737408239697016e-04
1.356089157683576e-03
1.683389110588447e-03
8.963102110907211e-04
7.075057437414454e-04
3.462914973900322e-04
6.628704925776679e-04
8.997544705131228e-04
6.472203563975161e-04
5.382014679585625e-04
2.932783349743032e-04
8.890061261672114e-04
8.768632650652128e-04
5.999758916154051e-04
1.410881281154779e-03
9.649261470181910e-04
5.091615741592598e-04
1.325262048995473e-03
7.621153973284094e-04
1.086621931571849e-03
3.454191030933018e-04
7.115736349110369e-04
9.228114165961267e-04
4.231137311582273e-04
1.073321219952262e-03
2.583079641308648e-04
8.043107823263117e-04
3.259425983347793e-04
8.580580023025923e-04
4.149010637982089e-04
3.829989207372154e-04
7.249445459213704e-04
5.871406781598607e-04
3.022088355497069e-04
4.694854978712983e-04
9.384956223915037e-04
1.054613149966274e-03
9.830165920976766e-04
4.744799766507400e-04
4.393477773625342e-04
1.088040570227895e-03
1.231515514877695e-03
1.512447204739163e-03
5.574749294867940e-04
3.518540058860004e-04
4.072882361192641e-04
9.103455990021828e-04
6.303028763649152e-04
1.126136487102266e-03
5.453240210367945e-04
6.635892742227908e-04
4.942031589247528e-04
6.495979105439500e-04
1.014044886950379e-03
5.790928851521604e-04
4.583375992660532e-04
3.912322612459472e-04
4.964649193333116e-04
1.013984212444785e-03
1.118265217771525e-03
1.160014483625030e-03
1.113463970166451e-03
7.623356031538994e-04
5.494289203799127e-04
9.177195763023978e-04
1.402239938565842e-03
6.165209699006452e-04
6.310522542585362e-04
1.078382093664384e-03
4.379063277912929e-04
7.523968557607272e-04
6.245772116714248e-04
4.001572562090418e-04
4.920187694034408e-04
3.378757036768989e-04
3.624097962009124e-04
4.343348111923814e-04
6.714973112335245e-04
5.357430027263537e-04
3.123825764672895e-04
8.408774350746210e-04
2.863760411900043e-04
1.004067437189233e-03
9.158844976978634e-04
5.349606685120168e-04
4.938682876086834e-04
1.043403344720045e-03
4.091043685857507e-04
1.353704885514944e-03
1.104422061602275e-03
7.548918603519318e-04
9.385933943678649e-04
3.811323568953160e-04
1.337649949563200e-03
4.236150585896768e-04
5.911287315458426e-04
3.957833736831864e-04
1.557585587367151e-03
4.328385929342673e-04
9.126502603501219e-04
1.000208374569130e-03
2.889732601070274e-04
7.390078147957037e-04
4.288517091552346e-04
7.055363143732370e-04
6.267870618653226e-04
1.169037896570315e-03
3.538415401653366e-04
9.829142916098928e-04
5.390161579761356e-04
5.872172213585457e-04
9.257350525250655e-04
7.531474356478908e-04
3.571562887831730e-04
2.464673421523499e-04
8.833529926187745e-04
9.321839536381058e-04
1.392228092362840e-03
9.618532393772075e-04
6.405140288934094e-04
5.682633433297982e-04
1.538690433292445e-03
6.889433176916657e-04
1.851805451860898e-03
2.799159138210513e-04
1.086871570606326e-03
1.097030934939800e-03
1.010166350374359e-03
1.137924721460290e-03
4.509464943323089e-04
6.298330931977545e-04
2.532201921092258e-04
6.363336760590181e-04
5.542547653158267e-04
1.808315162389343e-03
8.661834683127514e-04
6.754330282749221e-04
5.027947066118159e-04
1.267839491187254e-03
5.122482245817758e-04
1.272644061117372e-03
3.310493305772090e-04
7.881048022838407e-04
7.791549825352660e-04
1.401762074578601e-03
1.233876143930915e-03
2.383961079330304e-04
8.106850503074469e-04
1.500662856779425e-03
1.183407120318812e-03
7.682997641172953e-04
1.222310114000952e-03
9.834248889322458e-04
9.947831815684961e-04
6.861357164097736e-04
1.366005259196370e-03
1.406497981405323e-03
5.023520747495293e-04
2.619588881886059e-04
8.958814515221719e-04
4.769394064656980e-04
8.255050685568331e-04
1.652943381960454e-03
5.478480448201547e-04
4.716744839883769e-04
2.476490255875704e-04
6.477358137398199e-04
3.134519644290124e-04
8.590717552532684e-04
4.278663701342638e-04
7.003660422690980e-04
3.445220067421439e-04
5.447819281100200e-04
8.658941308065725e-04
9.492343078518308e-04
3.395286283297373e-04
7.974788814459127e-04
8.724757471129379e-04
1.056037857505771e-03
1.352214020936348e-03
3.367482259489547e-04
4.567247597975462e-04
6.209361279283564e-04
8.076403627028242e-04
1.388098820349706e-03
5.079317906393301e-04
4.161795364108017e-04
4.928103436327139e-04
1.197576333959521e-03
3.996542876339217e-04
8.843548000707416e-04
1.809962193754834e-03
4.092567391838011e-04
2.766805853790372e-04
8.108603673908593e-04
1.092943002775802e-03
4.699716946567951e-04
1.004459957511708e-03
4.450103027702710e-04
6.727147093004134e-04
5.456248319574688e-04
3.176457619376763e-04
9.887054711850412e-04
6.352058413723037e-04
9.317004863452446e-04
3.129314971759824e-04
6.259350918142991e-04
4.953221789952388e-04
2.895693122268951e-04
1.178237540685262e-03
3.894499000492483e-04
4.262889497692356e-04
4.740077903536194e-04
8.865026686164595e-04
2.915305812669921e-04
4.799468702997370e-04
5.185964934845150e-04
9.696907843241097e-04
1.051876572497077e-03
9.274992715992123e-04
3.608341314209291e-04
7.013873064990468e-04
6.029472399814914e-04
1.618337846137850e-03
5.309423559323556e-04
4.718865629996056e-04
8.217046907304428e-04
8.017201749201157e-04
4.029439465038026e-04
8.255848763147257e-04
4.622447485181951e-04
6.643441343406013e-04
8.547573593377391e-04
4.461827099165750e-04
9.426589374326819e-04
3.698244840660524e-04
5.389465265761136e-04
9.889780524182682e-04
8.972498026914269e-04
2.552408846234544e-04
1.332714915900930e-03
7.225739570801020e-04
1.390414903377862e-03
9.351677780181505e-04
1.304982354720075e-03
4.941695099856081e-04
1.600146058125681e-03
9.883613883462676e-04
4.045648159193083e-04
3.359758762877598e-04
4.544270752620715e-04
5.666725835817162e-04
5.741562179482286e-04
6.568067798114664e-04
1.007719727790744e-03
4.141191711868681e-04
2.980318397022814e-04
1.073913238902866e-03
4.211719159107738e-04
8.951604067145621e-04
8.005411002219075e-04
2.870364308097917e-04
1.080769725755205e-03
6.363283406268810e-04
5.326900249436983e-04
1.860155789219902e-03
5.448322924997073e-04
5.850929925939222e-04
5.733584282567766e-04
3.778774014755707e-04
9.347162717591515e-04
1.034532246451240e-03
5.171344815180988e-04
8.422706257161540e-04
1.385988619196745e-03
1.000612097391966e-03
9.707976615362921e-04
3.157242604028843e-04
4.933217232868340e-04
3.613885026205734e-04
6.816066761457502e-04
9.724138804196727e-04
7.783362116170667e-04
1.020690331376701e-03
8.581882099993422e-04
1.070091792517086e-03
7.662556729818151e-04
3.002949058855232e-04
5.114069910142045e-04
1.062659620525629e-03
1.219824976326415e-03
5.307673533548145e-04
1.399453779822977e-03
8.661875470952548e-04
5.458534362656034e-04
1.441073148771001e-03
5.516510668384113e-04
9.156785270358311e-04
4.020930560630164e-04
1.317848397711746e-03
1.503274133071532e-03
3.406707677497726e-04
6.536791970152682e-04
4.860219928335246e-04
5.023310571602946e-04
9.188738778142880e-04
3.367233561158287e-04
1.029989055302582e-03
5.061245717450350e-04
4.387254883450800e-04
1.054893022586195e-03
8.195751075660460e-04
5.623411291078019e-04
3.780658482096330e-04
8.495071444156032e-04
7.776050346757383e-04
6.016481993503973e-04
9.635544651839143e-04
2.542067574875511e-04
4.276638172501306e-04
8.582324273512285e-04
7.492260550844088e-04
6.191054367858704e-04
1.373369180964424e-03
5.379805597794940e-04
8.397024846672544e-04
8.165705073046940e-04
7.959322173370976e-04
2.624656374826027e-04
3.459205796761203e-04
5.768964428997595e-04
7.201590974345023e-04
4.170404991784397e-04
1.180266955200965e-03
4.717288475181060e-04
1.023738630315137e-03
8.496375678158475e-04
6.593970757102752e-04
6.435670931583182e-04
4.708474917897461e-04
7.937945384389371e-04
5.672484709951945e-04
8.156066316801567e-04
8.359116347229778e-04
9.335311475054433e-04
8.050047254511299e-04
7.838812667696365e-04
7.167199099658698e-04
6.509887285949070e-04
9.964267969121638e-04
4.706902181278266e-04
6.584681002175059e-04
8.905348841617543e-04
7.831783273665319e-04
3.252366672708571e-04
5.588726273273456e-04
5.862474027898773e-04
7.195348214376103e-04
7.474977300165536e-04
1.170859126031288e-03
5.304907646638461e-04
9.783458607623560e-04
6.635947768690063e-04
5.777143598658357e-04
4.894382537025756e-04
1.105163284278853e-03
3.846095554813483e-04
4.790584318828245e-04
1.410012506472216e-03
1.270158056527138e-03
7.914966066702756e-04
4.817426354194953e-04
7.303788897523659e-04
6.073298572247548e-04
1.021902590548770e-03
1.045534135404324e-03
5.632550395239190e-04
1.122248756185064e-03
3.990943485146456e-04
9.460161052736137e-04
7.671150147042096e-04
8.696885070767076e-04
6.739109771221846e-04
8.636355817572607e-04
7.600979272965629e-04
5.817794666242123e-04
3.208175883792987e-04
9.095226611842591e-04
1.318812690938969e-03
7.361018434770725e-04
1.125630618947151e-03
4.381319602384168e-04
4.301941631864632e-04
1.059746326145520e-03
4.697239151100411e-04
4.261270287255545e-04
6.723503499844883e-04
5.053672549288780e-04
4.776483711468848e-04
8.544108017034172e-04
5.878217272426433e-04
9.236769455325158e-04
3.749370426086384e-04
9.491037608303828e-04
9.641300634896997e-04
1.148959423109876e-03
2.630784449180629e-04
1.404930915214710e-03
1.014538734748098e-03
6.171078394999483e-04
8.440182129961719e-04
1.278976568273529e-03
1.120618157923967e-03
1.282701820614500e-03
1.333739180237544e-03
5.982238529683902e-04
4.022256374639963e-04
1.064563208546306e-03
2.553490354729673e-04
3.418978034857156e-04
8.950743781610253e-04
8.337468010057367e-04
9.223252927603398e-04
3.429306288280175e-04
8.349869902747755e-04
9.109681263861167e-04
6.163559260839190e-04
5.531316760561021e-04
9.974330886479636e-04
4.069071233403341e-04
9.332402536167294e-04
8.767625911437502e-04
3.425697880165711e-04
1.097282915390871e-03
6.739787231390309e-04
1.391812836401817e-03
7.256371135704681e-04
9.454133929174313e-04
4.771913676828373e-04
3.844421436964668e-04
6.868516048663301e-04
8.105868658366218e-04
8.222402242387685e-04
7.429447289256433e-04
1.061822229808939e-03
2.936302089984132e-04
5.636561217876743e-04
5.352730992199929e-04
1.138806959906777e-03
2.981340423450534e-04
6.361697826304774e-04
9.053876953087230e-04
8.450884776957362e-04
8.784858988644696e-04
7.129333683583588e-04
4.373710467041385e-04
4.963002058195832e-04
4.232756108478961e-04
6.065126760896884e-04
9.411044807122388e-04
2.353886935141075e-04
1.065835115973775e-03
3.897815233396883e-04
7.232800123408374e-04
4.198910711826337e-04
1.098489788257196e-03
6.584180350219897e-04
5.295698456663658e-04
5.647932738154231e-04
6.332044187494734e-04
6.517761144144676e-04
4.355884869493501e-04
3.174630624805001e-04
5.429545770960918e-04
5.641110881277737e-04
1.011990349398077e-03
1.001844948055126e-03
3.196815519948997e-04
5.889289358076089e-04
2.488606785199222e-04
1.145186060340692e-03
1.650549189786054e-03
1.074138255764446e-03
1.319737074001734e-03
3.541350378831953e-04
1.213865371985976e-03
6.816751546142396e-04
1.579316950210909e-03
1.027129731693094e-03
9.479906966911913e-04
5.981760254835809e-04
2.808864906773335e-04
1.152226519743736e-03
1.285033785171668e-03
7.237730715019531e-04
1.035697299673812e-03
1.309288751457519e-03
1.228971372616570e-03
8.080367617894282e-04
5.429145924010232e-04
5.171632628164775e-04
1.047797042821627e-03
1.257093022471738e-03
1.613079089719673e-03
5.963769150976863e-04
1.327073315520542e-03
5.921555937188717e-04
3.494489804291176e-04
6.931967384124163e-04
4.141608065205265e-04
7.986726994782715e-04
1.569379405672135e-03
6.088404365268283e-04
5.352306295169721e-04
6.176674825342491e-04
1.187193249098336e-03
1.192760706390386e-03
1.185477253259073e-03
1.235577279922143e-03
3.477780437998670e-04
3.158758916941513e-04
6.998721952679419e-04
6.334305476228218e-04
6.528637975509957e-04
6.503764927757372e-04
7.224954193326485e-04
7.841732596296233e-04
6.624165983121278e-04
1.166386467211059e-03
9.719536254841957e-04
7.559202650873205e-04
3.646996030122008e-04
1.337367795934049e-03
1.106003984249769e-03
1.568118142904288e-03
3.413040655897793e-04
4.300589915337860e-04
8.040485849541519e-04
1.050015359754305e-03
7.597640573933163e-04
6.838305862944980e-04
1.487303778671667e-03
5.761580217650607e-04
7.097847347138332e-04
3.307862769633231e-04
2.830645917154633e-04
1.048978775021675e-03
5.292122042838925e-04
4.992784543033342e-04
3.586311111185901e-04
7.470101536761442e-04
4.827224567334054e-04
4.738685101513343e-04
4.198495515939787e-04
3.810238999528547e-04
6.206290369864364e-04
7.359475873539695e-04
7.233421199912468e-04
7.631210213543805e-04
5.684749203472944e-04
1.073639258581190e-03
5.784630215920857e-04
4.654005864800028e-04
1.305329478845143e-03
1.260930967660137e-03
5.822080040986246e-04
1.595923299831842e-03
5.047778707978907e-04
1.539372624402108e-03
2.903826930990843e-04
3.685949353975019e-04
1.119416010589566e-03
8.283637744118430e-04
6.871613739472118e-04
6.037894960590458e-04
1.021609193364570e-03
1.044239917410909e-03
5.101462801167692e-04
2.788143296498962e-04
5.866100636660426e-04
5.072589954146867e-04
2.809722355735674e-04
6.469038563102885e-04
2.554313557427546e-04
3.696947624376509e-04
4.395781269596525e-04
4.692816108602170e-04
4.649474890999002e-04
6.470881208187523e-04
5.958307201732483e-04
7.728267569722471e-04
3.452976342385571e-04
4.404090666879373e-04
1.004218714301589e-03
1.112792273939718e-03
9.684476515284989e-04
2.440997921066872e-04
3.588738728974679e-04
9.648845999318240e-04
6.310627686248598e-04
9.231864652341179e-04
9.615078831118823e-04
4.596593833873041e-04
5.556983059301161e-04
3.886524925993427e-04
4.098309631848017e-04
2.709853627698962e-04
4.276837525067217e-04
4.369933961199211e-04
3.003995796415754e-04
3.027890905690799e-04
3.488631262748481e-04
7.660047757627533e-04
6.315802024662794e-04
4.823718619318456e-04
8.229094306994028e-04
5.086458171739912e-04
2.391231808176204e-04
5.593986084837134e-04
1.246275988466013e-03
4.479474685122225e-04
1.377250394346998e-03
3.416338687645612e-04
7.584255139786946e-04
5.732011854382452e-04
1.076854853230192e-03
8.175580874255555e-04
9.121936525129150e-04
7.882788539947071e-04
9.480274981167126e-04
2.251859290847150e-04
4.006719950507140e-04
4.386438226845057e-04
4.398125414528811e-04
1.109742855444872e-03
1.104963104299368e-03
6.633812341608852e-04
7.308224125030161e-04
1.084861204437553e-03
6.053324564367637e-04
5.495722943055564e-04
1.070692468294477e-03
5.951668657772731e-04
3.680615459862216e-04
1.508863717392007e-03
9.186830031098893e-04
4.236624649299572e-04
9.210984341505358e-04
1.405226863626167e-03
6.793635201689841e-04
6.491835925966961e-04
4.598362028574170e-04
1.004009399928230e-03
8.929968596027793e-04
1.161300408343980e-03
5.934799132854113e-04
8.099548313016015e-04
9.057161654845544e-04
3.687249613301443e-04
5.418517650454585e-04
9.784152650398714e-04
7.092502157836538e-04
3.328486256518448e-04
1.293070842118107e-03
5.367504507762266e-04
3.331932717064962e-04
5.662906657839363e-04
1.014539144980534e-03
5.163186893099110e-04
3.688481411014054e-04
1.303848053156052e-03
8.657793125841983e-04
8.542623678203984e-04
4.077312324289353e-04
7.496857523547691e-04
7.462485612559761e-04
2.082036871392747e-04
4.438753076157089e-04
6.357521579832559e-04
1.054329571866834e-03
1.356994290351392e-03
4.837607116917467e-04
1.209458027420988e-03
3.123322930233834e-04
8.830183662769907e-04
9.418815908916908e-04
9.540756012080273e-04
2.817412877718869e-04
3.589364177502565e-04
9.400616063621622e-04
4.196894339038072e-04
5.808624058679103e-04
3.009164595156378e-04
1.390276637643711e-03
6.225476375564079e-04
4.176569848273915e-04
5.531256811708418e-04
4.644532705084035e-04
5.981056492693735e-04
4.080474201184796e-04
1.378584957302178e-03
8.103545572590808e-04
3.955633836363533e-04
7.658859274930012e-04
8.931974862871159e-04
1.219811467756939e-03
7.094095642694257e-04
5.774427096816095e-04
1.076965527532479e-03
9.374522270015295e-04
4.570178378549248e-04
4.016366429196158e-04
1.400648903550323e-03
4.387344479468923e-04
4.420145040579518e-04
2.907367601158616e-04
7.452283006409344e-04
6.148466690788787e-04
1.029369124543317e-03
1.252378464711712e-03
2.773991302084213e-04
4.395506633348783e-04
1.311479464849438e-03
3.180856673036790e-04
3.225016784314255e-04
9.522446329898653e-04
8.948790911267560e-04
1.263978092892658e-03
3.695439303376494e-04
1.261061047197859e-03
6.928935252244270e-04
4.076591980588120e-04
6.534115632883105e-04
8.363513133991174e-04
7.854342551067111e-04
6.181136050141436e-04
1.068251008798171e-03
5.042853359282471e-04
1.160803741307037e-03
5.499775899793788e-04
7.762587070657311e-04
4.699516815191326e-04
9.268755683192175e-04
1.116526222883711e-03
1.089973798021302e-03
2.720928130116363e-04
1.121218785006577e-03
6.052513738670599e-04
4.307419573498772e-04
5.837373303300387e-04
5.916297344485180e-04
1.020611393988375e-03
2.838727863052392e-04
3.776495128364194e-04
4.618996181322340e-04
9.837192443980861e-04
1.071114313034157e-03
1.263064936220961e-03
8.182288821629112e-04
3.039001278926065e-04
2.302809957807763e-04
1.388409762716989e-03
9.612465616571516e-04
5.641390332465912e-04
8.606886378881839e-04
3.446990087210731e-04
8.438376311131783e-04
4.861611304339070e-04
3.500157817810232e-04
4.678198218775532e-04
1.720519454901539e-03
2.518745654723655e-04
4.391996824557221e-04
9.516930495899057e-04
1.209640811076201e-03
7.448904575165183e-04
3.291763939601841e-04
1.091281112695783e-03
1.148044822779271e-03
1.227967695749696e-03
5.266700440773437e-04
8.111866421717793e-04
4.077062619747032e-04
3.218692794998980e-04
5.711294120831780e-04
9.582116718780000e-04
1.073520048814369e-03
5.215412680066426e-04
6.641840695442004e-04
4.677837714399761e-04
7.192440949092431e-04
1.022985469239265e-03
9.933147836496119e-04
3.101756155150628e-04
7.482084115636354e-04
9.228838438062568e-04
6.773909795738107e-04
7.140548340018305e-04
3.616644081549048e-04
7.407521416093585e-04
5.410195875409481e-04
5.689597301381263e-04
3.859086802891089e-04
3.313894810415312e-04
1.205240019205186e-03
1.164537532349465e-03
1.427831551730284e-03
6.473563589095991e-04
6.353441459901745e-04
8.417447595105759e-04
6.095035382288652e-04
3.483000648501128e-04
1.395470380000657e-03
4.813115133085736e-04
1.108152679170139e-03
1.113775542264063e-03
9.367524051332678e-04
6.275876115464208e-04
1.232724607272289e-03
9.564760398365668e-04
7.536954847268058e-04
1.302537891754907e-03
1.027824064700520e-03
2.333704025645883e-04
5.294242580237403e-04
4.194011196527430e-04
5.106654364774245e-04
1.109449443412507e-03
9.408168068191582e-04
6.924979702303685e-04
1.145843313389420e-03
8.465463083060575e-04
6.383481184846734e-04
9.177468498675779e-04
1.076019563460566e-03
6.544361473680579e-04
5.979327629543157e-04
3.714943477007305e-04
7.914967139116220e-04
8.617646299329074e-04
7.846728998405248e-04
7.927217545350090e-04
9.377520139272400e-04
3.797169492880813e-04
1.126813868130459e-03
1.157083338017306e-03
4.372593805654503e-04
7.247242655612984e-04
1.152156872345374e-03
6.375094412613921e-04
9.677899884876817e-04
1.587234036521178e-03
2.683880093094599e-04
1.392118265891618e-03
1.169895010298886e-03
1.135067888531089e-03
8.136549234206295e-04
8.549800889148980e-04
1.283376209085273e-03
1.024067227529585e-03
4.550571062010321e-04
6.381909621623108e-04
9.408593974265547e-04
1.387094108941556e-03
7.890975836430062e-04
1.098697796204296e-03
3.732485551541433e-04
8.441981381808898e-04
1.091671939776688e-03
4.823041831741481e-04
1.241965320784328e-03
3.219745929126642e-04
1.224221948777437e-03
1.156768399916226e-03
6.354419439310425e-04
3.632900138222997e-04
5.738032601471691e-04
1.063732172018468e-03
4.099114231931249e-04
7.464043691584432e-04
4.630211102604379e-04
3.667748485329391e-04
7.326133731420938e-04
1.096307601531409e-03
8.264337447094563e-04
4.401378826362759e-04
2.625365676488313e-04
5.725412966297358e-04
5.370705537629460e-04
1.347338388376995e-03
4.976308276083813e-04
7.762852394289136e-04
4.891841516189979e-04
1.461856589347583e-03
9.730091756392225e-04
1.358777113891957e-03
1.485258745173308e-03
1.316684288042339e-03
2.491809083714349e-04
9.908376665688345e-04
7.187933952237902e-04
1.506423696965008e-03
1.757697840638302e-03
4.715781303951170e-04
5.013566396139119e-04
4.863701916050608e-04
4.512665091707912e-04
3.409450232232796e-04
8.443022390710272e-04
9.159145691983901e-04
9.555418647160931e-04
3.506789163300892e-04
5.677616550826341e-04
1.071065906280160e-03
5.022613564820493e-04
2.214001846620542e-04
6.765415222815653e-04
8.179356136716804e-04
9.925005209061328e-04
1.108223433448537e-03
3.437369343701409e-04
1.238019163241771e-03
8.670295944383788e-04
3.758731594753507e-04
5.189823317343986e-04
9.455452707265498e-04
7.276295572781888e-04
6.743911347643516e-04
4.065388800133090e-04
5.516454531836496e-04
1.099046034056429e-03
4.352185958110882e-04
4.599849586860027e-04
5.902853307028053e-04
4.526712536141707e-04
3.324913874631195e-04
9.440606798805850e-04
1.144985978798837e-03
7.483963471132369e-04
8.553663001147575e-04
1.048033418933783e-03
4.611237810695918e-04
4.402852343443436e-04
5.072441369051364e-04
9.885405266053702e-04
9.359733667433772e-04
1.021721851129356e-03
9.851595200703195e-04
6.565081867930552e-04
1.844861772330964e-03
7.376081260352424e-04
1.526342200278512e-03
7.292794021621521e-04
8.698714718734590e-04
8.783955873389452e-04
8.147858842815913e-04
5.365181946431776e-04
9.724792271758349e-04
7.046910052746924e-04
3.709236037224992e-04
1.209680503785450e-03
5.611027568643728e-04
4.386073739736169e-04
8.801744080730225e-04
4.069031839949454e-04
7.512345134637504e-04
1.207884736962484e-03
1.118365199608776e-03
1.446602118378654e-03
8.705033391231231e-04
9.154430222620825e-04
5.108570154758402e-04
1.160061843197418e-03
3.610099815345397e-04
4.976017981971643e-04
8.725179614486793e-04
5.068577411605073e-04
4.840253203421051e-04
7.806366290041336e-04
1.057673395172863e-03
9.580035287798607e-04
3.022430098274619e-04
9.148057846345029e-04
1.170763649975552e-03
1.069814308650834e-03
2.604690322402347e-04
3.559134889891902e-04
6.716856322546487e-04
9.422479935003463e-04
1.001670821640563e-03
1.288725155096981e-03
5.879966960610585e-04
3.205674711339862e-04
5.974582555488763e-04
6.909474701420153e-04
1.441679664180107e-03
8.673379366402679e-04
3.657724378420515e-04
8.369958784234879e-04
4.477703313582313e-04
8.113786477448043e-04
1.377368363328726e-03
5.272795583562704e-04
2.339753533575275e-04
8.509526760896972e-04
4.149500504477135e-04
1.113146025304090e-03
9.200593423197136e-04
3.204895363284102e-04
4.845750699206285e-04
8.873619988269512e-04
9.425750445984072e-04
8.533417505212429e-04
4.682481078023202e-04
8.383100697471986e-04
8.670037914840821e-04
4.103811887559828e-04
4.270476083719685e-04
1.257788394880890e-03
6.400829862786453e-04
6.496460935185395e-04
3.278959782917083e-04
7.122539324885718e-04
1.256029785328865e-03
7.524130960931707e-04
6.329684381372566e-04
1.284401106454001e-03
1.284013984128014e-03
6.664622551143671e-04
5.025097580464042e-04
1.073424133428089e-03
9.717145401629939e-04
6.178016817404769e-04
5.509040563614828e-04
9.876563815088154e-04
6.040581761493628e-04
9.780133775663675e-04
1.406656961976317e-03
4.671962242799381e-04
6.044583535503358e-04
3.514201331928409e-04
5.310366319891419e-04
7.519877042425169e-04
3.712949117336305e-04
1.134651274077586e-03
7.783424491362252e-04
3.023053214197704e-04
7.229966572139878e-04
1.106714234278326e-03
5.574960953559555e-04
9.814576380235938e-04
8.480884358515377e-04
5.409825054482346e-04
4.443639183518547e-04
1.067078814822313e-03
3.741270999132079e-04
5.499039411652093e-04
1.336189307525369e-03
1.039781986360050e-03
1.487344050544959e-03
1.003566376037396e-03
5.944329955325420e-04
5.119334115574821e-04
4.167139558633505e-04
7.232254078820289e-04
7.943164576654311e-04
8.144943121460298e-04
1.391327216722363e-03
1.282995556014125e-03
5.555050314350919e-04
6.714655182159328e-04
8.346153641362753e-04
1.443682260686541e-03
7.006057930042236e-04
1.615329928676436e-03
1.304636880917855e-03
1.043088804482050e-03
7.527436134412244e-04
1.053388929109460e-03
5.029199643409185e-04
5.343380352526546e-04
8.763194804551583e-04
7.228739355769315e-04
3.107059222953114e-04
9.461710441478054e-04
8.533164751357609e-04
6.951326199336808e-04
1.129399711373668e-03
5.140866563073042e-04
2.782188037448929e-04
4.318833382957328e-04
9.366472005698171e-04
5.607310344728628e-04
1.323595731422713e-03
2.600311424819193e-04
5.591606600371775e-04
1.577534978080325e-03
8.385645538779545e-04
8.041621978168935e-04
3.680540442482001e-04
4.141976201783196e-04
7.642596043441689e-04
4.808951053503744e-04
8.953919383115161e-04
4.463089681615573e-04
1.129708865027305e-03
4.818649244858308e-04
8.103420772062525e-04
7.428394288582942e-04
1.189075175319177e-03
6.656827661050354e-04
1.134317768458291e-03
6.369138334913781e-04
1.153670639225990e-03
7.105154457647236e-04
5.841166200083905e-04
6.716260438966793e-04
2.842533268394490e-04
5.322065568425307e-04
1.245404826744783e-03
1.251359162818904e-03
5.574991118831822e-04
6.117452177829328e-04
1.104101728928546e-03
7.368414671837203e-04
1.056258541771161e-03
5.644748109499906e-04
6.170371077916815e-04
1.272563059910588e-03
2.690080736575429e-04
8.330914838444570e-04
1.457727241860559e-03
6.006570530559941e-04
1.374220105596044e-03
8.330096634733473e-04
3.495209946288223e-04
3.041480704614413e-04
5.941473240388331e-04
2.494677918922087e-04
9.572103390092030e-04
3.408413129834979e-04
9.532224947476491e-04
8.173485453130527e-04
1.146870938282810e-03
1.137905408408792e-03
1.103362054728044e-03
2.608854879951351e-04
9.245279493690982e-04
1.035285375518850e-03
8.183669546684002e-04
9.785275456046006e-04
1.099288053442831e-03
1.543203612479572e-03
1.645143556670748e-03
6.679823474654732e-04
8.181136893247543e-04
7.762937261522100e-04
7.695991786606165e-04
8.933218491873148e-04
1.314947874341935e-03
4.602816117585733e-04
2.330111276381334e-04
7.376673013263061e-04
7.977666618981025e-04
6.300186306882891e-04
8.319644923754164e-04
4.777026147627932e-04
8.556056892953727e-04
5.282694195288238e-04
7.223290165323708e-04
9.270170688969164e-04
5.112728887890348e-04
3.900788512966117e-04
8.846799167408922e-04
6.829120730796095e-04
2.335167315577560e-04
8.835729707145912e-04
6.388350621351609e-04
2.881061366325954e-04
1.077066183729575e-03
4.611466391171385e-04
3.112164261163459e-04
5.244418318111376e-04
1.168924657784724e-03
1.126094003403104e-03
7.190162353921000e-04
1.016866115036669e-03
6.761729922029798e-04
1.395124658899958e-03
1.018999847346637e-03
1.010856220516168e-03
1.623917972165653e-03
1.215445928390947e-03
6.214671593920630e-04
7.372764360822133e-04
6.912297105506841e-04
4.058411197739192e-04
9.239087942043250e-04
4.240520654691468e-04
7.125371988283604e-04
4.179714661027240e-04
8.648785301308078e-04
7.316439865247136e-04
5.167584684382006e-04
4.352850976352799e-04
2.630664635634855e-04
1.633099129231996e-03
1.164789438697457e-03
1.090492627715618e-03
6.633849321816463e-04
4.977152417674488e-04
7.134429781323487e-04
1.605405109781355e-03
1.125739596333775e-03
6.083769770742745e-04
5.822197834809603e-04
6.831297988267467e-04
3.295563424379444e-04
5.231583450273815e-04
4.672352161025422e-04
1.303205917767412e-03
1.082914272755374e-03
7.475937683674399e-04
4.596402067317454e-04
4.452375346807882e-04
1.115790698333056e-03
4.298918897970411e-04
4.665443286160189e-04
1.414910138905926e-03
4.395536958635886e-04
8.881137665346815e-04
2.973627387712970e-04
6.554704438719983e-04
1.198946997613820e-03
7.273002194834772e-04
2.713422368319551e-04
3.133965868957055e-04
1.129400161660215e-03
1.104352122785280e-03
1.188737357294244e-03
3.788454824158705e-04
8.538254677143512e-04
5.633218546308250e-04
3.750621203020521e-04
1.448811524775048e-03
8.915710270444208e-04
1.538706150296302e-03
3.852091369436499e-04
7.455116964372166e-04
6.814304114613685e-04
8.911263550756591e-04
1.088168588913857e-03
4.163024163279114e-04
1.535248067747986e-03
4.840514380128933e-04
3.823503145584726e-04
4.831280214428594e-04
1.587960540686600e-03
4.190205983586480e-04
6.088972452052516e-04
7.441151300637834e-04
5.145045477639435e-04
5.356020415724022e-04
5.721006567042008e-04
1.394758776209301e-03
5.756414554115335e-04
9.857261320461940e-04
8.494371978589261e-04
6.060000619441466e-04
1.285514661121830e-03
5.232702774030772e-04
1.245963976374934e-03
5.957733896223235e-04
6.876290409478323e-04
