Cadence Genus(TM) Synthesis Solution.
Copyright 2021 Cadence Design Systems, Inc. All rights reserved worldwide.
Cadence and the Cadence logo are registered trademarks and Genus is a trademark
of Cadence Design Systems, Inc. in the United States and other countries.

Version: 21.10-p002_1, built Fri Aug 20 00:13:13 PDT 2021
Options: -batch -files synthesize.tcl 
Date:    Sun Apr 20 13:45:21 2025
Host:    vspace.ecdl.hut.fi (x86_64 w/Linux 3.10.0-1160.118.1.el7.x86_64) (1core*8cpus*15physical cpus*Intel(R) Xeon(R) CPU E5-2640 v4 @ 2.40GHz 25600KB) (65807808KB)
PID:     5568
OS:      CentOS Linux release 7.9.2009 (Core)

Checking out license: Genus_Synthesis


***********************************************************************************************************
***********************************************************************************************************



Loading tool scripts...
Finished loading tool scripts (15 seconds elapsed).

#@ Processing -files option
@genus 1> source synthesize.tcl
#@ Begin verbose source ./synthesize.tcl
@file(synthesize.tcl) 2: source ./flow/scripts/common_vars.tcl
Sourcing './flow/scripts/common_vars.tcl' (Sun Apr 20 13:45:36 EEST 2025)...
#@ Begin verbose source ./flow/scripts/common_vars.tcl
@file(common_vars.tcl) 1: set TECHROOT "/prog/cadence/gpdk/g045/lan/flow/t1u1/reference_libs/GPDK045/gsclib045_all_v4.4"
@file(common_vars.tcl) 2: set FLOWPATH "/home/mdaoudi/Documents/ic_project/fpu/synthesis/flow"
@file(common_vars.tcl) 3: set DEFPATH "/home/mdaoudi/Documents/ic_project/fpu/synthesis/def"
@file(common_vars.tcl) 4: set LEFPATH "/prog/cadence/gpdk/g045/lan/flow/t1u1/reference_libs/GPDK045/gsclib045_all_v4.4"
@file(common_vars.tcl) 5: set CUSTOMLEFPATH ""
@file(common_vars.tcl) 7: set CONSTRAINTPATH "/home/mdaoudi/Documents/ic_project/fpu/synthesis/constraints"
@file(common_vars.tcl) 8: set SCRIPTPATH "/home/mdaoudi/Documents/ic_project/fpu/synthesis/flow/scripts"
@file(common_vars.tcl) 9: set TECHPATH "/home/mdaoudi/Documents/ic_project/fpu/synthesis/flow/tech"
@file(common_vars.tcl) 10: set RTLPATH "/home/mdaoudi/Documents/ic_project/fpu/synthesis/source"
@file(common_vars.tcl) 11: set DBSPATH "/home/mdaoudi/Documents/ic_project/fpu/synthesis/dbs"
@file(common_vars.tcl) 12: set REPORTPATH "/home/mdaoudi/Documents/ic_project/fpu/synthesis/reports"
@file(common_vars.tcl) 13: set TOPMODULE "fpadd_single"
@file(common_vars.tcl) 14: set VERILOGFILES " /home/mdaoudi/Documents/ic_project/fpu/synthesis/source/fp_normalizer.v /home/mdaoudi/Documents/ic_project/fpu/synthesis/source/fpadd_single.v"
@file(common_vars.tcl) 15: set VHDLFILES ""
@file(common_vars.tcl) 16: set SDCFILE "/home/mdaoudi/Documents/ic_project/fpu/synthesis/constraints/timing_constraints.tcl"
@file(common_vars.tcl) 17: set CPFFILE "/home/mdaoudi/Documents/ic_project/fpu/synthesis/constraints/power_domains.cpf"
#@ End verbose source ./flow/scripts/common_vars.tcl
@file(synthesize.tcl) 5: read_mmmc ${CONSTRAINTPATH}/mmmc_config.tcl
  Setting attribute of root '/': 'is_read_mmmc_flow' = true
Sourcing '/home/mdaoudi/Documents/ic_project/fpu/synthesis/constraints/mmmc_config.tcl' (Sun Apr 20 13:45:36 EEST 2025)...
#@ Begin verbose source /home/mdaoudi/Documents/ic_project/fpu/synthesis/constraints/mmmc_config.tcl
@file(mmmc_config.tcl) 4: source ./flow/scripts/common_vars.tcl
Sourcing './flow/scripts/common_vars.tcl' (Sun Apr 20 13:45:36 EEST 2025)...
#@ Begin verbose source ./flow/scripts/common_vars.tcl
@file(common_vars.tcl) 1: set TECHROOT "/prog/cadence/gpdk/g045/lan/flow/t1u1/reference_libs/GPDK045/gsclib045_all_v4.4"
@file(common_vars.tcl) 2: set FLOWPATH "/home/mdaoudi/Documents/ic_project/fpu/synthesis/flow"
@file(common_vars.tcl) 3: set DEFPATH "/home/mdaoudi/Documents/ic_project/fpu/synthesis/def"
@file(common_vars.tcl) 4: set LEFPATH "/prog/cadence/gpdk/g045/lan/flow/t1u1/reference_libs/GPDK045/gsclib045_all_v4.4"
@file(common_vars.tcl) 5: set CUSTOMLEFPATH ""
@file(common_vars.tcl) 7: set CONSTRAINTPATH "/home/mdaoudi/Documents/ic_project/fpu/synthesis/constraints"
@file(common_vars.tcl) 8: set SCRIPTPATH "/home/mdaoudi/Documents/ic_project/fpu/synthesis/flow/scripts"
@file(common_vars.tcl) 9: set TECHPATH "/home/mdaoudi/Documents/ic_project/fpu/synthesis/flow/tech"
@file(common_vars.tcl) 10: set RTLPATH "/home/mdaoudi/Documents/ic_project/fpu/synthesis/source"
@file(common_vars.tcl) 11: set DBSPATH "/home/mdaoudi/Documents/ic_project/fpu/synthesis/dbs"
@file(common_vars.tcl) 12: set REPORTPATH "/home/mdaoudi/Documents/ic_project/fpu/synthesis/reports"
@file(common_vars.tcl) 13: set TOPMODULE "fpadd_single"
@file(common_vars.tcl) 14: set VERILOGFILES " /home/mdaoudi/Documents/ic_project/fpu/synthesis/source/fp_normalizer.v /home/mdaoudi/Documents/ic_project/fpu/synthesis/source/fpadd_single.v"
@file(common_vars.tcl) 15: set VHDLFILES ""
@file(common_vars.tcl) 16: set SDCFILE "/home/mdaoudi/Documents/ic_project/fpu/synthesis/constraints/timing_constraints.tcl"
@file(common_vars.tcl) 17: set CPFFILE "/home/mdaoudi/Documents/ic_project/fpu/synthesis/constraints/power_domains.cpf"
#@ End verbose source ./flow/scripts/common_vars.tcl
@file(mmmc_config.tcl) 5: set setup_corners "slow_vdd1v0"
@file(mmmc_config.tcl) 6: set hold_corners  "fast_vdd1v2" 
@file(mmmc_config.tcl) 10: foreach setupc $setup_corners {
  puts "Defining timing files for library set ${setupc}.SS"
  create_library_set \
    -name ${setupc}.SS \
    -timing [subst {
      [glob -nocomplain ./flow/tech/lib/${setup_corners}_basicCells_hvt.lib]
    }]
}
Defining timing files for library set slow_vdd1v0.SS
@file(mmmc_config.tcl) 19: foreach holdc $hold_corners {
  puts "Defining timing files for library set ${holdc}.FF"
  create_library_set \
    -name ${holdc}.FF \
    -timing [subst {
      [glob -nocomplain ./flow/tech/lib/${hold_corners}_basicCells_hvt.lib]
    }]
}
Defining timing files for library set fast_vdd1v2.FF
@file(mmmc_config.tcl) 42: foreach setupc $setup_corners {
  puts "Creating operating condition for corner $setupc"
  set tempmax 25
  set tempmin -40
  regexp -all {^(.*)_vdd([0-9]+)v([0-9]+)}  $setupc tot vtot vreal vdec
  puts "$vreal.$vdec"
  puts "$tempmax"
  puts "$tempmin"
  create_opcond \
    -name               $setupc.max \
    -process            1 \
    -voltage            $vreal.$vdec \
    -temperature        "$tempmax"
}
Creating operating condition for corner slow_vdd1v0
1.0
25
-40
@file(mmmc_config.tcl) 57: foreach holdc $hold_corners {
  puts "Creating operating condition for corner $holdc"
  set temp 25
  regexp -all {^(.*)_vdd([0-9]+)v([0-9]+)}  $setupc tot vtot vreal vdec
  puts "$vreal.$vdec"
  puts "$temp"
  create_opcond \
    -name               $holdc.min \
    -process            1 \
    -voltage            $vreal.$vdec \
    -temperature        "$tempmin"
}
Creating operating condition for corner fast_vdd1v2
1.0
25
@file(mmmc_config.tcl) 74: foreach setupc $setup_corners {
  puts "Creating timing condition for corner $setupc"
  create_timing_condition \
    -name               $setupc.setup \
    -library_sets       [list ${setupc}.SS  ] \
    -opcond             $setupc.max
}
Creating timing condition for corner slow_vdd1v0
@file(mmmc_config.tcl) 82: foreach holdc $hold_corners {
  puts "Creating timing condition for corner $holdc"
  create_timing_condition \
    -name               $holdc.hold \
    -library_sets       [list ${holdc}.FF  ] \
    -opcond             $holdc.min
}
Creating timing condition for corner fast_vdd1v2
@file(mmmc_config.tcl) 95: create_rc_corner \
    -name               cworst_CCworst \
    -temperature        $tempmax \
    -qrc_tech           /prog/cadence/gpdk/g045/lan/flow/t1u1/reference_libs/GPDK045/gsclib045_all_v4.4/gsclib045_tech/qrc/qx/gpdk045.tch 
@file(mmmc_config.tcl) 100: create_rc_corner \
    -name               rcworst_CCworst \
    -temperature        $tempmax \
    -qrc_tech           /prog/cadence/gpdk/g045/lan/flow/t1u1/reference_libs/GPDK045/gsclib045_all_v4.4/gsclib045_tech/qrc/qx/gpdk045.tch 
@file(mmmc_config.tcl) 105: create_rc_corner \
    -name               cbest_CCbest \
    -temperature        $tempmin \
    -qrc_tech           /prog/cadence/gpdk/g045/lan/flow/t1u1/reference_libs/GPDK045/gsclib045_all_v4.4/gsclib045_tech/qrc/qx/gpdk045.tch 
@file(mmmc_config.tcl) 110: create_rc_corner \
    -name               rcbest_CCbest \
    -temperature        $tempmin \
    -qrc_tech           /prog/cadence/gpdk/g045/lan/flow/t1u1/reference_libs/GPDK045/gsclib045_all_v4.4/gsclib045_tech/qrc/qx/gpdk045.tch 
@file(mmmc_config.tcl) 118: foreach setupc $setup_corners {
  puts "Defining delay corners for $setupc."
  create_delay_corner \
    -name               ${setupc}.setup_rcworst_CCworst \
    -timing_condition   ${setupc}.setup \
    -rc_corner          rcworst_CCworst
}
Defining delay corners for slow_vdd1v0.
@file(mmmc_config.tcl) 126: foreach setupc $setup_corners {
  puts "Defining delay corners for $setupc."
  create_delay_corner \
    -name               ${setupc}.setup_cworst_CCworst \
    -timing_condition   ${setupc}.setup \
    -rc_corner          cworst_CCworst
}
Defining delay corners for slow_vdd1v0.
@file(mmmc_config.tcl) 134: foreach holdc $hold_corners {
  puts "Defining delay corners for $holdc."
  create_delay_corner \
    -name               ${holdc}.hold_rcbest_CCbest \
    -timing_condition   ${holdc}.hold \
    -rc_corner          rcbest_CCbest
}
Defining delay corners for fast_vdd1v2.
@file(mmmc_config.tcl) 142: foreach holdc $hold_corners {
  puts "Defining delay corners for $holdc."
  create_delay_corner \
    -name               ${holdc}.hold_cbest_CCbest \
    -timing_condition   ${holdc}.hold \
    -rc_corner          cbest_CCbest
}
Defining delay corners for fast_vdd1v2.
@file(mmmc_config.tcl) 150: foreach holdc $hold_corners {
  puts "Defining delay corners for $holdc."
  create_delay_corner \
    -name               ${holdc}.hold_cworst_CCworst \
    -timing_condition   ${holdc}.hold \
    -rc_corner          cworst_CCworst
}
Defining delay corners for fast_vdd1v2.
@file(mmmc_config.tcl) 158: foreach holdc $hold_corners {
  puts "Defining delay corners for $holdc."
  create_delay_corner \
    -name               ${holdc}.hold_rcworst_CCworst \
    -timing_condition   ${holdc}.hold \
    -rc_corner          rcworst_CCworst
}
Defining delay corners for fast_vdd1v2.
@file(mmmc_config.tcl) 169: create_constraint_mode \
    -name               func \
    -sdc_files          $SDCFILE
@file(mmmc_config.tcl) 175: foreach setupc $setup_corners {
  puts "Defining analysis views for $setupc."
  create_analysis_view \
    -name               func-${setupc}.setup_cworst_CCworst \
    -constraint_mode    func \
    -delay_corner       ${setupc}.setup_cworst_CCworst \
    -power_mode         aon
}
Defining analysis views for slow_vdd1v0.
@file(mmmc_config.tcl) 184: foreach setupc $setup_corners {
  puts "Defining analysis views for $setupc."
  create_analysis_view \
    -name               func-${setupc}.setup_rcworst_CCworst \
    -constraint_mode    func \
    -delay_corner       ${setupc}.setup_rcworst_CCworst \
    -power_mode         aon
}
Defining analysis views for slow_vdd1v0.
@file(mmmc_config.tcl) 193: foreach holdc $hold_corners {
  puts "Defining analysis views for $holdc."
  create_analysis_view \
    -name               func-${holdc}.hold_cbest_CCbest \
    -constraint_mode    func \
    -delay_corner       ${holdc}.hold_cbest_CCbest \
    -power_mode         aon
}
Defining analysis views for fast_vdd1v2.
@file(mmmc_config.tcl) 202: foreach holdc $hold_corners {
  puts "Defining analysis views for $holdc."
  create_analysis_view \
    -name               func-${holdc}.hold_rcbest_CCbest \
    -constraint_mode    func \
    -delay_corner       ${holdc}.hold_rcbest_CCbest \
    -power_mode         aon
}
Defining analysis views for fast_vdd1v2.
@file(mmmc_config.tcl) 211: foreach holdc $hold_corners {
  puts "Defining analysis views for $holdc."
  create_analysis_view \
    -name               func-${holdc}.hold_cworst_CCworst \
    -constraint_mode    func \
    -delay_corner       ${holdc}.hold_cworst_CCworst \
    -power_mode         aon
}
Defining analysis views for fast_vdd1v2.
@file(mmmc_config.tcl) 220: foreach holdc $hold_corners {
  puts "Defining analysis views for $holdc."
  create_analysis_view \
    -name               func-${holdc}.hold_rcworst_CCworst \
    -constraint_mode    func \
    -delay_corner       ${holdc}.hold_rcworst_CCworst \
    -power_mode         aon
}
Defining analysis views for fast_vdd1v2.
@file(mmmc_config.tcl) 231: set_analysis_view \
    -setup  [list func-${setupc}.setup_cworst_CCworst ] \
    -hold   [list func-${holdc}.hold_cbest_CCbest ]

Threads Configured:3

  Message Summary for Library slow_vdd1v0_basicCells_hvt.lib:
  ***********************************************************
  Missing a function attribute in the output pin definition. [LBR-518]: 1
  ***********************************************************
 
Info    : Created nominal operating condition. [LBR-412]
        : Operating condition '_nominal_' was created for the PVT values (1.000000, 0.900000, 125.000000) in library 'slow_vdd1v0_basicCells_hvt.lib'.
        : The nominal operating condition is represented, either by the nominal PVT values specified in the library source (via nom_process,nom_voltage and nom_temperature respectively), or by the default PVT values (1.0,1.0,1.0).
Warning : Library cell has no output pins defined. [LBR-9]
        : Library cell 'ANTENNAHVT' must have an output pin.
        : Add the missing output pin(s), then reload the library. Else the library cell will be marked as timing model i.e. unusable. Timing_model means that the cell does not have any defined function. If there is no output pin, Genus will mark library cell as unusable i.e. the attribute 'usable' will be marked to 'false' on the libcell. Therefore, the cell is not used for mapping and it will not be picked up from the library for synthesis. If you query the attribute 'unusable_reason' on the libcell; result will be: 'Library cell has no output pins.'Note: The message LBR-9 is only for the logical pins and not for the power_ground pins. Genus will depend upon the output function defined in the pin group (output pin) of the cell, to use it for mapping. The pg_pin will not have any function defined.
Warning : Library cell has no output pins defined. [LBR-9]
        : Library cell 'ANTENNAHVT' must have an output pin.
Info    : Set default library domain. [LBR-109]
        : The default library domain is 'library_domain:slow_vdd1v0.setup'.
  Library has 324 usable logic and 128 usable sequential lib-cells.
Warning : Cannot find expected operating_conditions in library. [MMMC-102]
        : Operating_conditions (P=1.0 V=1.0 T=25.0 tree_type=balanced_tree) cannot be found for opcond:slow_vdd1v0.max in any libraries of timing_condition:slow_vdd1v0.setup.
        : Using default operating conditions. Check for supported operating_conditions in libraries.
#@ End verbose source /home/mdaoudi/Documents/ic_project/fpu/synthesis/constraints/mmmc_config.tcl
@file(synthesize.tcl) 8: read_physical -lefs  ${TECHPATH}/lef/gsclib045_tech.lef
Info    : Via with no resistance will have a value of '0.0' assigned for resistance value. [PHYS-129]
        : Via 'M2_M1_HV' has no resistance value.
        : If this is the expected behavior, this message can be ignored.
Info    : Via with no resistance will have a value of '0.0' assigned for resistance value. [PHYS-129]
        : Via 'M2_M1_VV' has no resistance value.
Info    : Via with no resistance will have a value of '0.0' assigned for resistance value. [PHYS-129]
        : Via 'M2_M1_VH' has no resistance value.
Info    : Via with no resistance will have a value of '0.0' assigned for resistance value. [PHYS-129]
        : Via 'M2_M1_HH' has no resistance value.
Info    : Via with no resistance will have a value of '0.0' assigned for resistance value. [PHYS-129]
        : Via 'M2_M1_2x1_HV_E' has no resistance value.
Info    : Via with no resistance will have a value of '0.0' assigned for resistance value. [PHYS-129]
        : Via 'M2_M1_2x1_HV_W' has no resistance value.
Info    : Via with no resistance will have a value of '0.0' assigned for resistance value. [PHYS-129]
        : Via 'M2_M1_1x2_HV_N' has no resistance value.
Info    : Via with no resistance will have a value of '0.0' assigned for resistance value. [PHYS-129]
        : Via 'M2_M1_1x2_HV_S' has no resistance value.
Info    : Via with no resistance will have a value of '0.0' assigned for resistance value. [PHYS-129]
        : Via 'M3_M2_VH' has no resistance value.
Info    : Via with no resistance will have a value of '0.0' assigned for resistance value. [PHYS-129]
        : Via 'M3_M2_HH' has no resistance value.
Info    : Via with no resistance will have a value of '0.0' assigned for resistance value. [PHYS-129]
        : Via 'M3_M2_HV' has no resistance value.
Info    : Via with no resistance will have a value of '0.0' assigned for resistance value. [PHYS-129]
        : Via 'M3_M2_VV' has no resistance value.
Info    : Via with no resistance will have a value of '0.0' assigned for resistance value. [PHYS-129]
        : Via 'M3_M2_M_NH' has no resistance value.
Info    : Via with no resistance will have a value of '0.0' assigned for resistance value. [PHYS-129]
        : Via 'M3_M2_M_SH' has no resistance value.
Info    : Via with no resistance will have a value of '0.0' assigned for resistance value. [PHYS-129]
        : Via 'M3_M2_2x1_VH_E' has no resistance value.
Info    : Via with no resistance will have a value of '0.0' assigned for resistance value. [PHYS-129]
        : Via 'M3_M2_2x1_VH_W' has no resistance value.
Info    : Via with no resistance will have a value of '0.0' assigned for resistance value. [PHYS-129]
        : Via 'M3_M2_1x2_VH_N' has no resistance value.
Info    : Via with no resistance will have a value of '0.0' assigned for resistance value. [PHYS-129]
        : Via 'M3_M2_1x2_VH_S' has no resistance value.
Info    : Via with no resistance will have a value of '0.0' assigned for resistance value. [PHYS-129]
        : Via 'M4_M3_HV' has no resistance value.
Info    : Via with no resistance will have a value of '0.0' assigned for resistance value. [PHYS-129]
        : Via 'M4_M3_VV' has no resistance value.

  According to lef_library, there are total 11 routing layers [ V(5) / H(6) ]

Warning : None of the loaded LEF files have MACRO statements. [PHYS-20]
        : Make sure the LEF file containing MACRO statement was not missed.
        : The LEF file containing the cell specific information was not loaded. The LEF MACRO construct is used to set the physical data on cells in the timing library. It is likely that only the technology LEF file was loaded. Load all the associated LEF files.
@file(synthesize.tcl) 9: read_physical -add_lefs "[glob ${TECHPATH}/lef/*_macro.lef]"
Incrementally loading LEF file '/home/mdaoudi/Documents/ic_project/fpu/synthesis/flow/tech/lef/gsclib045_hvt_macro.lef'...
Warning : Physical cell not defined in library. [PHYS-279]
        : The physical (LEF) cell FILL1HVT cannot be found in library.
        : Ensure that the proper library files are available and have been imported.
Warning : Physical cell not defined in library. [PHYS-279]
        : The physical (LEF) cell FILL16HVT cannot be found in library.
Warning : Physical cell not defined in library. [PHYS-279]
        : The physical (LEF) cell FILL2HVT cannot be found in library.
Warning : Physical cell not defined in library. [PHYS-279]
        : The physical (LEF) cell FILL32HVT cannot be found in library.
Warning : Physical cell not defined in library. [PHYS-279]
        : The physical (LEF) cell FILL4HVT cannot be found in library.
Warning : Physical cell not defined in library. [PHYS-279]
        : The physical (LEF) cell FILL64HVT cannot be found in library.
Warning : Physical cell not defined in library. [PHYS-279]
        : The physical (LEF) cell FILL8HVT cannot be found in library.
@file(synthesize.tcl) 12: puts " $TOPMODULE reading RTL"
 fpadd_single reading RTL
@file(synthesize.tcl) 13: if {[llength $VERILOGFILES]} {
  puts "Reading in verilog files"
  read_hdl $VERILOGFILES
} else {
  puts "No verilogfiles to read"
}
Reading in verilog files
@file(synthesize.tcl) 20: if {[llength $VHDLFILES]} {
  puts "Reading in vhdl files"
  read_hdl -language vhdl $VHDLFILES
} else {
  puts "No vhdlfiles to read"
}
No vhdlfiles to read
@file(synthesize.tcl) 28: elaborate $TOPMODULE
Info    : Elaborating Design. [ELAB-1]
        : Elaborating top-level block 'fpadd_single' from file '/home/mdaoudi/Documents/ic_project/fpu/synthesis/source/fpadd_single.v'.
Info    : Done Elaborating Design. [ELAB-3]
        : Done elaborating 'fpadd_single'.
Checking for analog nets...
Check completed for analog nets.
Checking for source RTL...
Check completed for source RTL.
Running Unified Mux Engine Tricks...
Completed Unified Mux Engine Tricks
--------------------------------------------------------
| Trick             | Accepts | Rejects | Runtime (ms) | 
--------------------------------------------------------
| ume_constant_bmux |       0 |       0 |         0.00 | 
--------------------------------------------------------
Starting clip mux common data inputs [v1.0] (stage: post_elab, startdef: fpadd_single, recur: true)
Completed clip mux common data inputs (accepts: 0, rejects: 0, runtime: 0.000s)
Starting clip the non-user hierarchies [v2.0] (stage: post_elab, startdef: fpadd_single, recur: true)
Completed clip the non-user hierarchies (accepts: 0, rejects: 0, runtime: 0.000s)
UM:   flow.cputime  flow.realtime  timing.setup.tns  timing.setup.wns  snapshot
UM:*                                                                   elaborate
@file(synthesize.tcl) 29: init_design -top $TOPMODULE
Started checking and loading power intent for design fpadd_single...
====================================================================
No power intent for design 'fpadd_single'.
Completed checking and loading power intent for design fpadd_single (runtime 0.00s).
====================================================================================
#
# Reading SDC /home/mdaoudi/Documents/ic_project/fpu/synthesis/constraints/timing_constraints.tcl for view:func-slow_vdd1v0.setup_cworst_CCworst (constraint_mode:func)
#
============================================================
  Generated by:           Genus(TM) Synthesis Solution 21.10-p002_1
  Generated on:           Apr 20 2025  01:45:40 pm
  Module:                 fpadd_single
  Library domain:         slow_vdd1v0.setup
    Domain index:         0
    Technology library:   slow_vdd1v0 1.0
  Operating conditions:   PVT_0P9V_125C 
  Interconnect mode:      global
  Area mode:              physical library
============================================================


 Clock Description
 ----------------- 

                                          Clock                             Clock               No of   
                 Mode                     Name      Period  Rise   Fall     Domain  Pin/Port  Registers 
--------------------------------------------------------------------------------------------------------
func-slow_vdd1v0.setup_cworst_CCworst  DSP_MASTER   1000.0   0.0   500.0   domain_1   clk        96     

 Clock Network Latency / Setup Uncertainty
 ----------------------------------------- 

                                                   Network   Network   Source   Source     Setup        Setup    
                                         Clock     Latency   Latency  Latency  Latency  Uncertainty  Uncertainty 
                 Mode                    Name       Rise      Fall      Rise     Fall       Rise         Fall    
-----------------------------------------------------------------------------------------------------------------
func-slow_vdd1v0.setup_cworst_CCworst DSP_MASTER       0.0       0.0      0.0      0.0          0.0          0.0 

 Clock Relationship (with uncertainty & latency)
 ----------------------------------------------- 

                   Mode                      From          To        R->R     R->F    F->R    F->F  
----------------------------------------------------------------------------------------------------
  func-slow_vdd1v0.setup_cworst_CCworst   DSP_MASTER   DSP_MASTER   1000.0   500.0   500.0   1000.0 
============================================================
  Generated by:           Genus(TM) Synthesis Solution 21.10-p002_1
  Generated on:           Apr 20 2025  01:45:40 pm
  Module:                 fpadd_single
  Library domain:         slow_vdd1v0.setup
    Domain index:         0
    Technology library:   slow_vdd1v0 1.0
  Operating conditions:   PVT_0P9V_125C 
  Interconnect mode:      global
  Area mode:              physical library
============================================================

No clocks to report
  Setting attribute of root '/': 'timing_io_use_clock_network_latency' = ideal
Statistics for commands executed by read_sdc:
 "all_clocks"               - successful      1 , failed      0 (runtime  0.00)
 "all_inputs"               - successful      2 , failed      0 (runtime  0.00)
 "all_outputs"              - successful      1 , failed      0 (runtime  0.00)
 "create_clock"             - successful      1 , failed      0 (runtime  0.00)
 "get_clock"                - successful      1 , failed      0 (runtime  0.00)
 "get_port"                 - successful      2 , failed      0 (runtime  0.00)
 "get_ports"                - successful      2 , failed      0 (runtime  0.00)
 "set_clock_groups"         - successful      1 , failed      0 (runtime  0.00)
 "set_clock_latency"        - successful      1 , failed      0 (runtime  0.00)
 "set_clock_uncertainty"    - successful      1 , failed      0 (runtime  0.00)
 "set_driving_cell"         - successful      1 , failed      0 (runtime  0.00)
 "set_false_path"           - successful      1 , failed      0 (runtime  0.00)
 "set_input_delay"          - successful      1 , failed      0 (runtime  0.00)
 "set_input_transition"     - successful      1 , failed      0 (runtime  0.00)
 "set_load"                 - successful      1 , failed      0 (runtime  0.00)
 "set_load_unit"            - successful      1 , failed      0 (runtime  0.00)
 "set_output_delay"         - successful      1 , failed      0 (runtime  0.00)
 "set_time_unit"            - successful      1 , failed      0 (runtime  0.00)
read_sdc completed in 00:00:00 (hh:mm:ss)

  According to qrc_tech_file, there are total 11 routing layers [ V(5) / H(6) ]


  According to qrc_tech_file, there are total 11 routing layers [ V(5) / H(6) ]


  According to qrc_tech_file, there are total 11 routing layers [ V(5) / H(6) ]


  According to qrc_tech_file, there are total 11 routing layers [ V(5) / H(6) ]


  According to qrc_tech_file, there are total 11 routing layers [ V(5) / H(6) ]

  Setting attribute of root '/': 'read_qrc_tech_file_rc_corner' = true
@file(synthesize.tcl) 32: read_power_intent $CPFFILE -cpf
Checking out license: Genus_Low_Power_Opt
Started reading power intent file(s) '/home/mdaoudi/Documents/ic_project/fpu/synthesis/constraints/power_domains.cpf'...
========================================================================================================================
Checking file(s) '/home/mdaoudi/Documents/ic_project/fpu/synthesis/constraints/power_domains.cpf' with CPF linter (version: 18.10-d331 dated:10.09.2018).
Completed lint check of files (runtime 1.00).
Completed reading power intent file(s) '/home/mdaoudi/Documents/ic_project/fpu/synthesis/constraints/power_domains.cpf' (runtime 1.00s).
========================================================================================================================================
Started loading library commands in CPF file(s)...
==================================================
Completed loading library commands in CPF file(s) (runtime 0.00s).
==================================================================
@file(synthesize.tcl) 37: get_db cost_groups -if {.name != default} -foreach {delete_obj $object}
@file(synthesize.tcl) 40: foreach mode [get_db constraint_modes -if {.is_setup}] {
set_interactive_constraint_mode $mode
group_path -name in2out -from [all_inputs] -to [all_outputs]
if {[sizeof_collection [all_registers]] > 0} {
  group_path -name in2reg -from [all_inputs] -to [all_registers]
  group_path -name reg2out -from [all_registers] -to [all_outputs]
  group_path -name reg2reg -from [all_registers] -to [all_registers]
}
}
@file(synthesize.tcl) 49: set_interactive_constraint_mode {}
@file(synthesize.tcl) 52: syn_generic
##Generic Timing Info for library domain: slow_vdd1v0.setup typical gate delay: 202.9 ps std_slew: 29.2 ps std_load: 0.8 fF
Starting mux data reorder optimization [v1.0] (stage: pre_to_gen_setup, startdef: fpadd_single, recur: true)
Completed mux data reorder optimization (accepts: 0, rejects: 0, runtime: 0.003s)
Current PLE settings:

Aspect ratio        : 1.000
Shrink factor       : 1.000
Scale of res/length : 1.000
Scale of cap/length : 1.000
Net derating factor : 1.000
Thermal factor      : 1.000
Via Resistance      : 6.600 ohm (from qrc_tech_file)
Site size           : 1.910 um (from lef [tech+cell])

                                   Capacitance  
  Layer                             / Length         Data source:
Name        Direction Utilization  (pF/micron)       qrc_tech_file
------------------------------------------------
METAL_1         H         0.00        0.000210  
METAL_2         V         1.00        0.000174  
METAL_3         H         1.00        0.000174  
METAL_4         V         1.00        0.000174  
METAL_5         H         1.00        0.000174  
METAL_6         V         1.00        0.000174  
METAL_7         H         1.00        0.000175  
METAL_8         V         1.00        0.000176  
METAL_9         H         1.00        0.001240  
METAL_10        V         1.00        0.000529  
METAL_11        H         1.00        0.000686  

                                    Resistance   
  Layer                              / Length         Data source:
Name        Direction Utilization  (ohm/micron)       qrc_tech_file
-------------------------------------------------
METAL_1         H         0.00         1.226667  
METAL_2         V         1.00         0.755000  
METAL_3         H         1.00         0.755000  
METAL_4         V         1.00         0.755000  
METAL_5         H         1.00         0.755000  
METAL_6         V         1.00         0.755000  
METAL_7         H         1.00         0.755000  
METAL_8         V         1.00         0.267500  
METAL_9         H         1.00         0.267500  
METAL_10        V         1.00         0.097273  
METAL_11        H         1.00         0.095455  

                                        Area     
  Layer                               / Length        Data source:
Name        Direction Utilization     (micron)        lef_library
-------------------------------------------------
Metal1          H         0.00         0.060000  
Metal2          V         1.00         0.080000  
Metal3          H         1.00         0.080000  
Metal4          V         1.00         0.080000  
Metal5          H         1.00         0.080000  
Metal6          V         1.00         0.080000  
Metal7          H         1.00         0.080000  
Metal8          V         1.00         0.080000  
Metal9          H         1.00         0.080000  
Metal10         V         1.00         0.220000  
Metal11         H         1.00         0.220000  

Info    : Synthesizing. [SYNTH-1]
        : Synthesizing 'fpadd_single' to generic gates using 'medium' effort.
PBS_Generic-Start - Elapsed_Time 0, CPU_Time 0.0
stamp 'PBS_Generic-Start' being created for table 'pbs_debug'

  Total Time (Wall) |  Stage Time (Wall)  |   % (Wall)   |    Date - Time     |  Memory   | Stage
--------------------+---------------------+--------------+--------------------+-----------+----------------------
 00:00:27(00:00:21) |  00:00:00(00:00:00) |   0.0(  0.0) |   13:45:52 (Apr20) |  275.7 MB | PBS_Generic-Start
--------------------+---------------------+--------------+--------------------+-----------+----------------------
Number of threads: 8 * 1   (id: pbs_debug, time_info v1.57)
Info: (*N*) indicates data that was populated from previously saved time_info database
Info: CPU time includes time of parent + longest thread
TNS Restructuring config: no_value at stage: generic applied.
Info    : Partition Based Synthesis execution skipped. [PHYS-752]
        : Design size is less than the partition size '100000' for distributed generic optimization to kick in.
Starting mux data reorder optimization [v1.0] (stage: pre_to_gen_setup, startdef: fpadd_single, recur: true)
Completed mux data reorder optimization (accepts: 0, rejects: 0, runtime: 0.004s)
Starting mux data reorder optimization [v1.0] (stage: post_to_gen_setup, startdef: fpadd_single, recur: true)
Completed mux data reorder optimization (accepts: 0, rejects: 0, runtime: 0.003s)
Current PLE settings:

Aspect ratio        : 1.000
Shrink factor       : 1.000
Scale of res/length : 1.000
Scale of cap/length : 1.000
Net derating factor : 1.000
Thermal factor      : 1.000
Via Resistance      : 6.600 ohm (from qrc_tech_file)
Site size           : 1.910 um (from lef [tech+cell])

                                   Capacitance  
  Layer                             / Length         Data source:
Name        Direction Utilization  (pF/micron)       qrc_tech_file
------------------------------------------------
METAL_1         H         0.00        0.000210  
METAL_2         V         1.00        0.000174  
METAL_3         H         1.00        0.000174  
METAL_4         V         1.00        0.000174  
METAL_5         H         1.00        0.000174  
METAL_6         V         1.00        0.000174  
METAL_7         H         1.00        0.000175  
METAL_8         V         1.00        0.000176  
METAL_9         H         1.00        0.001240  
METAL_10        V         1.00        0.000529  
METAL_11        H         1.00        0.000686  

                                    Resistance   
  Layer                              / Length         Data source:
Name        Direction Utilization  (ohm/micron)       qrc_tech_file
-------------------------------------------------
METAL_1         H         0.00         1.226667  
METAL_2         V         1.00         0.755000  
METAL_3         H         1.00         0.755000  
METAL_4         V         1.00         0.755000  
METAL_5         H         1.00         0.755000  
METAL_6         V         1.00         0.755000  
METAL_7         H         1.00         0.755000  
METAL_8         V         1.00         0.267500  
METAL_9         H         1.00         0.267500  
METAL_10        V         1.00         0.097273  
METAL_11        H         1.00         0.095455  

                                        Area     
  Layer                               / Length        Data source:
Name        Direction Utilization     (micron)        lef_library
-------------------------------------------------
Metal1          H         0.00         0.060000  
Metal2          V         1.00         0.080000  
Metal3          H         1.00         0.080000  
Metal4          V         1.00         0.080000  
Metal5          H         1.00         0.080000  
Metal6          V         1.00         0.080000  
Metal7          H         1.00         0.080000  
Metal8          V         1.00         0.080000  
Metal9          H         1.00         0.080000  
Metal10         V         1.00         0.220000  
Metal11         H         1.00         0.220000  

Running Unified Mux Engine Tricks...
Completed Unified Mux Engine Tricks
--------------------------------------------
| Trick | Accepts | Rejects | Runtime (ms) | 
--------------------------------------------
--------------------------------------------
Starting datapath recasting [v1.0] (stage: pre_rtlopt, startdef: fpadd_single, recur: true)
Completed datapath recasting (accepts: 0, rejects: 0, runtime: 0.000s)
Starting infer macro optimization [v1.0] (stage: pre_rtlopt, startdef: fpadd_single, recur: true)
Completed infer macro optimization (accepts: 0, rejects: 1, runtime: 0.003s)
Starting decode mux sandwich optimization [v2.0] (stage: pre_rtlopt, startdef: fpadd_single, recur: true)
Completed decode mux sandwich optimization (accepts: 0, rejects: 0, runtime: 0.000s)
Starting decode mux optimization [v1.0] (stage: pre_rtlopt, startdef: fpadd_single, recur: true)
Completed decode mux optimization (accepts: 0, rejects: 0, runtime: 0.000s)
Starting chop wide muxes [v1.0] (stage: pre_rtlopt, startdef: fpadd_single, recur: true)
Completed chop wide muxes (accepts: 0, rejects: 0, runtime: 0.000s)
Starting common data mux cascade opt [v1.0] (stage: pre_rtlopt, startdef: fpadd_single, recur: true)
Completed common data mux cascade opt (accepts: 0, rejects: 0, runtime: 0.001s)
Starting mux input consolidation [v1.0] (stage: pre_rtlopt, startdef: fpadd_single, recur: true)
Completed mux input consolidation (accepts: 0, rejects: 0, runtime: 0.000s)
Starting priority mux optimization [v1.0] (stage: pre_rtlopt, startdef: fpadd_single, recur: true)
Completed priority mux optimization (accepts: 0, rejects: 0, runtime: 0.087s)
Starting constant-data mux optimization [v1.0] (stage: pre_rtlopt, startdef: fpadd_single, recur: true)
Completed constant-data mux optimization (accepts: 0, rejects: 1, runtime: 0.000s)
Starting chain-to-tree inequality transform [v2.0] (stage: pre_rtlopt, startdef: fpadd_single, recur: true)
Completed chain-to-tree inequality transform (accepts: 0, rejects: 0, runtime: 0.004s)
Starting reconvergence optimization [v1.0] (stage: pre_rtlopt, startdef: fpadd_single, recur: true)
Completed reconvergence optimization (accepts: 0, rejects: 0, runtime: 0.000s)
Starting logic restructure optimization [v1.0] (stage: pre_rtlopt, startdef: fpadd_single, recur: true)
Completed logic restructure optimization (accepts: 0, rejects: 0, runtime: 0.000s)
Starting common select mux optimization [v1.0] (stage: pre_rtlopt, startdef: fpadd_single, recur: true)
Completed common select mux optimization (accepts: 0, rejects: 1, runtime: 0.000s)
Starting identity transform [v3.0] (stage: pre_rtlopt, startdef: fpadd_single, recur: true)
Completed identity transform (accepts: 0, rejects: 0, runtime: 0.000s)
Starting reduce operator chain [v1.0] (stage: pre_rtlopt, startdef: fpadd_single, recur: true)
Completed reduce operator chain (accepts: 0, rejects: 0, runtime: 0.001s)
Starting common data mux cascade opt [v1.0] (stage: pre_rtlopt, startdef: fpadd_single, recur: true)
Completed common data mux cascade opt (accepts: 0, rejects: 0, runtime: 0.000s)
Starting mux input consolidation [v1.0] (stage: pre_rtlopt, startdef: fpadd_single, recur: true)
Completed mux input consolidation (accepts: 0, rejects: 0, runtime: 0.000s)
Starting optimize datapath elements [v1.0] (stage: pre_rtlopt, startdef: fpadd_single, recur: true)
Completed optimize datapath elements (accepts: 0, rejects: 0, runtime: 0.000s)
Starting clip mux common data inputs [v1.0] (stage: pre_rtlopt, startdef: fpadd_single, recur: true)
Completed clip mux common data inputs (accepts: 0, rejects: 0, runtime: 0.000s)
Starting clip the non-user hierarchies [v2.0] (stage: pre_rtlopt, startdef: fpadd_single, recur: true)
Completed clip the non-user hierarchies (accepts: 0, rejects: 0, runtime: 0.000s)
Running Unified Mux Engine Tricks...
Completed Unified Mux Engine Tricks
--------------------------------------------------
| Trick       | Accepts | Rejects | Runtime (ms) | 
--------------------------------------------------
| ume_runtime |       0 |       0 |         0.00 | 
--------------------------------------------------
Number of big hc bmuxes before = 0
Number of non-ctl's : 2
mux_zero_count_13_18 mux_zero_count_12_3 
SOP DEBUG : Module= fp_normalizer, Cluster= ctl_mantissa_temp_13_18, ctl= 2, Non-ctl= 2
implTypeToString() API needs to be updated for implementation 106
Selected impl_type 106 (Unknown) for sop cluster ctl_mantissa_temp_13_18.
Info    : Pre-processed datapath logic. [DPOPT-6]
        : Pre-processing optimizations applied to datapath logic in 'fpadd_single':
          sop(1) live_trim(3) 
Info    : Optimizing datapath logic. [DPOPT-1]
        : Optimizing datapath logic in 'fpadd_single'.
Info    : Implementing datapath configurations. [DPOPT-3]
        : Implementing datapath configurations for 'CDN_DP_region_0_0'
CSAGen Prep Share:0 Re-Write:3 Speculation: 0
MaxCSA: Successfully built Maximal CSA Expression Expr0
MaxCSA: Successfully built Maximal CSA Expression Expr1
MaxCSA: Successfully built Maximal CSA Expression Expr2
MaxCSA: Successfully built Maximal CSA Expression Expr3
Info    : Accepted resource sharing opportunity. [RTLOPT-30]
        : Merged the following sets of instances in 'CDN_DP_region_0_0_c6 in fpadd_single':
	  (add_96_38, sub_98_38)

CDN_DP_region_0_0 level = 0 loads = 0 drivers = 0
CDN_DP_region_0_0_c0 in fpadd_single: area: 20660747940 ,dp = 13 mux = 13 sg = slow         worst_clk_period: 0.0000 
    wns: 78941  norm_wns:  0.0000 
    fail_endp: 0 
    tns:  4438420  tns_per_endp:  0.0000   norm_tns_per_endp:  0.0000 
    tns_sense_max:  0.0000  tns_sense_avg:  0.0000   tns_sense_num: 0
 skipped
CDN_DP_region_0_0_c1 in fpadd_single: area: 20249455905 ,dp = 13 mux = 14 sg = fast         worst_clk_period: 0.0000 
    wns: 77930  norm_wns:  0.0000 
    fail_endp: 0 
    tns:  4335170  tns_per_endp:  0.0000   norm_tns_per_endp:  0.0000 
    tns_sense_max:  0.0000  tns_sense_avg:  0.0000   tns_sense_num: 0
 is current best
CDN_DP_region_0_0_c2 in fpadd_single: area: 19421530380 ,dp = 12 mux = 14 sg = very_slow    worst_clk_period: 0.0000 
    wns: 80322  norm_wns:  0.0000 
    fail_endp: 0 
    tns:  4487528  tns_per_endp:  0.0000   norm_tns_per_endp:  0.0000 
    tns_sense_max:  0.0000  tns_sense_avg:  0.0000   tns_sense_num: 0

CDN_DP_region_0_0_c3 in fpadd_single: area: 20249455905 ,dp = 13 mux = 14 sg = very_fast    worst_clk_period: 0.0000 
    wns: 77930  norm_wns:  0.0000 
    fail_endp: 0 
    tns:  4335170  tns_per_endp:  0.0000   norm_tns_per_endp:  0.0000 
    tns_sense_max:  0.0000  tns_sense_avg:  0.0000   tns_sense_num: 0
 is current best
CDN_DP_region_0_0_c4 in fpadd_single: area: 20249455905 ,dp = 13 mux = 14 sg = very_fast    worst_clk_period: 0.0000 
    wns: 77930  norm_wns:  0.0000 
    fail_endp: 0 
    tns:  4335170  tns_per_endp:  0.0000   norm_tns_per_endp:  0.0000 
    tns_sense_max:  0.0000  tns_sense_avg:  0.0000   tns_sense_num: 0
 is current best
CDN_DP_region_0_0_c5 in fpadd_single: area: 20249455905 ,dp = 13 mux = 14 sg = very_fast    worst_clk_period: 0.0000 
    wns: 77930  norm_wns:  0.0000 
    fail_endp: 0 
    tns:  4335170  tns_per_endp:  0.0000   norm_tns_per_endp:  0.0000 
    tns_sense_max:  0.0000  tns_sense_avg:  0.0000   tns_sense_num: 0
 is current best
CDN_DP_region_0_0_c6 in fpadd_single: area: 17402460390 ,dp = 11 mux = 13 sg = very_fast    worst_clk_period: 0.0000 
    wns: 79464  norm_wns:  0.0000 
    fail_endp: 0 
    tns:  4460024  tns_per_endp:  0.0000   norm_tns_per_endp:  0.0000 
    tns_sense_max:  0.0000  tns_sense_avg:  0.0000   tns_sense_num: 0

CDN_DP_region_0_0_c7 in fpadd_single: area: 30067050195 ,dp = 14 mux = 14 sg = very_fast    worst_clk_period: 0.0000 
    wns: 77930  norm_wns:  5070845358760269667576089235806800449662323209380934305876580599065091492149368134232825556520966740707609207506030575752393075884469129012549910856426712430316332886559063019985594283218862477186166600395814167673843019596846682339179148924157952.0000 
    fail_endp: 3472328296227745890 
    tns:  4352491  tns_per_endp:  0.0000   norm_tns_per_endp:  0.0000 
    tns_sense_max:  0.0000  tns_sense_avg:  0.0000   tns_sense_num: 2236475

Best config: CDN_DP_region_0_0_c5 in fpadd_single: area: 20249455905 ,dp = 13 mux = 14 sg = very_fast    worst_clk_period: 0.0000 
    wns: 77930  norm_wns:  0.0000 
    fail_endp: 0 
    tns:  4335170  tns_per_endp:  0.0000   norm_tns_per_endp:  0.0000 
    tns_sense_max:  0.0000  tns_sense_avg:  0.0000   tns_sense_num: 0
  Smallest config area : 17402460390.  Fastest config wns;  77930
##>+----------------------------------------------------------------------------------------------------------------------------------------------------------------+
##>Summary table of configs (Best config is CDN_DP_region_0_0_c5)
##>+----------------------------------------------------------------------------------------------------------------------------------------------------------------+
##>                     0                  1                  2                  3                  4                  5                  6                  7            
##>+----------------------------------------------------------------------------------------------------------------------------------------------------------------+
##>           Area      20660747940        20249455905        19421530380        20249455905        20249455905        20249455905        17402460390        30067050195  
##>            WNS         -7894.10           -7793.00           -8032.20           -7793.00           -7793.00           -7793.00           -7946.40           -7793.00  
##>            TNS          4438420            4335170            4487528            4335170            4335170            4335170            4460024            4352491  
##>    Num Rewrite                0                  0                  0                  0                  0                  0                  0                  7  
##>     Num Factor                0                  0                  0                  0                  0                  0                  0                  0  
##>      Num Share                0                  0                  0                  0                  0                  0                  1                  0  
##>   Num CmultCse                0                  0                  0                  0                  0                  0                  0                  0  
##>   Num Downsize                0                  0                  0                  0                  0                  0                  0                  0  
##>  Num Speculate                0                  1                  0                  1                  1                  1                  0                  3  
##>     Runtime(s)                0                  0                  0                  1                  1                  1                  0                  6  
+----------------------------------------------------------------------------------------------------------------------------------------------------------------+
##>
##>
##>+------------------------------------------------------------------------------------------------------------------------------------------------------------+
##>Optimization Step DEBUG Table for config CDN_DP_region_0_0_c5
##>
##>                          Step                        Area   ( % Chg)        WNS (Change)        TNS (Change)          Runtime (s)        Comment                   
##>+------------------------------------------------------------------------------------------------------------------------------------------------------------+
##>createMaxCarrySave              START            20660747940 (      )    -7894.10 (        )       4438420 (        )              
##> datapath_rewrite_one_def       START            20660747940 ( +0.00)    -7894.10 (   +0.00)       4438420 (       0)              
##>  fast_cse_elim                 START            20660747940 ( +0.00)    -7894.10 (   +0.00)       4438420 (       0)              
##>                                  END            20660747940 ( +0.00)    -7894.10 (   +0.00)       4438420 (       0)           0  
##>  fast_cse_elim                 START            20660747940 ( +0.00)    -7894.10 (   +0.00)       4438420 (       0)              
##>                                  END            20660747940 ( +0.00)    -7894.10 (   +0.00)       4438420 (       0)           0  
##>                                  END            20660747940 ( +0.00)    -7894.10 (   +0.00)       4438420 (       0)           0  
##> speculate_in_gdef              START            20660747940 ( +0.00)    -7894.10 (   +0.00)       4438420 (       0)              
##>  pre_speculate_mux_merge       START            20660747940 ( +0.00)    -7894.10 (   +0.00)       4438420 (       0)              
##>                                  END            20660747940 ( +0.00)    -7894.10 (   +0.00)       4438420 (       0)           0  
##>  createMaxCarrySave            START            22022818965 ( +6.59)    -7793.00 ( +101.10)       4304579 ( -133841)              
##>   datapath_rewrite_one_def     START            22022818965 ( +0.00)    -7793.00 (   +0.00)       4304579 (       0)              
##>    fast_cse_elim               START            22022818965 ( +0.00)    -7793.00 (   +0.00)       4304579 (       0)              
##>                                  END            22022818965 ( +0.00)    -7793.00 (   +0.00)       4304579 (       0)           0  
##>    fast_cse_elim               START            22022818965 ( +0.00)    -7793.00 (   +0.00)       4304579 (       0)              
##>                                  END            22022818965 ( +0.00)    -7793.00 (   +0.00)       4304579 (       0)           0  
##>                                  END            22022818965 ( +0.00)    -7793.00 (   +0.00)       4304579 (       0)           0  
##>   csa_opto                     START            22022818965 ( +0.00)    -7793.00 (   +0.00)       4304579 (       0)              
##>                                  END            22022818965 ( +0.00)    -7793.00 (   +0.00)       4304579 (       0)           0  
##>                                  END            22022818965 ( +0.00)    -7793.00 (   +0.00)       4304579 (       0)           0  
##>  createMaxCarrySave            START            21691648755 ( -1.50)    -7793.00 (   +0.00)       4304292 (    -287)              
##>   datapath_rewrite_one_def     START            21691648755 ( +0.00)    -7793.00 (   +0.00)       4304292 (       0)              
##>    fast_cse_elim               START            21691648755 ( +0.00)    -7793.00 (   +0.00)       4304292 (       0)              
##>                                  END            21691648755 ( +0.00)    -7793.00 (   +0.00)       4304292 (       0)           0  
##>    fast_cse_elim               START            21691648755 ( +0.00)    -7793.00 (   +0.00)       4304292 (       0)              
##>                                  END            21691648755 ( +0.00)    -7793.00 (   +0.00)       4304292 (       0)           0  
##>                                  END            21691648755 ( +0.00)    -7793.00 (   +0.00)       4304292 (       0)           0  
##>   csa_opto                     START            21691648755 ( +0.00)    -7793.00 (   +0.00)       4304292 (       0)              
##>                                  END            21691648755 ( +0.00)    -7793.00 (   +0.00)       4304292 (       0)           0  
##>                                  END            21691648755 ( +0.00)    -7793.00 (   +0.00)       4304292 (       0)           0  
##>                                  END            21488673465 ( +4.01)    -7793.00 ( +101.10)       4304579 ( -133841)           0  
##> csa_opto                       START            21488673465 ( +0.00)    -7793.00 (   +0.00)       4304579 (       0)              
##>                                  END            21013283970 ( -2.21)    -7793.00 (   +0.00)       4365987 (   61408)           0  
##>                                  END            21013283970 ( +1.71)    -7793.00 ( +101.10)       4365987 (  -72433)           0  
##>canonicalize_by_names           START            21013283970 ( +0.00)    -7793.00 (   +0.00)       4365987 (       0)              
##>                                  END            21013283970 ( +0.00)    -7793.00 (   +0.00)       4365987 (       0)           0  
##>datapath_rewrite_post_csa_one_  START            21013283970 ( +0.00)    -7793.00 (   +0.00)       4365987 (       0)              
##>                                  END            21013283970 ( +0.00)    -7793.00 (   +0.00)       4365987 (       0)           0  
##>datapath_csa_factoring_one_gde  START            21013283970 ( +0.00)    -7793.00 (   +0.00)       4365987 (       0)              
##>                                  END            21013283970 ( +0.00)    -7793.00 (   +0.00)       4365987 (       0)           0  
##>dpopt_share_one_def             START            21013283970 ( +0.00)    -7793.00 (   +0.00)       4365987 (       0)              
##>                                  END            21013283970 ( +0.00)    -7793.00 (   +0.00)       4365987 (       0)           0  
##>datapath_rewrite_post_share     START            21013283970 ( +0.00)    -7793.00 (   +0.00)       4365987 (       0)              
##>                                  END            21013283970 ( +0.00)    -7793.00 (   +0.00)       4365987 (       0)           0  
##>dp_combine_const_mult_with_com  START            21013283970 ( +0.00)    -7793.00 (   +0.00)       4365987 (       0)              
##>                                  END            21013283970 ( +0.00)    -7793.00 (   +0.00)       4365987 (       0)           0  
##>speculate_in_gdef               START            21013283970 ( +0.00)    -7793.00 (   +0.00)       4365987 (       0)              
##> pre_speculate_mux_merge        START            21013283970 ( +0.00)    -7793.00 (   +0.00)       4365987 (       0)              
##>                                  END            21013283970 ( +0.00)    -7793.00 (   +0.00)       4365987 (       0)           0  
##> createMaxCarrySave             START            24218156970 (+15.25)    -7793.00 (   +0.00)       4367002 (    1015)              
##>  datapath_rewrite_one_def      START            24218156970 ( +0.00)    -7793.00 (   +0.00)       4367002 (       0)              
##>   fast_cse_elim                START            24218156970 ( +0.00)    -7793.00 (   +0.00)       4367002 (       0)              
##>                                  END            24218156970 ( +0.00)    -7793.00 (   +0.00)       4367002 (       0)           0  
##>   fast_cse_elim                START            24218156970 ( +0.00)    -7793.00 (   +0.00)       4367002 (       0)              
##>                                  END            24218156970 ( +0.00)    -7793.00 (   +0.00)       4367002 (       0)           0  
##>                                  END            24218156970 ( +0.00)    -7793.00 (   +0.00)       4367002 (       0)           0  
##>  csa_opto                      START            24218156970 ( +0.00)    -7793.00 (   +0.00)       4367002 (       0)              
##>                                  END            24218156970 ( +0.00)    -7793.00 (   +0.00)       4367002 (       0)           0  
##>                                  END            24218156970 ( +0.00)    -7793.00 (   +0.00)       4367002 (       0)           0  
##>                                  END            21013283970 ( +0.00)    -7793.00 (   +0.00)       4365987 (       0)           0  
##>dp_operator_level_decompositio  START            21013283970 ( +0.00)    -7793.00 (   +0.00)       4365987 (       0)              
##>                                  END            21013283970 ( +0.00)    -7793.00 (   +0.00)       4365987 (       0)           0  
##>selective_flatten_dp_config     START            21013283970 ( +0.00)    -7793.00 (   +0.00)       4365987 (       0)              
##>                                  END            20660747940 ( -1.68)    -7793.00 (   +0.00)       4382308 (   16321)           0  
##>createMaxCarrySave              START            20660747940 ( +0.00)    -7793.00 (   +0.00)       4382308 (       0)              
##> datapath_rewrite_one_def       START            20660747940 ( +0.00)    -7793.00 (   +0.00)       4382308 (       0)              
##>  rewrite                       START            20660747940 ( +0.00)    -7793.00 (   +0.00)       4382308 (       0)              (na,csaa) abs_diff_with_select --> abs_diff_shared_sub
##>                                  END            20660747940 ( +0.00)    -7793.00 (   +0.00)       4382308 (       0)           0  
##>  fast_cse_elim                 START            20660747940 ( +0.00)    -7793.00 (   +0.00)       4382308 (       0)              
##>                                  END            20660747940 ( +0.00)    -7793.00 (   +0.00)       4382308 (       0)           0  
##>  fast_cse_elim                 START            20660747940 ( +0.00)    -7793.00 (   +0.00)       4382308 (       0)              
##>                                  END            20660747940 ( +0.00)    -7793.00 (   +0.00)       4382308 (       0)           0  
##>                                  END            20660747940 ( +0.00)    -7793.00 (   +0.00)       4382308 (       0)           0  
##> speculate_in_gdef              START            20660747940 ( +0.00)    -7793.00 (   +0.00)       4382308 (       0)              
##>  pre_speculate_mux_merge       START            20660747940 ( +0.00)    -7793.00 (   +0.00)       4382308 (       0)              
##>                                  END            20660747940 ( +0.00)    -7793.00 (   +0.00)       4382308 (       0)           0  
##>  createMaxCarrySave            START            23865620940 (+15.51)    -7793.00 (   +0.00)       4383352 (    1044)              
##>   datapath_rewrite_one_def     START            23865620940 ( +0.00)    -7793.00 (   +0.00)       4383352 (       0)              
##>    fast_cse_elim               START            23865620940 ( +0.00)    -7793.00 (   +0.00)       4383352 (       0)              
##>                                  END            23865620940 ( +0.00)    -7793.00 (   +0.00)       4383352 (       0)           0  
##>    fast_cse_elim               START            23865620940 ( +0.00)    -7793.00 (   +0.00)       4383352 (       0)              
##>                                  END            23865620940 ( +0.00)    -7793.00 (   +0.00)       4383352 (       0)           0  
##>                                  END            23865620940 ( +0.00)    -7793.00 (   +0.00)       4383352 (       0)           0  
##>   csa_opto                     START            23865620940 ( +0.00)    -7793.00 (   +0.00)       4383352 (       0)              
##>                                  END            23865620940 ( +0.00)    -7793.00 (   +0.00)       4383352 (       0)           0  
##>                                  END            23865620940 ( +0.00)    -7793.00 (   +0.00)       4383352 (       0)           0  
##>                                  END            20660747940 ( +0.00)    -7793.00 (   +0.00)       4382308 (       0)           0  
##> csa_opto                       START            20660747940 ( +0.00)    -7793.00 (   +0.00)       4382308 (       0)              
##>                                  END            20660747940 ( +0.00)    -7793.00 (   +0.00)       4382308 (       0)           0  
##>                                  END            20660747940 ( +0.00)    -7793.00 (   +0.00)       4382308 (       0)           0  
##>context_based_simplify          START            20639382120 ( -0.10)    -7793.00 (   +0.00)       4382308 (       0)              
##>                                  END            20249455905 ( -1.89)    -7793.00 (   +0.00)       4334977 (  -47331)           0  
##>group_csa_final_adder_dp        START            20249455905 ( +0.00)    -7793.00 (   +0.00)       4334977 (       0)              
##>                                  END            20249455905 ( +0.00)    -7793.00 (   +0.00)       4335170 (     193)           0  
##>dpopt_flatten_critical_muxes_i  START            20249455905 ( +0.00)    -7793.00 (   +0.00)       4335170 (       0)              
##>                                  END            20249455905 ( +0.00)    -7793.00 (   +0.00)       4335170 (       0)           0  
##>speculate_in_gdef               START            20249455905 ( +0.00)    -7793.00 (   +0.00)       4335170 (       0)              
##> pre_speculate_mux_merge        START            20249455905 ( +0.00)    -7793.00 (   +0.00)       4335170 (       0)              
##>                                  END            20249455905 ( +0.00)    -7793.00 (   +0.00)       4335170 (       0)           0  
##>                                  END            20249455905 ( +0.00)    -7793.00 (   +0.00)       4335170 (       0)           0  
##>create_score                    START            20249455905 ( +0.00)    -7793.00 (   +0.00)       4335170 (       0)              
##>                                  END            20249455905 ( +0.00)    -7793.00 (   +0.00)       4335170 (       0)           0  
##>+------------------------------------------------------------------------------------------------------------------------------------------------------------+
Committed config: CDN_DP_region_0_0_c5
Info    : Done implementing datapath configurations. [DPOPT-4]
        : Selected 'very_fast' configuration 5 for module 'CDN_DP_region_0_0'.
          Optimizations applied to 'very_fast' configuration:
            rewriting(0), factoring(0), sharing(0), cmultcse(0), downsizing(0), speculation(1)
Info    : Done optimizing datapath logic. [DPOPT-2]
        : Done optimizing datapath logic in 'fpadd_single'.
Number of big hc bmuxes after = 0
Starting logic reduction [v1.0] (stage: post_rtlopt, startdef: fpadd_single, recur: true)
Completed logic reduction (accepts: 0, rejects: 0, runtime: 0.000s)
Starting mux data reorder optimization [v1.0] (stage: post_rtlopt, startdef: fpadd_single, recur: true)
Completed mux data reorder optimization (accepts: 0, rejects: 0, runtime: 0.002s)
Starting mux speculation [v1.0] (stage: post_muxopt, startdef: fpadd_single, recur: true)
Starting speculation optimization
Completed speculation optimization (accepts:0)
Completed mux speculation (accepts: 0, rejects: 0, runtime: 0.101s)
==================================
Stage : to_generic 
==================================
  =================
   Message Summary
  =================
---------------------------------------------------------------------------------------
|    Id     |  Sev   |Count |                      Message Text                       |
---------------------------------------------------------------------------------------
| CDFG-372  |Info    |   31 |Bitwidth mismatch in assignment.                         |
|           |        |      |Review and make sure the mismatch is unintentional.      |
|           |        |      | Genus can possibly issue bitwidth mismatch warning for  |
|           |        |      | explicit assignments present in RTL as-well-as for      |
|           |        |      | implicit assignments inferred by the tool. For example, |
|           |        |      | in case of enum declaration without value, the tool     |
|           |        |      | will implicitly assign value to the enum variables. It  |
|           |        |      | also issues the warning for any bitwidth mismatch that  |
|           |        |      | appears in this implicit assignment.                    |
| CDFG-738  |Info    |    4 |Common subexpression eliminated.                         |
| CDFG-739  |Info    |    4 |Common subexpression kept.                               |
| CDFG-769  |Info    |    1 |Identified sum-of-products logic to be optimized during  |
|           |        |      | syn_generic.                                            |
| CDFG-771  |Info    |    1 |Replaced logic with a constant value.                    |
| CWD-19    |Info    |  105 |An implementation was inferred.                          |
| DPOPT-1   |Info    |    1 |Optimizing datapath logic.                               |
| DPOPT-2   |Info    |    1 |Done optimizing datapath logic.                          |
| DPOPT-3   |Info    |    1 |Implementing datapath configurations.                    |
| DPOPT-4   |Info    |    1 |Done implementing datapath configurations.               |
| DPOPT-6   |Info    |    1 |Pre-processed datapath logic.                            |
| DPOPT-10  |Info    |    1 |Optimized a mux chain.                                   |
| ELAB-1    |Info    |    1 |Elaborating Design.                                      |
| ELAB-2    |Info    |    1 |Elaborating Subdesign.                                   |
| ELAB-3    |Info    |    1 |Done Elaborating Design.                                 |
| GB-6      |Info    |    1 |A datapath component has been ungrouped.                 |
| GLO-51    |Info    |    1 |Hierarchical instance automatically ungrouped.           |
|           |        |      |Hierarchical instances can be automatically ungrouped to |
|           |        |      | allow for better area or timing optimization. To        |
|           |        |      | prevent this ungroup, set the root-level attribute      |
|           |        |      | 'auto_ungroup' to 'none'. You can also prevent          |
|           |        |      | individual ungroup with setting the attribute           |
|           |        |      | 'ungroup_ok' of instances or modules to 'false'.        |
| LBR-9     |Warning |    2 |Library cell has no output pins defined.                 |
|           |        |      |Add the missing output pin(s)                            |
|           |        |      | , then reload the library. Else the library cell will   |
|           |        |      | be marked as timing model i.e. unusable. Timing_model   |
|           |        |      | means that the cell does not have any defined function. |
|           |        |      | If there is no output pin, Genus will mark library cell |
|           |        |      | as unusable i.e. the attribute 'usable' will be marked  |
|           |        |      | to 'false' on the libcell. Therefore, the cell is not   |
|           |        |      | used for mapping and it will not be picked up from the  |
|           |        |      | library for synthesis. If you query the attribute       |
|           |        |      | 'unusable_reason' on the libcell; result will be:       |
|           |        |      | 'Library cell has no output pins.'Note: The message     |
|           |        |      | LBR-9 is only for the logical pins and not for the      |
|           |        |      | power_ground pins. Genus will depend upon the output    |
|           |        |      | function defined in the pin group (output pin)          |
|           |        |      | of the cell, to use it for mapping. The pg_pin will not |
|           |        |      | have any function defined.                              |
| LBR-41    |Info    |    1 |An output library pin lacks a function attribute.        |
|           |        |      |If the remainder of this library cell's semantic checks  |
|           |        |      | are successful, it will be considered as a timing-model |
|           |        |      | (because one of its outputs does not have a valid funct |
|           |        |      | ion.                                                    |
| LBR-109   |Info    |    1 |Set default library domain.                              |
| LBR-155   |Info    | 1320 |Mismatch in unateness between 'timing_sense' attribute   |
|           |        |      | and the function.                                       |
|           |        |      |The 'timing_sense' attribute will be respected.          |
| LBR-161   |Info    |    1 |Setting the maximum print count of this message to 10 if |
|           |        |      | information_level is less than 9.                       |
| LBR-162   |Info    |  124 |Both 'pos_unate' and 'neg_unate' timing_sense arcs have  |
|           |        |      | been processed.                                         |
|           |        |      |Setting the 'timing_sense' to non_unate.                 |
| LBR-412   |Info    |    1 |Created nominal operating condition.                     |
|           |        |      |The nominal operating condition is represented, either   |
|           |        |      | by the nominal PVT values specified in the library      |
|           |        |      | source                                                  |
|           |        |      | (via nom_process,nom_voltage and nom_temperature respec |
|           |        |      | tively), or by the default PVT values (1.0,1.0,1.0).    |
| LBR-518   |Info    |    1 |Missing a function attribute in the output pin           |
|           |        |      | definition.                                             |
| MMMC-102  |Warning |    1 |Cannot find expected operating_conditions in library.    |
|           |        |      |Using default operating conditions. Check for supported  |
|           |        |      | operating_conditions in libraries.                      |
| PHYS-20   |Warning |    1 |None of the loaded LEF files have MACRO statements.      |
|           |        |      |The LEF file containing the cell specific information    |
|           |        |      | was not loaded. The LEF MACRO construct is used to set  |
|           |        |      | the physical data on cells in the timing library. It is |
|           |        |      | likely that only the technology LEF file was loaded.    |
|           |        |      | Load all the associated LEF files.                      |
| PHYS-129  |Info    |  119 |Via with no resistance will have a value of '0.0'        |
|           |        |      | assigned for resistance value.                          |
|           |        |      |If this is the expected behavior, this message can be    |
|           |        |      | ignored.                                                |
| PHYS-279  |Warning |    7 |Physical cell not defined in library.                    |
|           |        |      |Ensure that the proper library files are available and   |
|           |        |      | have been imported.                                     |
| PHYS-752  |Info    |    1 |Partition Based Synthesis execution skipped.             |
| RTLOPT-30 |Info    |    1 |Accepted resource sharing opportunity.                   |
| RTLOPT-40 |Info    |    1 |Transformed datapath macro.                              |
| SYNTH-1   |Info    |    1 |Synthesizing.                                            |
| TIM-1000  |Info    |    1 |Multimode clock gating check is disabled.                |
| TUI-58    |Info    |    1 |Removed object.                                          |
---------------------------------------------------------------------------------------
Current PLE settings:

Aspect ratio        : 1.000
Shrink factor       : 1.000
Scale of res/length : 1.000
Scale of cap/length : 1.000
Net derating factor : 1.000
Thermal factor      : 1.000
Via Resistance      : 6.600 ohm (from qrc_tech_file)
Site size           : 1.910 um (from lef [tech+cell])

                                   Capacitance  
  Layer                             / Length         Data source:
Name        Direction Utilization  (pF/micron)       qrc_tech_file
------------------------------------------------
METAL_1         H         0.00        0.000210  
METAL_2         V         1.00        0.000174  
METAL_3         H         1.00        0.000174  
METAL_4         V         1.00        0.000174  
METAL_5         H         1.00        0.000174  
METAL_6         V         1.00        0.000174  
METAL_7         H         1.00        0.000175  
METAL_8         V         1.00        0.000176  
METAL_9         H         1.00        0.001240  
METAL_10        V         1.00        0.000529  
METAL_11        H         1.00        0.000686  

                                    Resistance   
  Layer                              / Length         Data source:
Name        Direction Utilization  (ohm/micron)       qrc_tech_file
-------------------------------------------------
METAL_1         H         0.00         1.226667  
METAL_2         V         1.00         0.755000  
METAL_3         H         1.00         0.755000  
METAL_4         V         1.00         0.755000  
METAL_5         H         1.00         0.755000  
METAL_6         V         1.00         0.755000  
METAL_7         H         1.00         0.755000  
METAL_8         V         1.00         0.267500  
METAL_9         H         1.00         0.267500  
METAL_10        V         1.00         0.097273  
METAL_11        H         1.00         0.095455  

                                        Area     
  Layer                               / Length        Data source:
Name        Direction Utilization     (micron)        lef_library
-------------------------------------------------
Metal1          H         0.00         0.060000  
Metal2          V         1.00         0.080000  
Metal3          H         1.00         0.080000  
Metal4          V         1.00         0.080000  
Metal5          H         1.00         0.080000  
Metal6          V         1.00         0.080000  
Metal7          H         1.00         0.080000  
Metal8          V         1.00         0.080000  
Metal9          H         1.00         0.080000  
Metal10         V         1.00         0.220000  
Metal11         H         1.00         0.220000  

Mapper: Libraries have:
	domain slow_vdd1v0.setup: 324 combo usable cells and 128 sequential usable cells
Multi-threaded constant propagation [1|0] ...
Multi-threaded Virtual Mapping    (8 threads per ST process, 8 of 8 CPUs usable)
Warning : The database contains a field that the reader does not support. [DATABASE-103]
        : Unsupported data skipped.
Warning : The database contains a field that the reader does not support. [DATABASE-103]
        : Unsupported data skipped.
Warning : The database contains a field that the reader does not support. [DATABASE-103]
        : Unsupported data skipped.
Warning : The database contains a field that the reader does not support. [DATABASE-103]
        : Unsupported data skipped.
Warning : The database contains a field that the reader does not support. [DATABASE-103]
        : Unsupported data skipped.
Warning : The database contains a field that the reader does not support. [DATABASE-103]
        : Unsupported data skipped.
Warning : The database contains a field that the reader does not support. [DATABASE-103]
        : Unsupported data skipped.
Warning : The database contains a field that the reader does not support. [DATABASE-103]
        : Unsupported data skipped.
Warning : The database contains a field that the reader does not support. [DATABASE-103]
        : Unsupported data skipped.
Warning : The database contains a field that the reader does not support. [DATABASE-103]
        : Unsupported data skipped.
==================================
Stage : first_condense 
==================================
  =================
   Message Summary
  =================
---------------------------------------------------------------------------------------
|      Id      |  Sev   |Count |                    Message Text                      |
---------------------------------------------------------------------------------------
| DATABASE-103 |Warning |   10 |The database contains a field that the reader does    |
|              |        |      | not support.                                         |
| GB-6         |Info    |    9 |A datapath component has been ungrouped.              |
---------------------------------------------------------------------------------------
 
Global mapping target info
==========================
Cost Group 'reg2out' target slack:    30 ps
Target path end-point (Port: fpadd_single/out[0])

Cost Group 'in2reg' target slack:    30 ps
Target path end-point (Pin: B_reg[31]/d)

Cost Group 'reg2reg' target slack: -5734 ps
Target path end-point (Pin: out_reg[18]/d)


State Retention Synthesis Status
================================

Category                        Flops   Percentage
--------------------------------------------------
Total instances                    96        100.0
Excluded from State Retention      96        100.0
    - Will not convert             96        100.0
      - Preserved                   0          0.0
      - Power intent excluded      96        100.0
    - Could not convert             0          0.0
      - Scan type                   0          0.0
      - No suitable cell            0          0.0
State Retention instances           0          0.0
--------------------------------------------------

PBS_Generic_Opt-Post - Elapsed_Time 63, CPU_Time 62.82993499999999
stamp 'PBS_Generic_Opt-Post' being created for table 'pbs_debug'

  Total Time (Wall) |  Stage Time (Wall)  |   % (Wall)   |    Date - Time     |  Memory   | Stage
--------------------+---------------------+--------------+--------------------+-----------+----------------------
 00:00:27(00:00:21) |  00:00:00(00:00:00) |   0.0(  0.0) |   13:45:52 (Apr20) |  275.7 MB | PBS_Generic-Start
--------------------+---------------------+--------------+--------------------+-----------+----------------------
 00:01:30(00:01:24) |  00:01:02(00:01:03) | 100.0(100.0) |   13:46:55 (Apr20) |  578.3 MB | PBS_Generic_Opt-Post
--------------------+---------------------+--------------+--------------------+-----------+----------------------
Number of threads: 8 * 1   (id: pbs_debug, time_info v1.57)
Info: (*N*) indicates data that was populated from previously saved time_info database
Info: CPU time includes time of parent + longest thread
PBS_Generic-Postgen HBO Optimizations - Elapsed_Time 0, CPU_Time 0.0
stamp 'PBS_Generic-Postgen HBO Optimizations' being created for table 'pbs_debug'

  Total Time (Wall) |  Stage Time (Wall)  |   % (Wall)   |    Date - Time     |  Memory   | Stage
--------------------+---------------------+--------------+--------------------+-----------+----------------------
 00:00:27(00:00:21) |  00:00:00(00:00:00) |   0.0(  0.0) |   13:45:52 (Apr20) |  275.7 MB | PBS_Generic-Start
--------------------+---------------------+--------------+--------------------+-----------+----------------------
 00:01:30(00:01:24) |  00:01:02(00:01:03) | 100.0(100.0) |   13:46:55 (Apr20) |  578.3 MB | PBS_Generic_Opt-Post
--------------------+---------------------+--------------+--------------------+-----------+----------------------
 00:01:30(00:01:24) |  00:00:00(00:00:00) |   0.0(  0.0) |   13:46:55 (Apr20) |  578.3 MB | PBS_Generic-Postgen HBO Optimizations
--------------------+---------------------+--------------+--------------------+-----------+----------------------
Number of threads: 8 * 1   (id: pbs_debug, time_info v1.57)
Info: (*N*) indicates data that was populated from previously saved time_info database
Info: CPU time includes time of parent + longest thread
##>=================== Cadence Confidential (Generic-Logical) ===================
##>=================== Cadence Confidential (Generic-Logical) ===================
##>Main Thread Summary:
##>----------------------------------------------------------------------------------------
##>STEP                           Elapsed       WNS       TNS     Insts      Area    Memory
##>----------------------------------------------------------------------------------------
##>G:Initial                            0         -         -      1807      6696       275
##>G:Setup                              0         -         -         -         -         -
##>G:Launch ST                          0         -         -         -         -         -
##>G:Design Partition                   0         -         -         -         -         -
##>G:Create Partition Netlists          0         -         -         -         -         -
##>G:Init Power                         0         -         -         -         -         -
##>G:Budgeting                          0         -         -         -         -         -
##>G:Derenv-DB                          0         -         -         -         -         -
##>G:Debug Outputs                      0         -         -         -         -         -
##>G:ST loading                         0         -         -         -         -         -
##>G:Distributed                        0         -         -         -         -         -
##>G:Timer                              0         -         -         -         -         -
##>G:Assembly                           0         -         -         -         -         -
##>G:DFT                                0         -         -         -         -         -
##>G:Const Prop                         0         -         -      2184      6471       578
##>G:Misc                              63
##>----------------------------------------------------------------------------------------
##>Total Elapsed                       63
##>========================================================================================
Info    : Done synthesizing. [SYNTH-2]
        : Done synthesizing 'fpadd_single' to generic gates.
      flow.cputime  flow.realtime  timing.setup.tns  timing.setup.wns  snapshot
UM:*                                                                   syn_gen
@file(synthesize.tcl) 53: write_db ${DBSPATH}/syn_generic.db
Finished exporting design database to file '/home/mdaoudi/Documents/ic_project/fpu/synthesis/dbs/syn_generic.db' for 'fpadd_single' (command execution time mm:ss cpu = 00:00, real = 00:00).
@file(synthesize.tcl) 54: syn_map
##Generic Timing Info for library domain: slow_vdd1v0.setup typical gate delay: 202.9 ps std_slew: 29.2 ps std_load: 0.8 fF
Current PLE settings:

Aspect ratio        : 1.000
Shrink factor       : 1.000
Scale of res/length : 1.000
Scale of cap/length : 1.000
Net derating factor : 1.000
Thermal factor      : 1.000
Via Resistance      : 6.600 ohm (from qrc_tech_file)
Site size           : 1.910 um (from lef [tech+cell])

                                   Capacitance  
  Layer                             / Length         Data source:
Name        Direction Utilization  (pF/micron)       qrc_tech_file
------------------------------------------------
METAL_1         H         0.00        0.000210  
METAL_2         V         1.00        0.000174  
METAL_3         H         1.00        0.000174  
METAL_4         V         1.00        0.000174  
METAL_5         H         1.00        0.000174  
METAL_6         V         1.00        0.000174  
METAL_7         H         1.00        0.000175  
METAL_8         V         1.00        0.000176  
METAL_9         H         1.00        0.001240  
METAL_10        V         1.00        0.000529  
METAL_11        H         1.00        0.000686  

                                    Resistance   
  Layer                              / Length         Data source:
Name        Direction Utilization  (ohm/micron)       qrc_tech_file
-------------------------------------------------
METAL_1         H         0.00         1.226667  
METAL_2         V         1.00         0.755000  
METAL_3         H         1.00         0.755000  
METAL_4         V         1.00         0.755000  
METAL_5         H         1.00         0.755000  
METAL_6         V         1.00         0.755000  
METAL_7         H         1.00         0.755000  
METAL_8         V         1.00         0.267500  
METAL_9         H         1.00         0.267500  
METAL_10        V         1.00         0.097273  
METAL_11        H         1.00         0.095455  

                                        Area     
  Layer                               / Length        Data source:
Name        Direction Utilization     (micron)        lef_library
-------------------------------------------------
Metal1          H         0.00         0.060000  
Metal2          V         1.00         0.080000  
Metal3          H         1.00         0.080000  
Metal4          V         1.00         0.080000  
Metal5          H         1.00         0.080000  
Metal6          V         1.00         0.080000  
Metal7          H         1.00         0.080000  
Metal8          V         1.00         0.080000  
Metal9          H         1.00         0.080000  
Metal10         V         1.00         0.220000  
Metal11         H         1.00         0.220000  

Info    : Mapping. [SYNTH-4]
        : Mapping 'fpadd_single' using 'high' effort.
Mapper: Libraries have:
	domain slow_vdd1v0.setup: 324 combo usable cells and 128 sequential usable cells
Configuring mapper costing (none)
TNS Restructuring config: no_value at stage: map applied.
PBS_TechMap-Start - Elapsed_Time 0, CPU_Time 0.0
stamp 'PBS_TechMap-Start' being created for table 'pbs_debug'

  Total Time (Wall) |  Stage Time (Wall)  |   % (Wall)   |    Date - Time     |  Memory   | Stage
--------------------+---------------------+--------------+--------------------+-----------+----------------------
 00:00:27(00:00:21) |  00:00:00(00:00:00) |   0.0(  0.0) |   13:45:52 (Apr20) |  275.7 MB | PBS_Generic-Start
--------------------+---------------------+--------------+--------------------+-----------+----------------------
 00:01:30(00:01:24) |  00:01:02(00:01:03) |  96.9( 96.9) |   13:46:55 (Apr20) |  578.3 MB | PBS_Generic_Opt-Post
--------------------+---------------------+--------------+--------------------+-----------+----------------------
 00:01:30(00:01:24) |  00:00:00(00:00:00) |   0.0(  0.0) |   13:46:55 (Apr20) |  578.3 MB | PBS_Generic-Postgen HBO Optimizations
--------------------+---------------------+--------------+--------------------+-----------+----------------------
 00:01:32(00:01:26) |  00:00:02(00:00:02) |   3.1(  3.1) |   13:46:57 (Apr20) |  578.3 MB | PBS_TechMap-Start
--------------------+---------------------+--------------+--------------------+-----------+----------------------
Number of threads: 8 * 1   (id: pbs_debug, time_info v1.57)
Info: (*N*) indicates data that was populated from previously saved time_info database
Info: CPU time includes time of parent + longest thread
PBS_TechMap-Premap HBO Optimizations - Elapsed_Time 0, CPU_Time 0.0
stamp 'PBS_TechMap-Premap HBO Optimizations' being created for table 'pbs_debug'

  Total Time (Wall) |  Stage Time (Wall)  |   % (Wall)   |    Date - Time     |  Memory   | Stage
--------------------+---------------------+--------------+--------------------+-----------+----------------------
 00:00:27(00:00:21) |  00:00:00(00:00:00) |   0.0(  0.0) |   13:45:52 (Apr20) |  275.7 MB | PBS_Generic-Start
--------------------+---------------------+--------------+--------------------+-----------+----------------------
 00:01:30(00:01:24) |  00:01:02(00:01:03) |  96.9( 96.9) |   13:46:55 (Apr20) |  578.3 MB | PBS_Generic_Opt-Post
--------------------+---------------------+--------------+--------------------+-----------+----------------------
 00:01:30(00:01:24) |  00:00:00(00:00:00) |   0.0(  0.0) |   13:46:55 (Apr20) |  578.3 MB | PBS_Generic-Postgen HBO Optimizations
--------------------+---------------------+--------------+--------------------+-----------+----------------------
 00:01:32(00:01:26) |  00:00:02(00:00:02) |   3.1(  3.1) |   13:46:57 (Apr20) |  578.3 MB | PBS_TechMap-Start
--------------------+---------------------+--------------+--------------------+-----------+----------------------
 00:01:32(00:01:26) |  00:00:00(00:00:00) |   0.0(  0.0) |   13:46:57 (Apr20) |  578.3 MB | PBS_TechMap-Premap HBO Optimizations
--------------------+---------------------+--------------+--------------------+-----------+----------------------
Number of threads: 8 * 1   (id: pbs_debug, time_info v1.57)
Info: (*N*) indicates data that was populated from previously saved time_info database
Info: CPU time includes time of parent + longest thread
Info    : Partition Based Synthesis execution skipped. [PHYS-752]
        : Design size is less than the partition size '100000' for distributed mapping optimization to kick in.
Current PLE settings:

Aspect ratio        : 1.000
Shrink factor       : 1.000
Scale of res/length : 1.000
Scale of cap/length : 1.000
Net derating factor : 1.000
Thermal factor      : 1.000
Via Resistance      : 6.600 ohm (from qrc_tech_file)
Site size           : 1.910 um (from lef [tech+cell])

                                   Capacitance  
  Layer                             / Length         Data source:
Name        Direction Utilization  (pF/micron)       qrc_tech_file
------------------------------------------------
METAL_1         H         0.00        0.000210  
METAL_2         V         1.00        0.000174  
METAL_3         H         1.00        0.000174  
METAL_4         V         1.00        0.000174  
METAL_5         H         1.00        0.000174  
METAL_6         V         1.00        0.000174  
METAL_7         H         1.00        0.000175  
METAL_8         V         1.00        0.000176  
METAL_9         H         1.00        0.001240  
METAL_10        V         1.00        0.000529  
METAL_11        H         1.00        0.000686  

                                    Resistance   
  Layer                              / Length         Data source:
Name        Direction Utilization  (ohm/micron)       qrc_tech_file
-------------------------------------------------
METAL_1         H         0.00         1.226667  
METAL_2         V         1.00         0.755000  
METAL_3         H         1.00         0.755000  
METAL_4         V         1.00         0.755000  
METAL_5         H         1.00         0.755000  
METAL_6         V         1.00         0.755000  
METAL_7         H         1.00         0.755000  
METAL_8         V         1.00         0.267500  
METAL_9         H         1.00         0.267500  
METAL_10        V         1.00         0.097273  
METAL_11        H         1.00         0.095455  

                                        Area     
  Layer                               / Length        Data source:
Name        Direction Utilization     (micron)        lef_library
-------------------------------------------------
Metal1          H         0.00         0.060000  
Metal2          V         1.00         0.080000  
Metal3          H         1.00         0.080000  
Metal4          V         1.00         0.080000  
Metal5          H         1.00         0.080000  
Metal6          V         1.00         0.080000  
Metal7          H         1.00         0.080000  
Metal8          V         1.00         0.080000  
Metal9          H         1.00         0.080000  
Metal10         V         1.00         0.220000  
Metal11         H         1.00         0.220000  

Mapper: Libraries have:
	domain slow_vdd1v0.setup: 324 combo usable cells and 128 sequential usable cells
Multi-threaded Virtual Mapping    (8 threads per ST process, 8 of 8 CPUs usable)
Warning : The database contains a field that the reader does not support. [DATABASE-103]
        : Unsupported data skipped.
Warning : The database contains a field that the reader does not support. [DATABASE-103]
        : Unsupported data skipped.
Warning : The database contains a field that the reader does not support. [DATABASE-103]
        : Unsupported data skipped.
Warning : The database contains a field that the reader does not support. [DATABASE-103]
        : Unsupported data skipped.
Warning : The database contains a field that the reader does not support. [DATABASE-103]
        : Unsupported data skipped.
Warning : The database contains a field that the reader does not support. [DATABASE-103]
        : Unsupported data skipped.
 
Global mapping target info
==========================
Cost Group 'reg2out' target slack:    30 ps
Target path end-point (Port: fpadd_single/out[0])

Cost Group 'in2reg' target slack:    30 ps
Target path end-point (Pin: B_reg[31]/d)

Cost Group 'reg2reg' target slack: -5500 ps
Target path end-point (Pin: out_reg[25]/d)

Multi-threaded Technology Mapping (8 threads per ST process, 8 of 8 CPUs usable)
Warning : The database contains a field that the reader does not support. [DATABASE-103]
        : Unsupported data skipped.
Warning : The database contains a field that the reader does not support. [DATABASE-103]
        : Unsupported data skipped.
Warning : The database contains a field that the reader does not support. [DATABASE-103]
        : Unsupported data skipped.
Warning : The database contains a field that the reader does not support. [DATABASE-103]
        : Unsupported data skipped.
Warning : The database contains a field that the reader does not support. [DATABASE-103]
        : Unsupported data skipped.
Warning : The database contains a field that the reader does not support. [DATABASE-103]
        : Unsupported data skipped.
 
Global mapping status
=====================
                                   Group   
                                  Tot Wrst 
                           Total  Weighted 
Operation                   Area   Slacks  
 global_map                11174    -6203 
            Worst cost_group: reg2reg, WNS: -6203.7
            Path: A_reg[2]/CK --> out_reg[29]/D

    Cost Group            Target    Slack    Diff.  Constr.
-----------------------------------------------------------
       reg2reg             -5500    -6204     -11%     1000 
        in2reg                30      584              1000 
       reg2out                30      340              1000 

 
Global incremental target info
==============================
Cost Group 'reg2out' target slack:    35 ps
Target path end-point (Port: fpadd_single/out[0])

Cost Group 'in2reg' target slack:    20 ps
Target path end-point (Pin: B_reg[31]/D (DFFRX2HVT/D))

Cost Group 'reg2reg' target slack: -6204 ps
Target path end-point (Pin: out_reg[29]/D (DFFRHQX4HVT/D))

Warning : The database contains a field that the reader does not support. [DATABASE-103]
        : Unsupported data skipped.
Warning : The database contains a field that the reader does not support. [DATABASE-103]
        : Unsupported data skipped.
Warning : The database contains a field that the reader does not support. [DATABASE-103]
        : Unsupported data skipped.
Warning : The database contains a field that the reader does not support. [DATABASE-103]
        : Unsupported data skipped.
==================================
Stage : global_incr_map 
==================================
  =================
   Message Summary
  =================
---------------------------------------------------------------------------------------
|      Id      |  Sev   |Count |                    Message Text                      |
---------------------------------------------------------------------------------------
| DATABASE-103 |Warning |   16 |The database contains a field that the reader does    |
|              |        |      | not support.                                         |
| GLO-51       |Info    |    2 |Hierarchical instance automatically ungrouped.        |
|              |        |      |Hierarchical instances can be automatically ungrouped |
|              |        |      | to allow for better area or timing optimization. To  |
|              |        |      | prevent this ungroup, set the root-level attribute   |
|              |        |      | 'auto_ungroup' to 'none'. You can also prevent       |
|              |        |      | individual ungroup with setting the attribute        |
|              |        |      | 'ungroup_ok' of instances or modules to 'false'.     |
| LBR-155      |Info    |  264 |Mismatch in unateness between 'timing_sense'          |
|              |        |      | attribute and the function.                          |
|              |        |      |The 'timing_sense' attribute will be respected.       |
| PA-7         |Info    |    6 |Resetting power analysis results.                     |
|              |        |      |All computed switching activities are removed.        |
| PHYS-752     |Info    |    1 |Partition Based Synthesis execution skipped.          |
| SYNTH-2      |Info    |    1 |Done synthesizing.                                    |
| SYNTH-4      |Info    |    1 |Mapping.                                              |
---------------------------------------------------------------------------------------
 
Global incremental optimization status
======================================
                                   Group   
                                  Tot Wrst 
                           Total  Weighted 
Operation                   Area   Slacks  
 global_incr                8236    -6223 
            Worst cost_group: reg2reg, WNS: -6223.1
            Path: A_reg[4]/CK --> out_reg[29]/D

    Cost Group            Target    Slack    Diff.  Constr.
-----------------------------------------------------------
       reg2reg             -6204    -6223      +0%     1000 
        in2reg                20      578              1000 
       reg2out                35      340              1000 


State Retention Synthesis Status
================================

Category                        Flops   Percentage
--------------------------------------------------
Total instances                    96        100.0
Excluded from State Retention      96        100.0
    - Will not convert             96        100.0
      - Preserved                   0          0.0
      - Power intent excluded      96        100.0
    - Could not convert             0          0.0
      - Scan type                   0          0.0
      - No suitable cell            0          0.0
State Retention instances           0          0.0
--------------------------------------------------

INFO: skipping constant propagation
PBS_Techmap-Global Mapping - Elapsed_Time 70, CPU_Time 69.86578499999999
stamp 'PBS_Techmap-Global Mapping' being created for table 'pbs_debug'

  Total Time (Wall) |  Stage Time (Wall)  |   % (Wall)   |    Date - Time     |  Memory   | Stage
--------------------+---------------------+--------------+--------------------+-----------+----------------------
 00:00:27(00:00:21) |  00:00:00(00:00:00) |   0.0(  0.0) |   13:45:52 (Apr20) |  275.7 MB | PBS_Generic-Start
--------------------+---------------------+--------------+--------------------+-----------+----------------------
 00:01:30(00:01:24) |  00:01:02(00:01:03) |  46.6( 46.7) |   13:46:55 (Apr20) |  578.3 MB | PBS_Generic_Opt-Post
--------------------+---------------------+--------------+--------------------+-----------+----------------------
 00:01:30(00:01:24) |  00:00:00(00:00:00) |   0.0(  0.0) |   13:46:55 (Apr20) |  578.3 MB | PBS_Generic-Postgen HBO Optimizations
--------------------+---------------------+--------------+--------------------+-----------+----------------------
 00:01:32(00:01:26) |  00:00:02(00:00:02) |   1.5(  1.5) |   13:46:57 (Apr20) |  578.3 MB | PBS_TechMap-Start
--------------------+---------------------+--------------+--------------------+-----------+----------------------
 00:01:32(00:01:26) |  00:00:00(00:00:00) |   0.0(  0.0) |   13:46:57 (Apr20) |  578.3 MB | PBS_TechMap-Premap HBO Optimizations
--------------------+---------------------+--------------+--------------------+-----------+----------------------
 00:02:42(00:02:36) |  00:01:09(00:01:10) |  51.9( 51.9) |   13:48:07 (Apr20) |  607.5 MB | PBS_Techmap-Global Mapping
--------------------+---------------------+--------------+--------------------+-----------+----------------------
Number of threads: 8 * 1   (id: pbs_debug, time_info v1.57)
Info: (*N*) indicates data that was populated from previously saved time_info database
Info: CPU time includes time of parent + longest thread
Warning : Command 'commit_power_intent' cannot proceed as there is no power intent loaded. [CPI-506]
        : Command 'commit_power_intent' requires a valid power_intent to be loaded.
Info    : Wrote formal verification information. [CFM-5]
        : Wrote 'fv/fpadd_single/fv_map.fv.json' for netlist 'fv/fpadd_single/fv_map.v.gz'.
Info    : Existing dofile found. Copied as fv/fpadd_single/rtl_to_fv_map.do~.
Info    : Wrote dofile. [CFM-1]
        : Dofile is 'fv/fpadd_single/rtl_to_fv_map.do'.
        : Alias mapping flow is enabled.
PBS_TechMap-Datapath Postmap Operations - Elapsed_Time 2, CPU_Time 1.989976999999982
stamp 'PBS_TechMap-Datapath Postmap Operations' being created for table 'pbs_debug'

  Total Time (Wall) |  Stage Time (Wall)  |   % (Wall)   |    Date - Time     |  Memory   | Stage
--------------------+---------------------+--------------+--------------------+-----------+----------------------
 00:00:27(00:00:21) |  00:00:00(00:00:00) |   0.0(  0.0) |   13:45:52 (Apr20) |  275.7 MB | PBS_Generic-Start
--------------------+---------------------+--------------+--------------------+-----------+----------------------
 00:01:30(00:01:24) |  00:01:02(00:01:03) |  46.0( 46.0) |   13:46:55 (Apr20) |  578.3 MB | PBS_Generic_Opt-Post
--------------------+---------------------+--------------+--------------------+-----------+----------------------
 00:01:30(00:01:24) |  00:00:00(00:00:00) |   0.0(  0.0) |   13:46:55 (Apr20) |  578.3 MB | PBS_Generic-Postgen HBO Optimizations
--------------------+---------------------+--------------+--------------------+-----------+----------------------
 00:01:32(00:01:26) |  00:00:02(00:00:02) |   1.5(  1.5) |   13:46:57 (Apr20) |  578.3 MB | PBS_TechMap-Start
--------------------+---------------------+--------------+--------------------+-----------+----------------------
 00:01:32(00:01:26) |  00:00:00(00:00:00) |   0.0(  0.0) |   13:46:57 (Apr20) |  578.3 MB | PBS_TechMap-Premap HBO Optimizations
--------------------+---------------------+--------------+--------------------+-----------+----------------------
 00:02:42(00:02:36) |  00:01:09(00:01:10) |  51.1( 51.1) |   13:48:07 (Apr20) |  607.5 MB | PBS_Techmap-Global Mapping
--------------------+---------------------+--------------+--------------------+-----------+----------------------
 00:02:44(00:02:38) |  00:00:01(00:00:02) |   1.5(  1.5) |   13:48:09 (Apr20) |  607.5 MB | PBS_TechMap-Datapath Postmap Operations
--------------------+---------------------+--------------+--------------------+-----------+----------------------
Number of threads: 8 * 1   (id: pbs_debug, time_info v1.57)
Info: (*N*) indicates data that was populated from previously saved time_info database
Info: CPU time includes time of parent + longest thread
PBS_TechMap-Postmap HBO Optimizations - Elapsed_Time 0, CPU_Time -0.01046800000000303
stamp 'PBS_TechMap-Postmap HBO Optimizations' being created for table 'pbs_debug'

  Total Time (Wall) |  Stage Time (Wall)  |   % (Wall)   |    Date - Time     |  Memory   | Stage
--------------------+---------------------+--------------+--------------------+-----------+----------------------
 00:00:27(00:00:21) |  00:00:00(00:00:00) |   0.0(  0.0) |   13:45:52 (Apr20) |  275.7 MB | PBS_Generic-Start
--------------------+---------------------+--------------+--------------------+-----------+----------------------
 00:01:30(00:01:24) |  00:01:02(00:01:03) |  46.0( 46.0) |   13:46:55 (Apr20) |  578.3 MB | PBS_Generic_Opt-Post
--------------------+---------------------+--------------+--------------------+-----------+----------------------
 00:01:30(00:01:24) |  00:00:00(00:00:00) |   0.0(  0.0) |   13:46:55 (Apr20) |  578.3 MB | PBS_Generic-Postgen HBO Optimizations
--------------------+---------------------+--------------+--------------------+-----------+----------------------
 00:01:32(00:01:26) |  00:00:02(00:00:02) |   1.5(  1.5) |   13:46:57 (Apr20) |  578.3 MB | PBS_TechMap-Start
--------------------+---------------------+--------------+--------------------+-----------+----------------------
 00:01:32(00:01:26) |  00:00:00(00:00:00) |   0.0(  0.0) |   13:46:57 (Apr20) |  578.3 MB | PBS_TechMap-Premap HBO Optimizations
--------------------+---------------------+--------------+--------------------+-----------+----------------------
 00:02:42(00:02:36) |  00:01:09(00:01:10) |  51.1( 51.1) |   13:48:07 (Apr20) |  607.5 MB | PBS_Techmap-Global Mapping
--------------------+---------------------+--------------+--------------------+-----------+----------------------
 00:02:44(00:02:38) |  00:00:01(00:00:02) |   1.5(  1.5) |   13:48:09 (Apr20) |  607.5 MB | PBS_TechMap-Datapath Postmap Operations
--------------------+---------------------+--------------+--------------------+-----------+----------------------
 00:02:44(00:02:38) |  00:00:00(00:00:00) |  -0.0(  0.0) |   13:48:09 (Apr20) |  607.5 MB | PBS_TechMap-Postmap HBO Optimizations
--------------------+---------------------+--------------+--------------------+-----------+----------------------
Number of threads: 8 * 1   (id: pbs_debug, time_info v1.57)
Info: (*N*) indicates data that was populated from previously saved time_info database
Info: CPU time includes time of parent + longest thread
 Doing ConstProp on design:fpadd_single ... 

IOPT-REDREM: Performing redundancy removal: Detected 0 redundant wires. CPU time 0.798 seconds.

PBS_TechMap-Postmap Clock Gating - Elapsed_Time 1, CPU_Time 1.0
stamp 'PBS_TechMap-Postmap Clock Gating' being created for table 'pbs_debug'

  Total Time (Wall) |  Stage Time (Wall)  |   % (Wall)   |    Date - Time     |  Memory   | Stage
--------------------+---------------------+--------------+--------------------+-----------+----------------------
 00:00:27(00:00:21) |  00:00:00(00:00:00) |   0.0(  0.0) |   13:45:52 (Apr20) |  275.7 MB | PBS_Generic-Start
--------------------+---------------------+--------------+--------------------+-----------+----------------------
 00:01:30(00:01:24) |  00:01:02(00:01:03) |  45.6( 45.7) |   13:46:55 (Apr20) |  578.3 MB | PBS_Generic_Opt-Post
--------------------+---------------------+--------------+--------------------+-----------+----------------------
 00:01:30(00:01:24) |  00:00:00(00:00:00) |   0.0(  0.0) |   13:46:55 (Apr20) |  578.3 MB | PBS_Generic-Postgen HBO Optimizations
--------------------+---------------------+--------------+--------------------+-----------+----------------------
 00:01:32(00:01:26) |  00:00:02(00:00:02) |   1.5(  1.4) |   13:46:57 (Apr20) |  578.3 MB | PBS_TechMap-Start
--------------------+---------------------+--------------+--------------------+-----------+----------------------
 00:01:32(00:01:26) |  00:00:00(00:00:00) |   0.0(  0.0) |   13:46:57 (Apr20) |  578.3 MB | PBS_TechMap-Premap HBO Optimizations
--------------------+---------------------+--------------+--------------------+-----------+----------------------
 00:02:42(00:02:36) |  00:01:09(00:01:10) |  50.7( 50.7) |   13:48:07 (Apr20) |  607.5 MB | PBS_Techmap-Global Mapping
--------------------+---------------------+--------------+--------------------+-----------+----------------------
 00:02:44(00:02:38) |  00:00:01(00:00:02) |   1.4(  1.4) |   13:48:09 (Apr20) |  607.5 MB | PBS_TechMap-Datapath Postmap Operations
--------------------+---------------------+--------------+--------------------+-----------+----------------------
 00:02:44(00:02:38) |  00:00:00(00:00:00) |  -0.0(  0.0) |   13:48:09 (Apr20) |  607.5 MB | PBS_TechMap-Postmap HBO Optimizations
--------------------+---------------------+--------------+--------------------+-----------+----------------------
 00:02:45(00:02:39) |  00:00:01(00:00:01) |   0.7(  0.7) |   13:48:11 (Apr20) |  595.5 MB | PBS_TechMap-Postmap Clock Gating
--------------------+---------------------+--------------+--------------------+-----------+----------------------
Number of threads: 8 * 1   (id: pbs_debug, time_info v1.57)
Info: (*N*) indicates data that was populated from previously saved time_info database
Info: CPU time includes time of parent + longest thread
-------------------------------------------------------------------------------
 hi_fo_buf                  8236    -6223   -193599         0        0
            Worst cost_group: reg2reg, WNS: -6223.1
            Path: A_reg[4]/CK --> out_reg[29]/D

           Trick     Calls     Accepts   Attempts    Time(secs) 
-----------------------------------------------------------
       hi_fo_buf         0  (        0 /        0 )  0.00

 
Incremental optimization status
===============================
                                   Group   
                                  Tot Wrst     Total - - DRC Totals - -
                           Total  Weighted      Neg      Max       Max 
Operation                   Area   Slacks      Slack    Trans      Cap 
 init_delay                 8236    -6223   -193599         0        0
            Worst cost_group: reg2reg, WNS: -6223.1
            Path: A_reg[4]/CK --> out_reg[29]/D
 incr_delay                 8760    -6006   -189001       409        0
            Worst cost_group: reg2reg, WNS: -6006.6
            Path: B_reg[15]/CK --> out_reg[29]/D
 incr_delay                 8834    -5987   -188484       409        0
            Worst cost_group: reg2reg, WNS: -5987.7
            Path: A_reg[2]/CK --> out_reg[29]/D
 incr_delay                 8958    -5960   -187693       409        0
            Worst cost_group: reg2reg, WNS: -5960.7
            Path: A_reg[2]/CK --> out_reg[29]/D
 incr_delay                 9001    -5947   -187371       409        0
            Worst cost_group: reg2reg, WNS: -5947.4
            Path: A_reg[2]/CK --> out_reg[29]/D
 incr_delay                 9015    -5938   -187140       409        0
            Worst cost_group: reg2reg, WNS: -5938.6
            Path: A_reg[2]/CK --> out_reg[8]/D

           Trick     Calls     Accepts   Attempts    Time(secs) 
-----------------------------------------------------------
       crit_upsz      1326  (      468 /      478 )  4.81
    plc_bal_star         0  (        0 /        0 )  0.00
     drc_buftimb         0  (        0 /        0 )  0.00
          plc_st       257  (        0 /        0 )  0.00
    plc_st_fence       257  (        0 /        0 )  0.00
        plc_star       257  (        0 /        0 )  0.00
      plc_laf_st       257  (        0 /        0 )  0.00
 plc_laf_st_fence       257  (        0 /        0 )  0.00
     drc_buftims         0  (        0 /        0 )  0.00
            fopt       459  (       51 /       54 )  1.45
   plc_laf_lo_st       275  (        0 /        0 )  0.00
       plc_lo_st       275  (        0 /        0 )  0.00
        mb_split       275  (        0 /        0 )  0.00

 
Local TNS optimization status
=============================
                                   Group   
                                  Tot Wrst     Total - - DRC Totals - -
                           Total  Weighted      Neg      Max       Max 
Operation                   Area   Slacks      Slack    Trans      Cap 
 init_tns                   9015    -5938   -187140       409        0
            Worst cost_group: reg2reg, WNS: -5938.6
            Path: A_reg[2]/CK --> out_reg[8]/D
 incr_tns                   8854    -5924   -186580     15666        0
            Worst cost_group: reg2reg, WNS: -5924.4
            Path: A_reg[2]/CK --> out_reg[18]/D
 incr_tns                   8854    -5924   -186580     15666        0
            Worst cost_group: reg2reg, WNS: -5924.4
            Path: A_reg[2]/CK --> out_reg[18]/D

           Trick     Calls     Accepts   Attempts    Time(secs) 
-----------------------------------------------------------
    plc_bal_star         0  (        0 /        0 )  0.00
     drc_buftimb         0  (        0 /        0 )  0.00
     drc_buftims         0  (        0 /        0 )  0.00
       crit_upsz       451  (       24 /       33 )  0.44
   plc_laf_lo_st       427  (        0 /        0 )  0.00
       plc_lo_st       427  (        0 /        0 )  0.00
            fopt       427  (        0 /        0 )  0.02
       crit_dnsz       841  (       53 /      162 )  1.45
             dup       374  (        0 /        0 )  0.15
        setup_dn       374  (       32 /       32 )  0.12
        mb_split       342  (        0 /        0 )  0.00

PBS_TechMap-Postmap Cleanup - Elapsed_Time 9, CPU_Time 9.98242600000006
stamp 'PBS_TechMap-Postmap Cleanup' being created for table 'pbs_debug'

  Total Time (Wall) |  Stage Time (Wall)  |   % (Wall)   |    Date - Time     |  Memory   | Stage
--------------------+---------------------+--------------+--------------------+-----------+----------------------
 00:00:27(00:00:21) |  00:00:00(00:00:00) |   0.0(  0.0) |   13:45:52 (Apr20) |  275.7 MB | PBS_Generic-Start
--------------------+---------------------+--------------+--------------------+-----------+----------------------
 00:01:30(00:01:24) |  00:01:02(00:01:03) |  42.6( 42.6) |   13:46:55 (Apr20) |  578.3 MB | PBS_Generic_Opt-Post
--------------------+---------------------+--------------+--------------------+-----------+----------------------
 00:01:30(00:01:24) |  00:00:00(00:00:00) |   0.0(  0.0) |   13:46:55 (Apr20) |  578.3 MB | PBS_Generic-Postgen HBO Optimizations
--------------------+---------------------+--------------+--------------------+-----------+----------------------
 00:01:32(00:01:26) |  00:00:02(00:00:02) |   1.4(  1.4) |   13:46:57 (Apr20) |  578.3 MB | PBS_TechMap-Start
--------------------+---------------------+--------------+--------------------+-----------+----------------------
 00:01:32(00:01:26) |  00:00:00(00:00:00) |   0.0(  0.0) |   13:46:57 (Apr20) |  578.3 MB | PBS_TechMap-Premap HBO Optimizations
--------------------+---------------------+--------------+--------------------+-----------+----------------------
 00:02:42(00:02:36) |  00:01:09(00:01:10) |  47.3( 47.3) |   13:48:07 (Apr20) |  607.5 MB | PBS_Techmap-Global Mapping
--------------------+---------------------+--------------+--------------------+-----------+----------------------
 00:02:44(00:02:38) |  00:00:01(00:00:02) |   1.3(  1.4) |   13:48:09 (Apr20) |  607.5 MB | PBS_TechMap-Datapath Postmap Operations
--------------------+---------------------+--------------+--------------------+-----------+----------------------
 00:02:44(00:02:38) |  00:00:00(00:00:00) |  -0.0(  0.0) |   13:48:09 (Apr20) |  607.5 MB | PBS_TechMap-Postmap HBO Optimizations
--------------------+---------------------+--------------+--------------------+-----------+----------------------
 00:02:45(00:02:39) |  00:00:01(00:00:01) |   0.7(  0.7) |   13:48:11 (Apr20) |  595.5 MB | PBS_TechMap-Postmap Clock Gating
--------------------+---------------------+--------------+--------------------+-----------+----------------------
 00:02:55(00:02:49) |  00:00:09(00:00:10) |   6.8(  6.8) |   13:48:20 (Apr20) |  595.9 MB | PBS_TechMap-Postmap Cleanup
--------------------+---------------------+--------------+--------------------+-----------+----------------------
Number of threads: 8 * 1   (id: pbs_debug, time_info v1.57)
Info: (*N*) indicates data that was populated from previously saved time_info database
Info: CPU time includes time of parent + longest thread
PBS_Techmap-Post_MBCI - Elapsed_Time 0, CPU_Time 0.0
stamp 'PBS_Techmap-Post_MBCI' being created for table 'pbs_debug'

  Total Time (Wall) |  Stage Time (Wall)  |   % (Wall)   |    Date - Time     |  Memory   | Stage
--------------------+---------------------+--------------+--------------------+-----------+----------------------
 00:00:27(00:00:21) |  00:00:00(00:00:00) |   0.0(  0.0) |   13:45:52 (Apr20) |  275.7 MB | PBS_Generic-Start
--------------------+---------------------+--------------+--------------------+-----------+----------------------
 00:01:30(00:01:24) |  00:01:02(00:01:03) |  42.6( 42.6) |   13:46:55 (Apr20) |  578.3 MB | PBS_Generic_Opt-Post
--------------------+---------------------+--------------+--------------------+-----------+----------------------
 00:01:30(00:01:24) |  00:00:00(00:00:00) |   0.0(  0.0) |   13:46:55 (Apr20) |  578.3 MB | PBS_Generic-Postgen HBO Optimizations
--------------------+---------------------+--------------+--------------------+-----------+----------------------
 00:01:32(00:01:26) |  00:00:02(00:00:02) |   1.4(  1.4) |   13:46:57 (Apr20) |  578.3 MB | PBS_TechMap-Start
--------------------+---------------------+--------------+--------------------+-----------+----------------------
 00:01:32(00:01:26) |  00:00:00(00:00:00) |   0.0(  0.0) |   13:46:57 (Apr20) |  578.3 MB | PBS_TechMap-Premap HBO Optimizations
--------------------+---------------------+--------------+--------------------+-----------+----------------------
 00:02:42(00:02:36) |  00:01:09(00:01:10) |  47.3( 47.3) |   13:48:07 (Apr20) |  607.5 MB | PBS_Techmap-Global Mapping
--------------------+---------------------+--------------+--------------------+-----------+----------------------
 00:02:44(00:02:38) |  00:00:01(00:00:02) |   1.3(  1.4) |   13:48:09 (Apr20) |  607.5 MB | PBS_TechMap-Datapath Postmap Operations
--------------------+---------------------+--------------+--------------------+-----------+----------------------
 00:02:44(00:02:38) |  00:00:00(00:00:00) |  -0.0(  0.0) |   13:48:09 (Apr20) |  607.5 MB | PBS_TechMap-Postmap HBO Optimizations
--------------------+---------------------+--------------+--------------------+-----------+----------------------
 00:02:45(00:02:39) |  00:00:01(00:00:01) |   0.7(  0.7) |   13:48:11 (Apr20) |  595.5 MB | PBS_TechMap-Postmap Clock Gating
--------------------+---------------------+--------------+--------------------+-----------+----------------------
 00:02:55(00:02:49) |  00:00:09(00:00:10) |   6.8(  6.8) |   13:48:20 (Apr20) |  595.9 MB | PBS_TechMap-Postmap Cleanup
--------------------+---------------------+--------------+--------------------+-----------+----------------------
 00:02:55(00:02:49) |  00:00:00(00:00:00) |   0.0(  0.0) |   13:48:20 (Apr20) |  595.9 MB | PBS_Techmap-Post_MBCI
--------------------+---------------------+--------------+--------------------+-----------+----------------------
Number of threads: 8 * 1   (id: pbs_debug, time_info v1.57)
Info: (*N*) indicates data that was populated from previously saved time_info database
Info: CPU time includes time of parent + longest thread
##>=================== Cadence Confidential (Mapping-Logical) ===================
##>Main Thread Summary:
##>----------------------------------------------------------------------------------------
##>STEP                           Elapsed       WNS       TNS     Insts      Area    Memory
##>----------------------------------------------------------------------------------------
##>M:Initial                            0         -         -      2184      6471       578
##>M:Pre Cleanup                        0         -         -      2184      6471       578
##>M:Setup                              0         -         -         -         -         -
##>M:Launch ST                          0         -         -         -         -         -
##>M:Design Partition                   0         -         -         -         -         -
##>M:Create Partition Netlists          0         -         -         -         -         -
##>M:Init Power                         0         -         -         -         -         -
##>M:Budgeting                          0         -         -         -         -         -
##>M:Derenv-DB                          0         -         -         -         -         -
##>M:Debug Outputs                      0         -         -         -         -         -
##>M:ST loading                         0         -         -         -         -         -
##>M:Distributed                        0         -         -         -         -         -
##>M:Timer                              0         -         -         -         -         -
##>M:Assembly                           0         -         -         -         -         -
##>M:DFT                                0         -         -         -         -         -
##>M:DP Operations                      2         -         -      1758      6209       607
##>M:Const Prop                         0     -6223    193599      1758      6209       607
##>M:Cleanup                            9     -5924    186580      1881      6736       595
##>M:MBCI                               0         -         -      1881      6736       595
##>M:Const Gate Removal                 0         -         -         -         -         -
##>M:Misc                              72
##>----------------------------------------------------------------------------------------
##>Total Elapsed                       83
##>========================================================================================
Info    : Done mapping. [SYNTH-5]
        : Done mapping 'fpadd_single'.
      flow.cputime  flow.realtime  timing.setup.tns  timing.setup.wns  snapshot
UM:*                                                                   syn_map
@file(synthesize.tcl) 55: write_db ${DBSPATH}/syn_map.db
Finished exporting design database to file '/home/mdaoudi/Documents/ic_project/fpu/synthesis/dbs/syn_map.db' for 'fpadd_single' (command execution time mm:ss cpu = 00:00, real = 00:01).
@file(synthesize.tcl) 56: syn_opt
Current PLE settings:

Aspect ratio        : 1.000
Shrink factor       : 1.000
Scale of res/length : 1.000
Scale of cap/length : 1.000
Net derating factor : 1.000
Thermal factor      : 1.000
Via Resistance      : 6.600 ohm (from qrc_tech_file)
Site size           : 1.910 um (from lef [tech+cell])

                                   Capacitance  
  Layer                             / Length         Data source:
Name        Direction Utilization  (pF/micron)       qrc_tech_file
------------------------------------------------
METAL_1         H         0.00        0.000210  
METAL_2         V         1.00        0.000174  
METAL_3         H         1.00        0.000174  
METAL_4         V         1.00        0.000174  
METAL_5         H         1.00        0.000174  
METAL_6         V         1.00        0.000174  
METAL_7         H         1.00        0.000175  
METAL_8         V         1.00        0.000176  
METAL_9         H         1.00        0.001240  
METAL_10        V         1.00        0.000529  
METAL_11        H         1.00        0.000686  

                                    Resistance   
  Layer                              / Length         Data source:
Name        Direction Utilization  (ohm/micron)       qrc_tech_file
-------------------------------------------------
METAL_1         H         0.00         1.226667  
METAL_2         V         1.00         0.755000  
METAL_3         H         1.00         0.755000  
METAL_4         V         1.00         0.755000  
METAL_5         H         1.00         0.755000  
METAL_6         V         1.00         0.755000  
METAL_7         H         1.00         0.755000  
METAL_8         V         1.00         0.267500  
METAL_9         H         1.00         0.267500  
METAL_10        V         1.00         0.097273  
METAL_11        H         1.00         0.095455  

                                        Area     
  Layer                               / Length        Data source:
Name        Direction Utilization     (micron)        lef_library
-------------------------------------------------
Metal1          H         0.00         0.060000  
Metal2          V         1.00         0.080000  
Metal3          H         1.00         0.080000  
Metal4          V         1.00         0.080000  
Metal5          H         1.00         0.080000  
Metal6          V         1.00         0.080000  
Metal7          H         1.00         0.080000  
Metal8          V         1.00         0.080000  
Metal9          H         1.00         0.080000  
Metal10         V         1.00         0.220000  
Metal11         H         1.00         0.220000  

Info    : Incrementally optimizing. [SYNTH-7]
        : Incrementally optimizing 'fpadd_single' using 'high' effort.
 
Incremental optimization status
===============================
                                   Group   
                                  Tot Wrst     Total - - DRC Totals - -
                           Total  Weighted      Neg      Max       Max 
Operation                   Area   Slacks      Slack    Trans      Cap 
 init_iopt                  8854    -5924   -186580     15666        0
            Worst cost_group: reg2reg, WNS: -5924.4
            Path: A_reg[2]/CK --> out_reg[18]/D
IOPT-REDREM: Performing redundancy removal: Detected 0 redundant wires. CPU time 1.306 seconds.

-------------------------------------------------------------------------------
 const_prop                 8854    -5924   -186580     15666        0
            Worst cost_group: reg2reg, WNS: -5924.4
            Path: A_reg[2]/CK --> out_reg[18]/D
 simp_cc_inputs             8823    -5923   -186572     15666        0
            Worst cost_group: reg2reg, WNS: -5923.9
            Path: A_reg[2]/CK --> out_reg[18]/D
-------------------------------------------------------------------------------
 hi_fo_buf                  8823    -5923   -186572     15666        0
            Worst cost_group: reg2reg, WNS: -5923.9
            Path: A_reg[2]/CK --> out_reg[18]/D

           Trick     Calls     Accepts   Attempts    Time(secs) 
-----------------------------------------------------------
       hi_fo_buf         0  (        0 /        0 )  0.00

 
Incremental optimization status
===============================
                                   Group   
                                  Tot Wrst     Total - - DRC Totals - -
                           Total  Weighted      Neg      Max       Max 
Operation                   Area   Slacks      Slack    Trans      Cap 
 init_delay                 8823    -5923   -186572     15666        0
            Worst cost_group: reg2reg, WNS: -5923.9
            Path: A_reg[2]/CK --> out_reg[18]/D
 incr_delay                 8918    -5903   -186074     16309        0
            Worst cost_group: reg2reg, WNS: -5903.2
            Path: B_reg[28]/CK --> out_reg[29]/D
 incr_delay                 8960    -5892   -185737     16309        0
            Worst cost_group: reg2reg, WNS: -5892.2
            Path: B_reg[12]/CK --> out_reg[29]/D
 incr_delay                 8990    -5884   -185518     16570        0
            Worst cost_group: reg2reg, WNS: -5884.0
            Path: B_reg[12]/CK --> out_reg[29]/D
 incr_delay                 9062    -5876   -185200     16570        0
            Worst cost_group: reg2reg, WNS: -5876.7
            Path: B_reg[12]/CK --> out_reg[20]/D
 incr_delay                 9229    -5855   -184612     16867        0
            Worst cost_group: reg2reg, WNS: -5855.9
            Path: A_reg[2]/CK --> out_reg[29]/D
 incr_delay                 9298    -5836   -184051     17038        0
            Worst cost_group: reg2reg, WNS: -5836.6
            Path: B_reg[12]/CK --> out_reg[29]/D
 incr_delay                 9334    -5826   -183730     17052        0
            Worst cost_group: reg2reg, WNS: -5826.6
            Path: A_reg[14]/CK --> out_reg[29]/D
 incr_delay                 9342    -5824   -183698     17052        0
            Worst cost_group: reg2reg, WNS: -5824.3
            Path: A_reg[14]/CK --> out_reg[29]/D
 incr_delay                 9356    -5822   -183644     17054        0
            Worst cost_group: reg2reg, WNS: -5822.3
            Path: A_reg[14]/CK --> out_reg[29]/D
 incr_delay                 9380    -5814   -183497     17011        0
            Worst cost_group: reg2reg, WNS: -5814.8
            Path: B_reg[12]/CK --> out_reg[29]/D
 incr_delay                 9404    -5811   -183416     17402        0
            Worst cost_group: reg2reg, WNS: -5811.3
            Path: A_reg[14]/CK --> out_reg[29]/D
 incr_delay                 9413    -5810   -183393     17402        0
            Worst cost_group: reg2reg, WNS: -5810.6
            Path: B_reg[12]/CK --> out_reg[29]/D
 incr_delay                 9425    -5807   -183318     17402        0
            Worst cost_group: reg2reg, WNS: -5807.4
            Path: B_reg[12]/CK --> out_reg[29]/D

           Trick     Calls     Accepts   Attempts    Time(secs) 
-----------------------------------------------------------
        crit_msz      1385  (      267 /      351 )  6.03
       crit_upsz       853  (       57 /       58 )  0.75
       crit_slew       574  (        2 /       30 )  0.70
        setup_dn       569  (        0 /        0 )  0.00
    plc_bal_star         0  (        0 /        0 )  0.00
     drc_buftimb         0  (        0 /        0 )  0.00
          plc_st       569  (        0 /        0 )  0.00
    plc_st_fence       569  (        0 /        0 )  0.00
        plc_star       569  (        0 /        0 )  0.00
      plc_laf_st       569  (        0 /        0 )  0.00
 plc_laf_st_fence       569  (        0 /        0 )  0.00
     drc_buftims         0  (        0 /        0 )  0.00
   plc_laf_lo_st       569  (        0 /        0 )  0.00
       plc_lo_st       569  (        0 /        0 )  0.00
            fopt       569  (        0 /        0 )  0.02
       crit_swap       601  (        4 /        5 )  0.52
       mux2_swap       575  (        0 /        0 )  0.05
       crit_dnsz      1481  (       26 /       31 )  2.32
       load_swap       580  (        0 /        0 )  0.83
            fopt       721  (       21 /       22 )  1.51
        setup_dn       580  (        0 /        0 )  0.00
       load_isol       795  (       36 /       36 )  4.41
       load_isol       610  (        0 /        0 )  0.53
        move_for       650  (        4 /        4 )  0.43
        move_for       595  (        0 /        0 )  0.20
          rem_bi       595  (        0 /        2 )  0.07
         offload       595  (        0 /        0 )  0.06
          rem_bi       595  (        0 /       47 )  1.18
         offload       595  (        0 /        0 )  1.00
           phase       595  (        0 /        0 )  0.00
        in_phase       595  (        0 /        0 )  0.00
       merge_bit       651  (        3 /        3 )  0.11
     merge_idrvr       590  (        0 /        0 )  0.00
     merge_iload       590  (        0 /        0 )  0.00
    merge_idload       609  (        1 /       21 )  0.43
      merge_drvr       587  (        0 /       16 )  0.33
      merge_load       587  (        0 /       16 )  0.34
          decomp       583  (        1 /        1 )  1.25
        p_decomp       578  (        0 /        0 )  0.66
        levelize       578  (        0 /        4 )  0.07
        mb_split       578  (        0 /        0 )  0.00
             dup       672  (       19 /       21 )  2.24
      mux_retime       602  (        2 /        7 )  0.04
         buf2inv       582  (        0 /        0 )  0.00
             exp       119  (       11 /       34 )  0.39
       gate_deco       344  (        8 /       10 )  6.06
       gcomp_tim      1295  (       12 /       18 )  5.68
  inv_pair_2_buf       615  (        0 /        0 )  0.00

 incr_delay                 9449    -5801   -183128     17402        0
            Worst cost_group: reg2reg, WNS: -5801.4
            Path: B_reg[11]/CK --> out_reg[29]/D
 incr_delay                 9525    -5789   -182741     17402        0
            Worst cost_group: reg2reg, WNS: -5789.2
            Path: A_reg[14]/CK --> out_reg[29]/D
 incr_delay                 9523    -5788   -182726     17402        0
            Worst cost_group: reg2reg, WNS: -5788.9
            Path: A_reg[14]/CK --> out_reg[29]/D
 incr_delay                 9724    -5768   -181884     17298        0
            Worst cost_group: reg2reg, WNS: -5768.2
            Path: B_reg[15]/CK --> out_reg[7]/D
 incr_delay                 9735    -5763   -181771     17214        0
            Worst cost_group: reg2reg, WNS: -5763.4
            Path: A_reg[15]/CK --> out_reg[19]/D
 incr_delay                 9817    -5750   -181445     17357        0
            Worst cost_group: reg2reg, WNS: -5750.1
            Path: A_reg[14]/CK --> out_reg[20]/D
 incr_delay                10143    -5694   -179941     16883        0
            Worst cost_group: reg2reg, WNS: -5694.3
            Path: A_reg[14]/CK --> out_reg[14]/D
 incr_delay                10176    -5690   -179820     16995        0
            Worst cost_group: reg2reg, WNS: -5690.5
            Path: A_reg[14]/CK --> out_reg[14]/D
 incr_delay                10273    -5659   -178944     16872        0
            Worst cost_group: reg2reg, WNS: -5659.6
            Path: A_reg[14]/CK --> out_reg[8]/D
 incr_delay                10338    -5658   -178878     16872        0
            Worst cost_group: reg2reg, WNS: -5658.0
            Path: A_reg[14]/CK --> out_reg[19]/D
 incr_delay                10361    -5656   -178819     16872        0
            Worst cost_group: reg2reg, WNS: -5656.8
            Path: A_reg[14]/CK --> out_reg[29]/D
 incr_delay                10387    -5652   -178619     17056        0
            Worst cost_group: reg2reg, WNS: -5652.8
            Path: A_reg[14]/CK --> out_reg[21]/D
 incr_delay                10397    -5631   -177592     17250        0
            Worst cost_group: reg2reg, WNS: -5631.8
            Path: A_reg[14]/CK --> out_reg[29]/D
 incr_delay                10447    -5621   -177457     17224        0
            Worst cost_group: reg2reg, WNS: -5621.4
            Path: A_reg[14]/CK --> out_reg[20]/D
 incr_delay                10450    -5617   -177416     17224        0
            Worst cost_group: reg2reg, WNS: -5617.3
            Path: A_reg[14]/CK --> out_reg[8]/D
 incr_delay                10449    -5617   -177409     17224        0
            Worst cost_group: reg2reg, WNS: -5617.1
            Path: A_reg[14]/CK --> out_reg[8]/D
 incr_delay                10517    -5605   -176975     17096        0
            Worst cost_group: reg2reg, WNS: -5605.7
            Path: A_reg[14]/CK --> out_reg[12]/D
 incr_delay                10561    -5600   -176842     17119        0
            Worst cost_group: reg2reg, WNS: -5600.2
            Path: A_reg[14]/CK --> out_reg[16]/D
 incr_delay                10599    -5596   -176645     17119        0
            Worst cost_group: reg2reg, WNS: -5596.4
            Path: A_reg[14]/CK --> out_reg[16]/D
 incr_delay                10614    -5593   -176513     17158        0
            Worst cost_group: reg2reg, WNS: -5593.8
            Path: B_reg[28]/CK --> out_reg[18]/D
 incr_delay                10608    -5593   -176510     17158        0
            Worst cost_group: reg2reg, WNS: -5593.0
            Path: B_reg[28]/CK --> out_reg[12]/D
 incr_delay                10637    -5583   -176453     17158        0
            Worst cost_group: reg2reg, WNS: -5583.8
            Path: A_reg[15]/CK --> out_reg[12]/D

           Trick     Calls     Accepts   Attempts    Time(secs) 
-----------------------------------------------------------
         crr_220       124  (       10 /      119 )  29.65
        crr_glob       278  (        8 /       10 )  0.86
         crr_200       139  (       35 /      130 )  5.41
        crr_glob       444  (       33 /       35 )  0.56
         crr_300        85  (       10 /       82 )  6.20
        crr_glob       232  (       10 /       10 )  0.40
         crr_400        46  (        0 /       41 )  2.72
        crr_glob       136  (        0 /        0 )  0.10
         crr_111       403  (       99 /      396 )  38.99
        crr_glob      1151  (       80 /       99 )  2.50
         crr_210       117  (        8 /      111 )  9.65
        crr_glob       266  (        7 /        8 )  0.40
         crr_110       282  (       49 /      272 )  17.59
        crr_glob       756  (       46 /       49 )  1.18
         crr_101       495  (      174 /      474 )  24.44
        crr_glob      1964  (      160 /      174 )  2.62
         crr_201       174  (       31 /      170 )  14.76
        crr_glob       442  (       26 /       31 )  0.97
         crr_211        98  (        5 /       95 )  15.05
        crr_glob       176  (        3 /        5 )  0.49
        crit_msz       303  (       76 /       92 )  1.31
       crit_upsz       332  (       62 /       65 )  0.57
       crit_slew       236  (       17 /       35 )  0.37
        setup_dn       298  (        0 /        0 )  0.00
    plc_bal_star         0  (        0 /        0 )  0.00
     drc_buftimb         0  (        0 /        0 )  0.00
          plc_st       142  (        0 /        0 )  0.00
    plc_st_fence       142  (        0 /        0 )  0.00
        plc_star       142  (        0 /        0 )  0.00
      plc_laf_st       142  (        0 /        0 )  0.00
 plc_laf_st_fence       142  (        0 /        0 )  0.00
     drc_buftims         0  (        0 /        0 )  0.00
       plc_lo_st       142  (        0 /        0 )  0.00
            fopt       342  (        9 /       11 )  0.45
       crit_swap       142  (        0 /        1 )  0.09
       mux2_swap       142  (        0 /        0 )  0.03
       crit_dnsz       483  (       17 /       22 )  0.82
       load_swap       146  (        0 /        0 )  0.17
            fopt       342  (        9 /       11 )  0.45
        setup_dn       298  (        0 /        0 )  0.00
       load_isol       384  (        4 /        4 )  1.41
       load_isol       384  (        4 /        4 )  1.41
        move_for       342  (        0 /        0 )  0.25
        move_for       342  (        0 /        0 )  0.25
          rem_bi       361  (        2 /       15 )  0.58
         offload       329  (        0 /        0 )  0.61
          rem_bi       361  (        2 /       15 )  0.58
         offload       329  (        0 /        0 )  0.61
       merge_bit       164  (        0 /        0 )  0.02
     merge_idrvr       158  (        0 /        0 )  0.00
     merge_iload       158  (        0 /        0 )  0.00
    merge_idload       158  (        0 /        8 )  0.40
      merge_drvr       158  (        0 /        1 )  0.02
      merge_load       158  (        0 /        1 )  0.02
           phase       158  (        0 /        0 )  0.00
          decomp       158  (        0 /        0 )  0.45
        p_decomp       158  (        0 /        0 )  0.10
        levelize       158  (        0 /        1 )  0.01
        mb_split       158  (        0 /        0 )  0.00
        in_phase       158  (        0 /        0 )  0.00
             dup       185  (        3 /        4 )  0.68
      mux_retime       156  (        0 /        0 )  0.00
         buf2inv       156  (        0 /        0 )  0.00
             exp        40  (        3 /       10 )  0.13
       gate_deco        46  (        0 /        0 )  1.31
       gcomp_tim       700  (        7 /        7 )  3.51
  inv_pair_2_buf       147  (        0 /        0 )  0.00
 init_drc                  10637    -5583   -176453     17158        0
            Worst cost_group: reg2reg, WNS: -5583.8
            Path: A_reg[15]/CK --> out_reg[12]/D
 incr_max_trans            10853    -5583   -176450       683        0
            Worst cost_group: reg2reg, WNS: -5583.8
            Path: A_reg[15]/CK --> out_reg[12]/D
 incr_max_trans            10860    -5583   -176450       546        0
            Worst cost_group: reg2reg, WNS: -5583.8
            Path: A_reg[15]/CK --> out_reg[12]/D
 incr_max_trans            10863    -5583   -176450       405        0
            Worst cost_group: reg2reg, WNS: -5583.8
            Path: A_reg[15]/CK --> out_reg[12]/D
 incr_max_trans            10865    -5583   -176450       403        0
            Worst cost_group: reg2reg, WNS: -5583.8
            Path: A_reg[15]/CK --> out_reg[12]/D

           Trick     Calls     Accepts   Attempts    Time(secs) 
-----------------------------------------------------------
          plc_st        47  (        0 /        0 )  0.00
        plc_star        47  (        0 /        0 )  0.00
        drc_bufs        94  (       38 /       38 )  0.17
        drc_fopt         9  (        0 /        0 )  0.00
        drc_bufb         9  (        0 /        0 )  0.00
      simple_buf         9  (        1 /        1 )  0.05
             dup         8  (        1 /        1 )  0.02
       crit_dnsz         6  (        0 /        0 )  0.01
       crit_upsz         7  (        5 /        6 )  0.03
       crit_slew         2  (        0 /        0 )  0.00


           Trick     Calls     Accepts   Attempts    Time(secs) 
-----------------------------------------------------------
          plc_st         0  (        0 /        0 )  0.00
        plc_star         0  (        0 /        0 )  0.00
      drc_buf_sp         0  (        0 /        0 )  0.00
        drc_bufs         0  (        0 /        0 )  0.00
        drc_fopt         0  (        0 /        0 )  0.00
        drc_bufb         0  (        0 /        0 )  0.00
      simple_buf         0  (        0 /        0 )  0.00
             dup         0  (        0 /        0 )  0.00
       crit_dnsz         0  (        0 /        0 )  0.00
       crit_upsz         0  (        0 /        0 )  0.00


           Trick     Calls     Accepts   Attempts    Time(secs) 
-----------------------------------------------------------
          plc_st         0  (        0 /        0 )  0.00
        plc_star         0  (        0 /        0 )  0.00
      drc_buf_sp         0  (        0 /        0 )  0.00
        drc_bufs         0  (        0 /        0 )  0.00
        drc_fopt         0  (        0 /        0 )  0.00
        drc_bufb         0  (        0 /        0 )  0.00
             dup         0  (        0 /        0 )  0.00
       crit_dnsz         0  (        0 /        0 )  0.00
       crit_upsz         0  (        0 /        0 )  0.00

 init_tns                  10865    -5583   -176450       403        0
            Worst cost_group: reg2reg, WNS: -5583.8
            Path: A_reg[15]/CK --> out_reg[12]/D
 incr_tns                  10720    -5569   -175468      1082        0
            Worst cost_group: reg2reg, WNS: -5569.3
            Path: A_reg[5]/CK --> out_reg[17]/D
 incr_tns                  10720    -5569   -175468      1082        0
            Worst cost_group: reg2reg, WNS: -5569.3
            Path: A_reg[5]/CK --> out_reg[17]/D

           Trick     Calls     Accepts   Attempts    Time(secs) 
-----------------------------------------------------------
            fopt       640  (        1 /        2 )  0.25
    plc_bal_star         0  (        0 /        0 )  0.00
     drc_buftimb         0  (        0 /        0 )  0.00
     drc_buftims         0  (        0 /        0 )  0.00
        crit_msz       639  (       83 /      258 )  2.69
       crit_upsz       556  (       22 /       44 )  0.68
   plc_laf_lo_st       534  (        0 /        0 )  0.00
       plc_lo_st       534  (        0 /        0 )  0.00
       crit_swap       534  (       15 /       35 )  0.61
       mux2_swap       519  (        0 /        0 )  0.16
       crit_dnsz       950  (       52 /      183 )  1.78
       load_swap       467  (        3 /       15 )  0.66
            fopt       464  (        3 /       11 )  0.56
        setup_dn       461  (        0 /        0 )  0.00
       load_isol       461  (        0 /        1 )  2.54
       load_isol       461  (        0 /        0 )  0.18
        move_for       461  (        2 /        5 )  0.24
        move_for       459  (        0 /        1 )  0.09
          rem_bi       459  (        1 /        1 )  0.02
         offload       458  (        0 /        0 )  0.01
          rem_bi       458  (        4 /        4 )  0.19
         offload       454  (        2 /        2 )  0.37
       merge_bit       460  (        0 /        3 )  0.03
     merge_idrvr       452  (        0 /        0 )  0.00
     merge_iload       452  (        0 /        0 )  0.01
    merge_idload       452  (        0 /        0 )  0.13
      merge_drvr       452  (        0 /        1 )  0.10
      merge_load       452  (        0 /        1 )  0.06
           phase       452  (        0 /        0 )  0.00
          decomp       452  (        0 /        0 )  0.93
        p_decomp       452  (        0 /        0 )  0.39
        levelize       452  (        0 /        0 )  0.03
        mb_split       452  (        0 /        0 )  0.00
             dup       452  (        1 /        1 )  0.78
      mux_retime       451  (        3 /        8 )  0.04
       crr_local       450  (       24 /       72 )  16.34
         buf2inv       426  (        0 /        0 )  0.00

 init_area                 10720    -5569   -175468      1082        0
            Worst cost_group: reg2reg, WNS: -5569.3
            Path: A_reg[5]/CK --> out_reg[17]/D
 undup                     10699    -5568   -175461      1080        0
            Worst cost_group: reg2reg, WNS: -5568.9
            Path: A_reg[5]/CK --> out_reg[17]/D
 rem_buf                   10441    -5568   -175466      1080        0
            Worst cost_group: reg2reg, WNS: -5568.9
            Path: A_reg[5]/CK --> out_reg[14]/D
 rem_inv                   10394    -5568   -175466      1080        0
            Worst cost_group: reg2reg, WNS: -5568.8
            Path: B_reg[13]/CK --> out_reg[16]/D
 merge_bi                  10313    -5568   -175442      1080        0
            Worst cost_group: reg2reg, WNS: -5568.6
            Path: B_reg[13]/CK --> out_reg[16]/D
 merge_bi                  10303    -5568   -175442      1080        0
            Worst cost_group: reg2reg, WNS: -5568.6
            Path: B_reg[13]/CK --> out_reg[16]/D
 rem_inv_qb                10283    -5568   -175439      1080        0
            Worst cost_group: reg2reg, WNS: -5568.6
            Path: B_reg[13]/CK --> out_reg[16]/D
 seq_res_area              10290    -5568   -175426      1080        0
            Worst cost_group: reg2reg, WNS: -5568.2
            Path: B_reg[15]/CK --> out_reg[16]/D
 io_phase                  10169    -5568   -175344      1079        0
            Worst cost_group: reg2reg, WNS: -5568.2
            Path: B_reg[15]/CK --> out_reg[16]/D
 gate_comp                 10002    -5567   -175328      1079        0
            Worst cost_group: reg2reg, WNS: -5567.9
            Path: B_reg[15]/CK --> out_reg[16]/D
 glob_area                  9904    -5567   -175329      1079        0
            Worst cost_group: reg2reg, WNS: -5567.9
            Path: B_reg[15]/CK --> out_reg[16]/D
 area_down                  9689    -5566   -175302      1378        0
            Worst cost_group: reg2reg, WNS: -5566.6
            Path: B_reg[16]/CK --> out_reg[8]/D
 rem_buf                    9660    -5566   -175305      1378        0
            Worst cost_group: reg2reg, WNS: -5566.6
            Path: B_reg[25]/CK --> out_reg[8]/D
 rem_inv                    9659    -5566   -175306      1378        0
            Worst cost_group: reg2reg, WNS: -5566.6
            Path: B_reg[25]/CK --> out_reg[8]/D
 merge_bi                   9658    -5566   -175306      1378        0
            Worst cost_group: reg2reg, WNS: -5566.6
            Path: B_reg[25]/CK --> out_reg[8]/D

           Trick     Calls     Accepts   Attempts    Time(secs) 
-----------------------------------------------------------
           undup        32  (        7 /       11 )  0.20
         rem_buf       238  (       98 /      137 )  0.86
         rem_inv        92  (       19 /       34 )  0.41
        merge_bi        72  (       44 /       57 )  0.40
      rem_inv_qb        17  (        2 /        2 )  0.06
    seq_res_area         5  (        1 /        1 )  1.06
        io_phase       230  (       53 /       75 )  1.40
       gate_comp      1177  (       56 /       69 )  6.02
       gcomp_mog         0  (        0 /        0 )  0.17
       glob_area        89  (       56 /       89 )  2.61
       area_down       448  (      144 /      250 )  4.92
      size_n_buf         4  (        0 /        1 )  0.22
  gate_deco_area         0  (        0 /        0 )  0.00
         rem_buf       140  (       13 /       25 )  0.53
         rem_inv        54  (        1 /       12 )  0.45
        merge_bi        26  (        1 /       10 )  0.40
      rem_inv_qb        10  (        0 /        0 )  0.05

 
Incremental optimization status
===============================
                                   Group   
                                  Tot Wrst     Total - - DRC Totals - -
                           Total  Weighted      Neg      Max       Max 
Operation                   Area   Slacks      Slack    Trans      Cap 
 init_delay                 9658    -5566   -175306      1378        0
            Worst cost_group: reg2reg, WNS: -5566.6
            Path: B_reg[25]/CK --> out_reg[8]/D
 incr_delay                 9673    -5566   -175301      1378        0
            Worst cost_group: reg2reg, WNS: -5566.5
            Path: B_reg[15]/CK --> out_reg[8]/D
 incr_delay                 9688    -5563   -175224      1378        0
            Worst cost_group: reg2reg, WNS: -5563.6
            Path: B_reg[15]/CK --> out_reg[16]/D
 incr_delay                 9738    -5559   -175209      1185        0
            Worst cost_group: reg2reg, WNS: -5559.3
            Path: B_reg[15]/CK --> out_reg[16]/D
 incr_delay                 9748    -5558   -175150      1185        0
            Worst cost_group: reg2reg, WNS: -5558.0
            Path: B_reg[15]/CK --> out_reg[16]/D
 incr_delay                 9833    -5544   -174872      1329        0
            Worst cost_group: reg2reg, WNS: -5544.2
            Path: B_reg[15]/CK --> out_reg[22]/D
 incr_delay                 9881    -5536   -174665      1329        0
            Worst cost_group: reg2reg, WNS: -5536.7
            Path: B_reg[21]/CK --> out_reg[16]/D
 incr_delay                 9887    -5536   -174658      1198        0
            Worst cost_group: reg2reg, WNS: -5536.6
            Path: B_reg[21]/CK --> out_reg[7]/D
 incr_delay                 9900    -5534   -174624      1198        0
            Worst cost_group: reg2reg, WNS: -5534.6
            Path: A_reg[14]/CK --> out_reg[21]/D
 incr_delay                 9901    -5534   -174624      1198        0
            Worst cost_group: reg2reg, WNS: -5534.4
            Path: A_reg[14]/CK --> out_reg[21]/D
 incr_delay                 9907    -5532   -174577      1198        0
            Worst cost_group: reg2reg, WNS: -5532.9
            Path: A_reg[14]/CK --> out_reg[9]/D
 incr_delay                 9937    -5528   -174628      1276        0
            Worst cost_group: reg2reg, WNS: -5528.6
            Path: A_reg[14]/CK --> out_reg[20]/D
 incr_delay                 9975    -5526   -174540      1276        0
            Worst cost_group: reg2reg, WNS: -5526.0
            Path: A_reg[14]/CK --> out_reg[9]/D
 incr_delay                10102    -5509   -174075      1276        0
            Worst cost_group: reg2reg, WNS: -5509.9
            Path: B_reg[12]/CK --> out_reg[22]/D
 incr_delay                10115    -5507   -174091      1276        0
            Worst cost_group: reg2reg, WNS: -5507.1
            Path: B_reg[12]/CK --> out_reg[21]/D
 incr_delay                10113    -5506   -174088      1276        0
            Worst cost_group: reg2reg, WNS: -5506.3
            Path: B_reg[12]/CK --> out_reg[18]/D
 incr_delay                10138    -5503   -173958      1276        0
            Worst cost_group: reg2reg, WNS: -5503.3
            Path: A_reg[14]/CK --> out_reg[21]/D
 incr_delay                10154    -5501   -173918      1276        0
            Worst cost_group: reg2reg, WNS: -5501.3
            Path: A_reg[14]/CK --> out_reg[21]/D
 incr_delay                10219    -5499   -173843      1331        0
            Worst cost_group: reg2reg, WNS: -5499.6
            Path: A_reg[14]/CK --> out_reg[13]/D
 incr_delay                10243    -5494   -173710      1331        0
            Worst cost_group: reg2reg, WNS: -5494.6
            Path: A_reg[14]/CK --> out_reg[12]/D
 incr_delay                10253    -5492   -173684      1331        0
            Worst cost_group: reg2reg, WNS: -5492.9
            Path: B_reg[12]/CK --> out_reg[16]/D
 incr_delay                10252    -5492   -173676      1331        0
            Worst cost_group: reg2reg, WNS: -5492.8
            Path: A_reg[14]/CK --> out_reg[21]/D
 incr_delay                10290    -5487   -173388      1326        0
            Worst cost_group: reg2reg, WNS: -5487.7
            Path: A_reg[14]/CK --> out_reg[16]/D

           Trick     Calls     Accepts   Attempts    Time(secs) 
-----------------------------------------------------------
         crr_220       115  (        5 /      109 )  23.69
        crr_glob       195  (        3 /        5 )  0.69
         crr_200       152  (       18 /      146 )  5.45
        crr_glob       341  (       17 /       18 )  0.43
         crr_300        74  (        1 /       70 )  3.61
        crr_glob       185  (        1 /        1 )  0.16
         crr_400        59  (        2 /       56 )  3.99
        crr_glob       172  (        2 /        2 )  0.18
         crr_111       356  (       52 /      352 )  38.88
        crr_glob       852  (       42 /       52 )  2.05
         crr_210       131  (        8 /      126 )  11.49
        crr_glob       330  (        7 /        8 )  0.47
         crr_110       308  (       39 /      298 )  16.50
        crr_glob       784  (       33 /       39 )  1.07
         crr_101       440  (      120 /      420 )  20.92
        crr_glob      1737  (      108 /      120 )  2.18
         crr_201       135  (       12 /      132 )  9.54
        crr_glob       306  (       11 /       12 )  0.48
         crr_211        99  (        2 /       96 )  16.06
        crr_glob       167  (        2 /        2 )  0.48
        crit_msz       266  (       45 /       56 )  1.00
       crit_upsz       234  (       18 /       18 )  0.63
       crit_slew       212  (        9 /       20 )  0.28
        setup_dn       309  (        0 /        0 )  0.00
    plc_bal_star         0  (        0 /        0 )  0.00
     drc_buftimb         0  (        0 /        0 )  0.00
          plc_st       154  (        0 /        0 )  0.00
    plc_st_fence       154  (        0 /        0 )  0.00
        plc_star       154  (        0 /        0 )  0.00
      plc_laf_st       154  (        0 /        0 )  0.00
 plc_laf_st_fence       154  (        0 /        0 )  0.00
     drc_buftims         0  (        0 /        0 )  0.00
       plc_lo_st       154  (        0 /        0 )  0.00
            fopt       334  (        3 /        5 )  0.37
       crit_swap       164  (        1 /        1 )  0.11
       mux2_swap       151  (        0 /        0 )  0.02
       crit_dnsz       384  (        7 /        9 )  0.67
       load_swap       157  (        0 /        0 )  0.27
            fopt       334  (        3 /        5 )  0.37
        setup_dn       309  (        0 /        0 )  0.00
       load_isol       323  (        1 /        1 )  1.02
       load_isol       323  (        1 /        1 )  1.02
        move_for       312  (        0 /        0 )  0.17
        move_for       312  (        0 /        0 )  0.17
          rem_bi       312  (        0 /        5 )  0.23
         offload       312  (        0 /        0 )  0.27
          rem_bi       312  (        0 /        5 )  0.23
         offload       312  (        0 /        0 )  0.27
       merge_bit       159  (        0 /        0 )  0.01
     merge_idrvr       156  (        0 /        0 )  0.00
     merge_iload       156  (        0 /        0 )  0.00
    merge_idload       156  (        0 /       13 )  0.38
      merge_drvr       156  (        0 /        0 )  0.00
      merge_load       156  (        0 /        0 )  0.00
           phase       156  (        0 /        0 )  0.00
          decomp       156  (        0 /        0 )  0.22
        p_decomp       156  (        0 /        0 )  0.07
        levelize       156  (        0 /        0 )  0.00
        mb_split       156  (        0 /        0 )  0.00
        in_phase       156  (        0 /        0 )  0.00
             dup       178  (        2 /        2 )  0.48
      mux_retime       165  (        0 /        0 )  0.00
         buf2inv       165  (        0 /        0 )  0.00
             exp        62  (        3 /       19 )  0.25
       gate_deco        52  (        0 /        0 )  0.93
       gcomp_tim       446  (        0 /        0 )  1.95
  inv_pair_2_buf       172  (        0 /        0 )  0.00
 init_drc                  10290    -5487   -173388      1326        0
            Worst cost_group: reg2reg, WNS: -5487.7
            Path: A_reg[14]/CK --> out_reg[16]/D
 incr_max_trans            10325    -5487   -173354       548        0
            Worst cost_group: reg2reg, WNS: -5487.7
            Path: A_reg[14]/CK --> out_reg[16]/D
 incr_max_trans            10327    -5487   -173354       406        0
            Worst cost_group: reg2reg, WNS: -5487.7
            Path: A_reg[14]/CK --> out_reg[16]/D

           Trick     Calls     Accepts   Attempts    Time(secs) 
-----------------------------------------------------------
          plc_st        12  (        0 /        0 )  0.00
        plc_star        12  (        0 /        0 )  0.00
        drc_bufs        24  (        4 /        4 )  0.10
        drc_fopt         8  (        0 /        0 )  0.01
        drc_bufb         8  (        0 /        0 )  0.00
      simple_buf         8  (        3 /        4 )  0.05
             dup         5  (        1 /        1 )  0.01
       crit_dnsz         4  (        0 /        1 )  0.01
       crit_upsz         4  (        2 /        4 )  0.03
       crit_slew         2  (        0 /        0 )  0.01


           Trick     Calls     Accepts   Attempts    Time(secs) 
-----------------------------------------------------------
          plc_st         0  (        0 /        0 )  0.00
        plc_star         0  (        0 /        0 )  0.00
        drc_bufs         0  (        0 /        0 )  0.00
        drc_fopt         0  (        0 /        0 )  0.00
        drc_bufb         0  (        0 /        0 )  0.00
      simple_buf         0  (        0 /        0 )  0.00
             dup         0  (        0 /        0 )  0.00
       crit_dnsz         0  (        0 /        0 )  0.00
       crit_upsz         0  (        0 /        0 )  0.00


           Trick     Calls     Accepts   Attempts    Time(secs) 
-----------------------------------------------------------
          plc_st         0  (        0 /        0 )  0.00
        plc_star         0  (        0 /        0 )  0.00
        drc_bufs         0  (        0 /        0 )  0.00
        drc_fopt         0  (        0 /        0 )  0.00
        drc_bufb         0  (        0 /        0 )  0.00
             dup         0  (        0 /        0 )  0.00
       crit_dnsz         0  (        0 /        0 )  0.00
       crit_upsz         0  (        0 /        0 )  0.00

 init_tns                  10327    -5487   -173354       406        0
            Worst cost_group: reg2reg, WNS: -5487.7
            Path: A_reg[14]/CK --> out_reg[16]/D
 incr_tns                  10270    -5484   -173179       503        0
            Worst cost_group: reg2reg, WNS: -5484.4
            Path: A_reg[14]/CK --> out_reg[27]/D
 incr_tns                  10270    -5484   -173179       503        0
            Worst cost_group: reg2reg, WNS: -5484.4
            Path: A_reg[14]/CK --> out_reg[27]/D

           Trick     Calls     Accepts   Attempts    Time(secs) 
-----------------------------------------------------------
            fopt       353  (        0 /        0 )  0.10
    plc_bal_star         0  (        0 /        0 )  0.00
     drc_buftimb         0  (        0 /        0 )  0.00
     drc_buftims         0  (        0 /        0 )  0.00
        crit_msz       353  (       22 /       90 )  1.18
       crit_upsz       331  (        7 /       46 )  0.86
   plc_laf_lo_st       324  (        0 /        0 )  0.00
       plc_lo_st       324  (        0 /        0 )  0.00
       crit_swap       324  (        1 /        8 )  0.30
       mux2_swap       323  (        0 /        0 )  0.00
       crit_dnsz       642  (       16 /       75 )  1.10
       load_swap       307  (        2 /        6 )  0.39
            fopt       305  (        1 /        8 )  0.37
        setup_dn       304  (        0 /        0 )  0.00
       load_isol       304  (        0 /        0 )  1.66
       load_isol       304  (        0 /        0 )  0.30
        move_for       304  (        3 /        5 )  0.19
        move_for       301  (        0 /        0 )  0.07
          rem_bi       301  (        0 /        0 )  0.00
         offload       301  (        0 /        0 )  0.00
          rem_bi       301  (        0 /        3 )  0.08
         offload       301  (        0 /        3 )  0.20
       merge_bit       308  (        5 /        5 )  0.03
     merge_idrvr       297  (        0 /        0 )  0.00
     merge_iload       297  (        0 /        0 )  0.00
    merge_idload       297  (        0 /        0 )  0.09
      merge_drvr       297  (        1 /        1 )  0.05
      merge_load       296  (        0 /        0 )  0.04
           phase       296  (        0 /        0 )  0.00
          decomp       296  (        0 /        1 )  0.48
        p_decomp       296  (        0 /        0 )  0.22
        levelize       296  (        0 /        0 )  0.01
        mb_split       296  (        0 /        0 )  0.00
             dup       296  (        0 /        0 )  0.50
      mux_retime       296  (        0 /        1 )  0.01
       crr_local       296  (       17 /       38 )  10.04
         buf2inv       279  (        0 /        0 )  0.00

 init_area                 10270    -5484   -173179       503        0
            Worst cost_group: reg2reg, WNS: -5484.4
            Path: A_reg[14]/CK --> out_reg[27]/D
 undup                     10256    -5484   -173180       503        0
            Worst cost_group: reg2reg, WNS: -5484.4
            Path: A_reg[14]/CK --> out_reg[27]/D
 rem_buf                   10153    -5484   -173189       503        0
            Worst cost_group: reg2reg, WNS: -5484.4
            Path: A_reg[14]/CK --> out_reg[27]/D
 rem_inv                   10130    -5484   -173186       510        0
            Worst cost_group: reg2reg, WNS: -5484.4
            Path: A_reg[14]/CK --> out_reg[27]/D
 merge_bi                  10111    -5484   -173181       510        0
            Worst cost_group: reg2reg, WNS: -5484.1
            Path: B_reg[12]/CK --> out_reg[21]/D
 rem_inv_qb                10108    -5484   -173181       510        0
            Worst cost_group: reg2reg, WNS: -5484.1
            Path: B_reg[12]/CK --> out_reg[21]/D
 io_phase                  10055    -5484   -173156       464        0
            Worst cost_group: reg2reg, WNS: -5484.1
            Path: B_reg[12]/CK --> out_reg[21]/D
 gate_comp                 10038    -5484   -173158       464        0
            Worst cost_group: reg2reg, WNS: -5484.1
            Path: B_reg[12]/CK --> out_reg[27]/D
 glob_area                 10012    -5484   -173160       464        0
            Worst cost_group: reg2reg, WNS: -5484.1
            Path: B_reg[12]/CK --> out_reg[27]/D
 area_down                  9852    -5483   -173236      1809        0
            Worst cost_group: reg2reg, WNS: -5483.5
            Path: A_reg[14]/CK --> out_reg[21]/D

           Trick     Calls     Accepts   Attempts    Time(secs) 
-----------------------------------------------------------
           undup        39  (        4 /        6 )  0.23
         rem_buf       176  (       40 /       67 )  0.65
         rem_inv        67  (        9 /       26 )  0.30
        merge_bi        33  (       10 /       17 )  0.20
      rem_inv_qb        13  (        1 /        1 )  0.04
        io_phase       204  (       28 /       44 )  0.71
       gate_comp      1054  (        7 /       16 )  4.82
       gcomp_mog         0  (        0 /        0 )  0.20
       glob_area        80  (       36 /       80 )  2.29
       area_down       453  (      117 /      212 )  4.32
      size_n_buf         1  (        0 /        0 )  0.01
  gate_deco_area         0  (        0 /        0 )  0.00

 
Incremental optimization status
===============================
                                   Group   
                                  Tot Wrst     Total - - DRC Totals - -
                           Total  Weighted      Neg      Max       Max 
Operation                   Area   Slacks      Slack    Trans      Cap 
 init_delay                 9852    -5483   -173236      1809        0
            Worst cost_group: reg2reg, WNS: -5483.5
            Path: A_reg[14]/CK --> out_reg[21]/D
 incr_delay                 9858    -5481   -173204      1874        0
            Worst cost_group: reg2reg, WNS: -5481.4
            Path: A_reg[14]/CK --> out_reg[20]/D
 incr_delay                 9870    -5480   -173226      1874        0
            Worst cost_group: reg2reg, WNS: -5480.0
            Path: A_reg[14]/CK --> out_reg[12]/D
 incr_delay                 9919    -5476   -173147      1717        0
            Worst cost_group: reg2reg, WNS: -5476.4
            Path: A_reg[14]/CK --> out_reg[14]/D
 incr_delay                 9934    -5474   -173072      1837        0
            Worst cost_group: reg2reg, WNS: -5474.4
            Path: A_reg[14]/CK --> out_reg[21]/D
 incr_delay                 9933    -5474   -173070      1837        0
            Worst cost_group: reg2reg, WNS: -5474.4
            Path: A_reg[14]/CK --> out_reg[21]/D

           Trick     Calls     Accepts   Attempts    Time(secs) 
-----------------------------------------------------------
        crit_msz       510  (       30 /       56 )  1.82
       crit_upsz       376  (        8 /       10 )  1.14
       crit_slew       299  (        0 /        2 )  0.25
        setup_dn       299  (        0 /        0 )  0.00
    plc_bal_star         0  (        0 /        0 )  0.00
     drc_buftimb         0  (        0 /        0 )  0.00
          plc_st       299  (        0 /        0 )  0.00
    plc_st_fence       299  (        0 /        0 )  0.00
        plc_star       299  (        0 /        0 )  0.00
      plc_laf_st       299  (        0 /        0 )  0.00
 plc_laf_st_fence       299  (        0 /        0 )  0.00
     drc_buftims         0  (        0 /        0 )  0.00
   plc_laf_lo_st       299  (        0 /        0 )  0.00
       plc_lo_st       299  (        0 /        0 )  0.00
            fopt       299  (        0 /        0 )  0.01
       crit_swap       299  (        0 /        0 )  0.22
       mux2_swap       299  (        0 /        0 )  0.08
       crit_dnsz       698  (        3 /        4 )  1.37
       load_swap       301  (        0 /        0 )  0.83
            fopt       335  (        4 /        4 )  0.81
        setup_dn       292  (        0 /        0 )  0.00
       load_isol       391  (        9 /        9 )  3.09
       load_isol       290  (        0 /        0 )  0.55
        move_for       290  (        0 /        0 )  0.47
        move_for       290  (        0 /        0 )  0.18
          rem_bi       290  (        0 /        0 )  0.00
         offload       290  (        0 /        0 )  0.00
          rem_bi       290  (        0 /       13 )  0.70
         offload       290  (        0 /        0 )  0.97
           phase       290  (        0 /        0 )  0.00
        in_phase       290  (        0 /        0 )  0.00
       merge_bit       300  (        0 /        0 )  0.05
     merge_idrvr       290  (        0 /        0 )  0.00
     merge_iload       290  (        0 /        0 )  0.00
    merge_idload       290  (        0 /       16 )  0.78
      merge_drvr       290  (        0 /        2 )  0.10
      merge_load       290  (        0 /        2 )  0.10
          decomp       290  (        0 /        0 )  0.85
        p_decomp       290  (        0 /        0 )  0.31
        levelize       290  (        0 /        0 )  0.00
        mb_split       290  (        0 /        0 )  0.00
             dup       352  (        2 /        2 )  1.73
      mux_retime       324  (        0 /        4 )  0.05
         buf2inv       324  (        0 /        0 )  0.00
             exp        32  (        3 /       10 )  0.17
       gate_deco       100  (        0 /        0 )  2.48
       gcomp_tim       646  (        0 /        0 )  3.43
  inv_pair_2_buf       370  (        0 /        0 )  0.00

 init_drc                   9933    -5474   -173070      1837        0
            Worst cost_group: reg2reg, WNS: -5474.4
            Path: A_reg[14]/CK --> out_reg[21]/D
 incr_max_trans             9952    -5474   -173069       877        0
            Worst cost_group: reg2reg, WNS: -5474.4
            Path: A_reg[14]/CK --> out_reg[21]/D
 incr_max_trans             9954    -5474   -173069       817        0
            Worst cost_group: reg2reg, WNS: -5474.4
            Path: A_reg[14]/CK --> out_reg[21]/D

           Trick     Calls     Accepts   Attempts    Time(secs) 
-----------------------------------------------------------
          plc_st        15  (        0 /        0 )  0.00
        plc_star        15  (        0 /        0 )  0.00
        drc_bufs        30  (        4 /        4 )  0.11
        drc_fopt        11  (        0 /        0 )  0.00
        drc_bufb        11  (        0 /        0 )  0.00
      simple_buf        11  (        1 /        2 )  0.06
             dup        10  (        0 /        0 )  0.03
       crit_dnsz         9  (        0 /        0 )  0.01
       crit_upsz        10  (        4 /        6 )  0.07
       crit_slew         6  (        0 /        0 )  0.01


           Trick     Calls     Accepts   Attempts    Time(secs) 
-----------------------------------------------------------
          plc_st         0  (        0 /        0 )  0.00
        plc_star         0  (        0 /        0 )  0.00
        drc_bufs         0  (        0 /        0 )  0.00
        drc_fopt         0  (        0 /        0 )  0.00
        drc_bufb         0  (        0 /        0 )  0.00
      simple_buf         0  (        0 /        0 )  0.00
             dup         0  (        0 /        0 )  0.00
       crit_dnsz         0  (        0 /        0 )  0.00
       crit_upsz         0  (        0 /        0 )  0.00


           Trick     Calls     Accepts   Attempts    Time(secs) 
-----------------------------------------------------------
          plc_st         0  (        0 /        0 )  0.00
        plc_star         0  (        0 /        0 )  0.00
        drc_bufs         0  (        0 /        0 )  0.00
        drc_fopt         0  (        0 /        0 )  0.00
        drc_bufb         0  (        0 /        0 )  0.00
             dup         0  (        0 /        0 )  0.00
       crit_dnsz         0  (        0 /        0 )  0.00
       crit_upsz         0  (        0 /        0 )  0.00

==================================
Stage : incr_opt 
==================================
  =================
   Message Summary
  =================
---------------------------------------------------------------------------------------
|   Id    |  Sev   |Count |                       Message Text                        |
---------------------------------------------------------------------------------------
| CFM-1   |Info    |    1 |Wrote dofile.                                              |
| CFM-5   |Info    |    1 |Wrote formal verification information.                     |
| CPI-506 |Warning |    1 |Command 'commit_power_intent' cannot proceed as there is   |
|         |        |      | no power intent loaded.                                   |
| LBR-155 |Info    |  264 |Mismatch in unateness between 'timing_sense' attribute and |
|         |        |      | the function.                                             |
|         |        |      |The 'timing_sense' attribute will be respected.            |
| PA-7    |Info    |    4 |Resetting power analysis results.                          |
|         |        |      |All computed switching activities are removed.             |
| SYNTH-5 |Info    |    1 |Done mapping.                                              |
| SYNTH-7 |Info    |    1 |Incrementally optimizing.                                  |
---------------------------------------------------------------------------------------
Info    : Done incrementally optimizing. [SYNTH-8]
        : Done incrementally optimizing 'fpadd_single'.
      flow.cputime  flow.realtime  timing.setup.tns  timing.setup.wns  snapshot
UM:*                                                                   syn_opt
@file(synthesize.tcl) 57: write_db ${DBSPATH}/syn_opt.db
Finished exporting design database to file '/home/mdaoudi/Documents/ic_project/fpu/synthesis/dbs/syn_opt.db' for 'fpadd_single' (command execution time mm:ss cpu = 00:00, real = 00:00).
@file(synthesize.tcl) 60: report_timing -nworst 10 > ${REPORTPATH}/timing.rpt
@file(synthesize.tcl) 61: report_timing_summary -checks {setup drv} > ${REPORTPATH}/setup.analysis_summary.rpt
@file(synthesize.tcl) 62: report_timing_summary -checks {setup drv} -expand_views > ${REPORTPATH}/setup.view_summary.rpt
@file(synthesize.tcl) 63: report_timing_summary -checks {setup drv} -expand_views -expand_clocks launch_capture > ${REPORTPATH}/setup.group_summary.rpt 
@file(synthesize.tcl) 64: report_qor > ${REPORTPATH}/qor.rpt
@file(synthesize.tcl) 67: report_gates -power   > ${REPORTPATH}/gates.rpt
Info    : Joules engine is used. [RPT-16]
        : Joules engine is being used for the command report_gates -power.
Info   : ACTP-0001 [ACTPInfo] Activity propagation started for stim#0 netlist
       : fpadd_single
Info   : ACTP-0009 [ACTPInfo] Activity Propagation Progress Report :   0%   1%   2%   3%   4%   5%   6%   7%   8%   9%  10%  11%  12%  13%  14%  15%  16%  17%  18%  19%  20%  21%  22%  23%  24%  25%  26%  27%  28%  29%  30%  31%  32%  33%  34%  35%  36%  37%  38%  39%  40%  41%  42%  43%  44%  45%  46%  47%  48%  49%  50%  51%  52%  53%  54%  55%  56%  57%  58%  59%  60%  61%  62%  63%  64%  65%  66%  67%  68%  69%  70%  71%  72%  73%  74%  75%  76%  77%  78%  79%  80%  81%  82%  83%  84%  85%  86%  87%  88%  89%  90%  91%  92%  93%  94%  95%  96%  97%  98%  99% 100%
Info   : ACTP-0001 Activity propagation ended for stim#0
Info   : PWRA-0001 [PwrInfo] compute_power effective options 
       : -mode : vectorless
       : -skip_propagation : 1
       : -frequency_scaling_factor : 1.0
       : -use_clock_freq : stim
       : -stim :/stim#0
       : -fromGenus : 1
Info   : ACTP-0001 Timing initialization started
Info   : ACTP-0001 Timing initialization ended
Info   : PWRA-0002 [PwrInfo] Skipping activity propagation due to -skip_ap
       : option....
Warning: PWRA-0302 [PwrWarn] Frequency scaling is not applicable for vectorless
       : flow. Ignoring frequency scaling.
Warning: PWRA-0304 [PwrWarn] -stim option is not applicable with vectorless mode
       : of power analysis, ignored this option.
Info   : PWRA-0002 Started 'vectorless' power computation.
Info   : PWRA-0009 [PwrInfo] Power Computation Progress Report :  51% 100%
Info   : PWRA-0002 Finished power computation.
Info   : PWRA-0007 [PwrInfo] Completed successfully.
       : Info=6, Warn=2, Error=0, Fatal=0
@file(synthesize.tcl) 68: report_clock_gating   > ${REPORTPATH}/clock_gating.rpt
Warning : Potential error generating clock gating report. [RPT_CG-12]
        : 'lp_insert_clock_gating' root attribute is set to 'false'.
        : The 'report clock_gating' command depends on the 'lp_insert_clock_gating' attribute.  Set it to 'true' before calling this command.


@file(synthesize.tcl) 69: report_power -by_category > ${REPORTPATH}/power.rpt
Info    : Joules engine is used. [RPT-16]
        : Joules engine is being used for the command report_power.
Output file: /home/mdaoudi/Documents/ic_project/fpu/synthesis/reports/power.rpt
@file(synthesize.tcl) 70: report_clocks -generated   > ${REPORTPATH}/clocks_generated.rpt
@file(synthesize.tcl) 71: report_area -min_count 1000 > ${REPORTPATH}/area.summary.rpt
@file(synthesize.tcl) 72: report_dp > ${REPORTPATH}/area.datapath.rpt
Beginning report datapath command
Warning : The filename, column and line number information will not be available in the report. [RPT_DP-100]
        : The attribute for getting HDL filename and line number is not set.
        : You must set the 'hdl_track_filename_row_col' attribute to 'true' (before elaborate) to enable filename, column, and line number tracking in the datapath report.
@file(synthesize.tcl) 74: puts "$TOPMODULE synthesized"
fpadd_single synthesized
#@ End verbose source ./synthesize.tcl
