Cadence Genus(TM) Synthesis Solution.
Copyright 2021 Cadence Design Systems, Inc. All rights reserved worldwide.
Cadence and the Cadence logo are registered trademarks and Genus is a trademark
of Cadence Design Systems, Inc. in the United States and other countries.

Version: 21.10-p002_1, built Fri Aug 20 00:13:13 PDT 2021
Options: -batch -files synthesize.tcl 
Date:    Sun Apr 27 14:30:05 2025
Host:    vspace.ecdl.hut.fi (x86_64 w/Linux 3.10.0-1160.118.1.el7.x86_64) (1core*8cpus*15physical cpus*Intel(R) Xeon(R) CPU E5-2640 v4 @ 2.40GHz 25600KB) (65807808KB)
PID:     4603
OS:      CentOS Linux release 7.9.2009 (Core)

Checking out license: Genus_Synthesis


***********************************************************************************************************
***********************************************************************************************************



Loading tool scripts...
Finished loading tool scripts (14 seconds elapsed).

#@ Processing -files option
@genus 1> source synthesize.tcl
#@ Begin verbose source ./synthesize.tcl
@file(synthesize.tcl) 2: source ./flow/scripts/common_vars.tcl
Sourcing './flow/scripts/common_vars.tcl' (Sun Apr 27 14:30:19 EEST 2025)...
#@ Begin verbose source ./flow/scripts/common_vars.tcl
@file(common_vars.tcl) 1: set TECHROOT "/prog/cadence/gpdk/g045/lan/flow/t1u1/reference_libs/GPDK045/gsclib045_all_v4.4"
@file(common_vars.tcl) 2: set FLOWPATH "/home/mdaoudi/Documents/ic_project/PACoGen/synthesis/flow"
@file(common_vars.tcl) 3: set DEFPATH "/home/mdaoudi/Documents/ic_project/PACoGen/synthesis/def"
@file(common_vars.tcl) 4: set LEFPATH "/prog/cadence/gpdk/g045/lan/flow/t1u1/reference_libs/GPDK045/gsclib045_all_v4.4"
@file(common_vars.tcl) 5: set CUSTOMLEFPATH ""
@file(common_vars.tcl) 7: set CONSTRAINTPATH "/home/mdaoudi/Documents/ic_project/PACoGen/synthesis/constraints"
@file(common_vars.tcl) 8: set SCRIPTPATH "/home/mdaoudi/Documents/ic_project/PACoGen/synthesis/flow/scripts"
@file(common_vars.tcl) 9: set TECHPATH "/home/mdaoudi/Documents/ic_project/PACoGen/synthesis/flow/tech"
@file(common_vars.tcl) 10: set RTLPATH "/home/mdaoudi/Documents/ic_project/PACoGen/synthesis/source"
@file(common_vars.tcl) 11: set DBSPATH "/home/mdaoudi/Documents/ic_project/PACoGen/synthesis/dbs"
@file(common_vars.tcl) 12: set REPORTPATH "/home/mdaoudi/Documents/ic_project/PACoGen/synthesis/reports"
@file(common_vars.tcl) 13: set TOPMODULE "posit_add"
@file(common_vars.tcl) 14: set VERILOGFILES " /home/mdaoudi/Documents/ic_project/PACoGen/synthesis/source/posit_add.v"
@file(common_vars.tcl) 15: set VHDLFILES ""
@file(common_vars.tcl) 16: set SDCFILE "/home/mdaoudi/Documents/ic_project/PACoGen/synthesis/constraints/timing_constraints.tcl"
@file(common_vars.tcl) 17: set CPFFILE "/home/mdaoudi/Documents/ic_project/PACoGen/synthesis/constraints/power_domains.cpf"
#@ End verbose source ./flow/scripts/common_vars.tcl
@file(synthesize.tcl) 5: read_mmmc ${CONSTRAINTPATH}/mmmc_config.tcl
  Setting attribute of root '/': 'is_read_mmmc_flow' = true
Sourcing '/home/mdaoudi/Documents/ic_project/PACoGen/synthesis/constraints/mmmc_config.tcl' (Sun Apr 27 14:30:19 EEST 2025)...
#@ Begin verbose source /home/mdaoudi/Documents/ic_project/PACoGen/synthesis/constraints/mmmc_config.tcl
@file(mmmc_config.tcl) 4: source ./flow/scripts/common_vars.tcl
Sourcing './flow/scripts/common_vars.tcl' (Sun Apr 27 14:30:19 EEST 2025)...
#@ Begin verbose source ./flow/scripts/common_vars.tcl
@file(common_vars.tcl) 1: set TECHROOT "/prog/cadence/gpdk/g045/lan/flow/t1u1/reference_libs/GPDK045/gsclib045_all_v4.4"
@file(common_vars.tcl) 2: set FLOWPATH "/home/mdaoudi/Documents/ic_project/PACoGen/synthesis/flow"
@file(common_vars.tcl) 3: set DEFPATH "/home/mdaoudi/Documents/ic_project/PACoGen/synthesis/def"
@file(common_vars.tcl) 4: set LEFPATH "/prog/cadence/gpdk/g045/lan/flow/t1u1/reference_libs/GPDK045/gsclib045_all_v4.4"
@file(common_vars.tcl) 5: set CUSTOMLEFPATH ""
@file(common_vars.tcl) 7: set CONSTRAINTPATH "/home/mdaoudi/Documents/ic_project/PACoGen/synthesis/constraints"
@file(common_vars.tcl) 8: set SCRIPTPATH "/home/mdaoudi/Documents/ic_project/PACoGen/synthesis/flow/scripts"
@file(common_vars.tcl) 9: set TECHPATH "/home/mdaoudi/Documents/ic_project/PACoGen/synthesis/flow/tech"
@file(common_vars.tcl) 10: set RTLPATH "/home/mdaoudi/Documents/ic_project/PACoGen/synthesis/source"
@file(common_vars.tcl) 11: set DBSPATH "/home/mdaoudi/Documents/ic_project/PACoGen/synthesis/dbs"
@file(common_vars.tcl) 12: set REPORTPATH "/home/mdaoudi/Documents/ic_project/PACoGen/synthesis/reports"
@file(common_vars.tcl) 13: set TOPMODULE "posit_add"
@file(common_vars.tcl) 14: set VERILOGFILES " /home/mdaoudi/Documents/ic_project/PACoGen/synthesis/source/posit_add.v"
@file(common_vars.tcl) 15: set VHDLFILES ""
@file(common_vars.tcl) 16: set SDCFILE "/home/mdaoudi/Documents/ic_project/PACoGen/synthesis/constraints/timing_constraints.tcl"
@file(common_vars.tcl) 17: set CPFFILE "/home/mdaoudi/Documents/ic_project/PACoGen/synthesis/constraints/power_domains.cpf"
#@ End verbose source ./flow/scripts/common_vars.tcl
@file(mmmc_config.tcl) 5: set setup_corners "slow_vdd1v0"
@file(mmmc_config.tcl) 6: set hold_corners  "fast_vdd1v2" 
@file(mmmc_config.tcl) 10: foreach setupc $setup_corners {
  puts "Defining timing files for library set ${setupc}.SS"
  create_library_set \
    -name ${setupc}.SS \
    -timing [subst {
      [glob -nocomplain ./flow/tech/lib/${setup_corners}_basicCells_hvt.lib]
    }]
}
Defining timing files for library set slow_vdd1v0.SS
@file(mmmc_config.tcl) 19: foreach holdc $hold_corners {
  puts "Defining timing files for library set ${holdc}.FF"
  create_library_set \
    -name ${holdc}.FF \
    -timing [subst {
      [glob -nocomplain ./flow/tech/lib/${hold_corners}_basicCells_hvt.lib]
    }]
}
Defining timing files for library set fast_vdd1v2.FF
@file(mmmc_config.tcl) 42: foreach setupc $setup_corners {
  puts "Creating operating condition for corner $setupc"
  set tempmax 25
  set tempmin -40
  regexp -all {^(.*)_vdd([0-9]+)v([0-9]+)}  $setupc tot vtot vreal vdec
  puts "$vreal.$vdec"
  puts "$tempmax"
  puts "$tempmin"
  create_opcond \
    -name               $setupc.max \
    -process            1 \
    -voltage            $vreal.$vdec \
    -temperature        "$tempmax"
}
Creating operating condition for corner slow_vdd1v0
1.0
25
-40
@file(mmmc_config.tcl) 57: foreach holdc $hold_corners {
  puts "Creating operating condition for corner $holdc"
  set temp 25
  regexp -all {^(.*)_vdd([0-9]+)v([0-9]+)}  $setupc tot vtot vreal vdec
  puts "$vreal.$vdec"
  puts "$temp"
  create_opcond \
    -name               $holdc.min \
    -process            1 \
    -voltage            $vreal.$vdec \
    -temperature        "$tempmin"
}
Creating operating condition for corner fast_vdd1v2
1.0
25
@file(mmmc_config.tcl) 74: foreach setupc $setup_corners {
  puts "Creating timing condition for corner $setupc"
  create_timing_condition \
    -name               $setupc.setup \
    -library_sets       [list ${setupc}.SS  ] \
    -opcond             $setupc.max
}
Creating timing condition for corner slow_vdd1v0
@file(mmmc_config.tcl) 82: foreach holdc $hold_corners {
  puts "Creating timing condition for corner $holdc"
  create_timing_condition \
    -name               $holdc.hold \
    -library_sets       [list ${holdc}.FF  ] \
    -opcond             $holdc.min
}
Creating timing condition for corner fast_vdd1v2
@file(mmmc_config.tcl) 95: create_rc_corner \
    -name               cworst_CCworst \
    -temperature        $tempmax \
    -qrc_tech           /prog/cadence/gpdk/g045/lan/flow/t1u1/reference_libs/GPDK045/gsclib045_all_v4.4/gsclib045_tech/qrc/qx/gpdk045.tch 
@file(mmmc_config.tcl) 100: create_rc_corner \
    -name               rcworst_CCworst \
    -temperature        $tempmax \
    -qrc_tech           /prog/cadence/gpdk/g045/lan/flow/t1u1/reference_libs/GPDK045/gsclib045_all_v4.4/gsclib045_tech/qrc/qx/gpdk045.tch 
@file(mmmc_config.tcl) 105: create_rc_corner \
    -name               cbest_CCbest \
    -temperature        $tempmin \
    -qrc_tech           /prog/cadence/gpdk/g045/lan/flow/t1u1/reference_libs/GPDK045/gsclib045_all_v4.4/gsclib045_tech/qrc/qx/gpdk045.tch 
@file(mmmc_config.tcl) 110: create_rc_corner \
    -name               rcbest_CCbest \
    -temperature        $tempmin \
    -qrc_tech           /prog/cadence/gpdk/g045/lan/flow/t1u1/reference_libs/GPDK045/gsclib045_all_v4.4/gsclib045_tech/qrc/qx/gpdk045.tch 
@file(mmmc_config.tcl) 118: foreach setupc $setup_corners {
  puts "Defining delay corners for $setupc."
  create_delay_corner \
    -name               ${setupc}.setup_rcworst_CCworst \
    -timing_condition   ${setupc}.setup \
    -rc_corner          rcworst_CCworst
}
Defining delay corners for slow_vdd1v0.
@file(mmmc_config.tcl) 126: foreach setupc $setup_corners {
  puts "Defining delay corners for $setupc."
  create_delay_corner \
    -name               ${setupc}.setup_cworst_CCworst \
    -timing_condition   ${setupc}.setup \
    -rc_corner          cworst_CCworst
}
Defining delay corners for slow_vdd1v0.
@file(mmmc_config.tcl) 134: foreach holdc $hold_corners {
  puts "Defining delay corners for $holdc."
  create_delay_corner \
    -name               ${holdc}.hold_rcbest_CCbest \
    -timing_condition   ${holdc}.hold \
    -rc_corner          rcbest_CCbest
}
Defining delay corners for fast_vdd1v2.
@file(mmmc_config.tcl) 142: foreach holdc $hold_corners {
  puts "Defining delay corners for $holdc."
  create_delay_corner \
    -name               ${holdc}.hold_cbest_CCbest \
    -timing_condition   ${holdc}.hold \
    -rc_corner          cbest_CCbest
}
Defining delay corners for fast_vdd1v2.
@file(mmmc_config.tcl) 150: foreach holdc $hold_corners {
  puts "Defining delay corners for $holdc."
  create_delay_corner \
    -name               ${holdc}.hold_cworst_CCworst \
    -timing_condition   ${holdc}.hold \
    -rc_corner          cworst_CCworst
}
Defining delay corners for fast_vdd1v2.
@file(mmmc_config.tcl) 158: foreach holdc $hold_corners {
  puts "Defining delay corners for $holdc."
  create_delay_corner \
    -name               ${holdc}.hold_rcworst_CCworst \
    -timing_condition   ${holdc}.hold \
    -rc_corner          rcworst_CCworst
}
Defining delay corners for fast_vdd1v2.
@file(mmmc_config.tcl) 169: create_constraint_mode \
    -name               func \
    -sdc_files          $SDCFILE
@file(mmmc_config.tcl) 175: foreach setupc $setup_corners {
  puts "Defining analysis views for $setupc."
  create_analysis_view \
    -name               func-${setupc}.setup_cworst_CCworst \
    -constraint_mode    func \
    -delay_corner       ${setupc}.setup_cworst_CCworst \
    -power_mode         aon
}
Defining analysis views for slow_vdd1v0.
@file(mmmc_config.tcl) 184: foreach setupc $setup_corners {
  puts "Defining analysis views for $setupc."
  create_analysis_view \
    -name               func-${setupc}.setup_rcworst_CCworst \
    -constraint_mode    func \
    -delay_corner       ${setupc}.setup_rcworst_CCworst \
    -power_mode         aon
}
Defining analysis views for slow_vdd1v0.
@file(mmmc_config.tcl) 193: foreach holdc $hold_corners {
  puts "Defining analysis views for $holdc."
  create_analysis_view \
    -name               func-${holdc}.hold_cbest_CCbest \
    -constraint_mode    func \
    -delay_corner       ${holdc}.hold_cbest_CCbest \
    -power_mode         aon
}
Defining analysis views for fast_vdd1v2.
@file(mmmc_config.tcl) 202: foreach holdc $hold_corners {
  puts "Defining analysis views for $holdc."
  create_analysis_view \
    -name               func-${holdc}.hold_rcbest_CCbest \
    -constraint_mode    func \
    -delay_corner       ${holdc}.hold_rcbest_CCbest \
    -power_mode         aon
}
Defining analysis views for fast_vdd1v2.
@file(mmmc_config.tcl) 211: foreach holdc $hold_corners {
  puts "Defining analysis views for $holdc."
  create_analysis_view \
    -name               func-${holdc}.hold_cworst_CCworst \
    -constraint_mode    func \
    -delay_corner       ${holdc}.hold_cworst_CCworst \
    -power_mode         aon
}
Defining analysis views for fast_vdd1v2.
@file(mmmc_config.tcl) 220: foreach holdc $hold_corners {
  puts "Defining analysis views for $holdc."
  create_analysis_view \
    -name               func-${holdc}.hold_rcworst_CCworst \
    -constraint_mode    func \
    -delay_corner       ${holdc}.hold_rcworst_CCworst \
    -power_mode         aon
}
Defining analysis views for fast_vdd1v2.
@file(mmmc_config.tcl) 231: set_analysis_view \
    -setup  [list func-${setupc}.setup_cworst_CCworst ] \
    -hold   [list func-${holdc}.hold_cbest_CCbest ]

Threads Configured:3

  Message Summary for Library slow_vdd1v0_basicCells_hvt.lib:
  ***********************************************************
  Missing a function attribute in the output pin definition. [LBR-518]: 1
  ***********************************************************
 
Info    : Created nominal operating condition. [LBR-412]
        : Operating condition '_nominal_' was created for the PVT values (1.000000, 0.900000, 125.000000) in library 'slow_vdd1v0_basicCells_hvt.lib'.
        : The nominal operating condition is represented, either by the nominal PVT values specified in the library source (via nom_process,nom_voltage and nom_temperature respectively), or by the default PVT values (1.0,1.0,1.0).
Warning : Library cell has no output pins defined. [LBR-9]
        : Library cell 'ANTENNAHVT' must have an output pin.
        : Add the missing output pin(s), then reload the library. Else the library cell will be marked as timing model i.e. unusable. Timing_model means that the cell does not have any defined function. If there is no output pin, Genus will mark library cell as unusable i.e. the attribute 'usable' will be marked to 'false' on the libcell. Therefore, the cell is not used for mapping and it will not be picked up from the library for synthesis. If you query the attribute 'unusable_reason' on the libcell; result will be: 'Library cell has no output pins.'Note: The message LBR-9 is only for the logical pins and not for the power_ground pins. Genus will depend upon the output function defined in the pin group (output pin) of the cell, to use it for mapping. The pg_pin will not have any function defined.
Warning : Library cell has no output pins defined. [LBR-9]
        : Library cell 'ANTENNAHVT' must have an output pin.
Info    : Set default library domain. [LBR-109]
        : The default library domain is 'library_domain:slow_vdd1v0.setup'.
  Library has 324 usable logic and 128 usable sequential lib-cells.
Warning : Cannot find expected operating_conditions in library. [MMMC-102]
        : Operating_conditions (P=1.0 V=1.0 T=25.0 tree_type=balanced_tree) cannot be found for opcond:slow_vdd1v0.max in any libraries of timing_condition:slow_vdd1v0.setup.
        : Using default operating conditions. Check for supported operating_conditions in libraries.
#@ End verbose source /home/mdaoudi/Documents/ic_project/PACoGen/synthesis/constraints/mmmc_config.tcl
@file(synthesize.tcl) 8: read_physical -lefs  ${TECHPATH}/lef/gsclib045_tech.lef
Info    : Via with no resistance will have a value of '0.0' assigned for resistance value. [PHYS-129]
        : Via 'M2_M1_HV' has no resistance value.
        : If this is the expected behavior, this message can be ignored.
Info    : Via with no resistance will have a value of '0.0' assigned for resistance value. [PHYS-129]
        : Via 'M2_M1_VV' has no resistance value.
Info    : Via with no resistance will have a value of '0.0' assigned for resistance value. [PHYS-129]
        : Via 'M2_M1_VH' has no resistance value.
Info    : Via with no resistance will have a value of '0.0' assigned for resistance value. [PHYS-129]
        : Via 'M2_M1_HH' has no resistance value.
Info    : Via with no resistance will have a value of '0.0' assigned for resistance value. [PHYS-129]
        : Via 'M2_M1_2x1_HV_E' has no resistance value.
Info    : Via with no resistance will have a value of '0.0' assigned for resistance value. [PHYS-129]
        : Via 'M2_M1_2x1_HV_W' has no resistance value.
Info    : Via with no resistance will have a value of '0.0' assigned for resistance value. [PHYS-129]
        : Via 'M2_M1_1x2_HV_N' has no resistance value.
Info    : Via with no resistance will have a value of '0.0' assigned for resistance value. [PHYS-129]
        : Via 'M2_M1_1x2_HV_S' has no resistance value.
Info    : Via with no resistance will have a value of '0.0' assigned for resistance value. [PHYS-129]
        : Via 'M3_M2_VH' has no resistance value.
Info    : Via with no resistance will have a value of '0.0' assigned for resistance value. [PHYS-129]
        : Via 'M3_M2_HH' has no resistance value.
Info    : Via with no resistance will have a value of '0.0' assigned for resistance value. [PHYS-129]
        : Via 'M3_M2_HV' has no resistance value.
Info    : Via with no resistance will have a value of '0.0' assigned for resistance value. [PHYS-129]
        : Via 'M3_M2_VV' has no resistance value.
Info    : Via with no resistance will have a value of '0.0' assigned for resistance value. [PHYS-129]
        : Via 'M3_M2_M_NH' has no resistance value.
Info    : Via with no resistance will have a value of '0.0' assigned for resistance value. [PHYS-129]
        : Via 'M3_M2_M_SH' has no resistance value.
Info    : Via with no resistance will have a value of '0.0' assigned for resistance value. [PHYS-129]
        : Via 'M3_M2_2x1_VH_E' has no resistance value.
Info    : Via with no resistance will have a value of '0.0' assigned for resistance value. [PHYS-129]
        : Via 'M3_M2_2x1_VH_W' has no resistance value.
Info    : Via with no resistance will have a value of '0.0' assigned for resistance value. [PHYS-129]
        : Via 'M3_M2_1x2_VH_N' has no resistance value.
Info    : Via with no resistance will have a value of '0.0' assigned for resistance value. [PHYS-129]
        : Via 'M3_M2_1x2_VH_S' has no resistance value.
Info    : Via with no resistance will have a value of '0.0' assigned for resistance value. [PHYS-129]
        : Via 'M4_M3_HV' has no resistance value.
Info    : Via with no resistance will have a value of '0.0' assigned for resistance value. [PHYS-129]
        : Via 'M4_M3_VV' has no resistance value.

  According to lef_library, there are total 11 routing layers [ V(5) / H(6) ]

Warning : None of the loaded LEF files have MACRO statements. [PHYS-20]
        : Make sure the LEF file containing MACRO statement was not missed.
        : The LEF file containing the cell specific information was not loaded. The LEF MACRO construct is used to set the physical data on cells in the timing library. It is likely that only the technology LEF file was loaded. Load all the associated LEF files.
@file(synthesize.tcl) 9: read_physical -add_lefs "[glob ${TECHPATH}/lef/*_macro.lef]"
Incrementally loading LEF file '/home/mdaoudi/Documents/ic_project/PACoGen/synthesis/flow/tech/lef/gsclib045_hvt_macro.lef'...
Warning : Physical cell not defined in library. [PHYS-279]
        : The physical (LEF) cell FILL1HVT cannot be found in library.
        : Ensure that the proper library files are available and have been imported.
Warning : Physical cell not defined in library. [PHYS-279]
        : The physical (LEF) cell FILL16HVT cannot be found in library.
Warning : Physical cell not defined in library. [PHYS-279]
        : The physical (LEF) cell FILL2HVT cannot be found in library.
Warning : Physical cell not defined in library. [PHYS-279]
        : The physical (LEF) cell FILL32HVT cannot be found in library.
Warning : Physical cell not defined in library. [PHYS-279]
        : The physical (LEF) cell FILL4HVT cannot be found in library.
Warning : Physical cell not defined in library. [PHYS-279]
        : The physical (LEF) cell FILL64HVT cannot be found in library.
Warning : Physical cell not defined in library. [PHYS-279]
        : The physical (LEF) cell FILL8HVT cannot be found in library.
@file(synthesize.tcl) 12: puts " $TOPMODULE reading RTL"
 posit_add reading RTL
@file(synthesize.tcl) 13: if {[llength $VERILOGFILES]} {
  puts "Reading in verilog files"
  read_hdl $VERILOGFILES
} else {
  puts "No verilogfiles to read"
}
Reading in verilog files
@file(synthesize.tcl) 20: if {[llength $VHDLFILES]} {
  puts "Reading in vhdl files"
  read_hdl -language vhdl $VHDLFILES
} else {
  puts "No vhdlfiles to read"
}
No vhdlfiles to read
@file(synthesize.tcl) 28: elaborate $TOPMODULE
Info    : Elaborating Design. [ELAB-1]
        : Elaborating top-level block 'posit_add' from file '/home/mdaoudi/Documents/ic_project/PACoGen/synthesis/source/posit_add.v'.
Warning : Using default parameter value for module elaboration. [CDFG-818]
        : Elaborating block 'posit_add' with default parameters value.
Info    : Done Elaborating Design. [ELAB-3]
        : Done elaborating 'posit_add'.
Checking for analog nets...
Check completed for analog nets.
Checking for source RTL...
Check completed for source RTL.
Running Unified Mux Engine Tricks...
Completed Unified Mux Engine Tricks
--------------------------------------------------------
| Trick             | Accepts | Rejects | Runtime (ms) | 
--------------------------------------------------------
| ume_constant_bmux |       0 |       0 |         0.00 | 
--------------------------------------------------------
Starting clip mux common data inputs [v1.0] (stage: post_elab, startdef: posit_add, recur: true)
Completed clip mux common data inputs (accepts: 0, rejects: 0, runtime: 0.000s)
Starting clip the non-user hierarchies [v2.0] (stage: post_elab, startdef: posit_add, recur: true)
Completed clip the non-user hierarchies (accepts: 0, rejects: 0, runtime: 0.000s)
UM:   flow.cputime  flow.realtime  timing.setup.tns  timing.setup.wns  snapshot
UM:*                                                                   elaborate
@file(synthesize.tcl) 29: init_design -top $TOPMODULE
Started checking and loading power intent for design posit_add...
=================================================================
No power intent for design 'posit_add'.
Completed checking and loading power intent for design posit_add (runtime 0.00s).
=================================================================================
#
# Reading SDC /home/mdaoudi/Documents/ic_project/PACoGen/synthesis/constraints/timing_constraints.tcl for view:func-slow_vdd1v0.setup_cworst_CCworst (constraint_mode:func)
#
Statistics for commands executed by read_sdc:
 "all_inputs"               - successful      2 , failed      0 (runtime  0.00)
 "all_outputs"              - successful      1 , failed      0 (runtime  0.00)
 "get_ports"                - successful      2 , failed      0 (runtime  0.00)
 "set_driving_cell"         - successful      1 , failed      0 (runtime  0.00)
 "set_input_delay"          - successful      1 , failed      0 (runtime  0.00)
 "set_input_transition"     - successful      1 , failed      0 (runtime  0.00)
 "set_load"                 - successful      1 , failed      0 (runtime  0.00)
 "set_load_unit"            - successful      1 , failed      0 (runtime  0.00)
 "set_output_delay"         - successful      1 , failed      0 (runtime  0.00)
 "set_time_unit"            - successful      1 , failed      0 (runtime  0.00)
read_sdc completed in 00:00:00 (hh:mm:ss)

  According to qrc_tech_file, there are total 11 routing layers [ V(5) / H(6) ]


  According to qrc_tech_file, there are total 11 routing layers [ V(5) / H(6) ]


  According to qrc_tech_file, there are total 11 routing layers [ V(5) / H(6) ]


  According to qrc_tech_file, there are total 11 routing layers [ V(5) / H(6) ]


  According to qrc_tech_file, there are total 11 routing layers [ V(5) / H(6) ]

  Setting attribute of root '/': 'read_qrc_tech_file_rc_corner' = true
@file(synthesize.tcl) 32: read_power_intent $CPFFILE -cpf
Checking out license: Genus_Low_Power_Opt
Started reading power intent file(s) '/home/mdaoudi/Documents/ic_project/PACoGen/synthesis/constraints/power_domains.cpf'...
============================================================================================================================
Checking file(s) '/home/mdaoudi/Documents/ic_project/PACoGen/synthesis/constraints/power_domains.cpf' with CPF linter (version: 18.10-d331 dated:10.09.2018).
Completed lint check of files (runtime 0.00).
Completed reading power intent file(s) '/home/mdaoudi/Documents/ic_project/PACoGen/synthesis/constraints/power_domains.cpf' (runtime 0.00s).
============================================================================================================================================
Started loading library commands in CPF file(s)...
==================================================
Completed loading library commands in CPF file(s) (runtime 0.00s).
==================================================================
@file(synthesize.tcl) 37: get_db cost_groups -if {.name != default} -foreach {delete_obj $object}
@file(synthesize.tcl) 40: foreach mode [get_db constraint_modes -if {.is_setup}] {
set_interactive_constraint_mode $mode
group_path -name in2out -from [all_inputs] -to [all_outputs]
if {[sizeof_collection [all_registers]] > 0} {
  group_path -name in2reg -from [all_inputs] -to [all_registers]
  group_path -name reg2out -from [all_registers] -to [all_outputs]
  group_path -name reg2reg -from [all_registers] -to [all_registers]
}
}
@file(synthesize.tcl) 49: set_interactive_constraint_mode {}
@file(synthesize.tcl) 52: syn_generic
##Generic Timing Info for library domain: slow_vdd1v0.setup typical gate delay: 202.9 ps std_slew: 29.2 ps std_load: 0.8 fF
Starting mux data reorder optimization [v1.0] (stage: pre_to_gen_setup, startdef: posit_add, recur: true)
Completed mux data reorder optimization (accepts: 0, rejects: 0, runtime: 0.001s)
Current PLE settings:

Aspect ratio        : 1.000
Shrink factor       : 1.000
Scale of res/length : 1.000
Scale of cap/length : 1.000
Net derating factor : 1.000
Thermal factor      : 1.000
Via Resistance      : 6.600 ohm (from qrc_tech_file)
Site size           : 1.910 um (from lef [tech+cell])

                                   Capacitance  
  Layer                             / Length         Data source:
Name        Direction Utilization  (pF/micron)       qrc_tech_file
------------------------------------------------
METAL_1         H         0.00        0.000210  
METAL_2         V         1.00        0.000174  
METAL_3         H         1.00        0.000174  
METAL_4         V         1.00        0.000174  
METAL_5         H         1.00        0.000174  
METAL_6         V         1.00        0.000174  
METAL_7         H         1.00        0.000175  
METAL_8         V         1.00        0.000176  
METAL_9         H         1.00        0.001240  
METAL_10        V         1.00        0.000529  
METAL_11        H         1.00        0.000686  

                                    Resistance   
  Layer                              / Length         Data source:
Name        Direction Utilization  (ohm/micron)       qrc_tech_file
-------------------------------------------------
METAL_1         H         0.00         1.226667  
METAL_2         V         1.00         0.755000  
METAL_3         H         1.00         0.755000  
METAL_4         V         1.00         0.755000  
METAL_5         H         1.00         0.755000  
METAL_6         V         1.00         0.755000  
METAL_7         H         1.00         0.755000  
METAL_8         V         1.00         0.267500  
METAL_9         H         1.00         0.267500  
METAL_10        V         1.00         0.097273  
METAL_11        H         1.00         0.095455  

                                        Area     
  Layer                               / Length        Data source:
Name        Direction Utilization     (micron)        lef_library
-------------------------------------------------
Metal1          H         0.00         0.060000  
Metal2          V         1.00         0.080000  
Metal3          H         1.00         0.080000  
Metal4          V         1.00         0.080000  
Metal5          H         1.00         0.080000  
Metal6          V         1.00         0.080000  
Metal7          H         1.00         0.080000  
Metal8          V         1.00         0.080000  
Metal9          H         1.00         0.080000  
Metal10         V         1.00         0.220000  
Metal11         H         1.00         0.220000  

Info    : Synthesizing. [SYNTH-1]
        : Synthesizing 'posit_add' to generic gates using 'medium' effort.
PBS_Generic-Start - Elapsed_Time 0, CPU_Time 0.0
stamp 'PBS_Generic-Start' being created for table 'pbs_debug'

  Total Time (Wall) |  Stage Time (Wall)  |   % (Wall)   |    Date - Time     |  Memory   | Stage
--------------------+---------------------+--------------+--------------------+-----------+----------------------
 00:00:26(00:00:20) |  00:00:00(00:00:00) |   0.0(  0.0) |   14:30:33 (Apr27) |  295.9 MB | PBS_Generic-Start
--------------------+---------------------+--------------+--------------------+-----------+----------------------
Number of threads: 8 * 1   (id: pbs_debug, time_info v1.57)
Info: (*N*) indicates data that was populated from previously saved time_info database
Info: CPU time includes time of parent + longest thread
TNS Restructuring config: no_value at stage: generic applied.
Info    : Partition Based Synthesis execution skipped. [PHYS-752]
        : Design size is less than the partition size '100000' for distributed generic optimization to kick in.
Starting mux data reorder optimization [v1.0] (stage: pre_to_gen_setup, startdef: posit_add, recur: true)
Completed mux data reorder optimization (accepts: 0, rejects: 0, runtime: 0.005s)
Starting mux data reorder optimization [v1.0] (stage: post_to_gen_setup, startdef: posit_add, recur: true)
Completed mux data reorder optimization (accepts: 0, rejects: 0, runtime: 0.003s)
Current PLE settings:

Aspect ratio        : 1.000
Shrink factor       : 1.000
Scale of res/length : 1.000
Scale of cap/length : 1.000
Net derating factor : 1.000
Thermal factor      : 1.000
Via Resistance      : 6.600 ohm (from qrc_tech_file)
Site size           : 1.910 um (from lef [tech+cell])

                                   Capacitance  
  Layer                             / Length         Data source:
Name        Direction Utilization  (pF/micron)       qrc_tech_file
------------------------------------------------
METAL_1         H         0.00        0.000210  
METAL_2         V         1.00        0.000174  
METAL_3         H         1.00        0.000174  
METAL_4         V         1.00        0.000174  
METAL_5         H         1.00        0.000174  
METAL_6         V         1.00        0.000174  
METAL_7         H         1.00        0.000175  
METAL_8         V         1.00        0.000176  
METAL_9         H         1.00        0.001240  
METAL_10        V         1.00        0.000529  
METAL_11        H         1.00        0.000686  

                                    Resistance   
  Layer                              / Length         Data source:
Name        Direction Utilization  (ohm/micron)       qrc_tech_file
-------------------------------------------------
METAL_1         H         0.00         1.226667  
METAL_2         V         1.00         0.755000  
METAL_3         H         1.00         0.755000  
METAL_4         V         1.00         0.755000  
METAL_5         H         1.00         0.755000  
METAL_6         V         1.00         0.755000  
METAL_7         H         1.00         0.755000  
METAL_8         V         1.00         0.267500  
METAL_9         H         1.00         0.267500  
METAL_10        V         1.00         0.097273  
METAL_11        H         1.00         0.095455  

                                        Area     
  Layer                               / Length        Data source:
Name        Direction Utilization     (micron)        lef_library
-------------------------------------------------
Metal1          H         0.00         0.060000  
Metal2          V         1.00         0.080000  
Metal3          H         1.00         0.080000  
Metal4          V         1.00         0.080000  
Metal5          H         1.00         0.080000  
Metal6          V         1.00         0.080000  
Metal7          H         1.00         0.080000  
Metal8          V         1.00         0.080000  
Metal9          H         1.00         0.080000  
Metal10         V         1.00         0.220000  
Metal11         H         1.00         0.220000  

Running Unified Mux Engine Tricks...
Completed Unified Mux Engine Tricks
--------------------------------------------
| Trick | Accepts | Rejects | Runtime (ms) | 
--------------------------------------------
--------------------------------------------
Starting datapath recasting [v1.0] (stage: pre_rtlopt, startdef: posit_add, recur: true)
Completed datapath recasting (accepts: 0, rejects: 0, runtime: 0.000s)
Starting infer macro optimization [v1.0] (stage: pre_rtlopt, startdef: posit_add, recur: true)
Completed infer macro optimization (accepts: 0, rejects: 3, runtime: 0.011s)
Starting decode mux sandwich optimization [v2.0] (stage: pre_rtlopt, startdef: posit_add, recur: true)
Completed decode mux sandwich optimization (accepts: 0, rejects: 0, runtime: 0.001s)
Starting decode mux optimization [v1.0] (stage: pre_rtlopt, startdef: posit_add, recur: true)
Completed decode mux optimization (accepts: 0, rejects: 0, runtime: 0.000s)
Starting chop wide muxes [v1.0] (stage: pre_rtlopt, startdef: posit_add, recur: true)
Completed chop wide muxes (accepts: 0, rejects: 0, runtime: 0.000s)
Starting common data mux cascade opt [v1.0] (stage: pre_rtlopt, startdef: posit_add, recur: true)
Completed common data mux cascade opt (accepts: 0, rejects: 0, runtime: 0.000s)
Starting mux input consolidation [v1.0] (stage: pre_rtlopt, startdef: posit_add, recur: true)
Completed mux input consolidation (accepts: 0, rejects: 0, runtime: 0.001s)
Starting priority mux optimization [v1.0] (stage: pre_rtlopt, startdef: posit_add, recur: true)
Completed priority mux optimization (accepts: 0, rejects: 0, runtime: 0.146s)
Starting constant-data mux optimization [v1.0] (stage: pre_rtlopt, startdef: posit_add, recur: true)
Completed constant-data mux optimization (accepts: 0, rejects: 0, runtime: 0.001s)
Starting chain-to-tree inequality transform [v2.0] (stage: pre_rtlopt, startdef: posit_add, recur: true)
Completed chain-to-tree inequality transform (accepts: 0, rejects: 0, runtime: 0.011s)
Starting reconvergence optimization [v1.0] (stage: pre_rtlopt, startdef: posit_add, recur: true)
Completed reconvergence optimization (accepts: 0, rejects: 0, runtime: 0.000s)
Starting logic restructure optimization [v1.0] (stage: pre_rtlopt, startdef: posit_add, recur: true)
Completed logic restructure optimization (accepts: 0, rejects: 0, runtime: 0.002s)
Starting common select mux optimization [v1.0] (stage: pre_rtlopt, startdef: posit_add, recur: true)
Completed common select mux optimization (accepts: 0, rejects: 0, runtime: 0.000s)
Starting identity transform [v3.0] (stage: pre_rtlopt, startdef: posit_add, recur: true)
Completed identity transform (accepts: 0, rejects: 2, runtime: 0.002s)
Starting reduce operator chain [v1.0] (stage: pre_rtlopt, startdef: posit_add, recur: true)
Completed reduce operator chain (accepts: 0, rejects: 0, runtime: 0.000s)
Starting common data mux cascade opt [v1.0] (stage: pre_rtlopt, startdef: posit_add, recur: true)
Completed common data mux cascade opt (accepts: 0, rejects: 0, runtime: 0.001s)
Starting mux input consolidation [v1.0] (stage: pre_rtlopt, startdef: posit_add, recur: true)
Completed mux input consolidation (accepts: 0, rejects: 0, runtime: 0.001s)
Starting optimize datapath elements [v1.0] (stage: pre_rtlopt, startdef: posit_add, recur: true)
Completed optimize datapath elements (accepts: 0, rejects: 0, runtime: 0.000s)
Starting clip mux common data inputs [v1.0] (stage: pre_rtlopt, startdef: posit_add, recur: true)
Completed clip mux common data inputs (accepts: 8, rejects: 0, runtime: 0.027s)
Starting clip the non-user hierarchies [v2.0] (stage: pre_rtlopt, startdef: posit_add, recur: true)
Completed clip the non-user hierarchies (accepts: 0, rejects: 0, runtime: 0.001s)
Running Unified Mux Engine Tricks...
Completed Unified Mux Engine Tricks
--------------------------------------------------
| Trick       | Accepts | Rejects | Runtime (ms) | 
--------------------------------------------------
| ume_runtime |       0 |       0 |         0.00 | 
--------------------------------------------------
Number of big hc bmuxes before = 0
Info    : Pre-processed datapath logic. [DPOPT-6]
        : Pre-processing optimizations applied to datapath logic in 'posit_add':
          live_trim(16) output_trim(2) 
Info    : Optimizing datapath logic. [DPOPT-1]
        : Optimizing datapath logic in 'posit_add'.
Info    : Implementing datapath configurations. [DPOPT-3]
        : Implementing datapath configurations for 'CDN_DP_region_0_0'
CSAGen Prep Share:0 Re-Write:2 Speculation: 0
MaxCSA: Successfully built Maximal CSA Expression Expr0
MaxCSA: Successfully built Maximal CSA Expression Expr1
MaxCSA: Successfully built Maximal CSA Expression Expr2
MaxCSA: Successfully built Maximal CSA Expression Expr3
MaxCSA: Successfully built Maximal CSA Expression Expr4
MaxCSA: Successfully built Maximal CSA Expression Expr5
MaxCSA: Successfully built Maximal CSA Expression Expr6
MaxCSA: Successfully built Maximal CSA Expression Expr7
MaxCSA: Successfully built Maximal CSA Expression Expr8
MaxCSA: Successfully built Maximal CSA Expression Expr9
MaxCSA: Successfully built Maximal CSA Expression Expr10
MaxCSA: Successfully built Maximal CSA Expression Expr11
MaxCSA: Successfully built Maximal CSA Expression Expr12
Info    : Accepted resource sharing opportunity. [RTLOPT-30]
        : Merged the following sets of instances in 'CDN_DP_region_0_0_c1 in posit_add':
	  (ADD_UNS_OP, final_adder_ADD_UNS_OP2)

Info    : Accepted resource sharing opportunity. [RTLOPT-30]
        : Merged the following sets of instances in 'CDN_DP_region_0_0_c3 in posit_add':
	  (ADD_UNS_OP, final_adder_ADD_UNS_OP2)

Info    : Accepted resource sharing opportunity. [RTLOPT-30]
        : Merged the following sets of instances in 'CDN_DP_region_0_0_c6 in posit_add':
	  (ADD_UNS_OP, final_adder_ADD_UNS_OP2)

CDN_DP_region_0_0 level = 0 loads = 0 drivers = 0
CDN_DP_region_0_0_c0 in posit_add: area: 23347499805 ,dp = 48 mux = 66 sg = slow         worst_clk_period: 0.0000 
    wns: 0  norm_wns:  0.0000 
    fail_endp: 0 
    tns:  0  tns_per_endp:  0.0000   norm_tns_per_endp:  0.0000 
    tns_sense_max:  0.0000  tns_sense_avg:  0.0000   tns_sense_num: 0
 skipped
CDN_DP_region_0_0_c1 in posit_add: area: 23892328215 ,dp = 19 mux = 63 sg = fast         worst_clk_period: -4592024818112686007544091371623043813004152832110781083474987530434548819765321140516579626654680392906110065126800729164270879694187219469955113378228855615075034128434092163310164542077600748578610244716643515416258676369934689095608681774610783372403276652660868448931282944.0000 
    wns: 0  norm_wns:  0.0000 
    fail_endp: 0 
    tns:  0  tns_per_endp:  0.0000   norm_tns_per_endp:  0.0000 
    tns_sense_max:  0.0000  tns_sense_avg:  0.0000   tns_sense_num: 0
 is current best
CDN_DP_region_0_0_c2 in posit_add: area: 22343306265 ,dp = 17 mux = 62 sg = very_slow    worst_clk_period: -4592024818112686007544091371623043813004152832110781083474987530434548819765321140516579626654680392906110065126800729164270879694187219469955113378228855615075034128434092163310164542077600748578610244716643515416258676369934689095608681774610783372403276652660868448931282944.0000 
    wns: 0  norm_wns:  0.0000 
    fail_endp: 0 
    tns:  0  tns_per_endp:  0.0000   norm_tns_per_endp:  0.0000 
    tns_sense_max:  0.0000  tns_sense_avg:  2.0000   tns_sense_num: 0
 is current best
CDN_DP_region_0_0_c3 in posit_add: area: 23892328215 ,dp = 19 mux = 63 sg = very_fast    worst_clk_period: -4592024818112686007544091371623043813004152832110781083474987530434548819765321140516579626654680392906110065126800729164270879694187219469955113378228855615075034128434092163310164542077600748578610244716643515416258676369934689095608681774610783372403276652660868448931282944.0000 
    wns: 0  norm_wns:  0.0000 
    fail_endp: 0 
    tns:  0  tns_per_endp:  0.0000   norm_tns_per_endp:  0.0000 
    tns_sense_max:  0.0000  tns_sense_avg:  0.0000   tns_sense_num: 0

CDN_DP_region_0_0_c4 in posit_add: area: 22343306265 ,dp = 17 mux = 62 sg = very_fast    worst_clk_period: -4592024818112686007544091371623043813004152832110781083474987530434548819765321140516579626654680392906110065126800729164270879694187219469955113378228855615075034128434092163310164542077600748578610244716643515416258676369934689095608681774610783372403276652660868448931282944.0000 
    wns: 0  norm_wns:  0.0000 
    fail_endp: 0 
    tns:  0  tns_per_endp:  0.0000   norm_tns_per_endp:  0.0000 
    tns_sense_max:  0.0000  tns_sense_avg:  0.0000   tns_sense_num: 0
 is current best
CDN_DP_region_0_0_c5 in posit_add: area: 22343306265 ,dp = 17 mux = 62 sg = very_fast    worst_clk_period: -4592024818112686007544091371623043813004152832110781083474987530434548819765321140516579626654680392906110065126800729164270879694187219469955113378228855615075034128434092163310164542077600748578610244716643515416258676369934689095608681774610783372403276652660868448931282944.0000 
    wns: 0  norm_wns:  0.0000 
    fail_endp: 0 
    tns:  0  tns_per_endp:  0.0000   norm_tns_per_endp:  0.0000 
    tns_sense_max:  0.0000  tns_sense_avg:  0.0000   tns_sense_num: 0
 is current best
CDN_DP_region_0_0_c6 in posit_add: area: 23892328215 ,dp = 19 mux = 63 sg = very_fast    worst_clk_period: -4592024818112686007544091371623043813004152832110781083474987530434548819765321140516579626654680392906110065126800729164270879694187219469955113378228855615075034128434092163310164542077600748578610244716643515416258676369934689095608681774610783372403276652660868448931282944.0000 
    wns: 0  norm_wns:  0.0000 
    fail_endp: 0 
    tns:  0  tns_per_endp:  0.0000   norm_tns_per_endp:  0.0000 
    tns_sense_max:  0.0000  tns_sense_avg:  -4592024818112433113055924603578228318651716124256742338751951980258966042238682008328026490274505403588076146579749829674463417221587339140951942891348252576336617666282264024448754698538468265274983540509300229088506558789349756896355470694762073915775119587644729501520232448.0000   tns_sense_num: 0

CDN_DP_region_0_0_c7 in posit_add: area: 23758791840 ,dp = 18 mux = 62 sg = very_fast    worst_clk_period: 0.0000 
    wns: 0  norm_wns:  4397405907006225439214391256030920409242517296234466522551419533930032885233920923888940299577300509506867029081830911898228143935014441959887796686632297907176951545333837785886938641913751346473307234403481484499362322246027546007451963609841664.0000 
    fail_endp: 7955934628390266729 
    tns:  0  tns_per_endp:  42404827883941836102626039822589982090917429333682602832108155749087196645566391360931802043564851162895055917165057807871109569308360436042669015947580575844008805002343612416.0000   norm_tns_per_endp:  0.0000 
    tns_sense_max:  0.0000  tns_sense_avg:  14173958042384301404895680074152852382050736296939458975370825375751247579069059054647964106704425295168414712668626398664952981746286312405534442370303940727522518742268210921232625030922240.0000   tns_sense_num: 539566121

Best config: CDN_DP_region_0_0_c5 in posit_add: area: 22343306265 ,dp = 17 mux = 62 sg = very_fast    worst_clk_period: -4592024818112686007544091371623043813004152832110781083474987530434548819765321140516579626654680392906110065126800729164270879694187219469955113378228855615075034128434092163310164542077600748578610244716643515416258676369934689095608681774610783372403276652660868448931282944.0000 
    wns: 0  norm_wns:  0.0000 
    fail_endp: 0 
    tns:  0  tns_per_endp:  0.0000   norm_tns_per_endp:  0.0000 
    tns_sense_max:  0.0000  tns_sense_avg:  0.0000   tns_sense_num: 0
  Smallest config area : 22343306265.  Fastest config wns;  0
##>+----------------------------------------------------------------------------------------------------------------------------------------------------------------+
##>Summary table of configs (Best config is CDN_DP_region_0_0_c5)
##>+----------------------------------------------------------------------------------------------------------------------------------------------------------------+
##>                     0                  1                  2                  3                  4                  5                  6                  7            
##>+----------------------------------------------------------------------------------------------------------------------------------------------------------------+
##>           Area      23347499805        23892328215        22343306265        23892328215        22343306265        22343306265        23892328215        23758791840  
##>            WNS    +214748364.70      +214748364.70      +214748364.70      +214748364.70      +214748364.70      +214748364.70      +214748364.70      +214748364.70  
##>            TNS                0                  0                  0                  0                  0                  0                  0                  0  
##>    Num Rewrite                0                  5                  5                  5                  5                  5                  5                  7  
##>     Num Factor                0                  0                  0                  0                  0                  0                  0                  0  
##>      Num Share                0                  1                  0                  1                  0                  0                  1                  0  
##>   Num CmultCse                0                  0                  0                  0                  0                  0                  0                  0  
##>   Num Downsize                0                  0                  0                  0                  0                  0                  0                  0  
##>  Num Speculate                0                  0                  0                  0                  0                  0                  0                  0  
##>     Runtime(s)                0                  1                  0                  1                  1                  1                  1                  4  
+----------------------------------------------------------------------------------------------------------------------------------------------------------------+
##>
##>
##>+------------------------------------------------------------------------------------------------------------------------------------------------------------+
##>Optimization Step DEBUG Table for config CDN_DP_region_0_0_c5
##>
##>                          Step                        Area   ( % Chg)        WNS (Change)        TNS (Change)          Runtime (s)        Comment                   
##>+------------------------------------------------------------------------------------------------------------------------------------------------------------+
##>createMaxCarrySave              START            23347499805 (      )    214748364.70 (        )             0 (        )              
##> datapath_rewrite_one_def       START            23347499805 ( +0.00)    214748364.70 (   +0.00)             0 (       0)              
##>  fast_cse_elim                 START            23347499805 ( +0.00)    214748364.70 (   +0.00)             0 (       0)              
##>                                  END            23347499805 ( +0.00)    214748364.70 (   +0.00)             0 (       0)           0  
##>  fast_cse_elim                 START            23347499805 ( +0.00)    214748364.70 (   +0.00)             0 (       0)              
##>                                  END            23347499805 ( +0.00)    214748364.70 (   +0.00)             0 (       0)           0  
##>  rewrite                       START            23347499805 ( +0.00)    214748364.70 (   +0.00)             0 (       0)              (a,csaa) dec_with_select --> dec_ci
##>                                  END            23299426710 ( -0.21)    214748364.70 (   +0.00)             0 (       0)           0  
##>  rewrite                       START            23299426710 ( +0.00)    214748364.70 (   +0.00)             0 (       0)              (a,csaa) dec_with_select --> dec_ci
##>                                  END            23251353615 ( -0.21)    214748364.70 (   +0.00)             0 (       0)           0  
##>  rewrite                       START            23251353615 ( +0.00)    214748364.70 (   +0.00)             0 (       0)              (a,csaa) inc_with_select --> inc_ci
##>                                  END            23181914700 ( -0.30)    214748364.70 (   +0.00)             0 (       0)           0  
##>  rewrite                       START            23181914700 ( +0.00)    214748364.70 (   +0.00)             0 (       0)              (a,csaa) inc_ci_with_select_version1 --> inc_ci_with_select_version2
##>                                  END            22845403035 ( -1.45)    214748364.70 (   +0.00)             0 (       0)           0  
##>  fast_cse_elim                 START            22845403035 ( +0.00)    214748364.70 (   +0.00)             0 (       0)              
##>                                  END            22845403035 ( +0.00)    214748364.70 (   +0.00)             0 (       0)           0  
##>  fast_cse_elim                 START            22845403035 ( +0.00)    214748364.70 (   +0.00)             0 (       0)              
##>                                  END            22845403035 ( +0.00)    214748364.70 (   +0.00)             0 (       0)           0  
##>                                  END            22845403035 ( -2.15)    214748364.70 (   +0.00)             0 (       0)           0  
##> speculate_in_gdef              START            22845403035 ( +0.00)    214748364.70 (   +0.00)             0 (       0)              
##>  pre_speculate_mux_merge       START            22845403035 ( +0.00)    214748364.70 (   +0.00)             0 (       0)              
##>                                  END            22845403035 ( +0.00)    214748364.70 (   +0.00)             0 (       0)           0  
##>                                  END            22845403035 ( +0.00)    214748364.70 (   +0.00)             0 (       0)           0  
##> csa_opto                       START            22845403035 ( +0.00)    214748364.70 (   +0.00)             0 (       0)              
##>                                  END            22978939410 ( +0.58)    214748364.70 (   +0.00)             0 (       0)           0  
##>                                  END            22978939410 ( -1.58)    214748364.70 (   +0.00)             0 (       0)           0  
##>canonicalize_by_names           START            22978939410 ( +0.00)    214748364.70 (   +0.00)             0 (       0)              
##>                                  END            22978939410 ( +0.00)    214748364.70 (   +0.00)             0 (       0)           0  
##>datapath_rewrite_post_csa_one_  START            22978939410 ( +0.00)    214748364.70 (   +0.00)             0 (       0)              
##> rewrite                        START            22978939410 ( +0.00)    214748364.70 (   +0.00)             0 (       0)              (a,ar) csa_add_and_inc_v2 --> csa_add_ci
##>                                  END            22973597955 ( -0.02)    214748364.70 (   +0.00)             0 (       0)           0  
##>                                  END            22973597955 ( -0.02)    214748364.70 (   +0.00)             0 (       0)           0  
##>datapath_csa_factoring_one_gde  START            22973597955 ( +0.00)    214748364.70 (   +0.00)             0 (       0)              
##>                                  END            22973597955 ( +0.00)    214748364.70 (   +0.00)             0 (       0)           0  
##>dpopt_share_one_def             START            22973597955 ( +0.00)    214748364.70 (   +0.00)             0 (       0)              
##>                                  END            22973597955 ( +0.00)    214748364.70 (   +0.00)             0 (       0)           0  
##>datapath_rewrite_post_share     START            22973597955 ( +0.00)    214748364.70 (   +0.00)             0 (       0)              
##>                                  END            22973597955 ( +0.00)    214748364.70 (   +0.00)             0 (       0)           0  
##>dp_combine_const_mult_with_com  START            22973597955 ( +0.00)    214748364.70 (   +0.00)             0 (       0)              
##>                                  END            22973597955 ( +0.00)    214748364.70 (   +0.00)             0 (       0)           0  
##>speculate_in_gdef               START            22973597955 ( +0.00)    214748364.70 (   +0.00)             0 (       0)              
##> pre_speculate_mux_merge        START            22973597955 ( +0.00)    214748364.70 (   +0.00)             0 (       0)              
##>                                  END            22973597955 ( +0.00)    214748364.70 (   +0.00)             0 (       0)           0  
##>                                  END            22973597955 ( +0.00)    214748364.70 (   +0.00)             0 (       0)           0  
##>dp_operator_level_decompositio  START            22973597955 ( +0.00)    214748364.70 (   +0.00)             0 (       0)              
##>                                  END            22973597955 ( +0.00)    214748364.70 (   +0.00)             0 (       0)           0  
##>selective_flatten_dp_config     START            22973597955 ( +0.00)    214748364.70 (   +0.00)             0 (       0)              
##>                                  END            22941549225 ( -0.14)    214748364.70 (   +0.00)             0 (       0)           0  
##>createMaxCarrySave              START            22941549225 ( +0.00)    214748364.70 (   +0.00)             0 (       0)              
##> datapath_rewrite_one_def       START            22941549225 ( +0.00)    214748364.70 (   +0.00)             0 (       0)              
##>  fast_cse_elim                 START            22941549225 ( +0.00)    214748364.70 (   +0.00)             0 (       0)              
##>                                  END            22941549225 ( +0.00)    214748364.70 (   +0.00)             0 (       0)           0  
##>  fast_cse_elim                 START            22941549225 ( +0.00)    214748364.70 (   +0.00)             0 (       0)              
##>                                  END            22941549225 ( +0.00)    214748364.70 (   +0.00)             0 (       0)           0  
##>  rewrite                       START            22941549225 ( +0.00)    214748364.70 (   +0.00)             0 (       0)              
##>                                  END            22941549225 ( +0.00)    214748364.70 (   +0.00)             0 (       0)           0  
##>                                  END            22941549225 ( +0.00)    214748364.70 (   +0.00)             0 (       0)           0  
##> speculate_in_gdef              START            22941549225 ( +0.00)    214748364.70 (   +0.00)             0 (       0)              
##>  pre_speculate_mux_merge       START            22941549225 ( +0.00)    214748364.70 (   +0.00)             0 (       0)              
##>                                  END            22941549225 ( +0.00)    214748364.70 (   +0.00)             0 (       0)           0  
##>                                  END            22941549225 ( +0.00)    214748364.70 (   +0.00)             0 (       0)           0  
##> csa_opto                       START            22941549225 ( +0.00)    214748364.70 (   +0.00)             0 (       0)              
##>                                  END            22941549225 ( +0.00)    214748364.70 (   +0.00)             0 (       0)           0  
##>                                  END            22941549225 ( +0.00)    214748364.70 (   +0.00)             0 (       0)           0  
##>datapath_rewrite_post_csa_one_  START            22941549225 ( +0.00)    214748364.70 (   +0.00)             0 (       0)              
##>                                  END            22941549225 ( +0.00)    214748364.70 (   +0.00)             0 (       0)           0  
##>datapath_csa_factoring_one_gde  START            22941549225 ( +0.00)    214748364.70 (   +0.00)             0 (       0)              
##>                                  END            22941549225 ( +0.00)    214748364.70 (   +0.00)             0 (       0)           0  
##>dpopt_share_one_def             START            22941549225 ( +0.00)    214748364.70 (   +0.00)             0 (       0)              
##>                                  END            22941549225 ( +0.00)    214748364.70 (   +0.00)             0 (       0)           0  
##>datapath_rewrite_post_share     START            22941549225 ( +0.00)    214748364.70 (   +0.00)             0 (       0)              
##>                                  END            22941549225 ( +0.00)    214748364.70 (   +0.00)             0 (       0)           0  
##>dp_combine_const_mult_with_com  START            22941549225 ( +0.00)    214748364.70 (   +0.00)             0 (       0)              
##>                                  END            22941549225 ( +0.00)    214748364.70 (   +0.00)             0 (       0)           0  
##>speculate_in_gdef               START            22941549225 ( +0.00)    214748364.70 (   +0.00)             0 (       0)              
##> pre_speculate_mux_merge        START            22941549225 ( +0.00)    214748364.70 (   +0.00)             0 (       0)              
##>                                  END            22941549225 ( +0.00)    214748364.70 (   +0.00)             0 (       0)           0  
##>                                  END            22941549225 ( +0.00)    214748364.70 (   +0.00)             0 (       0)           0  
##>dp_operator_level_decompositio  START            22941549225 ( +0.00)    214748364.70 (   +0.00)             0 (       0)              
##>                                  END            22941549225 ( +0.00)    214748364.70 (   +0.00)             0 (       0)           0  
##>selective_flatten_dp_config     START            22941549225 ( +0.00)    214748364.70 (   +0.00)             0 (       0)              
##>                                  END            22941549225 ( +0.00)    214748364.70 (   +0.00)             0 (       0)           0  
##>createMaxCarrySave              START            22941549225 ( +0.00)    214748364.70 (   +0.00)             0 (       0)              
##> datapath_rewrite_one_def       START            22941549225 ( +0.00)    214748364.70 (   +0.00)             0 (       0)              
##>  fast_cse_elim                 START            22941549225 ( +0.00)    214748364.70 (   +0.00)             0 (       0)              
##>                                  END            22941549225 ( +0.00)    214748364.70 (   +0.00)             0 (       0)           0  
##>  fast_cse_elim                 START            22941549225 ( +0.00)    214748364.70 (   +0.00)             0 (       0)              
##>                                  END            22941549225 ( +0.00)    214748364.70 (   +0.00)             0 (       0)           0  
##>                                  END            22941549225 ( +0.00)    214748364.70 (   +0.00)             0 (       0)           0  
##> speculate_in_gdef              START            22941549225 ( +0.00)    214748364.70 (   +0.00)             0 (       0)              
##>  pre_speculate_mux_merge       START            22941549225 ( +0.00)    214748364.70 (   +0.00)             0 (       0)              
##>                                  END            22941549225 ( +0.00)    214748364.70 (   +0.00)             0 (       0)           0  
##>                                  END            22941549225 ( +0.00)    214748364.70 (   +0.00)             0 (       0)           0  
##> csa_opto                       START            22941549225 ( +0.00)    214748364.70 (   +0.00)             0 (       0)              
##>                                  END            22941549225 ( +0.00)    214748364.70 (   +0.00)             0 (       0)           0  
##>                                  END            22941549225 ( +0.00)    214748364.70 (   +0.00)             0 (       0)           0  
##>context_based_simplify          START            22706525205 ( -1.02)    214748364.70 (   +0.00)             0 (       0)              
##>                                  END            22343306265 ( -1.60)    214748364.70 (   +0.00)             0 (       0)           0  
##>group_csa_final_adder_dp        START            22343306265 ( +0.00)    214748364.70 (   +0.00)             0 (       0)              
##>                                  END            22343306265 ( +0.00)    214748364.70 (   +0.00)             0 (       0)           0  
##>dpopt_flatten_critical_muxes_i  START            22343306265 ( +0.00)    214748364.70 (   +0.00)             0 (       0)              
##>                                  END            22343306265 ( +0.00)    214748364.70 (   +0.00)             0 (       0)           0  
##>speculate_in_gdef               START            22343306265 ( +0.00)    214748364.70 (   +0.00)             0 (       0)              
##> pre_speculate_mux_merge        START            22343306265 ( +0.00)    214748364.70 (   +0.00)             0 (       0)              
##>                                  END            22343306265 ( +0.00)    214748364.70 (   +0.00)             0 (       0)           0  
##>                                  END            22343306265 ( +0.00)    214748364.70 (   +0.00)             0 (       0)           0  
##>create_score                    START            22343306265 ( +0.00)    214748364.70 (   +0.00)             0 (       0)              
##>                                  END            22343306265 ( +0.00)    214748364.70 (   +0.00)             0 (       0)           0  
##>+------------------------------------------------------------------------------------------------------------------------------------------------------------+
Committed config: CDN_DP_region_0_0_c5
Info    : Done implementing datapath configurations. [DPOPT-4]
        : Selected 'very_fast' configuration 5 for module 'CDN_DP_region_0_0'.
          Optimizations applied to 'very_fast' configuration:
            rewriting(5), factoring(0), sharing(0), cmultcse(0), downsizing(0), speculation(0)
Info    : Done optimizing datapath logic. [DPOPT-2]
        : Done optimizing datapath logic in 'posit_add'.
Number of big hc bmuxes after = 0
Starting logic reduction [v1.0] (stage: post_rtlopt, startdef: posit_add, recur: true)
Completed logic reduction (accepts: 0, rejects: 0, runtime: 0.001s)
Starting mux data reorder optimization [v1.0] (stage: post_rtlopt, startdef: posit_add, recur: true)
Completed mux data reorder optimization (accepts: 0, rejects: 0, runtime: 0.056s)
Starting mux speculation [v1.0] (stage: post_muxopt, startdef: posit_add, recur: true)
Starting speculation optimization
Completed speculation optimization (accepts:0)
Completed mux speculation (accepts: 0, rejects: 0, runtime: 0.040s)
==================================
Stage : to_generic 
==================================
  =================
   Message Summary
  =================
--------------------------------------------------------------------------------
|    Id     |  Sev   |Count |                  Message Text                    |
--------------------------------------------------------------------------------
| CDFG-250  |Info    |    3 |Processing multi-dimensional arrays.              |
| CDFG-372  |Info    |    2 |Bitwidth mismatch in assignment.                  |
|           |        |      |Review and make sure the mismatch is              |
|           |        |      | unintentional. Genus can possibly issue bitwidth |
|           |        |      | mismatch warning for explicit assignments        |
|           |        |      | present in RTL as-well-as for implicit           |
|           |        |      | assignments inferred by the tool. For example,   |
|           |        |      | in case of enum declaration without value, the   |
|           |        |      | tool will implicitly assign value to the enum    |
|           |        |      | variables. It also issues the warning for any    |
|           |        |      | bitwidth mismatch that appears in this implicit  |
|           |        |      | assignment.                                      |
| CDFG-738  |Info    |    4 |Common subexpression eliminated.                  |
| CDFG-739  |Info    |    4 |Common subexpression kept.                        |
| CDFG-818  |Warning |    1 |Using default parameter value for module          |
|           |        |      | elaboration.                                     |
| CWD-19    |Info    |  143 |An implementation was inferred.                   |
| DPOPT-1   |Info    |    1 |Optimizing datapath logic.                        |
| DPOPT-2   |Info    |    1 |Done optimizing datapath logic.                   |
| DPOPT-3   |Info    |    1 |Implementing datapath configurations.             |
| DPOPT-4   |Info    |    1 |Done implementing datapath configurations.        |
| DPOPT-6   |Info    |    1 |Pre-processed datapath logic.                     |
| DPOPT-10  |Info    |    1 |Optimized a mux chain.                            |
| ELAB-1    |Info    |    1 |Elaborating Design.                               |
| ELAB-2    |Info    |   20 |Elaborating Subdesign.                            |
| ELAB-3    |Info    |    1 |Done Elaborating Design.                          |
| GB-6      |Info    |    2 |A datapath component has been ungrouped.          |
| GLO-51    |Info    |   31 |Hierarchical instance automatically ungrouped.    |
|           |        |      |Hierarchical instances can be automatically       |
|           |        |      | ungrouped to allow for better area or timing     |
|           |        |      | optimization. To prevent this ungroup, set the   |
|           |        |      | root-level attribute 'auto_ungroup' to 'none'.   |
|           |        |      | You can also prevent individual ungroup with     |
|           |        |      | setting the attribute 'ungroup_ok' of instances  |
|           |        |      | or modules to 'false'.                           |
| LBR-9     |Warning |    2 |Library cell has no output pins defined.          |
|           |        |      |Add the missing output pin(s)                     |
|           |        |      | , then reload the library. Else the library cell |
|           |        |      | will be marked as timing model i.e. unusable.    |
|           |        |      | Timing_model means that the cell does not have   |
|           |        |      | any defined function. If there is no output pin, |
|           |        |      | Genus will mark library cell as unusable i.e.    |
|           |        |      | the attribute 'usable' will be marked to 'false' |
|           |        |      | on the libcell. Therefore, the cell is not used  |
|           |        |      | for mapping and it will not be picked up from    |
|           |        |      | the library for synthesis. If you query the      |
|           |        |      | attribute 'unusable_reason' on the libcell;      |
|           |        |      | result will be: 'Library cell has no output      |
|           |        |      | pins.'Note: The message LBR-9 is only for the    |
|           |        |      | logical pins and not for the power_ground pins.  |
|           |        |      | Genus will depend upon the output function       |
|           |        |      | defined in the pin group (output pin)            |
|           |        |      | of the cell, to use it for mapping. The pg_pin   |
|           |        |      | will not have any function defined.              |
| LBR-41    |Info    |    1 |An output library pin lacks a function attribute. |
|           |        |      |If the remainder of this library cell's semantic  |
|           |        |      | checks are successful, it will be considered as  |
|           |        |      | a timing-model                                   |
|           |        |      | (because one of its outputs does not have a vali |
|           |        |      | d function.                                      |
| LBR-109   |Info    |    1 |Set default library domain.                       |
| LBR-155   |Info    | 1320 |Mismatch in unateness between 'timing_sense'      |
|           |        |      | attribute and the function.                      |
|           |        |      |The 'timing_sense' attribute will be respected.   |
| LBR-161   |Info    |    1 |Setting the maximum print count of this message   |
|           |        |      | to 10 if information_level is less than 9.       |
| LBR-162   |Info    |  124 |Both 'pos_unate' and 'neg_unate' timing_sense     |
|           |        |      | arcs have been processed.                        |
|           |        |      |Setting the 'timing_sense' to non_unate.          |
| LBR-412   |Info    |    1 |Created nominal operating condition.              |
|           |        |      |The nominal operating condition is represented,   |
|           |        |      | either by the nominal PVT values specified in    |
|           |        |      | the library source                               |
|           |        |      | (via nom_process,nom_voltage and nom_temperature |
|           |        |      | respectively)                                    |
|           |        |      | , or by the default PVT values (1.0,1.0,1.0).    |
| LBR-518   |Info    |    1 |Missing a function attribute in the output pin    |
|           |        |      | definition.                                      |
| MMMC-102  |Warning |    1 |Cannot find expected operating_conditions in      |
|           |        |      | library.                                         |
|           |        |      |Using default operating conditions. Check for     |
|           |        |      | supported operating_conditions in libraries.     |
| PHYS-20   |Warning |    1 |None of the loaded LEF files have MACRO           |
|           |        |      | statements.                                      |
|           |        |      |The LEF file containing the cell specific         |
|           |        |      | information was not loaded. The LEF MACRO        |
|           |        |      | construct is used to set the physical data on    |
|           |        |      | cells in the timing library. It is likely that   |
|           |        |      | only the technology LEF file was loaded. Load    |
|           |        |      | all the associated LEF files.                    |
| PHYS-129  |Info    |  119 |Via with no resistance will have a value of '0.0' |
|           |        |      | assigned for resistance value.                   |
|           |        |      |If this is the expected behavior, this message    |
|           |        |      | can be ignored.                                  |
| PHYS-279  |Warning |    7 |Physical cell not defined in library.             |
|           |        |      |Ensure that the proper library files are          |
|           |        |      | available and have been imported.                |
| PHYS-752  |Info    |    1 |Partition Based Synthesis execution skipped.      |
| RTLOPT-30 |Info    |    3 |Accepted resource sharing opportunity.            |
| RTLOPT-40 |Info    |   14 |Transformed datapath macro.                       |
| SYNTH-1   |Info    |    1 |Synthesizing.                                     |
--------------------------------------------------------------------------------
Current PLE settings:

Aspect ratio        : 1.000
Shrink factor       : 1.000
Scale of res/length : 1.000
Scale of cap/length : 1.000
Net derating factor : 1.000
Thermal factor      : 1.000
Via Resistance      : 6.600 ohm (from qrc_tech_file)
Site size           : 1.910 um (from lef [tech+cell])

                                   Capacitance  
  Layer                             / Length         Data source:
Name        Direction Utilization  (pF/micron)       qrc_tech_file
------------------------------------------------
METAL_1         H         0.00        0.000210  
METAL_2         V         1.00        0.000174  
METAL_3         H         1.00        0.000174  
METAL_4         V         1.00        0.000174  
METAL_5         H         1.00        0.000174  
METAL_6         V         1.00        0.000174  
METAL_7         H         1.00        0.000175  
METAL_8         V         1.00        0.000176  
METAL_9         H         1.00        0.001240  
METAL_10        V         1.00        0.000529  
METAL_11        H         1.00        0.000686  

                                    Resistance   
  Layer                              / Length         Data source:
Name        Direction Utilization  (ohm/micron)       qrc_tech_file
-------------------------------------------------
METAL_1         H         0.00         1.226667  
METAL_2         V         1.00         0.755000  
METAL_3         H         1.00         0.755000  
METAL_4         V         1.00         0.755000  
METAL_5         H         1.00         0.755000  
METAL_6         V         1.00         0.755000  
METAL_7         H         1.00         0.755000  
METAL_8         V         1.00         0.267500  
METAL_9         H         1.00         0.267500  
METAL_10        V         1.00         0.097273  
METAL_11        H         1.00         0.095455  

                                        Area     
  Layer                               / Length        Data source:
Name        Direction Utilization     (micron)        lef_library
-------------------------------------------------
Metal1          H         0.00         0.060000  
Metal2          V         1.00         0.080000  
Metal3          H         1.00         0.080000  
Metal4          V         1.00         0.080000  
Metal5          H         1.00         0.080000  
Metal6          V         1.00         0.080000  
Metal7          H         1.00         0.080000  
Metal8          V         1.00         0.080000  
Metal9          H         1.00         0.080000  
Metal10         V         1.00         0.220000  
Metal11         H         1.00         0.220000  

Mapper: Libraries have:
	domain slow_vdd1v0.setup: 324 combo usable cells and 128 sequential usable cells
Multi-threaded constant propagation [1|0] ...
Multi-threaded Virtual Mapping    (8 threads per ST process, 8 of 8 CPUs usable)
Warning : The database contains a field that the reader does not support. [DATABASE-103]
        : Unsupported data skipped.
Warning : The database contains a field that the reader does not support. [DATABASE-103]
        : Unsupported data skipped.
Warning : The database contains a field that the reader does not support. [DATABASE-103]
        : Unsupported data skipped.
Warning : The database contains a field that the reader does not support. [DATABASE-103]
        : Unsupported data skipped.
Warning : The database contains a field that the reader does not support. [DATABASE-103]
        : Unsupported data skipped.
Warning : The database contains a field that the reader does not support. [DATABASE-103]
        : Unsupported data skipped.
Warning : The database contains a field that the reader does not support. [DATABASE-103]
        : Unsupported data skipped.
Warning : The database contains a field that the reader does not support. [DATABASE-103]
        : Unsupported data skipped.
==================================
Stage : first_condense 
==================================
  =================
   Message Summary
  =================
--------------------------------------------------------------------------------
|      Id      |  Sev   |Count |                 Message Text                  |
--------------------------------------------------------------------------------
| DATABASE-103 |Warning |    8 |The database contains a field that the reader  |
|              |        |      | does not support.                             |
| GB-6         |Info    |   13 |A datapath component has been ungrouped.       |
--------------------------------------------------------------------------------
 
Global mapping target info
==========================
Cost Group 'default' target slack: Unconstrained

PBS_Generic_Opt-Post - Elapsed_Time 26, CPU_Time 24.770394000000003
stamp 'PBS_Generic_Opt-Post' being created for table 'pbs_debug'

  Total Time (Wall) |  Stage Time (Wall)  |   % (Wall)   |    Date - Time     |  Memory   | Stage
--------------------+---------------------+--------------+--------------------+-----------+----------------------
 00:00:26(00:00:20) |  00:00:00(00:00:00) |   0.0(  0.0) |   14:30:33 (Apr27) |  295.9 MB | PBS_Generic-Start
--------------------+---------------------+--------------+--------------------+-----------+----------------------
 00:00:50(00:00:46) |  00:00:24(00:00:26) | 100.0(100.0) |   14:30:59 (Apr27) |  607.5 MB | PBS_Generic_Opt-Post
--------------------+---------------------+--------------+--------------------+-----------+----------------------
Number of threads: 8 * 1   (id: pbs_debug, time_info v1.57)
Info: (*N*) indicates data that was populated from previously saved time_info database
Info: CPU time includes time of parent + longest thread
PBS_Generic-Postgen HBO Optimizations - Elapsed_Time 0, CPU_Time 0.0
stamp 'PBS_Generic-Postgen HBO Optimizations' being created for table 'pbs_debug'

  Total Time (Wall) |  Stage Time (Wall)  |   % (Wall)   |    Date - Time     |  Memory   | Stage
--------------------+---------------------+--------------+--------------------+-----------+----------------------
 00:00:26(00:00:20) |  00:00:00(00:00:00) |   0.0(  0.0) |   14:30:33 (Apr27) |  295.9 MB | PBS_Generic-Start
--------------------+---------------------+--------------+--------------------+-----------+----------------------
 00:00:50(00:00:46) |  00:00:24(00:00:26) | 100.0(100.0) |   14:30:59 (Apr27) |  607.5 MB | PBS_Generic_Opt-Post
--------------------+---------------------+--------------+--------------------+-----------+----------------------
 00:00:50(00:00:46) |  00:00:00(00:00:00) |   0.0(  0.0) |   14:30:59 (Apr27) |  607.5 MB | PBS_Generic-Postgen HBO Optimizations
--------------------+---------------------+--------------+--------------------+-----------+----------------------
Number of threads: 8 * 1   (id: pbs_debug, time_info v1.57)
Info: (*N*) indicates data that was populated from previously saved time_info database
Info: CPU time includes time of parent + longest thread
##>=================== Cadence Confidential (Generic-Logical) ===================
##>=================== Cadence Confidential (Generic-Logical) ===================
##>Main Thread Summary:
##>----------------------------------------------------------------------------------------
##>STEP                           Elapsed       WNS       TNS     Insts      Area    Memory
##>----------------------------------------------------------------------------------------
##>G:Initial                            0         -         -      2099      7006       295
##>G:Setup                              0         -         -         -         -         -
##>G:Launch ST                          0         -         -         -         -         -
##>G:Design Partition                   0         -         -         -         -         -
##>G:Create Partition Netlists          0         -         -         -         -         -
##>G:Init Power                         0         -         -         -         -         -
##>G:Budgeting                          0         -         -         -         -         -
##>G:Derenv-DB                          0         -         -         -         -         -
##>G:Debug Outputs                      0         -         -         -         -         -
##>G:ST loading                         0         -         -         -         -         -
##>G:Distributed                        0         -         -         -         -         -
##>G:Timer                              0         -         -         -         -         -
##>G:Assembly                           0         -         -         -         -         -
##>G:DFT                                0         -         -         -         -         -
##>G:Const Prop                         0         -         -      1940      5179       607
##>G:Misc                              26
##>----------------------------------------------------------------------------------------
##>Total Elapsed                       26
##>========================================================================================
Info    : Done synthesizing. [SYNTH-2]
        : Done synthesizing 'posit_add' to generic gates.
      flow.cputime  flow.realtime  timing.setup.tns  timing.setup.wns  snapshot
UM:*                                                                   syn_gen
@file(synthesize.tcl) 53: write_db ${DBSPATH}/syn_generic.db
Finished exporting design database to file '/home/mdaoudi/Documents/ic_project/PACoGen/synthesis/dbs/syn_generic.db' for 'posit_add' (command execution time mm:ss cpu = 00:00, real = 00:01).
@file(synthesize.tcl) 54: syn_map
##Generic Timing Info for library domain: slow_vdd1v0.setup typical gate delay: 202.9 ps std_slew: 29.2 ps std_load: 0.8 fF
Current PLE settings:

Aspect ratio        : 1.000
Shrink factor       : 1.000
Scale of res/length : 1.000
Scale of cap/length : 1.000
Net derating factor : 1.000
Thermal factor      : 1.000
Via Resistance      : 6.600 ohm (from qrc_tech_file)
Site size           : 1.910 um (from lef [tech+cell])

                                   Capacitance  
  Layer                             / Length         Data source:
Name        Direction Utilization  (pF/micron)       qrc_tech_file
------------------------------------------------
METAL_1         H         0.00        0.000210  
METAL_2         V         1.00        0.000174  
METAL_3         H         1.00        0.000174  
METAL_4         V         1.00        0.000174  
METAL_5         H         1.00        0.000174  
METAL_6         V         1.00        0.000174  
METAL_7         H         1.00        0.000175  
METAL_8         V         1.00        0.000176  
METAL_9         H         1.00        0.001240  
METAL_10        V         1.00        0.000529  
METAL_11        H         1.00        0.000686  

                                    Resistance   
  Layer                              / Length         Data source:
Name        Direction Utilization  (ohm/micron)       qrc_tech_file
-------------------------------------------------
METAL_1         H         0.00         1.226667  
METAL_2         V         1.00         0.755000  
METAL_3         H         1.00         0.755000  
METAL_4         V         1.00         0.755000  
METAL_5         H         1.00         0.755000  
METAL_6         V         1.00         0.755000  
METAL_7         H         1.00         0.755000  
METAL_8         V         1.00         0.267500  
METAL_9         H         1.00         0.267500  
METAL_10        V         1.00         0.097273  
METAL_11        H         1.00         0.095455  

                                        Area     
  Layer                               / Length        Data source:
Name        Direction Utilization     (micron)        lef_library
-------------------------------------------------
Metal1          H         0.00         0.060000  
Metal2          V         1.00         0.080000  
Metal3          H         1.00         0.080000  
Metal4          V         1.00         0.080000  
Metal5          H         1.00         0.080000  
Metal6          V         1.00         0.080000  
Metal7          H         1.00         0.080000  
Metal8          V         1.00         0.080000  
Metal9          H         1.00         0.080000  
Metal10         V         1.00         0.220000  
Metal11         H         1.00         0.220000  

Info    : Mapping. [SYNTH-4]
        : Mapping 'posit_add' using 'high' effort.
Mapper: Libraries have:
	domain slow_vdd1v0.setup: 324 combo usable cells and 128 sequential usable cells
Configuring mapper costing (none)
TNS Restructuring config: no_value at stage: map applied.
PBS_TechMap-Start - Elapsed_Time 0, CPU_Time 0.0
stamp 'PBS_TechMap-Start' being created for table 'pbs_debug'

  Total Time (Wall) |  Stage Time (Wall)  |   % (Wall)   |    Date - Time     |  Memory   | Stage
--------------------+---------------------+--------------+--------------------+-----------+----------------------
 00:00:26(00:00:20) |  00:00:00(00:00:00) |   0.0(  0.0) |   14:30:33 (Apr27) |  295.9 MB | PBS_Generic-Start
--------------------+---------------------+--------------+--------------------+-----------+----------------------
 00:00:50(00:00:46) |  00:00:24(00:00:26) |  96.1( 96.3) |   14:30:59 (Apr27) |  607.5 MB | PBS_Generic_Opt-Post
--------------------+---------------------+--------------+--------------------+-----------+----------------------
 00:00:50(00:00:46) |  00:00:00(00:00:00) |   0.0(  0.0) |   14:30:59 (Apr27) |  607.5 MB | PBS_Generic-Postgen HBO Optimizations
--------------------+---------------------+--------------+--------------------+-----------+----------------------
 00:00:51(00:00:47) |  00:00:01(00:00:01) |   3.9(  3.7) |   14:31:00 (Apr27) |  607.5 MB | PBS_TechMap-Start
--------------------+---------------------+--------------+--------------------+-----------+----------------------
Number of threads: 8 * 1   (id: pbs_debug, time_info v1.57)
Info: (*N*) indicates data that was populated from previously saved time_info database
Info: CPU time includes time of parent + longest thread
PBS_TechMap-Premap HBO Optimizations - Elapsed_Time 0, CPU_Time 0.0
stamp 'PBS_TechMap-Premap HBO Optimizations' being created for table 'pbs_debug'

  Total Time (Wall) |  Stage Time (Wall)  |   % (Wall)   |    Date - Time     |  Memory   | Stage
--------------------+---------------------+--------------+--------------------+-----------+----------------------
 00:00:26(00:00:20) |  00:00:00(00:00:00) |   0.0(  0.0) |   14:30:33 (Apr27) |  295.9 MB | PBS_Generic-Start
--------------------+---------------------+--------------+--------------------+-----------+----------------------
 00:00:50(00:00:46) |  00:00:24(00:00:26) |  96.1( 96.3) |   14:30:59 (Apr27) |  607.5 MB | PBS_Generic_Opt-Post
--------------------+---------------------+--------------+--------------------+-----------+----------------------
 00:00:50(00:00:46) |  00:00:00(00:00:00) |   0.0(  0.0) |   14:30:59 (Apr27) |  607.5 MB | PBS_Generic-Postgen HBO Optimizations
--------------------+---------------------+--------------+--------------------+-----------+----------------------
 00:00:51(00:00:47) |  00:00:01(00:00:01) |   3.9(  3.7) |   14:31:00 (Apr27) |  607.5 MB | PBS_TechMap-Start
--------------------+---------------------+--------------+--------------------+-----------+----------------------
 00:00:51(00:00:47) |  00:00:00(00:00:00) |   0.0(  0.0) |   14:31:00 (Apr27) |  607.5 MB | PBS_TechMap-Premap HBO Optimizations
--------------------+---------------------+--------------+--------------------+-----------+----------------------
Number of threads: 8 * 1   (id: pbs_debug, time_info v1.57)
Info: (*N*) indicates data that was populated from previously saved time_info database
Info: CPU time includes time of parent + longest thread
Info    : Partition Based Synthesis execution skipped. [PHYS-752]
        : Design size is less than the partition size '100000' for distributed mapping optimization to kick in.
Current PLE settings:

Aspect ratio        : 1.000
Shrink factor       : 1.000
Scale of res/length : 1.000
Scale of cap/length : 1.000
Net derating factor : 1.000
Thermal factor      : 1.000
Via Resistance      : 6.600 ohm (from qrc_tech_file)
Site size           : 1.910 um (from lef [tech+cell])

                                   Capacitance  
  Layer                             / Length         Data source:
Name        Direction Utilization  (pF/micron)       qrc_tech_file
------------------------------------------------
METAL_1         H         0.00        0.000210  
METAL_2         V         1.00        0.000174  
METAL_3         H         1.00        0.000174  
METAL_4         V         1.00        0.000174  
METAL_5         H         1.00        0.000174  
METAL_6         V         1.00        0.000174  
METAL_7         H         1.00        0.000175  
METAL_8         V         1.00        0.000176  
METAL_9         H         1.00        0.001240  
METAL_10        V         1.00        0.000529  
METAL_11        H         1.00        0.000686  

                                    Resistance   
  Layer                              / Length         Data source:
Name        Direction Utilization  (ohm/micron)       qrc_tech_file
-------------------------------------------------
METAL_1         H         0.00         1.226667  
METAL_2         V         1.00         0.755000  
METAL_3         H         1.00         0.755000  
METAL_4         V         1.00         0.755000  
METAL_5         H         1.00         0.755000  
METAL_6         V         1.00         0.755000  
METAL_7         H         1.00         0.755000  
METAL_8         V         1.00         0.267500  
METAL_9         H         1.00         0.267500  
METAL_10        V         1.00         0.097273  
METAL_11        H         1.00         0.095455  

                                        Area     
  Layer                               / Length        Data source:
Name        Direction Utilization     (micron)        lef_library
-------------------------------------------------
Metal1          H         0.00         0.060000  
Metal2          V         1.00         0.080000  
Metal3          H         1.00         0.080000  
Metal4          V         1.00         0.080000  
Metal5          H         1.00         0.080000  
Metal6          V         1.00         0.080000  
Metal7          H         1.00         0.080000  
Metal8          V         1.00         0.080000  
Metal9          H         1.00         0.080000  
Metal10         V         1.00         0.220000  
Metal11         H         1.00         0.220000  

Mapper: Libraries have:
	domain slow_vdd1v0.setup: 324 combo usable cells and 128 sequential usable cells
Multi-threaded Virtual Mapping    (8 threads per ST process, 8 of 8 CPUs usable)
Warning : The database contains a field that the reader does not support. [DATABASE-103]
        : Unsupported data skipped.
Warning : The database contains a field that the reader does not support. [DATABASE-103]
        : Unsupported data skipped.
Warning : The database contains a field that the reader does not support. [DATABASE-103]
        : Unsupported data skipped.
Warning : The database contains a field that the reader does not support. [DATABASE-103]
        : Unsupported data skipped.
Warning : The database contains a field that the reader does not support. [DATABASE-103]
        : Unsupported data skipped.
Warning : The database contains a field that the reader does not support. [DATABASE-103]
        : Unsupported data skipped.
 
Global mapping target info
==========================
Cost Group 'default' target slack: Unconstrained

Multi-threaded Technology Mapping (8 threads per ST process, 8 of 8 CPUs usable)
Warning : The database contains a field that the reader does not support. [DATABASE-103]
        : Unsupported data skipped.
Warning : The database contains a field that the reader does not support. [DATABASE-103]
        : Unsupported data skipped.
Warning : The database contains a field that the reader does not support. [DATABASE-103]
        : Unsupported data skipped.
Warning : The database contains a field that the reader does not support. [DATABASE-103]
        : Unsupported data skipped.
Warning : The database contains a field that the reader does not support. [DATABASE-103]
        : Unsupported data skipped.
Warning : The database contains a field that the reader does not support. [DATABASE-103]
        : Unsupported data skipped.
 
Global mapping status
=====================
                                   Group   
                                  Tot Wrst 
                           Total  Weighted 
Operation                   Area   Slacks  
 global_map                 3270        0 

    Cost Group            Target    Slack    Diff.  Constr.
-----------------------------------------------------------
       default          unconst. unconst.              N.A. 

 
Global incremental target info
==============================
Cost Group 'default' target slack: Unconstrained

Warning : The database contains a field that the reader does not support. [DATABASE-103]
        : Unsupported data skipped.
Warning : The database contains a field that the reader does not support. [DATABASE-103]
        : Unsupported data skipped.
Warning : The database contains a field that the reader does not support. [DATABASE-103]
        : Unsupported data skipped.
Warning : The database contains a field that the reader does not support. [DATABASE-103]
        : Unsupported data skipped.
==================================
Stage : global_incr_map 
==================================
  =================
   Message Summary
  =================
--------------------------------------------------------------------------------
|      Id      |  Sev   |Count |                 Message Text                  |
--------------------------------------------------------------------------------
| DATABASE-103 |Warning |   16 |The database contains a field that the reader  |
|              |        |      | does not support.                             |
| LBR-155      |Info    |  264 |Mismatch in unateness between 'timing_sense'   |
|              |        |      | attribute and the function.                   |
|              |        |      |The 'timing_sense' attribute will be           |
|              |        |      | respected.                                    |
| PA-7         |Info    |   12 |Resetting power analysis results.              |
|              |        |      |All computed switching activities are removed. |
| PHYS-752     |Info    |    1 |Partition Based Synthesis execution skipped.   |
| SYNTH-2      |Info    |    1 |Done synthesizing.                             |
| SYNTH-4      |Info    |    1 |Mapping.                                       |
--------------------------------------------------------------------------------
 
Global incremental optimization status
======================================
                                   Group   
                                  Tot Wrst 
                           Total  Weighted 
Operation                   Area   Slacks  
 global_incr                3205        0 

    Cost Group            Target    Slack    Diff.  Constr.
-----------------------------------------------------------
       default          unconst. unconst.              N.A. 

INFO: skipping constant propagation
PBS_Techmap-Global Mapping - Elapsed_Time 18, CPU_Time 18.013887999999987
stamp 'PBS_Techmap-Global Mapping' being created for table 'pbs_debug'

  Total Time (Wall) |  Stage Time (Wall)  |   % (Wall)   |    Date - Time     |  Memory   | Stage
--------------------+---------------------+--------------+--------------------+-----------+----------------------
 00:00:26(00:00:20) |  00:00:00(00:00:00) |   0.0(  0.0) |   14:30:33 (Apr27) |  295.9 MB | PBS_Generic-Start
--------------------+---------------------+--------------+--------------------+-----------+----------------------
 00:00:50(00:00:46) |  00:00:24(00:00:26) |  56.6( 57.8) |   14:30:59 (Apr27) |  607.5 MB | PBS_Generic_Opt-Post
--------------------+---------------------+--------------+--------------------+-----------+----------------------
 00:00:50(00:00:46) |  00:00:00(00:00:00) |   0.0(  0.0) |   14:30:59 (Apr27) |  607.5 MB | PBS_Generic-Postgen HBO Optimizations
--------------------+---------------------+--------------+--------------------+-----------+----------------------
 00:00:51(00:00:47) |  00:00:01(00:00:01) |   2.3(  2.2) |   14:31:00 (Apr27) |  607.5 MB | PBS_TechMap-Start
--------------------+---------------------+--------------+--------------------+-----------+----------------------
 00:00:51(00:00:47) |  00:00:00(00:00:00) |   0.0(  0.0) |   14:31:00 (Apr27) |  607.5 MB | PBS_TechMap-Premap HBO Optimizations
--------------------+---------------------+--------------+--------------------+-----------+----------------------
 00:01:09(00:01:05) |  00:00:18(00:00:18) |  41.1( 40.0) |   14:31:18 (Apr27) |  621.5 MB | PBS_Techmap-Global Mapping
--------------------+---------------------+--------------+--------------------+-----------+----------------------
Number of threads: 8 * 1   (id: pbs_debug, time_info v1.57)
Info: (*N*) indicates data that was populated from previously saved time_info database
Info: CPU time includes time of parent + longest thread
Warning : Command 'commit_power_intent' cannot proceed as there is no power intent loaded. [CPI-506]
        : Command 'commit_power_intent' requires a valid power_intent to be loaded.
Info    : Forcing flat compare. [CFM-212]
        : No hierarchies found in design.
Info    : Wrote formal verification information. [CFM-5]
        : Wrote 'fv/posit_add/fv_map.fv.json' for netlist 'fv/posit_add/fv_map.v.gz'.
Info    : Existing dofile found. Copied as fv/posit_add/rtl_to_fv_map.do~.
Info    : Wrote dofile. [CFM-1]
        : Dofile is 'fv/posit_add/rtl_to_fv_map.do'.
        : Alias mapping flow is enabled.
PBS_TechMap-Datapath Postmap Operations - Elapsed_Time 1, CPU_Time 1.0
stamp 'PBS_TechMap-Datapath Postmap Operations' being created for table 'pbs_debug'

  Total Time (Wall) |  Stage Time (Wall)  |   % (Wall)   |    Date - Time     |  Memory   | Stage
--------------------+---------------------+--------------+--------------------+-----------+----------------------
 00:00:26(00:00:20) |  00:00:00(00:00:00) |   0.0(  0.0) |   14:30:33 (Apr27) |  295.9 MB | PBS_Generic-Start
--------------------+---------------------+--------------+--------------------+-----------+----------------------
 00:00:50(00:00:46) |  00:00:24(00:00:26) |  55.3( 56.5) |   14:30:59 (Apr27) |  607.5 MB | PBS_Generic_Opt-Post
--------------------+---------------------+--------------+--------------------+-----------+----------------------
 00:00:50(00:00:46) |  00:00:00(00:00:00) |   0.0(  0.0) |   14:30:59 (Apr27) |  607.5 MB | PBS_Generic-Postgen HBO Optimizations
--------------------+---------------------+--------------+--------------------+-----------+----------------------
 00:00:51(00:00:47) |  00:00:01(00:00:01) |   2.2(  2.2) |   14:31:00 (Apr27) |  607.5 MB | PBS_TechMap-Start
--------------------+---------------------+--------------+--------------------+-----------+----------------------
 00:00:51(00:00:47) |  00:00:00(00:00:00) |   0.0(  0.0) |   14:31:00 (Apr27) |  607.5 MB | PBS_TechMap-Premap HBO Optimizations
--------------------+---------------------+--------------+--------------------+-----------+----------------------
 00:01:09(00:01:05) |  00:00:18(00:00:18) |  40.2( 39.1) |   14:31:18 (Apr27) |  621.5 MB | PBS_Techmap-Global Mapping
--------------------+---------------------+--------------+--------------------+-----------+----------------------
 00:01:10(00:01:06) |  00:00:01(00:00:01) |   2.2(  2.2) |   14:31:19 (Apr27) |  621.5 MB | PBS_TechMap-Datapath Postmap Operations
--------------------+---------------------+--------------+--------------------+-----------+----------------------
Number of threads: 8 * 1   (id: pbs_debug, time_info v1.57)
Info: (*N*) indicates data that was populated from previously saved time_info database
Info: CPU time includes time of parent + longest thread
PBS_TechMap-Postmap HBO Optimizations - Elapsed_Time 0, CPU_Time -0.0024969999999910897
stamp 'PBS_TechMap-Postmap HBO Optimizations' being created for table 'pbs_debug'

  Total Time (Wall) |  Stage Time (Wall)  |   % (Wall)   |    Date - Time     |  Memory   | Stage
--------------------+---------------------+--------------+--------------------+-----------+----------------------
 00:00:26(00:00:20) |  00:00:00(00:00:00) |   0.0(  0.0) |   14:30:33 (Apr27) |  295.9 MB | PBS_Generic-Start
--------------------+---------------------+--------------+--------------------+-----------+----------------------
 00:00:50(00:00:46) |  00:00:24(00:00:26) |  55.3( 56.5) |   14:30:59 (Apr27) |  607.5 MB | PBS_Generic_Opt-Post
--------------------+---------------------+--------------+--------------------+-----------+----------------------
 00:00:50(00:00:46) |  00:00:00(00:00:00) |   0.0(  0.0) |   14:30:59 (Apr27) |  607.5 MB | PBS_Generic-Postgen HBO Optimizations
--------------------+---------------------+--------------+--------------------+-----------+----------------------
 00:00:51(00:00:47) |  00:00:01(00:00:01) |   2.2(  2.2) |   14:31:00 (Apr27) |  607.5 MB | PBS_TechMap-Start
--------------------+---------------------+--------------+--------------------+-----------+----------------------
 00:00:51(00:00:47) |  00:00:00(00:00:00) |   0.0(  0.0) |   14:31:00 (Apr27) |  607.5 MB | PBS_TechMap-Premap HBO Optimizations
--------------------+---------------------+--------------+--------------------+-----------+----------------------
 00:01:09(00:01:05) |  00:00:18(00:00:18) |  40.2( 39.1) |   14:31:18 (Apr27) |  621.5 MB | PBS_Techmap-Global Mapping
--------------------+---------------------+--------------+--------------------+-----------+----------------------
 00:01:10(00:01:06) |  00:00:01(00:00:01) |   2.2(  2.2) |   14:31:19 (Apr27) |  621.5 MB | PBS_TechMap-Datapath Postmap Operations
--------------------+---------------------+--------------+--------------------+-----------+----------------------
 00:01:10(00:01:06) |  00:00:00(00:00:00) |  -0.0(  0.0) |   14:31:19 (Apr27) |  621.5 MB | PBS_TechMap-Postmap HBO Optimizations
--------------------+---------------------+--------------+--------------------+-----------+----------------------
Number of threads: 8 * 1   (id: pbs_debug, time_info v1.57)
Info: (*N*) indicates data that was populated from previously saved time_info database
Info: CPU time includes time of parent + longest thread
 Doing ConstProp on design:posit_add ... 

IOPT-REDREM: Performing redundancy removal: Detected 0 redundant wires. CPU time 0.775 seconds.

PBS_TechMap-Postmap Clock Gating - Elapsed_Time 1, CPU_Time 1.0
stamp 'PBS_TechMap-Postmap Clock Gating' being created for table 'pbs_debug'

  Total Time (Wall) |  Stage Time (Wall)  |   % (Wall)   |    Date - Time     |  Memory   | Stage
--------------------+---------------------+--------------+--------------------+-----------+----------------------
 00:00:26(00:00:20) |  00:00:00(00:00:00) |   0.0(  0.0) |   14:30:33 (Apr27) |  295.9 MB | PBS_Generic-Start
--------------------+---------------------+--------------+--------------------+-----------+----------------------
 00:00:50(00:00:46) |  00:00:24(00:00:26) |  54.1( 55.3) |   14:30:59 (Apr27) |  607.5 MB | PBS_Generic_Opt-Post
--------------------+---------------------+--------------+--------------------+-----------+----------------------
 00:00:50(00:00:46) |  00:00:00(00:00:00) |   0.0(  0.0) |   14:30:59 (Apr27) |  607.5 MB | PBS_Generic-Postgen HBO Optimizations
--------------------+---------------------+--------------+--------------------+-----------+----------------------
 00:00:51(00:00:47) |  00:00:01(00:00:01) |   2.2(  2.1) |   14:31:00 (Apr27) |  607.5 MB | PBS_TechMap-Start
--------------------+---------------------+--------------+--------------------+-----------+----------------------
 00:00:51(00:00:47) |  00:00:00(00:00:00) |   0.0(  0.0) |   14:31:00 (Apr27) |  607.5 MB | PBS_TechMap-Premap HBO Optimizations
--------------------+---------------------+--------------+--------------------+-----------+----------------------
 00:01:09(00:01:05) |  00:00:18(00:00:18) |  39.3( 38.3) |   14:31:18 (Apr27) |  621.5 MB | PBS_Techmap-Global Mapping
--------------------+---------------------+--------------+--------------------+-----------+----------------------
 00:01:10(00:01:06) |  00:00:01(00:00:01) |   2.2(  2.1) |   14:31:19 (Apr27) |  621.5 MB | PBS_TechMap-Datapath Postmap Operations
--------------------+---------------------+--------------+--------------------+-----------+----------------------
 00:01:10(00:01:06) |  00:00:00(00:00:00) |  -0.0(  0.0) |   14:31:19 (Apr27) |  621.5 MB | PBS_TechMap-Postmap HBO Optimizations
--------------------+---------------------+--------------+--------------------+-----------+----------------------
 00:01:11(00:01:07) |  00:00:01(00:00:01) |   2.2(  2.1) |   14:31:20 (Apr27) |  621.5 MB | PBS_TechMap-Postmap Clock Gating
--------------------+---------------------+--------------+--------------------+-----------+----------------------
Number of threads: 8 * 1   (id: pbs_debug, time_info v1.57)
Info: (*N*) indicates data that was populated from previously saved time_info database
Info: CPU time includes time of parent + longest thread
-------------------------------------------------------------------------------
 hi_fo_buf                  3166        0         0        50        0

           Trick     Calls     Accepts   Attempts    Time(secs) 
-----------------------------------------------------------
       hi_fo_buf         0  (        0 /        0 )  0.00

 
Incremental optimization status
===============================
                                   Group   
                                  Tot Wrst     Total - - DRC Totals - -
                           Total  Weighted      Neg      Max       Max 
Operation                   Area   Slacks      Slack    Trans      Cap 
 init_delay                 3166        0         0        50        0

           Trick     Calls     Accepts   Attempts    Time(secs) 
-----------------------------------------------------------
       crit_upsz         0  (        0 /        0 )  0.00
    plc_bal_star         0  (        0 /        0 )  0.00
     drc_buftimb         0  (        0 /        0 )  0.00
          plc_st         0  (        0 /        0 )  0.00
    plc_st_fence         0  (        0 /        0 )  0.00
        plc_star         0  (        0 /        0 )  0.00
      plc_laf_st         0  (        0 /        0 )  0.00
 plc_laf_st_fence         0  (        0 /        0 )  0.00
     drc_buftims         0  (        0 /        0 )  0.00
            fopt         0  (        0 /        0 )  0.00
   plc_laf_lo_st         0  (        0 /        0 )  0.00
       plc_lo_st         0  (        0 /        0 )  0.00
        mb_split         0  (        0 /        0 )  0.00

 
Local TNS optimization status
=============================
                                   Group   
                                  Tot Wrst     Total - - DRC Totals - -
                           Total  Weighted      Neg      Max       Max 
Operation                   Area   Slacks      Slack    Trans      Cap 
 init_tns                   3166        0         0        50        0

           Trick     Calls     Accepts   Attempts    Time(secs) 
-----------------------------------------------------------
    plc_bal_star         0  (        0 /        0 )  0.00
     drc_buftimb         0  (        0 /        0 )  0.00
     drc_buftims         0  (        0 /        0 )  0.00
       crit_upsz         0  (        0 /        0 )  0.00
   plc_laf_lo_st         0  (        0 /        0 )  0.00
       plc_lo_st         0  (        0 /        0 )  0.00
            fopt         0  (        0 /        0 )  0.00
       crit_dnsz         0  (        0 /        0 )  0.00
             dup         0  (        0 /        0 )  0.00
        setup_dn         0  (        0 /        0 )  0.00
        mb_split         0  (        0 /        0 )  0.00

PBS_TechMap-Postmap Cleanup - Elapsed_Time 1, CPU_Time 0.9965859999999935
stamp 'PBS_TechMap-Postmap Cleanup' being created for table 'pbs_debug'

  Total Time (Wall) |  Stage Time (Wall)  |   % (Wall)   |    Date - Time     |  Memory   | Stage
--------------------+---------------------+--------------+--------------------+-----------+----------------------
 00:00:26(00:00:20) |  00:00:00(00:00:00) |   0.0(  0.0) |   14:30:33 (Apr27) |  295.9 MB | PBS_Generic-Start
--------------------+---------------------+--------------+--------------------+-----------+----------------------
 00:00:50(00:00:46) |  00:00:24(00:00:26) |  53.0( 54.2) |   14:30:59 (Apr27) |  607.5 MB | PBS_Generic_Opt-Post
--------------------+---------------------+--------------+--------------------+-----------+----------------------
 00:00:50(00:00:46) |  00:00:00(00:00:00) |   0.0(  0.0) |   14:30:59 (Apr27) |  607.5 MB | PBS_Generic-Postgen HBO Optimizations
--------------------+---------------------+--------------+--------------------+-----------+----------------------
 00:00:51(00:00:47) |  00:00:01(00:00:01) |   2.1(  2.1) |   14:31:00 (Apr27) |  607.5 MB | PBS_TechMap-Start
--------------------+---------------------+--------------+--------------------+-----------+----------------------
 00:00:51(00:00:47) |  00:00:00(00:00:00) |   0.0(  0.0) |   14:31:00 (Apr27) |  607.5 MB | PBS_TechMap-Premap HBO Optimizations
--------------------+---------------------+--------------+--------------------+-----------+----------------------
 00:01:09(00:01:05) |  00:00:18(00:00:18) |  38.5( 37.5) |   14:31:18 (Apr27) |  621.5 MB | PBS_Techmap-Global Mapping
--------------------+---------------------+--------------+--------------------+-----------+----------------------
 00:01:10(00:01:06) |  00:00:01(00:00:01) |   2.1(  2.1) |   14:31:19 (Apr27) |  621.5 MB | PBS_TechMap-Datapath Postmap Operations
--------------------+---------------------+--------------+--------------------+-----------+----------------------
 00:01:10(00:01:06) |  00:00:00(00:00:00) |  -0.0(  0.0) |   14:31:19 (Apr27) |  621.5 MB | PBS_TechMap-Postmap HBO Optimizations
--------------------+---------------------+--------------+--------------------+-----------+----------------------
 00:01:11(00:01:07) |  00:00:01(00:00:01) |   2.1(  2.1) |   14:31:20 (Apr27) |  621.5 MB | PBS_TechMap-Postmap Clock Gating
--------------------+---------------------+--------------+--------------------+-----------+----------------------
 00:01:12(00:01:08) |  00:00:00(00:00:01) |   2.1(  2.1) |   14:31:21 (Apr27) |  640.3 MB | PBS_TechMap-Postmap Cleanup
--------------------+---------------------+--------------+--------------------+-----------+----------------------
Number of threads: 8 * 1   (id: pbs_debug, time_info v1.57)
Info: (*N*) indicates data that was populated from previously saved time_info database
Info: CPU time includes time of parent + longest thread
PBS_Techmap-Post_MBCI - Elapsed_Time 0, CPU_Time 0.0
stamp 'PBS_Techmap-Post_MBCI' being created for table 'pbs_debug'

  Total Time (Wall) |  Stage Time (Wall)  |   % (Wall)   |    Date - Time     |  Memory   | Stage
--------------------+---------------------+--------------+--------------------+-----------+----------------------
 00:00:26(00:00:20) |  00:00:00(00:00:00) |   0.0(  0.0) |   14:30:33 (Apr27) |  295.9 MB | PBS_Generic-Start
--------------------+---------------------+--------------+--------------------+-----------+----------------------
 00:00:50(00:00:46) |  00:00:24(00:00:26) |  53.0( 54.2) |   14:30:59 (Apr27) |  607.5 MB | PBS_Generic_Opt-Post
--------------------+---------------------+--------------+--------------------+-----------+----------------------
 00:00:50(00:00:46) |  00:00:00(00:00:00) |   0.0(  0.0) |   14:30:59 (Apr27) |  607.5 MB | PBS_Generic-Postgen HBO Optimizations
--------------------+---------------------+--------------+--------------------+-----------+----------------------
 00:00:51(00:00:47) |  00:00:01(00:00:01) |   2.1(  2.1) |   14:31:00 (Apr27) |  607.5 MB | PBS_TechMap-Start
--------------------+---------------------+--------------+--------------------+-----------+----------------------
 00:00:51(00:00:47) |  00:00:00(00:00:00) |   0.0(  0.0) |   14:31:00 (Apr27) |  607.5 MB | PBS_TechMap-Premap HBO Optimizations
--------------------+---------------------+--------------+--------------------+-----------+----------------------
 00:01:09(00:01:05) |  00:00:18(00:00:18) |  38.5( 37.5) |   14:31:18 (Apr27) |  621.5 MB | PBS_Techmap-Global Mapping
--------------------+---------------------+--------------+--------------------+-----------+----------------------
 00:01:10(00:01:06) |  00:00:01(00:00:01) |   2.1(  2.1) |   14:31:19 (Apr27) |  621.5 MB | PBS_TechMap-Datapath Postmap Operations
--------------------+---------------------+--------------+--------------------+-----------+----------------------
 00:01:10(00:01:06) |  00:00:00(00:00:00) |  -0.0(  0.0) |   14:31:19 (Apr27) |  621.5 MB | PBS_TechMap-Postmap HBO Optimizations
--------------------+---------------------+--------------+--------------------+-----------+----------------------
 00:01:11(00:01:07) |  00:00:01(00:00:01) |   2.1(  2.1) |   14:31:20 (Apr27) |  621.5 MB | PBS_TechMap-Postmap Clock Gating
--------------------+---------------------+--------------+--------------------+-----------+----------------------
 00:01:12(00:01:08) |  00:00:00(00:00:01) |   2.1(  2.1) |   14:31:21 (Apr27) |  640.3 MB | PBS_TechMap-Postmap Cleanup
--------------------+---------------------+--------------+--------------------+-----------+----------------------
 00:01:12(00:01:08) |  00:00:00(00:00:00) |   0.0(  0.0) |   14:31:21 (Apr27) |  640.3 MB | PBS_Techmap-Post_MBCI
--------------------+---------------------+--------------+--------------------+-----------+----------------------
Number of threads: 8 * 1   (id: pbs_debug, time_info v1.57)
Info: (*N*) indicates data that was populated from previously saved time_info database
Info: CPU time includes time of parent + longest thread
##>=================== Cadence Confidential (Mapping-Logical) ===================
##>Main Thread Summary:
##>----------------------------------------------------------------------------------------
##>STEP                           Elapsed       WNS       TNS     Insts      Area    Memory
##>----------------------------------------------------------------------------------------
##>M:Initial                            0         -         -      1940      5179       607
##>M:Pre Cleanup                        0         -         -      1940      5179       607
##>M:Setup                              0         -         -         -         -         -
##>M:Launch ST                          0         -         -         -         -         -
##>M:Design Partition                   0         -         -         -         -         -
##>M:Create Partition Netlists          0         -         -         -         -         -
##>M:Init Power                         0         -         -         -         -         -
##>M:Budgeting                          0         -         -         -         -         -
##>M:Derenv-DB                          0         -         -         -         -         -
##>M:Debug Outputs                      0         -         -         -         -         -
##>M:ST loading                         0         -         -         -         -         -
##>M:Distributed                        0         -         -         -         -         -
##>M:Timer                              0         -         -         -         -         -
##>M:Assembly                           0         -         -         -         -         -
##>M:DFT                                0         -         -         -         -         -
##>M:DP Operations                      1         -         -       938      1969       621
##>M:Const Prop                         0         -         0       938      1969       621
##>M:Cleanup                            1         -         0       935      1961       640
##>M:MBCI                               0         -         -       935      1961       640
##>M:Const Gate Removal                 0         -         -         -         -         -
##>M:Misc                              19
##>----------------------------------------------------------------------------------------
##>Total Elapsed                       21
##>========================================================================================
Info    : Done mapping. [SYNTH-5]
        : Done mapping 'posit_add'.
      flow.cputime  flow.realtime  timing.setup.tns  timing.setup.wns  snapshot
UM:*                                                                   syn_map
@file(synthesize.tcl) 55: write_db ${DBSPATH}/syn_map.db
Finished exporting design database to file '/home/mdaoudi/Documents/ic_project/PACoGen/synthesis/dbs/syn_map.db' for 'posit_add' (command execution time mm:ss cpu = 00:00, real = 00:00).
@file(synthesize.tcl) 56: syn_opt
Current PLE settings:

Aspect ratio        : 1.000
Shrink factor       : 1.000
Scale of res/length : 1.000
Scale of cap/length : 1.000
Net derating factor : 1.000
Thermal factor      : 1.000
Via Resistance      : 6.600 ohm (from qrc_tech_file)
Site size           : 1.910 um (from lef [tech+cell])

                                   Capacitance  
  Layer                             / Length         Data source:
Name        Direction Utilization  (pF/micron)       qrc_tech_file
------------------------------------------------
METAL_1         H         0.00        0.000210  
METAL_2         V         1.00        0.000174  
METAL_3         H         1.00        0.000174  
METAL_4         V         1.00        0.000174  
METAL_5         H         1.00        0.000174  
METAL_6         V         1.00        0.000174  
METAL_7         H         1.00        0.000175  
METAL_8         V         1.00        0.000176  
METAL_9         H         1.00        0.001240  
METAL_10        V         1.00        0.000529  
METAL_11        H         1.00        0.000686  

                                    Resistance   
  Layer                              / Length         Data source:
Name        Direction Utilization  (ohm/micron)       qrc_tech_file
-------------------------------------------------
METAL_1         H         0.00         1.226667  
METAL_2         V         1.00         0.755000  
METAL_3         H         1.00         0.755000  
METAL_4         V         1.00         0.755000  
METAL_5         H         1.00         0.755000  
METAL_6         V         1.00         0.755000  
METAL_7         H         1.00         0.755000  
METAL_8         V         1.00         0.267500  
METAL_9         H         1.00         0.267500  
METAL_10        V         1.00         0.097273  
METAL_11        H         1.00         0.095455  

                                        Area     
  Layer                               / Length        Data source:
Name        Direction Utilization     (micron)        lef_library
-------------------------------------------------
Metal1          H         0.00         0.060000  
Metal2          V         1.00         0.080000  
Metal3          H         1.00         0.080000  
Metal4          V         1.00         0.080000  
Metal5          H         1.00         0.080000  
Metal6          V         1.00         0.080000  
Metal7          H         1.00         0.080000  
Metal8          V         1.00         0.080000  
Metal9          H         1.00         0.080000  
Metal10         V         1.00         0.220000  
Metal11         H         1.00         0.220000  

Info    : Incrementally optimizing. [SYNTH-7]
        : Incrementally optimizing 'posit_add' using 'high' effort.
 
Incremental optimization status
===============================
                                   Group   
                                  Tot Wrst     Total - - DRC Totals - -
                           Total  Weighted      Neg      Max       Max 
Operation                   Area   Slacks      Slack    Trans      Cap 
 init_iopt                  3166        0         0        50        0
IOPT-REDREM: Performing redundancy removal: Detected 0 redundant wires. CPU time 0.409 seconds.

-------------------------------------------------------------------------------
 const_prop                 3166        0         0        50        0
 simp_cc_inputs             3154        0         0         0        0
-------------------------------------------------------------------------------
 hi_fo_buf                  3154        0         0         0        0

           Trick     Calls     Accepts   Attempts    Time(secs) 
-----------------------------------------------------------
       hi_fo_buf         0  (        0 /        0 )  0.00

 
Incremental optimization status
===============================
                                   Group   
                                  Tot Wrst     Total - - DRC Totals - -
                           Total  Weighted      Neg      Max       Max 
Operation                   Area   Slacks      Slack    Trans      Cap 
 init_delay                 3154        0         0         0        0

           Trick     Calls     Accepts   Attempts    Time(secs) 
-----------------------------------------------------------
        crit_msz         0  (        0 /        0 )  0.00
       crit_upsz         0  (        0 /        0 )  0.00
       crit_slew         0  (        0 /        0 )  0.00
        setup_dn         0  (        0 /        0 )  0.00
    plc_bal_star         0  (        0 /        0 )  0.00
     drc_buftimb         0  (        0 /        0 )  0.00
          plc_st         0  (        0 /        0 )  0.00
    plc_st_fence         0  (        0 /        0 )  0.00
        plc_star         0  (        0 /        0 )  0.00
      plc_laf_st         0  (        0 /        0 )  0.00
 plc_laf_st_fence         0  (        0 /        0 )  0.00
     drc_buftims         0  (        0 /        0 )  0.00
   plc_laf_lo_st         0  (        0 /        0 )  0.00
       plc_lo_st         0  (        0 /        0 )  0.00
            fopt         0  (        0 /        0 )  0.00
       crit_swap         0  (        0 /        0 )  0.00
       mux2_swap         0  (        0 /        0 )  0.00
       crit_dnsz         0  (        0 /        0 )  0.00
       load_swap         0  (        0 /        0 )  0.00
            fopt         0  (        0 /        0 )  0.00
        setup_dn         0  (        0 /        0 )  0.00
       load_isol         0  (        0 /        0 )  0.00
       load_isol         0  (        0 /        0 )  0.00
        move_for         0  (        0 /        0 )  0.00
        move_for         0  (        0 /        0 )  0.00
          rem_bi         0  (        0 /        0 )  0.00
         offload         0  (        0 /        0 )  0.00
          rem_bi         0  (        0 /        0 )  0.00
         offload         0  (        0 /        0 )  0.00
           phase         0  (        0 /        0 )  0.00
        in_phase         0  (        0 /        0 )  0.00
       merge_bit         0  (        0 /        0 )  0.00
     merge_idrvr         0  (        0 /        0 )  0.00
     merge_iload         0  (        0 /        0 )  0.00
    merge_idload         0  (        0 /        0 )  0.00
      merge_drvr         0  (        0 /        0 )  0.00
      merge_load         0  (        0 /        0 )  0.00
          decomp         0  (        0 /        0 )  0.00
        p_decomp         0  (        0 /        0 )  0.00
        levelize         0  (        0 /        0 )  0.00
        mb_split         0  (        0 /        0 )  0.00
             dup         0  (        0 /        0 )  0.00
      mux_retime         0  (        0 /        0 )  0.00
         buf2inv         0  (        0 /        0 )  0.00
             exp         0  (        0 /        0 )  0.00
       gate_deco         0  (        0 /        0 )  0.00
       gcomp_tim         0  (        0 /        0 )  0.00
  inv_pair_2_buf         0  (        0 /        0 )  0.00


           Trick     Calls     Accepts   Attempts    Time(secs) 
-----------------------------------------------------------
         crr_220         0  (        0 /        0 )  0.00
        crr_glob         0  (        0 /        0 )  0.00
         crr_200         0  (        0 /        0 )  0.00
        crr_glob         0  (        0 /        0 )  0.00
         crr_300         0  (        0 /        0 )  0.00
        crr_glob         0  (        0 /        0 )  0.00
         crr_400         0  (        0 /        0 )  0.00
        crr_glob         0  (        0 /        0 )  0.00
         crr_111         0  (        0 /        0 )  0.00
        crr_glob         0  (        0 /        0 )  0.00
         crr_210         0  (        0 /        0 )  0.00
        crr_glob         0  (        0 /        0 )  0.00
         crr_110         0  (        0 /        0 )  0.00
        crr_glob         0  (        0 /        0 )  0.00
         crr_101         0  (        0 /        0 )  0.00
        crr_glob         0  (        0 /        0 )  0.00
         crr_201         0  (        0 /        0 )  0.00
        crr_glob         0  (        0 /        0 )  0.00
         crr_211         0  (        0 /        0 )  0.00
        crr_glob         0  (        0 /        0 )  0.00
        crit_msz         0  (        0 /        0 )  0.00
       crit_upsz         0  (        0 /        0 )  0.00
       crit_slew         0  (        0 /        0 )  0.00
        setup_dn         0  (        0 /        0 )  0.00
    plc_bal_star         0  (        0 /        0 )  0.00
     drc_buftimb         0  (        0 /        0 )  0.00
          plc_st         0  (        0 /        0 )  0.00
    plc_st_fence         0  (        0 /        0 )  0.00
        plc_star         0  (        0 /        0 )  0.00
      plc_laf_st         0  (        0 /        0 )  0.00
 plc_laf_st_fence         0  (        0 /        0 )  0.00
     drc_buftims         0  (        0 /        0 )  0.00
       plc_lo_st         0  (        0 /        0 )  0.00
            fopt         0  (        0 /        0 )  0.00
       crit_swap         0  (        0 /        0 )  0.00
       mux2_swap         0  (        0 /        0 )  0.00
       crit_dnsz         0  (        0 /        0 )  0.00
       load_swap         0  (        0 /        0 )  0.00
            fopt         0  (        0 /        0 )  0.00
        setup_dn         0  (        0 /        0 )  0.00
       load_isol         0  (        0 /        0 )  0.00
       load_isol         0  (        0 /        0 )  0.00
        move_for         0  (        0 /        0 )  0.00
        move_for         0  (        0 /        0 )  0.00
          rem_bi         0  (        0 /        0 )  0.00
         offload         0  (        0 /        0 )  0.00
          rem_bi         0  (        0 /        0 )  0.00
         offload         0  (        0 /        0 )  0.00
       merge_bit         0  (        0 /        0 )  0.00
     merge_idrvr         0  (        0 /        0 )  0.00
     merge_iload         0  (        0 /        0 )  0.00
    merge_idload         0  (        0 /        0 )  0.00
      merge_drvr         0  (        0 /        0 )  0.00
      merge_load         0  (        0 /        0 )  0.00
           phase         0  (        0 /        0 )  0.00
          decomp         0  (        0 /        0 )  0.00
        p_decomp         0  (        0 /        0 )  0.00
        levelize         0  (        0 /        0 )  0.00
        mb_split         0  (        0 /        0 )  0.00
        in_phase         0  (        0 /        0 )  0.00
             dup         0  (        0 /        0 )  0.00
      mux_retime         0  (        0 /        0 )  0.00
         buf2inv         0  (        0 /        0 )  0.00
             exp         0  (        0 /        0 )  0.00
       gate_deco         0  (        0 /        0 )  0.00
       gcomp_tim         0  (        0 /        0 )  0.00
  inv_pair_2_buf         0  (        0 /        0 )  0.00
 init_drc                   3154        0         0         0        0

           Trick     Calls     Accepts   Attempts    Time(secs) 
-----------------------------------------------------------
          plc_st         0  (        0 /        0 )  0.00
        plc_star         0  (        0 /        0 )  0.00
        drc_bufs         0  (        0 /        0 )  0.00
        drc_fopt         0  (        0 /        0 )  0.00
        drc_bufb         0  (        0 /        0 )  0.00
      simple_buf         0  (        0 /        0 )  0.00
             dup         0  (        0 /        0 )  0.00
       crit_dnsz         0  (        0 /        0 )  0.00
       crit_upsz         0  (        0 /        0 )  0.00
       crit_slew         0  (        0 /        0 )  0.00


           Trick     Calls     Accepts   Attempts    Time(secs) 
-----------------------------------------------------------
          plc_st         0  (        0 /        0 )  0.00
        plc_star         0  (        0 /        0 )  0.00
      drc_buf_sp         0  (        0 /        0 )  0.00
        drc_bufs         0  (        0 /        0 )  0.00
        drc_fopt         0  (        0 /        0 )  0.00
        drc_bufb         0  (        0 /        0 )  0.00
      simple_buf         0  (        0 /        0 )  0.00
             dup         0  (        0 /        0 )  0.00
       crit_dnsz         0  (        0 /        0 )  0.00
       crit_upsz         0  (        0 /        0 )  0.00


           Trick     Calls     Accepts   Attempts    Time(secs) 
-----------------------------------------------------------
          plc_st         0  (        0 /        0 )  0.00
        plc_star         0  (        0 /        0 )  0.00
      drc_buf_sp         0  (        0 /        0 )  0.00
        drc_bufs         0  (        0 /        0 )  0.00
        drc_fopt         0  (        0 /        0 )  0.00
        drc_bufb         0  (        0 /        0 )  0.00
             dup         0  (        0 /        0 )  0.00
       crit_dnsz         0  (        0 /        0 )  0.00
       crit_upsz         0  (        0 /        0 )  0.00

 init_tns                   3154        0         0         0        0

           Trick     Calls     Accepts   Attempts    Time(secs) 
-----------------------------------------------------------
            fopt         0  (        0 /        0 )  0.00
    plc_bal_star         0  (        0 /        0 )  0.00
     drc_buftimb         0  (        0 /        0 )  0.00
     drc_buftims         0  (        0 /        0 )  0.00
        crit_msz         0  (        0 /        0 )  0.00
       crit_upsz         0  (        0 /        0 )  0.00
   plc_laf_lo_st         0  (        0 /        0 )  0.00
       plc_lo_st         0  (        0 /        0 )  0.00
       crit_swap         0  (        0 /        0 )  0.00
       mux2_swap         0  (        0 /        0 )  0.00
       crit_dnsz         0  (        0 /        0 )  0.00
       load_swap         0  (        0 /        0 )  0.00
            fopt         0  (        0 /        0 )  0.00
        setup_dn         0  (        0 /        0 )  0.00
       load_isol         0  (        0 /        0 )  0.00
       load_isol         0  (        0 /        0 )  0.00
        move_for         0  (        0 /        0 )  0.00
        move_for         0  (        0 /        0 )  0.00
          rem_bi         0  (        0 /        0 )  0.00
         offload         0  (        0 /        0 )  0.00
          rem_bi         0  (        0 /        0 )  0.00
         offload         0  (        0 /        0 )  0.00
       merge_bit         0  (        0 /        0 )  0.00
     merge_idrvr         0  (        0 /        0 )  0.00
     merge_iload         0  (        0 /        0 )  0.00
    merge_idload         0  (        0 /        0 )  0.00
      merge_drvr         0  (        0 /        0 )  0.00
      merge_load         0  (        0 /        0 )  0.00
           phase         0  (        0 /        0 )  0.00
          decomp         0  (        0 /        0 )  0.00
        p_decomp         0  (        0 /        0 )  0.00
        levelize         0  (        0 /        0 )  0.00
        mb_split         0  (        0 /        0 )  0.00
             dup         0  (        0 /        0 )  0.00
      mux_retime         0  (        0 /        0 )  0.00
       crr_local         0  (        0 /        0 )  0.00
         buf2inv         0  (        0 /        0 )  0.00

 init_area                  3154        0         0         0        0
 rem_buf                    3123        0         0         0        0
 rem_inv                    3120        0         0         0        0
 merge_bi                   3119        0         0         0        0
 io_phase                   3114        0         0         0        0
 gate_comp                  3112        0         0         0        0
 glob_area                  3105        0         0         0        0
 area_down                  3090        0         0         0        0

           Trick     Calls     Accepts   Attempts    Time(secs) 
-----------------------------------------------------------
           undup         0  (        0 /        0 )  0.00
         rem_buf        15  (       13 /       13 )  0.05
         rem_inv         1  (        1 /        1 )  0.01
        merge_bi         2  (        2 /        2 )  0.02
      rem_inv_qb         0  (        0 /        0 )  0.00
    seq_res_area         0  (        0 /        0 )  0.00
        io_phase        15  (        3 /        3 )  0.06
       gate_comp        58  (        7 /        7 )  0.30
       gcomp_mog         0  (        0 /        0 )  0.06
       glob_area        78  (        8 /       78 )  0.57
       area_down        93  (       22 /       22 )  0.61
      size_n_buf         0  (        0 /        0 )  0.00
  gate_deco_area         0  (        0 /        0 )  0.00
         rem_buf         2  (        0 /        0 )  0.01
         rem_inv         0  (        0 /        0 )  0.00
        merge_bi         0  (        0 /        0 )  0.00
      rem_inv_qb         0  (        0 /        0 )  0.00

 
Incremental optimization status
===============================
                                   Group   
                                  Tot Wrst     Total - - DRC Totals - -
                           Total  Weighted      Neg      Max       Max 
Operation                   Area   Slacks      Slack    Trans      Cap 
 init_delay                 3090        0         0         0        0

           Trick     Calls     Accepts   Attempts    Time(secs) 
-----------------------------------------------------------
         crr_220         0  (        0 /        0 )  0.00
        crr_glob         0  (        0 /        0 )  0.00
         crr_200         0  (        0 /        0 )  0.00
        crr_glob         0  (        0 /        0 )  0.00
         crr_300         0  (        0 /        0 )  0.00
        crr_glob         0  (        0 /        0 )  0.00
         crr_400         0  (        0 /        0 )  0.00
        crr_glob         0  (        0 /        0 )  0.00
         crr_111         0  (        0 /        0 )  0.00
        crr_glob         0  (        0 /        0 )  0.00
         crr_210         0  (        0 /        0 )  0.00
        crr_glob         0  (        0 /        0 )  0.00
         crr_110         0  (        0 /        0 )  0.00
        crr_glob         0  (        0 /        0 )  0.00
         crr_101         0  (        0 /        0 )  0.00
        crr_glob         0  (        0 /        0 )  0.00
         crr_201         0  (        0 /        0 )  0.00
        crr_glob         0  (        0 /        0 )  0.00
         crr_211         0  (        0 /        0 )  0.00
        crr_glob         0  (        0 /        0 )  0.00
        crit_msz         0  (        0 /        0 )  0.00
       crit_upsz         0  (        0 /        0 )  0.00
       crit_slew         0  (        0 /        0 )  0.00
        setup_dn         0  (        0 /        0 )  0.00
    plc_bal_star         0  (        0 /        0 )  0.00
     drc_buftimb         0  (        0 /        0 )  0.00
          plc_st         0  (        0 /        0 )  0.00
    plc_st_fence         0  (        0 /        0 )  0.00
        plc_star         0  (        0 /        0 )  0.00
      plc_laf_st         0  (        0 /        0 )  0.00
 plc_laf_st_fence         0  (        0 /        0 )  0.00
     drc_buftims         0  (        0 /        0 )  0.00
       plc_lo_st         0  (        0 /        0 )  0.00
            fopt         0  (        0 /        0 )  0.00
       crit_swap         0  (        0 /        0 )  0.00
       mux2_swap         0  (        0 /        0 )  0.00
       crit_dnsz         0  (        0 /        0 )  0.00
       load_swap         0  (        0 /        0 )  0.00
            fopt         0  (        0 /        0 )  0.00
        setup_dn         0  (        0 /        0 )  0.00
       load_isol         0  (        0 /        0 )  0.00
       load_isol         0  (        0 /        0 )  0.00
        move_for         0  (        0 /        0 )  0.00
        move_for         0  (        0 /        0 )  0.00
          rem_bi         0  (        0 /        0 )  0.00
         offload         0  (        0 /        0 )  0.00
          rem_bi         0  (        0 /        0 )  0.00
         offload         0  (        0 /        0 )  0.00
       merge_bit         0  (        0 /        0 )  0.00
     merge_idrvr         0  (        0 /        0 )  0.00
     merge_iload         0  (        0 /        0 )  0.00
    merge_idload         0  (        0 /        0 )  0.00
      merge_drvr         0  (        0 /        0 )  0.00
      merge_load         0  (        0 /        0 )  0.00
           phase         0  (        0 /        0 )  0.00
          decomp         0  (        0 /        0 )  0.00
        p_decomp         0  (        0 /        0 )  0.00
        levelize         0  (        0 /        0 )  0.00
        mb_split         0  (        0 /        0 )  0.00
        in_phase         0  (        0 /        0 )  0.00
             dup         0  (        0 /        0 )  0.00
      mux_retime         0  (        0 /        0 )  0.00
         buf2inv         0  (        0 /        0 )  0.00
             exp         0  (        0 /        0 )  0.00
       gate_deco         0  (        0 /        0 )  0.00
       gcomp_tim         0  (        0 /        0 )  0.00
  inv_pair_2_buf         0  (        0 /        0 )  0.00
 init_drc                   3090        0         0         0        0

           Trick     Calls     Accepts   Attempts    Time(secs) 
-----------------------------------------------------------
          plc_st         0  (        0 /        0 )  0.00
        plc_star         0  (        0 /        0 )  0.00
        drc_bufs         0  (        0 /        0 )  0.00
        drc_fopt         0  (        0 /        0 )  0.00
        drc_bufb         0  (        0 /        0 )  0.00
      simple_buf         0  (        0 /        0 )  0.00
             dup         0  (        0 /        0 )  0.00
       crit_dnsz         0  (        0 /        0 )  0.00
       crit_upsz         0  (        0 /        0 )  0.00
       crit_slew         0  (        0 /        0 )  0.00


           Trick     Calls     Accepts   Attempts    Time(secs) 
-----------------------------------------------------------
          plc_st         0  (        0 /        0 )  0.00
        plc_star         0  (        0 /        0 )  0.00
        drc_bufs         0  (        0 /        0 )  0.00
        drc_fopt         0  (        0 /        0 )  0.00
        drc_bufb         0  (        0 /        0 )  0.00
      simple_buf         0  (        0 /        0 )  0.00
             dup         0  (        0 /        0 )  0.00
       crit_dnsz         0  (        0 /        0 )  0.00
       crit_upsz         0  (        0 /        0 )  0.00


           Trick     Calls     Accepts   Attempts    Time(secs) 
-----------------------------------------------------------
          plc_st         0  (        0 /        0 )  0.00
        plc_star         0  (        0 /        0 )  0.00
        drc_bufs         0  (        0 /        0 )  0.00
        drc_fopt         0  (        0 /        0 )  0.00
        drc_bufb         0  (        0 /        0 )  0.00
             dup         0  (        0 /        0 )  0.00
       crit_dnsz         0  (        0 /        0 )  0.00
       crit_upsz         0  (        0 /        0 )  0.00

 init_tns                   3090        0         0         0        0

           Trick     Calls     Accepts   Attempts    Time(secs) 
-----------------------------------------------------------
            fopt         0  (        0 /        0 )  0.00
    plc_bal_star         0  (        0 /        0 )  0.00
     drc_buftimb         0  (        0 /        0 )  0.00
     drc_buftims         0  (        0 /        0 )  0.00
        crit_msz         0  (        0 /        0 )  0.00
       crit_upsz         0  (        0 /        0 )  0.00
   plc_laf_lo_st         0  (        0 /        0 )  0.00
       plc_lo_st         0  (        0 /        0 )  0.00
       crit_swap         0  (        0 /        0 )  0.00
       mux2_swap         0  (        0 /        0 )  0.00
       crit_dnsz         0  (        0 /        0 )  0.00
       load_swap         0  (        0 /        0 )  0.00
            fopt         0  (        0 /        0 )  0.00
        setup_dn         0  (        0 /        0 )  0.00
       load_isol         0  (        0 /        0 )  0.00
       load_isol         0  (        0 /        0 )  0.00
        move_for         0  (        0 /        0 )  0.00
        move_for         0  (        0 /        0 )  0.00
          rem_bi         0  (        0 /        0 )  0.00
         offload         0  (        0 /        0 )  0.00
          rem_bi         0  (        0 /        0 )  0.00
         offload         0  (        0 /        0 )  0.00
       merge_bit         0  (        0 /        0 )  0.00
     merge_idrvr         0  (        0 /        0 )  0.00
     merge_iload         0  (        0 /        0 )  0.00
    merge_idload         0  (        0 /        0 )  0.00
      merge_drvr         0  (        0 /        0 )  0.00
      merge_load         0  (        0 /        0 )  0.00
           phase         0  (        0 /        0 )  0.00
          decomp         0  (        0 /        0 )  0.00
        p_decomp         0  (        0 /        0 )  0.00
        levelize         0  (        0 /        0 )  0.00
        mb_split         0  (        0 /        0 )  0.00
             dup         0  (        0 /        0 )  0.00
      mux_retime         0  (        0 /        0 )  0.00
       crr_local         0  (        0 /        0 )  0.00
         buf2inv         0  (        0 /        0 )  0.00

 init_area                  3090        0         0         0        0

           Trick     Calls     Accepts   Attempts    Time(secs) 
-----------------------------------------------------------
           undup         0  (        0 /        0 )  0.00
         rem_buf         2  (        0 /        0 )  0.01
         rem_inv         0  (        0 /        0 )  0.00
        merge_bi         0  (        0 /        0 )  0.00
      rem_inv_qb         0  (        0 /        0 )  0.00
        io_phase        12  (        0 /        0 )  0.04
       gate_comp        50  (        0 /        0 )  0.27
       gcomp_mog         0  (        0 /        0 )  0.06
       glob_area        50  (        0 /       50 )  0.38
       area_down        89  (        0 /        0 )  0.47
      size_n_buf         0  (        0 /        0 )  0.00
  gate_deco_area         0  (        0 /        0 )  0.00

 
Incremental optimization status
===============================
                                   Group   
                                  Tot Wrst     Total - - DRC Totals - -
                           Total  Weighted      Neg      Max       Max 
Operation                   Area   Slacks      Slack    Trans      Cap 
 init_delay                 3090        0         0         0        0

           Trick     Calls     Accepts   Attempts    Time(secs) 
-----------------------------------------------------------
        crit_msz         0  (        0 /        0 )  0.00
       crit_upsz         0  (        0 /        0 )  0.00
       crit_slew         0  (        0 /        0 )  0.00
        setup_dn         0  (        0 /        0 )  0.00
    plc_bal_star         0  (        0 /        0 )  0.00
     drc_buftimb         0  (        0 /        0 )  0.00
          plc_st         0  (        0 /        0 )  0.00
    plc_st_fence         0  (        0 /        0 )  0.00
        plc_star         0  (        0 /        0 )  0.00
      plc_laf_st         0  (        0 /        0 )  0.00
 plc_laf_st_fence         0  (        0 /        0 )  0.00
     drc_buftims         0  (        0 /        0 )  0.00
   plc_laf_lo_st         0  (        0 /        0 )  0.00
       plc_lo_st         0  (        0 /        0 )  0.00
            fopt         0  (        0 /        0 )  0.00
       crit_swap         0  (        0 /        0 )  0.00
       mux2_swap         0  (        0 /        0 )  0.00
       crit_dnsz         0  (        0 /        0 )  0.00
       load_swap         0  (        0 /        0 )  0.00
            fopt         0  (        0 /        0 )  0.00
        setup_dn         0  (        0 /        0 )  0.00
       load_isol         0  (        0 /        0 )  0.00
       load_isol         0  (        0 /        0 )  0.00
        move_for         0  (        0 /        0 )  0.00
        move_for         0  (        0 /        0 )  0.00
          rem_bi         0  (        0 /        0 )  0.00
         offload         0  (        0 /        0 )  0.00
          rem_bi         0  (        0 /        0 )  0.00
         offload         0  (        0 /        0 )  0.00
           phase         0  (        0 /        0 )  0.00
        in_phase         0  (        0 /        0 )  0.00
       merge_bit         0  (        0 /        0 )  0.00
     merge_idrvr         0  (        0 /        0 )  0.00
     merge_iload         0  (        0 /        0 )  0.00
    merge_idload         0  (        0 /        0 )  0.00
      merge_drvr         0  (        0 /        0 )  0.00
      merge_load         0  (        0 /        0 )  0.00
          decomp         0  (        0 /        0 )  0.00
        p_decomp         0  (        0 /        0 )  0.00
        levelize         0  (        0 /        0 )  0.00
        mb_split         0  (        0 /        0 )  0.00
             dup         0  (        0 /        0 )  0.00
      mux_retime         0  (        0 /        0 )  0.00
         buf2inv         0  (        0 /        0 )  0.00
             exp         0  (        0 /        0 )  0.00
       gate_deco         0  (        0 /        0 )  0.00
       gcomp_tim         0  (        0 /        0 )  0.00
  inv_pair_2_buf         0  (        0 /        0 )  0.00

 init_drc                   3090        0         0         0        0

           Trick     Calls     Accepts   Attempts    Time(secs) 
-----------------------------------------------------------
          plc_st         0  (        0 /        0 )  0.00
        plc_star         0  (        0 /        0 )  0.00
        drc_bufs         0  (        0 /        0 )  0.00
        drc_fopt         0  (        0 /        0 )  0.00
        drc_bufb         0  (        0 /        0 )  0.00
      simple_buf         0  (        0 /        0 )  0.00
             dup         0  (        0 /        0 )  0.00
       crit_dnsz         0  (        0 /        0 )  0.00
       crit_upsz         0  (        0 /        0 )  0.00
       crit_slew         0  (        0 /        0 )  0.00


           Trick     Calls     Accepts   Attempts    Time(secs) 
-----------------------------------------------------------
          plc_st         0  (        0 /        0 )  0.00
        plc_star         0  (        0 /        0 )  0.00
        drc_bufs         0  (        0 /        0 )  0.00
        drc_fopt         0  (        0 /        0 )  0.00
        drc_bufb         0  (        0 /        0 )  0.00
      simple_buf         0  (        0 /        0 )  0.00
             dup         0  (        0 /        0 )  0.00
       crit_dnsz         0  (        0 /        0 )  0.00
       crit_upsz         0  (        0 /        0 )  0.00


           Trick     Calls     Accepts   Attempts    Time(secs) 
-----------------------------------------------------------
          plc_st         0  (        0 /        0 )  0.00
        plc_star         0  (        0 /        0 )  0.00
        drc_bufs         0  (        0 /        0 )  0.00
        drc_fopt         0  (        0 /        0 )  0.00
        drc_bufb         0  (        0 /        0 )  0.00
             dup         0  (        0 /        0 )  0.00
       crit_dnsz         0  (        0 /        0 )  0.00
       crit_upsz         0  (        0 /        0 )  0.00

==================================
Stage : incr_opt 
==================================
  =================
   Message Summary
  =================
--------------------------------------------------------------------------------
|   Id    |  Sev   |Count |                   Message Text                     |
--------------------------------------------------------------------------------
| CFM-1   |Info    |    1 |Wrote dofile.                                       |
| CFM-5   |Info    |    1 |Wrote formal verification information.              |
| CFM-212 |Info    |    1 |Forcing flat compare.                               |
| CPI-506 |Warning |    1 |Command 'commit_power_intent' cannot proceed as     |
|         |        |      | there is no power intent loaded.                   |
| GLO-51  |Info    |    3 |Hierarchical instance automatically ungrouped.      |
|         |        |      |Hierarchical instances can be automatically         |
|         |        |      | ungrouped to allow for better area or timing       |
|         |        |      | optimization. To prevent this ungroup, set the     |
|         |        |      | root-level attribute 'auto_ungroup' to 'none'. You |
|         |        |      | can also prevent individual ungroup with setting   |
|         |        |      | the attribute 'ungroup_ok' of instances or modules |
|         |        |      | to 'false'.                                        |
| LBR-155 |Info    |  264 |Mismatch in unateness between 'timing_sense'        |
|         |        |      | attribute and the function.                        |
|         |        |      |The 'timing_sense' attribute will be respected.     |
| PA-7    |Info    |    4 |Resetting power analysis results.                   |
|         |        |      |All computed switching activities are removed.      |
| SYNTH-5 |Info    |    1 |Done mapping.                                       |
| SYNTH-7 |Info    |    1 |Incrementally optimizing.                           |
--------------------------------------------------------------------------------
Info    : Done incrementally optimizing. [SYNTH-8]
        : Done incrementally optimizing 'posit_add'.
      flow.cputime  flow.realtime  timing.setup.tns  timing.setup.wns  snapshot
UM:*                                                                   syn_opt
@file(synthesize.tcl) 57: write_db ${DBSPATH}/syn_opt.db
Finished exporting design database to file '/home/mdaoudi/Documents/ic_project/PACoGen/synthesis/dbs/syn_opt.db' for 'posit_add' (command execution time mm:ss cpu = 00:00, real = 00:01).
@file(synthesize.tcl) 60: report_timing -nworst 10 > ${REPORTPATH}/timing.rpt
@file(synthesize.tcl) 61: report_timing_summary -checks {setup drv} > ${REPORTPATH}/setup.analysis_summary.rpt
@file(synthesize.tcl) 62: report_timing_summary -checks {setup drv} -expand_views > ${REPORTPATH}/setup.view_summary.rpt
@file(synthesize.tcl) 63: report_timing_summary -checks {setup drv} -expand_views -expand_clocks launch_capture > ${REPORTPATH}/setup.group_summary.rpt 
@file(synthesize.tcl) 64: report_qor > ${REPORTPATH}/qor.rpt
Warning : No clock. [RPT-10]
        : There are no clocks in the design.
        : Clock is not defined.
@file(synthesize.tcl) 67: report_gates -power   > ${REPORTPATH}/gates.rpt
Info    : Joules engine is used. [RPT-16]
        : Joules engine is being used for the command report_gates -power.
Info   : ACTP-0001 [ACTPInfo] Activity propagation started for stim#0 netlist
       : posit_add
Info   : ACTP-0009 [ACTPInfo] Activity Propagation Progress Report :   0%   1%   2%   3%   4%   5%   6%   7%   8%   9%  10%  11%  12%  13%  14%  15%  16%  17%  18%  19%  20%  21%  22%  23%  24%  25%  26%  27%  28%  29%  30%  31%  32%  33%  34%  35%  36%  37%  38%  39%  40%  41%  42%  43%  44%  45%  46%  47%  48%  49%  50%  51%  52%  53%  54%  55%  56%  57%  58%  59%  60%  61%  62%  63%  64%  65%  66%  67%  68%  69%  70%  71%  72%  73%  74%  75%  76%  77%  78%  79%  80%  81%  82%  83%  84%  85%  86%  87%  88%  89%  90%  91%  92%  93%  94%  95%  96%  97%  98%  99% 100%
Info   : ACTP-0001 Activity propagation ended for stim#0
Info   : PWRA-0001 [PwrInfo] compute_power effective options 
       : -mode : vectorless
       : -skip_propagation : 1
       : -frequency_scaling_factor : 1.0
       : -use_clock_freq : stim
       : -stim :/stim#0
       : -fromGenus : 1
Info   : ACTP-0001 Timing initialization started
Info   : ACTP-0001 Timing initialization ended
Info   : PWRA-0002 [PwrInfo] Skipping activity propagation due to -skip_ap
       : option....
Warning: PWRA-0302 [PwrWarn] Frequency scaling is not applicable for vectorless
       : flow. Ignoring frequency scaling.
Warning: PWRA-0304 [PwrWarn] -stim option is not applicable with vectorless mode
       : of power analysis, ignored this option.
Info   : PWRA-0002 Started 'vectorless' power computation.
Info   : PWRA-0009 [PwrInfo] Power Computation Progress Report :   0%   1%   2%   3%   4%   5%   6%   7%   8%   9%  10%  11%  12%  13%  14%  15%  16%  17%  18%  19%  20%  21%  22%  23%  24%  25%  26%  27%  28%  29%  30%  31%  32%  33%  34%  35%  36%  37%  38%  39%  40%  41%  42%  43%  44%  45%  46%  47%  48%  49%  50%  51%  52%  53%  54%  55%  56%  57%  58%  59%  60%  61%  62%  63%  64%  65%  66%  67%  68%  69%  70%  71%  72%  73%  74%  75%  76%  77%  78%  79%  80%  81%  82%  83%  84%  85%  86%  87%  88%  89%  90%  91%  92%  93%  94%  95%  96%  97%  98%  99% 100%
Info   : PWRA-0002 Finished power computation.
Info   : PWRA-0007 [PwrInfo] Completed successfully.
       : Info=6, Warn=2, Error=0, Fatal=0
@file(synthesize.tcl) 68: report_clock_gating   > ${REPORTPATH}/clock_gating.rpt
Warning : Potential error generating clock gating report. [RPT_CG-12]
        : 'lp_insert_clock_gating' root attribute is set to 'false'.
        : The 'report clock_gating' command depends on the 'lp_insert_clock_gating' attribute.  Set it to 'true' before calling this command.


@file(synthesize.tcl) 69: report_power -by_category > ${REPORTPATH}/power.rpt
Info    : Joules engine is used. [RPT-16]
        : Joules engine is being used for the command report_power.
Output file: /home/mdaoudi/Documents/ic_project/PACoGen/synthesis/reports/power.rpt
@file(synthesize.tcl) 70: report_clocks -generated   > ${REPORTPATH}/clocks_generated.rpt
@file(synthesize.tcl) 71: report_area -min_count 1000 > ${REPORTPATH}/area.summary.rpt
@file(synthesize.tcl) 72: report_dp > ${REPORTPATH}/area.datapath.rpt
Beginning report datapath command
Warning : The filename, column and line number information will not be available in the report. [RPT_DP-100]
        : The attribute for getting HDL filename and line number is not set.
        : You must set the 'hdl_track_filename_row_col' attribute to 'true' (before elaborate) to enable filename, column, and line number tracking in the datapath report.
@file(synthesize.tcl) 74: puts "$TOPMODULE synthesized"
posit_add synthesized
#@ End verbose source ./synthesize.tcl
